date,ym,open9,high,low,close,vol_spot,yenidx,ret_pct,range_pct,rv20,z,absz,vol_band,sig_flag
2016-01-04,2016-01,120.32,120.46,118.91,118.98,12153.0,93.98,,1.3027399562951731,,,,,0
2016-01-05,2016-01,119.47,119.7,119.1,119.43,10230.0,94.35,0.3775013920575951,0.5023863350916926,,,,,0
2016-01-06,2016-01,119.11,119.16,118.35,118.74,12454.0,95.15,-0.5794196837806308,0.6821627084386073,,,,,0
2016-01-07,2016-01,118.62,118.75,117.66,118.02,15067.0,95.79,-0.6082127213506667,0.923572275885446,,,,,0
2016-01-08,2016-01,117.53,118.59,117.41,118.24,12542.0,96.28,0.18623555708689823,0.9979702300406013,,,,,0
2016-01-12,2016-01,117.69,118.04,117.23,117.4,7873.0,96.0,-0.7129549805895491,0.6899488926746187,,,,,0
2016-01-13,2016-01,117.83,118.36,117.66,118.22,7519.0,95.97,0.6960388002227395,0.5921163931652875,,,,,0
2016-01-14,2016-01,117.42,118.18,117.29,118.1,9999.0,95.74,-0.10155721929068831,0.7535986452159192,,,,,0
2016-01-15,2016-01,118.23,118.28,117.57,117.64,10114.0,96.81,-0.39026095175222386,0.6035362121727371,,,,,0
2016-01-18,2016-01,117.01,117.38,116.74,117.04,7602.0,96.47,-0.5113356973925396,0.5468215994531789,,,,,0
2016-01-19,2016-01,117.4,118.0,117.23,117.91,8579.0,96.16,0.7405864876713028,0.6530404545840014,,,,,0
2016-01-20,2016-01,117.57,117.69,116.4,116.78,16612.0,96.87,-0.9629798733190358,1.1046412056858983,,,,,0
2016-01-21,2016-01,117.21,117.48,116.47,116.75,13704.0,96.16,-0.025692630638483687,0.865096359743045,,,,,0
2016-01-22,2016-01,117.93,118.18,117.55,118.09,11264.0,95.17,1.141214906418354,0.5334914048607077,,,,,0
2016-01-25,2016-01,118.57,118.85,118.43,118.57,6685.0,95.59,0.4056457856788877,0.3542211351943894,,,,,0
2016-01-26,2016-01,118.23,118.36,117.65,117.78,7481.0,95.36,-0.6685025953554403,0.6028188147393392,,,,,0
2016-01-27,2016-01,118.39,118.47,118.05,118.25,7275.0,95.2,0.39825498556175604,0.3551797040169148,,,,,0
2016-01-28,2016-01,118.48,118.93,118.42,118.79,9253.0,94.84,0.4556200929405902,0.42932906810337995,,,,,0
2016-01-29,2016-01,118.94,121.49,118.38,120.63,30196.0,93.07,1.5370781275843939,2.578131476415485,,,,,0
2016-02-01,2016-02,121.35,121.49,121.11,121.22,8481.0,93.05,0.48790669458466646,0.31347962382444766,,,,,0
2016-02-02,2016-02,120.86,121.03,120.36,120.64,9933.0,94.09,-0.4796172263493055,0.5553713527851473,10.79790605210159,,,,0
2016-02-03,2016-02,119.86,120.0,119.42,119.98,11405.0,95.14,-0.5485842034698929,0.48341390231705145,10.946654850695221,,,,0
2016-02-04,2016-02,118.17,118.23,117.65,117.96,10045.0,95.69,-1.6979478277871594,0.49169209901661437,12.388157001473548,,,警戒,0
2016-02-05,2016-02,116.86,116.99,116.55,116.82,9892.0,95.94,-0.9711295334912157,0.376647834274951,12.675326306525758,,,警戒,0
2016-02-08,2016-02,116.95,117.53,116.89,117.33,8069.0,96.76,0.43561888233690793,0.5454700417625507,12.767832143939723,,,警戒,0
2016-02-09,2016-02,115.66,115.84,114.21,115.31,17955.0,97.19,-1.7366323652507576,1.4135807822391897,13.947478535974838,,,警戒,0
2016-02-10,2016-02,115.19,115.26,114.26,114.89,13677.0,98.51,-0.36490049177513834,0.8703977717817042,13.660106841978942,,,警戒,0
2016-02-12,2016-02,112.5,113.02,111.6,112.17,12082.0,98.84,-2.3959571208141344,1.2659356334135703,15.824491111045369,,,無秩序,0
2016-02-15,2016-02,113.68,114.09,113.28,113.77,7806.0,97.46,1.4163288894493,0.711962731827373,16.887263149724383,,,無秩序,0
2016-02-16,2016-02,114.36,114.87,114.3,114.5,11485.0,98.17,0.6395956442669152,0.4978165938864693,17.069425011314248,,,無秩序,0
2016-02-17,2016-02,114.13,114.4,113.37,113.47,9626.0,98.08,-0.9036338191396341,0.9077289151317539,16.98067524101343,,,無秩序,0
2016-02-18,2016-02,114.29,114.33,113.76,113.94,8654.0,98.85,0.41335092493514725,0.5002632964718213,16.85409653151453,,,無秩序,0
2016-02-19,2016-02,113.28,113.38,112.72,112.96,9951.0,99.45,-0.8638220307317547,0.5842776203965976,17.051275267934273,,,無秩序,0
2016-02-22,2016-02,112.53,113.05,112.43,112.88,7332.0,99.18,-0.07084662003734228,0.5492558469170715,16.34807566037665,,,無秩序,0
2016-02-23,2016-02,112.96,113.05,111.98,112.14,11985.0,100.07,-0.6577216849032086,0.9541644373104986,16.23887612602251,,,無秩序,0
2016-02-24,2016-02,111.91,112.26,111.64,112.12,12095.0,100.04,-0.01783643989388748,0.5529789511238,16.195954424271804,,,無秩序,0
2016-02-25,2016-02,112.07,112.63,111.9,112.17,14783.0,99.3,0.04458513605445452,0.6507978960506283,16.05735267972774,,,無秩序,0
2016-02-26,2016-02,113.14,113.22,112.56,112.88,10335.0,98.74,0.6309729887426544,0.5846917080085016,16.173217308962823,,,無秩序,0
2016-02-29,2016-02,113.73,114.0,112.77,112.99,10493.0,99.9,0.09740116765964203,1.0885919107885689,14.806898613533162,,,警戒,0
2016-03-01,2016-03,112.43,113.03,112.16,112.96,9545.0,98.49,-0.02655454762229874,0.7701841359773411,14.54153700116467,,,警戒,0
2016-03-02,2016-03,113.92,114.37,113.75,114.25,9668.0,98.87,1.1355256029382117,0.5426695842450806,15.456237114287601,,,無秩序,0
2016-03-03,2016-03,113.5,114.28,113.41,114.14,8474.0,98.28,-0.09632646657520917,0.762221832836871,15.4322920646561,,,無秩序,0
2016-03-04,2016-03,113.69,113.96,113.2,113.88,9839.0,97.69,-0.22805026987252178,0.6673691605198375,14.453465516683787,,,警戒,0
2016-03-07,2016-03,113.84,113.91,113.5,113.72,5377.0,98.06,-0.14059756270377566,0.36053464650017286,14.144840383814532,,,警戒,0
2016-03-08,2016-03,113.49,113.51,112.75,112.95,8261.0,98.95,-0.6794043868786728,0.6728640991589244,14.102477420891308,,,警戒,0
2016-03-09,2016-03,112.69,112.75,112.42,112.48,5131.0,98.23,-0.41698148516575273,0.2933854907539103,12.910840909499385,,,警戒,0
2016-03-10,2016-03,113.24,113.8,113.15,113.59,7140.0,98.09,0.9820046180975514,0.572233471256265,13.451760240112575,,,警戒,0
2016-03-11,2016-03,112.86,113.81,112.75,113.72,7251.0,97.15,0.11438125394687264,0.932113964122408,10.227146683415485,,,,0
2016-03-14,2016-03,113.78,114.0,113.64,113.77,4369.0,97.42,0.043957976882605485,0.31642788081216444,8.903000692648675,,,,0
2016-03-15,2016-03,113.83,114.16,113.02,113.07,7555.0,98.24,-0.6171770604471452,1.0082249933669414,8.822827661642952,,,,0
2016-03-16,2016-03,113.11,113.73,113.03,113.65,7186.0,98.28,0.5116454351398567,0.6159260888693382,8.456655801742608,,,,0
2016-03-17,2016-03,112.8,112.96,111.68,111.76,11486.0,98.55,-1.6769835349845812,1.1453113815318423,10.20246597833318,,,,0
2016-03-18,2016-03,111.39,111.58,110.84,111.34,9312.0,98.6,-0.37651321933447346,0.6646308604275147,9.857221718117598,,,,0
2016-03-22,2016-03,112.15,112.22,111.68,111.74,8582.0,97.99,0.3586161275640956,0.4832647216753106,9.975192000268484,,,,0
2016-03-23,2016-03,112.28,112.47,112.14,112.39,8383.0,98.39,0.5800221499172991,0.2936204288637764,9.943807184279361,,,,0
2016-03-24,2016-03,112.43,113.0,112.3,112.86,8871.0,98.01,0.417314701081829,0.620237462342728,10.046431434316283,,,,0
2016-03-25,2016-03,112.85,113.32,112.75,113.07,8158.0,97.88,0.18589834061597868,0.5041124966834644,10.061124761960928,,,,0
2016-03-28,2016-03,113.47,113.69,113.25,113.54,7077.0,97.32,0.41481017954265065,0.3875286242733818,9.920992873086231,,,,0
2016-03-29,2016-03,113.37,113.74,113.23,113.7,12184.0,97.67,0.1408203013910238,0.4485488126648996,9.926150425295187,,,,0
2016-03-30,2016-03,112.68,112.8,112.02,112.08,8778.0,97.48,-1.4350498727738839,0.695931477516061,11.211040177662806,,,,0
2016-03-31,2016-03,112.4,112.67,112.15,112.43,12442.0,97.16,0.31179037329166825,0.4625100062260927,10.419720800331744,,,,0
2016-04-01,2016-04,112.52,112.57,112.07,112.28,9339.0,98.13,-0.13350542679865846,0.44531528322052016,10.42131530162177,-0.1705336661343598,0.1705336661343598,,0
2016-04-04,2016-04,111.68,111.8,111.32,111.59,5275.0,98.56,-0.6164311296071862,0.43014607043642256,10.583359690181224,-0.7898672380161149,0.7898672380161149,,0
2016-04-05,2016-04,111.23,111.31,110.31,110.47,8749.0,99.61,-1.0087449313426196,0.9052231375033946,11.063572885496507,-1.2919024482108177,1.2919024482108177,,0
2016-04-06,2016-04,110.39,110.64,110.23,110.41,9166.0,99.97,-0.05432814331381245,0.37134317543700446,10.884134687414921,-0.06904091060075263,0.06904091060075263,,0
2016-04-07,2016-04,109.73,109.9,108.52,108.57,12702.0,101.57,-1.680558320728485,1.271069356175748,12.19616830845975,-2.1381849740504566,2.1381849740504566,警戒,0
2016-04-08,2016-04,108.48,109.1,108.25,109.07,11350.0,101.5,0.4594751696890677,0.7793160355734798,11.667195194432884,0.5685984955998215,0.5685984955998215,,0
2016-04-11,2016-04,108.3,108.32,107.63,108.06,7921.0,101.35,-0.9303249524731775,0.6385341476957225,11.877672864604992,-1.1563254617661005,1.1563254617661005,,0
2016-04-12,2016-04,107.97,108.41,107.87,108.21,9613.0,100.75,0.13871551676376043,0.4990296645411626,11.914040502839292,0.17102785863148803,0.17102785863148803,,0
2016-04-13,2016-04,108.7,109.05,108.52,108.93,8903.0,100.32,0.6631690510796905,0.48655099605251184,12.25344140818393,0.81744806994672,0.81744806994672,警戒,0
2016-04-14,2016-04,109.44,109.55,109.19,109.32,8013.0,100.38,0.3573886965513079,0.32930845225027394,12.148658217942438,0.43781980889270977,0.43781980889270977,警戒,0
2016-04-15,2016-04,109.35,109.74,109.22,109.3,8290.0,100.89,-0.018296587737439998,0.4757548032936835,10.817379363528767,-0.022562519591599235,0.022562519591599235,,0
2016-04-18,2016-04,108.08,108.46,107.83,108.22,8226.0,100.72,-0.9930202967903632,0.5821474773609272,11.231301925919288,-1.2358053805943614,1.2358053805943614,,0
2016-04-19,2016-04,109.09,109.23,108.8,109.13,7931.0,99.95,0.8373639910409139,0.39402547420508277,11.635678388587085,1.0318983977565617,1.0318983977565617,,0
2016-04-20,2016-04,109.22,109.3,108.77,108.91,7358.0,99.58,-0.20179790374034176,0.4866403452391894,11.340674690008326,-0.2508829675800846,0.2508829675800846,,0
2016-04-21,2016-04,109.85,109.9,109.52,109.66,8016.0,100.21,0.6862816888307273,0.34652562465804276,11.55949336818338,0.8564687288950945,0.8564687288950945,,0
2016-04-22,2016-04,109.47,110.75,109.26,110.59,12298.0,98.4,0.8444999111366225,1.347318925761818,12.035257940750268,1.0487134282200223,1.0487134282200223,警戒,0
2016-04-25,2016-04,111.46,111.78,111.04,111.22,10471.0,98.79,0.5680552672149182,0.6653479590001753,12.135909809379502,0.6994355548302182,0.6994355548302182,警戒,0
2016-04-26,2016-04,111.13,111.3,110.67,110.85,8218.0,98.56,-0.333228569709753,0.5683355886332842,12.12612865877559,-0.40956199835834506,0.40956199835834506,警戒,0
2016-04-27,2016-04,111.22,111.33,111.03,111.21,6495.0,98.44,0.324236976843016,0.2697599136768251,11.180091979393927,0.4131590035441508,0.4131590035441508,,0
2016-04-28,2016-04,111.52,111.88,108.05,108.4,17658.0,101.19,-2.5592216825204703,3.533210332103319,14.21760006701388,-3.269173153663658,3.269173153663658,警戒,1
2016-05-02,2016-05,106.46,106.72,106.14,106.4,8324.0,102.49,-1.8622512098001798,0.5451127819548856,15.412613438791334,-2.21227778099569,2.21227778099569,無秩序,0
2016-05-06,2016-05,107.36,107.42,106.89,106.95,5787.0,102.75,0.5155858620870677,0.49555867227676587,15.596822096716444,0.5938272197674372,0.5938272197674372,無秩序,0
2016-05-09,2016-05,107.36,107.69,107.17,107.66,7625.0,101.96,0.6616677604396496,0.4830020434701802,15.592632714885976,0.7780972047720504,0.7780972047720504,無秩序,0
2016-05-10,2016-05,108.37,108.95,108.27,108.89,9095.0,100.95,1.1360085225158385,0.6244834236385406,16.227616815737555,1.3361619478621445,1.3361619478621445,無秩序,0
2016-05-11,2016-05,109.22,109.34,108.54,108.61,8269.0,101.44,-0.25747140660249596,0.736580425375193,15.10064388940678,-0.29837966962306817,0.29837966962306817,無秩序,0
2016-05-12,2016-05,108.43,109.0,108.23,108.93,9244.0,101.15,0.29419898024095303,0.7068759753970403,15.045507250784972,0.35157946124952205,0.35157946124952205,無秩序,0
2016-05-13,2016-05,109.1,109.13,108.53,108.79,6790.0,101.84,-0.1286055661362825,0.5515212795293633,14.656659150825064,-0.15354448261118048,0.15354448261118048,警戒,0
2016-05-16,2016-05,108.67,108.98,108.46,108.77,4823.0,101.36,-0.01838573272324724,0.47807299806933,14.652332659311746,-0.02354261725982181,0.02354261725982181,警戒,0
2016-05-17,2016-05,109.09,109.5,108.88,109.41,7386.0,101.25,0.5866732382939746,0.5666758065990354,14.610656451086362,0.775141965054108,0.775141965054108,警戒,0
2016-05-18,2016-05,109.03,109.61,108.73,109.43,9586.0,100.82,0.01827819416532941,0.8041670474275752,14.556893492700743,0.024176140236250296,0.024176140236250296,警戒,0
2016-05-19,2016-05,110.18,110.39,109.94,110.08,8493.0,101.1,0.5922298754681758,0.4087936046511653,14.704487514655456,0.791474889523296,0.791474889523296,警戒,0
2016-05-20,2016-05,109.93,110.29,109.86,110.28,7168.0,100.91,0.1815211970562492,0.38991657598839935,14.197101806781042,0.24185616713767047,0.24185616713767047,警戒,0
2016-05-23,2016-05,110.04,110.24,109.39,109.55,8180.0,101.79,-0.6641520114120496,0.7759014148790455,14.15515131530762,-0.8931594019219228,0.8931594019219228,警戒,0
2016-05-24,2016-05,109.38,109.58,109.17,109.54,8181.0,101.23,-0.00912866859002236,0.3742924958919085,14.131756087355685,-0.012204957191824878,0.012204957191824878,警戒,0
2016-05-25,2016-05,110.17,110.19,109.87,110.03,8554.0,100.89,0.44632765262459656,0.2908297736980761,14.008830428881009,0.6001536399058693,0.6001536399058693,警戒,0
2016-05-26,2016-05,110.14,110.23,109.42,110.03,10174.0,101.17,0.0,0.736162864673273,13.663551613708611,0.0,0.0,警戒,0
2016-05-27,2016-05,109.71,110.0,109.55,109.78,8385.0,100.92,-0.22746927600781258,0.4099107305520157,13.496063693051047,-0.3048088080317518,0.3048088080317518,警戒,0
2016-05-30,2016-05,110.78,111.44,110.42,111.37,9622.0,100.33,1.4379628283265604,0.9158660321450983,14.459484309927342,1.9391185081789906,1.9391185081789906,警戒,0
2016-05-31,2016-05,110.85,111.35,110.79,111.14,11998.0,100.73,-0.20673235532336276,0.5038689940615333,14.435782003674118,-0.26996963826319303,0.26996963826319303,警戒,0
2016-06-01,2016-06,110.64,110.83,109.65,110.06,10440.0,101.71,-0.9764996220162463,1.0721424677448597,11.516999459542774,-1.2745963300020078,1.2745963300020078,,0
2016-06-02,2016-06,109.46,109.58,108.83,108.96,11955.0,102.4,-1.0044829230410586,0.6883259911894274,9.889911054374917,-1.3211666331058236,1.3211666331058236,,0
2016-06-03,2016-06,108.87,109.14,108.5,108.75,9490.0,103.7,-0.19291724324086795,0.5885057471264373,9.83257324121561,-0.25055240301483755,0.25055240301483755,,0
2016-06-06,2016-06,106.69,107.28,106.43,107.19,7991.0,102.69,-1.444870926536538,0.7929844201884452,10.967318052398472,-1.8767860330892907,1.8767860330892907,,0
2016-06-07,2016-06,107.46,107.89,107.23,107.74,8997.0,102.73,0.5117956548959557,0.6125858548357125,10.296563719128635,0.6479655690879305,0.6479655690879305,,0
2016-06-08,2016-06,107.29,107.37,106.72,106.98,7810.0,102.87,-0.707901614928355,0.6075902037764122,10.536491314110268,-0.8961080327497786,0.8961080327497786,,0
2016-06-09,2016-06,106.79,106.96,106.31,106.36,6632.0,103.02,-0.5812334728284989,0.6111320045129668,10.587086816746574,-0.7329810212216241,0.7329810212216241,,0
2016-06-10,2016-06,107.11,107.26,106.68,106.85,9060.0,103.52,0.45964153903375776,0.5428170332241444,10.784362788030208,0.5870362837429729,0.5870362837429729,,0
2016-06-13,2016-06,106.5,106.83,105.74,106.1,9480.0,104.27,-0.7043936145219165,1.0273327049952907,10.996796815830647,-0.8962619272787791,0.8962619272787791,,0
2016-06-14,2016-06,106.19,106.41,105.64,105.86,9340.0,104.76,-0.22645791900958953,0.7273757793311884,10.673607107221395,-0.28684860574663196,0.28684860574663196,,0
2016-06-15,2016-06,106.09,106.34,105.97,106.25,8029.0,104.57,0.36773413746848144,0.3482352941176513,10.824178439098743,0.46733530233917825,0.46733530233917825,,0
2016-06-16,2016-06,105.9,105.98,103.56,103.94,15269.0,106.5,-2.1980998224230444,2.328266307485089,12.669513524271778,-2.7995374747976607,2.7995374747976607,警戒,0
2016-06-17,2016-06,104.77,104.83,104.09,104.25,8931.0,106.39,0.29780510986151365,0.709832134292561,12.733108148817095,0.3697653255118522,0.3697653255118522,警戒,0
2016-06-20,2016-06,104.64,104.85,104.42,104.54,6387.0,106.3,0.27779126058650155,0.4113258083030348,12.796162560679644,0.344454917350586,0.344454917350586,警戒,0
2016-06-21,2016-06,103.82,104.58,103.58,104.47,11121.0,105.58,-0.06698244353592253,0.9572125969177755,12.78431712477344,-0.08313179522776479,0.08313179522776479,警戒,0
2016-06-22,2016-06,104.72,104.85,104.32,104.39,5577.0,105.62,-0.0766063429209541,0.5077114666155773,12.546165839823992,-0.09568061879069167,0.09568061879069167,警戒,0
2016-06-23,2016-06,104.64,104.87,104.04,104.44,5449.0,103.57,0.04788584107209897,0.7947146687093052,12.560627504335248,0.060041728888192016,0.060041728888192016,警戒,0
2016-06-24,2016-06,104.93,106.6,99.0,103.08,21401.0,109.08,-1.3107358046763762,7.372914241365924,13.099622421149176,-1.6449692732435988,1.6449692732435988,警戒,0
2016-06-27,2016-06,102.2,102.5,101.47,102.02,6077.0,109.89,-1.033651328938389,1.0096059596157627,11.560779738738326,-1.27959355178945,1.27959355178945,,0
2016-06-28,2016-06,101.8,102.32,101.55,102.24,8576.0,108.66,0.21541181344441446,0.7531298904538303,11.768250868406874,0.2644522362025464,0.2644522362025464,,0
2016-06-29,2016-06,102.69,102.71,102.18,102.43,7469.0,108.12,0.18566478192186284,0.5174265351947543,11.758904216195386,0.23231243107643634,0.23231243107643634,,0
2016-06-30,2016-06,102.8,102.94,102.45,102.7,10688.0,107.77,0.26324784860692235,0.4771178188899658,11.69714079652727,0.3298330757471019,0.3298330757471019,,0
2016-07-01,2016-07,103.09,103.28,102.44,102.55,6037.0,108.46,-0.14616324161230218,0.8191126279863514,11.703772728992627,-0.1827156582281862,0.1827156582281862,,0
2016-07-04,2016-07,102.49,102.81,102.43,102.71,4130.0,108.47,0.15589986593232802,0.369973712394115,10.971576290486494,0.19546404283927243,0.19546404283927243,,0
2016-07-05,2016-07,102.51,102.58,101.7,101.74,6947.0,109.8,-0.9488943783094056,0.8649498722233098,10.915927458145093,-1.2007589013184392,1.2007589013184392,,0
2016-07-06,2016-07,101.16,101.72,100.59,100.98,9361.0,110.32,-0.7498061963849284,1.119033471974644,10.938373500735098,-0.9403543469768763,0.9403543469768763,,0
2016-07-07,2016-07,101.15,101.41,100.64,101.03,7353.0,110.93,0.049502500887112104,0.7621498564782698,10.943697611013615,0.06382732401700328,0.06382732401700328,,0
2016-07-08,2016-07,100.76,100.96,100.25,100.61,10116.0,111.01,-0.4165846135681547,0.7056952589205783,10.619798006862293,-0.5394994352930291,0.5394994352930291,,0
2016-07-11,2016-07,100.69,102.13,100.55,101.9,10088.0,108.64,1.2740283924719826,1.5505397448478884,11.871036686600249,1.6633523043669332,1.6633523043669332,,0
2016-07-12,2016-07,102.51,103.63,102.45,103.01,11776.0,106.42,1.0834130666922994,1.1455198524415033,12.715682368638701,1.378085779436257,1.378085779436257,警戒,0
2016-07-13,2016-07,104.73,104.88,103.95,104.22,11213.0,106.64,1.167797858546645,0.8923431203223877,13.433323534623181,1.4690917209811565,1.4690917209811565,警戒,0
2016-07-14,2016-07,104.06,105.75,103.97,105.44,12355.0,105.45,1.1638021273128618,1.6881638846737494,11.637946754493159,1.4377717786239503,1.4377717786239503,,0
2016-07-15,2016-07,105.15,106.32,105.05,105.87,12354.0,106.32,0.40698556010912557,1.1995843959573023,11.6724893140283,0.4931967922687999,0.4931967922687999,,0
2016-07-19,2016-07,106.18,106.33,105.65,105.96,7413.0,105.18,0.08497380485805221,0.641751604379004,11.64856109153636,0.10386336471819026,0.10386336471819026,,0
2016-07-20,2016-07,106.13,106.39,105.84,106.34,8272.0,104.41,0.3579843672323513,0.5172089524167737,11.681136841336624,0.44182718238790103,0.44182718238790103,,0
2016-07-21,2016-07,107.19,107.49,106.75,106.83,13130.0,105.38,0.45972778816036264,0.6926893194795422,11.735479667837566,0.5663973671130196,0.5663973671130196,,0
2016-07-22,2016-07,105.79,106.19,105.57,106.11,7061.0,105.35,-0.6762494072297113,0.5842993120346852,12.06763502772186,-0.8361591501277137,0.8361591501277137,警戒,0
2016-07-25,2016-07,106.29,106.74,106.0,106.29,6200.0,105.62,0.1694915659991504,0.6962084862169488,10.89288359577911,0.21073948528652445,0.21073948528652445,,0
2016-07-26,2016-07,105.59,105.89,104.0,104.11,12489.0,106.71,-2.0723175058828867,1.8153875708385367,12.843356578958032,-2.588592110379938,2.588592110379938,警戒,0
2016-07-27,2016-07,104.86,106.52,104.68,105.4,12934.0,105.81,1.2314603620600484,1.7457305502846199,13.454829588320122,1.465100821970381,1.465100821970381,警戒,0
2016-07-28,2016-07,104.91,105.3,104.49,104.69,8501.0,105.73,-0.6759033775998463,0.7737128665584128,13.770278250103852,-0.7892524948718864,0.7892524948718864,警戒,0
2016-07-29,2016-07,104.81,105.75,102.71,103.63,16069.0,108.54,-1.017673913513757,2.9335134613528964,14.319817147623201,-1.2772577927915065,1.2772577927915065,警戒,0
2016-08-01,2016-08,102.35,102.68,102.2,102.4,5504.0,108.24,-1.1940150590718543,0.4687500000000039,14.973557893852469,-1.5478410261315345,1.5478410261315345,警戒,0
2016-08-02,2016-08,102.31,102.83,101.62,101.67,8127.0,109.65,-0.7154438318337818,1.1901249139372416,15.165793607704831,-0.9150175370484063,0.9150175370484063,無秩序,0
2016-08-03,2016-08,101.09,101.34,100.75,101.05,8326.0,109.49,-0.6116830437439735,0.5838693715982222,14.946618311205079,-0.784022008876236,0.784022008876236,警戒,0
2016-08-04,2016-08,101.35,101.68,100.87,101.41,6803.0,109.55,0.35562617742750013,0.798737797061436,14.75836995203093,0.4643084472479552,0.4643084472479552,警戒,0
2016-08-05,2016-08,101.21,101.36,101.03,101.09,6098.0,109.05,-0.3160496457938664,0.3264417845484205,14.806053026446401,-0.41141084089117164,0.41141084089117164,警戒,0
2016-08-08,2016-08,102.06,102.31,101.91,102.29,5179.0,108.28,1.180070730294992,0.39104506794408606,15.283029645555887,1.5390606965300213,1.5390606965300213,無秩序,0
2016-08-09,2016-08,102.29,102.53,102.28,102.43,6698.0,108.73,0.13677219795271914,0.24406912037489015,14.62638779234726,0.1742267475767873,0.1742267475767873,警戒,0
2016-08-10,2016-08,101.93,101.96,101.13,101.49,9916.0,109.02,-0.9219366987716591,0.8178145630111325,14.434310992216737,-1.1736016509681437,1.1736016509681437,警戒,0
2016-08-12,2016-08,101.85,102.21,101.77,102.06,5529.0,109.19,0.5600604175098561,0.43111894963746594,13.891677631026491,0.7113242508421542,0.7113242508421542,警戒,0
2016-08-15,2016-08,101.26,101.46,101.02,101.08,5780.0,109.02,-0.9648593115831948,0.43529877324890953,13.358303061258258,-1.218079755575206,1.218079755575206,警戒,0
2016-08-16,2016-08,101.26,101.29,100.15,100.32,9305.0,109.76,-0.7547205635382966,1.1363636363636371,13.281582428320604,-0.9505101991344254,0.9505101991344254,警戒,0
2016-08-17,2016-08,100.18,101.16,100.17,100.71,7609.0,110.05,0.38800227754427924,0.9830205540661255,13.43147974124851,0.48698588974505064,0.48698588974505064,警戒,0
2016-08-18,2016-08,99.9,100.35,99.65,100.03,8990.0,110.22,-0.6774958662963805,0.6997900629810943,13.307992738256308,-0.8500717198552711,0.8500717198552711,警戒,0
2016-08-19,2016-08,100.14,100.47,99.95,100.15,8942.0,110.22,0.11989211147379987,0.5192211682476245,13.101770598449955,0.14990462986165184,0.14990462986165184,警戒,0
2016-08-22,2016-08,100.56,100.94,100.29,100.78,8422.0,110.24,0.6270861140624812,0.6449692399285488,13.447742893203765,0.7870461035998305,0.7870461035998305,警戒,0
2016-08-23,2016-08,100.28,100.39,99.94,100.1,7458.0,110.34,-0.6770236931277246,0.4495504495504525,13.426788495969413,-0.8431812074349148,0.8431812074349148,警戒,0
2016-08-24,2016-08,100.31,100.52,100.21,100.29,8362.0,110.26,0.18963027789420453,0.3091035995612746,11.764555696380022,0.23533114869545962,0.23533114869545962,,0
2016-08-25,2016-08,100.57,100.62,100.36,100.41,5483.0,110.03,0.11958147912280073,0.25893835275371485,10.590011238396064,0.15336893480452593,0.15336893480452593,,0
2016-08-26,2016-08,100.57,100.59,100.39,100.43,6292.0,109.0,0.019916351390280643,0.1991436821666861,10.499968453004444,0.025513891114971675,0.025513891114971675,,0
2016-08-29,2016-08,101.93,102.39,101.84,102.3,8411.0,108.94,1.8448705552333065,0.5376344086021478,12.328552665663114,2.384443448239732,2.384443448239732,警戒,0
2016-08-30,2016-08,101.84,102.45,101.76,102.37,8265.0,108.07,0.0684027974098673,0.6740255934355746,11.586729084124848,0.08473500262097468,0.08473500262097468,,0
2016-08-31,2016-08,102.89,103.33,102.87,103.28,9296.0,107.52,0.8850045606707604,0.4453911696359351,11.671123258785267,1.0960097988921946,1.0960097988921946,,0
2016-09-01,2016-09,103.32,103.62,103.06,103.57,7235.0,107.57,0.28039660624002516,0.5406971130636308,11.397750281219054,0.35150288665218954,0.35150288665218954,,0
2016-09-02,2016-09,103.26,103.7,103.13,103.58,8912.0,106.89,0.009654839495799485,0.5502992855763732,11.370289055360496,0.012137685737423754,0.012137685737423754,,0
2016-09-05,2016-09,103.93,104.14,103.27,103.37,7287.0,107.24,-0.20294764153519382,0.8416368385411672,11.321609435389147,-0.25656859584472197,0.25656859584472197,,0
2016-09-06,2016-09,103.52,103.81,103.26,103.36,8177.0,108.25,-0.009674454610174184,0.532120743034053,10.596745042858368,-0.012273564818842349,0.012273564818842349,,0
2016-09-07,2016-09,101.59,102.12,101.2,101.55,11039.0,108.53,-1.7666752007898037,0.9059576563269343,12.39610792615723,-2.249279045480243,2.249279045480243,警戒,0
2016-09-08,2016-09,101.85,101.91,101.41,101.6,6502.0,107.9,0.04922471179877125,0.4921259842519685,11.954426287629841,0.060632957578015845,0.060632957578015845,,0
2016-09-09,2016-09,102.32,102.47,101.97,102.21,9898.0,108.14,0.5985985196603294,0.4891889247627434,11.978898921423353,0.7374222094231918,0.7374222094231918,,0
2016-09-12,2016-09,102.47,102.66,102.19,102.32,5438.0,108.91,0.10756369296024543,0.45934323690383005,11.416150946442297,0.13207883095866765,0.13207883095866765,,0
2016-09-13,2016-09,101.74,102.05,101.42,101.82,8016.0,108.55,-0.48986087963973557,0.6187389510901546,11.201857028350545,-0.6404186793351315,0.6404186793351315,,0
2016-09-14,2016-09,102.5,103.35,102.43,103.13,9127.0,108.55,1.2783779853787618,0.8920779598564796,11.95331832375678,1.6688769261716623,1.6688769261716623,,0
2016-09-15,2016-09,102.56,102.61,101.94,102.45,8006.0,108.83,-0.6615453643068845,0.6539775500244038,11.939352439653483,-0.8441111050608089,0.8441111050608089,,0
2016-09-16,2016-09,102.0,102.13,101.7,101.91,6127.0,108.92,-0.5284803844306554,0.42194092827003493,12.158892824118116,-0.670630110250236,0.670630110250236,警戒,0
2016-09-20,2016-09,101.91,102.07,101.55,101.69,5013.0,109.37,-0.2161101037556132,0.5113580489723631,12.029934506188239,-0.27334296001383906,0.27334296001383906,警戒,0
2016-09-21,2016-09,101.61,102.79,101.0,101.82,12194.0,110.51,0.12775786711438425,1.7580043213514105,11.724653320272996,0.16154385507733984,0.16154385507733984,,0
2016-09-23,2016-09,100.85,101.25,100.7,101.0,7821.0,109.81,-0.808603163293046,0.5445544554455417,12.1349637486782,-1.0454766301819027,1.0454766301819027,警戒,0
2016-09-26,2016-09,100.92,101.07,100.52,100.62,5635.0,110.57,-0.3769471778086971,0.546611011727288,12.216927598676113,-0.4901998387699151,0.4901998387699151,警戒,0
2016-09-27,2016-09,100.39,100.99,100.09,100.54,8319.0,110.35,-0.07953867987432549,0.8951661030435561,12.221005133196622,-0.10333222892785805,0.10333222892785805,警戒,0
2016-09-28,2016-09,100.5,100.79,100.26,100.76,8008.0,109.99,0.21857932199802255,0.5260023818975795,10.164990899231835,0.2841426852881593,0.2841426852881593,,0
2016-09-29,2016-09,100.95,101.75,100.7,101.53,9717.0,109.82,0.7612869828721935,1.034177090515116,10.584295423778563,0.9899817213968208,0.9899817213968208,,0
2016-09-30,2016-09,101.21,101.78,100.75,100.9,13259.0,109.37,-0.6224393953568071,1.020812685827553,10.179559537061001,-0.8025278027121084,0.8025278027121084,,0
2016-10-03,2016-10,101.54,101.67,101.21,101.4,5918.0,109.08,0.4943163797519509,0.45364891518738454,10.317587540545608,0.6344186348233882,0.6344186348233882,,0
2016-10-04,2016-10,101.84,102.49,101.62,102.4,11063.0,108.11,0.9813621448324671,0.8496093749999906,11.014878561247542,1.2702837744560693,1.2702837744560693,,0
2016-10-05,2016-10,102.87,103.01,102.67,102.79,10913.0,107.44,0.3801359419423292,0.33077147582449984,11.106684873642287,0.48948483944641286,0.48948483944641286,,0
2016-10-06,2016-10,103.45,103.73,103.35,103.69,7297.0,107.16,0.8717606545356147,0.3664769987462722,11.5576527198995,1.1205650587981637,1.1205650587981637,,0
2016-10-07,2016-10,103.76,104.0,103.54,103.85,8049.0,108.14,0.15418717519344152,0.44294655753490014,9.446665769635366,0.1968616092012337,0.1968616092012337,,0
2016-10-11,2016-10,103.71,104.07,103.62,103.93,8244.0,108.24,0.07700452782091795,0.4329837390551223,9.444732537989136,0.10043120338667154,0.10043120338667154,,0
2016-10-12,2016-10,103.36,103.68,103.28,103.53,6253.0,107.57,-0.38561698223085844,0.3863614411281809,9.420201325346008,-0.5112618584503243,0.5112618584503243,,0
2016-10-13,2016-10,104.31,104.63,103.56,103.87,10129.0,108.02,0.32786914616982954,1.0301338211225504,9.466011666818249,0.4427467803818688,0.4427467803818688,,0
2016-10-14,2016-10,103.75,104.27,103.61,104.2,7488.0,107.76,0.31720120795464923,0.6333973128598815,9.258286897558692,0.437053393281739,0.437053393281739,,0
2016-10-17,2016-10,104.05,104.37,103.93,104.16,5870.0,108.01,-0.03839508590075087,0.422427035330259,8.182026375213061,-0.05296176792869839,0.05296176792869839,,0
2016-10-18,2016-10,103.86,104.14,103.69,103.99,6312.0,107.79,-0.1633437788117703,0.4327339167227645,7.789329175485086,-0.22536021690325223,0.22536021690325223,,0
2016-10-19,2016-10,103.87,103.95,103.41,103.53,5574.0,108.12,-0.4433314894119555,0.5215879455230429,7.707323479671765,-0.6129944234232664,0.6129944234232664,,0
2016-10-20,2016-10,103.4,103.8,103.35,103.73,6308.0,107.9,0.19299436657149585,0.43381856743468894,7.636141827486018,0.267267889617799,0.267267889617799,,0
2016-10-21,2016-10,104.12,104.2,103.75,103.84,6277.0,108.3,0.10598835120432523,0.4333590138674912,7.6354572098358995,0.14759986343756623,0.14759986343756623,,0
2016-10-24,2016-10,103.92,104.0,103.74,103.92,5369.0,107.93,0.0770119406564252,0.25019245573518584,6.84684570232614,0.10728662057621775,0.10728662057621775,,0
2016-10-25,2016-10,104.33,104.49,104.25,104.46,10500.0,107.73,0.5182850645808477,0.22975301550832364,6.6814613150511795,0.7777312245960922,0.7777312245960922,,0
2016-10-26,2016-10,104.16,104.38,104.02,104.18,7991.0,107.62,-0.2684050691107047,0.3455557688615852,6.81381287147818,-0.4128186321217276,0.4128186321217276,,0
2016-10-27,2016-10,104.57,104.69,104.3,104.62,8649.0,107.02,0.42145656254194097,0.37277767157331343,6.867749806410228,0.6531526022314595,0.6531526022314595,,0
2016-10-28,2016-10,105.23,105.42,105.07,105.27,11558.0,107.42,0.6193740320768378,0.3324783889047293,6.72766814084034,0.9773196820393776,0.9773196820393776,,0
2016-10-31,2016-10,104.58,104.97,104.53,104.92,8626.0,107.19,-0.33303232645604147,0.4193671368661816,6.336396083647595,-0.5387834301434056,0.5387834301434056,,0
2016-11-01,2016-11,104.84,104.97,104.67,104.94,6066.0,107.77,0.01906032598927615,0.28587764436820773,6.263125209217011,0.031140459749326138,0.031140459749326138,,0
2016-11-02,2016-11,104.11,104.16,103.58,103.66,9458.0,108.5,-1.22724454970052,0.559521512637467,7.297031641358442,-2.025619958628208,2.025619958628208,,0
2016-11-04,2016-11,103.06,103.35,102.85,103.24,8213.0,108.63,-0.4059937911147381,0.4843084075939559,7.374386391388903,-0.6475237125809516,0.6475237125809516,,0
2016-11-07,2016-11,104.18,104.58,103.8,104.44,10616.0,107.47,1.1556368980515002,0.7468402910762171,7.861107307653695,1.8403073768206126,1.8403073768206126,,0
2016-11-08,2016-11,104.46,104.59,104.3,104.42,8508.0,106.54,-0.019151584852180603,0.2777245738364358,7.850625773433539,-0.030534517178503008,0.030534517178503008,,0
2016-11-09,2016-11,104.99,105.47,101.19,103.34,29866.0,106.88,-1.0396705123367778,4.141668279465842,8.710555374900688,-1.6578922614781224,1.6578922614781224,,0
2016-11-10,2016-11,105.83,105.96,104.97,105.64,15114.0,106.15,2.201256456989296,0.9371450208254399,11.648350547452422,3.4923090989703334,3.4923090989703334,,1
2016-11-11,2016-11,106.83,106.93,106.26,106.7,12493.0,106.47,0.9984070878776211,0.6279287722586707,12.05764323304916,1.453741413582055,1.453741413582055,警戒,0
2016-11-14,2016-11,106.89,107.67,106.73,107.65,11968.0,105.21,0.8864065502664285,0.8732001857872713,12.338116394710452,1.2958877468895835,1.2958877468895835,警戒,0
2016-11-15,2016-11,108.21,108.44,107.8,108.13,10168.0,104.41,0.44489831470736807,0.5918801442707857,12.352812262252684,0.6518969036959243,0.6518969036959243,警戒,0
2016-11-16,2016-11,109.02,109.5,108.8,109.43,12102.0,104.71,1.195086847290599,0.6396783331810315,12.775670095118446,1.7500458779979848,1.7500458779979848,警戒,0
2016-11-17,2016-11,108.78,109.47,108.55,109.02,12030.0,104.08,-0.37537237942169693,0.8438818565400861,12.7285953786168,-0.5450760377385375,0.5450760377385375,警戒,0
2016-11-18,2016-11,110.24,110.92,109.98,110.71,13948.0,103.47,1.5382818235240636,0.8490651251016149,13.50882537049832,2.2230021431591003,2.2230021431591003,警戒,0
2016-11-21,2016-11,110.95,111.18,110.65,110.92,7850.0,103.35,0.18950508762019214,0.4778218535881727,13.494061349324591,0.26596570569719363,0.26596570569719363,警戒,0
2016-11-22,2016-11,110.68,111.24,110.27,110.92,9408.0,103.02,0.0,0.8745041471330678,13.51594635404405,0.0,0.0,警戒,0
2016-11-24,2016-11,112.56,113.39,112.35,113.32,11484.0,101.51,2.140645421473834,0.9177550300035354,14.970715564075665,3.038937700922858,3.038937700922858,警戒,1
2016-11-25,2016-11,113.28,113.9,112.83,113.14,14904.0,101.43,-0.15896850473060561,0.9457309528018449,14.910143998482623,-0.2122496603447292,0.2122496603447292,警戒,0
2016-11-28,2016-11,112.67,112.97,111.36,111.94,11005.0,102.42,-1.0662976451796105,1.4382705020546716,15.806614850919933,-1.4216162560735754,1.4216162560735754,無秩序,0
2016-11-29,2016-11,111.68,112.38,111.63,112.32,9678.0,101.9,0.33889268142874274,0.6677350427350428,15.771743813871442,0.46058666558735345,0.46058666558735345,無秩序,0
2016-11-30,2016-11,112.47,112.96,112.06,112.73,12901.0,100.3,0.3643638778939112,0.7983677814246354,15.579448481639401,0.4949893810335221,0.4949893810335221,無秩序,0
2016-12-01,2016-12,114.7,114.83,113.83,114.17,12694.0,100.34,1.2692986631795855,0.8758868354208635,15.847423051648446,1.7378252601461674,1.7378252601461674,無秩序,0
2016-12-02,2016-12,113.9,114.2,113.58,113.95,9836.0,100.73,-0.19288099965424826,0.5440982887231282,14.811605972850703,-0.2590738079254794,0.2590738079254794,警戒,0
2016-12-05,2016-12,113.53,113.95,112.87,113.91,11443.0,100.2,-0.035109277987272175,0.9481169344219106,14.576248319968174,-0.047084540487564976,0.047084540487564976,警戒,0
2016-12-06,2016-12,113.87,114.16,113.5,113.84,7571.0,100.16,-0.06147091302236765,0.5797610681658438,14.480972602645872,-0.08255586356432906,0.08255586356432906,警戒,0
2016-12-07,2016-12,114.06,114.4,113.94,114.34,8553.0,100.19,0.43825120542283647,0.40230890327095326,14.383117237855167,0.5883909352429366,0.5883909352429366,警戒,0
2016-12-08,2016-12,113.74,113.86,113.12,113.65,8008.0,100.3,-0.6052915537273016,0.6511218653761504,13.857968593771563,-0.8631865540852502,0.8631865540852502,警戒,0
2016-12-09,2016-12,114.07,114.57,114.02,114.44,9403.0,99.36,0.6927117883357209,0.48060118839566335,12.31498715941983,0.9775365588280841,0.9775365588280841,警戒,0
2016-12-12,2016-12,115.42,115.85,115.16,115.83,11503.0,99.36,1.2072930762345253,0.5957005957005937,12.470929071170623,1.701226412181488,1.701226412181488,警戒,0
2016-12-13,2016-12,114.99,115.39,114.73,115.29,8800.0,99.21,-0.467290569939237,0.5724694249284383,12.709241585920742,-0.6475409307755398,0.6475409307755398,警戒,0
2016-12-14,2016-12,115.21,115.37,114.87,114.99,7018.0,98.11,-0.2605525184288999,0.4348204191668841,12.8796464840822,-0.3612387042280245,0.3612387042280245,警戒,0
2016-12-15,2016-12,117.23,117.86,117.01,117.64,13774.0,97.54,2.2783945625221023,0.7225433526011512,14.358842544266755,3.209889042072619,3.209889042072619,警戒,1
2016-12-16,2016-12,118.26,118.39,117.97,118.21,7485.0,97.89,0.48335900764912504,0.355299890026226,14.09530521908854,0.643696766683306,0.643696766683306,警戒,0
2016-12-19,2016-12,117.82,117.97,116.97,117.35,7442.0,98.52,-0.7301781465253031,0.852151682999574,13.9750305355896,-0.980214486534308,0.980214486534308,警戒,0
2016-12-20,2016-12,117.03,117.96,116.99,117.89,11400.0,98.02,0.45910640070035363,0.8228009161082356,13.981766418589062,0.6095034071971478,0.6095034071971478,警戒,0
2016-12-21,2016-12,117.84,118.06,117.4,117.59,7491.0,98.2,-0.254798846871171,0.5612722170252543,14.084294006356748,-0.3380936690250345,0.3380936690250345,警戒,0
2016-12-22,2016-12,117.63,117.75,117.41,117.67,7565.0,98.31,0.0680098640513174,0.28894365598708543,12.282337794584434,0.09142972504426158,0.09142972504426158,警戒,0
2016-12-26,2016-12,117.33,117.39,117.01,117.17,2585.0,98.66,-0.4258224795773366,0.32431509772125583,12.418195202756657,-0.5756978442606772,0.5756978442606772,警戒,0
2016-12-27,2016-12,117.21,117.46,117.1,117.32,5229.0,98.48,0.12793724291859665,0.3068530514831226,11.52644944355654,0.17202701449052615,0.17202701449052615,,0
2016-12-28,2016-12,117.5,117.74,117.38,117.51,9503.0,98.83,0.16181922365995532,0.306356905795251,11.522359053809566,0.21753641338569607,0.21753641338569607,,0
2016-12-29,2016-12,117.07,117.25,116.25,116.37,8436.0,99.07,-0.9748666225864104,0.8593280054996991,12.265517600441369,-1.3156847131786622,1.3156847131786622,警戒,0
2016-12-30,2016-12,116.33,117.12,116.05,117.11,7300.0,98.67,0.6338893934060343,0.9136709076936277,11.696760075962027,0.8459872791250339,0.8459872791250339,,0
2017-01-04,2017-01,117.65,118.18,117.54,117.99,9304.0,98.15,0.7486211057781972,0.5424188490550051,11.83178507930276,0.9977417338869907,0.9977417338869907,,0
2017-01-05,2017-01,117.13,117.43,115.58,115.95,13369.0,99.23,-1.7440811410287103,1.59551530832256,13.648409962174524,-2.3347414816436998,2.3347414816436998,警戒,0
2017-01-06,2017-01,115.34,116.39,115.07,116.26,10918.0,98.46,0.2669998571663854,1.1353862033373536,13.650261414247765,0.3383087422867279,0.3383087422867279,警戒,0
2017-01-10,2017-01,115.99,116.21,115.2,115.84,12257.0,99.46,-0.36191336357983067,0.8718922651933623,13.686755807858866,-0.4614171303125307,0.4614171303125307,警戒,0
2017-01-11,2017-01,115.87,116.24,115.67,116.05,9505.0,99.48,0.181120408303968,0.49116760017233363,13.458584389319004,0.22997011559066294,0.22997011559066294,警戒,0
2017-01-12,2017-01,115.1,115.5,114.16,114.31,14253.0,99.81,-1.5107076682759002,1.1722508966844574,14.419651643674841,-1.918452566578291,1.918452566578291,警戒,0
2017-01-13,2017-01,114.68,115.19,114.57,114.7,12254.0,99.95,0.3405968097637859,0.5405405405405445,13.766058427108167,0.41832411969558453,0.41832411969558453,警戒,0
2017-01-16,2017-01,114.22,114.49,113.63,114.08,7384.0,100.44,-0.5420067469339256,0.7538569424964933,13.798684634661058,-0.665661032386064,0.665661032386064,警戒,0
2017-01-17,2017-01,114.16,114.28,113.23,113.29,13789.0,101.05,-0.694905378058852,0.9268249624856537,13.970506671935226,-0.8484152754362181,0.8484152754362181,警戒,0
2017-01-18,2017-01,112.9,113.43,112.58,113.33,11865.0,99.87,0.03530138594598044,0.7500220594723449,10.889153890922499,0.0427382022507089,0.0427382022507089,,0
2017-01-19,2017-01,114.72,114.96,114.44,114.83,12393.0,99.6,1.3148857043240818,0.45284333362361406,11.919054526902412,1.5935064630255402,1.5935064630255402,,0
2017-01-20,2017-01,114.94,115.15,114.54,114.8,9626.0,99.65,-0.02612899026319373,0.5313588850174211,11.72099543720545,-0.03128755622024743,0.03128755622024743,,0
2017-01-23,2017-01,113.81,114.45,113.17,113.46,10519.0,100.85,-1.1741131987044942,1.128150890181563,12.097194153361864,-1.4052609085212202,1.4052609085212202,警戒,0
2017-01-24,2017-01,112.79,113.43,112.53,113.37,10260.0,100.07,-0.07935458689137122,0.7938608097380309,12.101049344111242,-0.09299692468205073,0.09299692468205073,警戒,0
2017-01-25,2017-01,113.86,113.99,113.37,113.55,8890.0,100.4,0.1586462522060089,0.546014971378239,12.130200293816612,0.18582035155843693,0.18582035155843693,警戒,0
2017-01-26,2017-01,113.27,113.81,113.05,113.77,7999.0,99.63,0.1935598000057728,0.6680144150479083,12.161710436209964,0.227087434621665,0.227087434621665,警戒,0
2017-01-27,2017-01,114.43,115.3,114.4,115.22,9775.0,99.27,1.2664477752611865,0.7811143898628636,13.135818839378377,1.488712888995079,1.488712888995079,警戒,0
2017-01-30,2017-01,114.67,114.94,114.27,114.7,8037.0,100.25,-0.45233201689120334,0.5841325196163921,13.160347820784462,-0.5246007981047104,0.5246007981047104,警戒,0
2017-01-31,2017-01,113.68,113.84,113.24,113.53,13736.0,100.64,-1.0252904958882785,0.5284946710120748,13.204880377144576,-1.1871183563263112,1.1871183563263112,警戒,0
2017-02-01,2017-02,112.78,113.63,112.65,113.57,9541.0,100.3,0.03522677271126184,0.8629039358985559,12.917293774524158,0.04027295918391983,0.04027295918391983,警戒,0
2017-02-02,2017-02,113.3,113.36,112.47,112.85,10353.0,100.44,-0.6359883640010223,0.7886575099689859,12.565026923864847,-0.7271200146863238,0.7271200146863238,警戒,0
2017-02-03,2017-02,112.8,113.24,112.51,113.12,11094.0,100.45,0.23896988847180756,0.6453323903818863,11.287166213649195,0.2771174733837733,0.2771174733837733,,0
2017-02-06,2017-02,112.64,112.77,112.22,112.74,6857.0,101.36,-0.3364919494833808,0.48784814617704203,11.213251003439005,-0.39153601628394613,0.39153601628394613,,0
2017-02-07,2017-02,111.82,112.15,111.59,112.12,7761.0,101.18,-0.551455635684132,0.4994648590795596,11.27991206564991,-0.6476726217630995,0.6476726217630995,,0
2017-02-08,2017-02,112.39,112.54,112.04,112.36,7418.0,101.51,0.21382759394553705,0.44499822000711997,11.29374290656003,0.24986932658035887,0.24986932658035887,,0
2017-02-09,2017-02,111.97,112.38,111.75,112.35,7124.0,100.46,-0.008900360470476052,0.5607476635513978,10.110423135738282,-0.010568047332853402,0.010568047332853402,,0
2017-02-10,2017-02,113.46,113.85,113.25,113.84,10021.0,100.46,1.3174955150258765,0.5270555165144012,11.194291868354,1.6517334021664594,1.6517334021664594,,0
2017-02-13,2017-02,113.93,114.17,113.49,113.55,6942.0,100.08,-0.25506852300295113,0.598855129898729,11.068448652252034,-0.3169537981015995,0.3169537981015995,,0
2017-02-14,2017-02,113.69,113.82,113.26,113.56,7274.0,99.43,0.008806305320310777,0.4931313842902325,10.780218840598298,0.011014622031065882,0.011014622031065882,,0
2017-02-15,2017-02,114.29,114.59,114.24,114.48,9719.0,99.4,0.8068803643424997,0.30573025856045466,11.144202255421321,1.0108740438187866,1.0108740438187866,,0
2017-02-16,2017-02,114.13,114.3,113.75,113.95,7368.0,100.18,-0.46403795565022243,0.48266783677051084,10.217716267642407,-0.5869742928169056,0.5869742928169056,,0
2017-02-17,2017-02,113.33,113.5,113.18,113.43,6341.0,100.82,-0.4573849120742017,0.28211231596578784,10.324920064467634,-0.5778724389711491,0.5778724389711491,,0
2017-02-20,2017-02,112.92,113.24,112.79,113.13,4294.0,100.5,-0.26483066325758176,0.3977724741447791,9.494732441764487,-0.343683960915529,0.343683960915529,,0
2017-02-21,2017-02,113.27,113.71,113.11,113.54,7897.0,100.14,0.3617597804204867,0.5284481240091548,9.583504026094339,0.4690218005625542,0.4690218005625542,,0
2017-02-22,2017-02,113.67,113.73,113.3,113.41,7998.0,100.33,-0.11456269153411491,0.37915527731241233,9.57541661663702,-0.1483091553121859,0.1483091553121859,,0
2017-02-23,2017-02,113.41,113.46,113.08,113.25,8628.0,100.74,-0.14118064640956657,0.33554083885209307,9.55651477078057,-0.1956346196398313,0.1956346196398313,,0
2017-02-24,2017-02,112.7,112.96,112.6,112.73,7857.0,101.24,-0.46021853067034185,0.3193471125698567,8.356867611104908,-0.6377827232999005,0.6377827232999005,,0
2017-02-27,2017-02,112.2,112.39,111.92,112.21,6442.0,100.72,-0.462346337966513,0.4188574993316094,8.362394405929221,-0.650691430964149,0.650691430964149,,0
2017-02-28,2017-02,112.75,112.82,112.26,112.31,10292.0,100.74,0.08907892981699835,0.49861989137208446,7.649364064384769,0.12514227645868145,0.12514227645868145,,0
2017-03-01,2017-03,113.1,113.66,112.75,113.49,15400.0,100.03,1.0451822338102796,0.8018327605956441,8.588124487868862,1.4714498079286726,1.4714498079286726,,0
2017-03-02,2017-03,114.12,114.21,113.72,114.19,13395.0,99.73,0.6149000400509076,0.429109379104996,8.513827698531994,0.8733777061272129,0.8733777061272129,,0
2017-03-03,2017-03,114.35,114.48,114.08,114.27,10920.0,99.87,0.07003414450656117,0.35004813161810244,8.48754752263918,0.09889005789836405,0.09889005789836405,,0
2017-03-06,2017-03,113.82,114.13,113.67,113.8,7086.0,100.09,-0.41215474663917573,0.40421792618628627,8.537415275695254,-0.5819463204228811,0.5819463204228811,,0
2017-03-07,2017-03,113.91,114.07,113.77,113.85,6201.0,99.99,0.043927081751810246,0.2635046113306958,8.24048646967337,0.06184829302163462,0.06184829302163462,,0
2017-03-08,2017-03,113.92,114.02,113.61,113.89,8398.0,99.91,0.03512777765110847,0.35999648783914,8.22540577044151,0.04962038863385352,0.04962038863385352,,0
2017-03-09,2017-03,114.41,114.6,114.37,114.53,8748.0,99.48,0.5603727123365204,0.20082074565615102,8.401488689011273,0.7964662264191156,0.7964662264191156,,0
2017-03-10,2017-03,115.13,115.46,114.89,115.41,9868.0,99.26,0.7654208022688602,0.49389134390433514,7.519203692455599,1.090993974598791,1.090993974598791,,0
2017-03-13,2017-03,114.76,114.92,114.51,114.68,5818.0,99.17,-0.6345364417144268,0.35751656784094576,7.849180081501625,-0.9183591089394836,0.9183591089394836,,0
2017-03-14,2017-03,114.92,115.18,114.77,115.17,8468.0,99.44,0.42636566656468583,0.3559954849353224,7.959625861667938,0.6150936831515212,0.6150936831515212,,0
2017-03-15,2017-03,114.66,114.88,114.62,114.7,8960.0,99.8,-0.40892735454909823,0.2266782911944123,7.630749349082658,-0.5887105552184908,0.5887105552184908,,0
2017-03-16,2017-03,113.39,113.55,112.91,113.23,12104.0,99.87,-1.2898875809376804,0.5652212311224946,8.786224364279956,-2.0509634963213377,2.0509634963213377,,0
2017-03-17,2017-03,113.37,113.49,113.28,113.44,9463.0,100.5,0.18529144578691947,0.18511988716501565,8.668611644759185,0.2871599959258003,0.2871599959258003,,0
2017-03-21,2017-03,112.57,112.85,112.26,112.83,9259.0,101.15,-0.5391801633462632,0.522910573429043,8.833102978972622,-0.8421721151106739,0.8421721151106739,,0
2017-03-22,2017-03,111.53,111.79,111.32,111.51,13169.0,101.54,-1.1767988173084225,0.42148686216483994,9.619971864036545,-1.8399817721510012,1.8399817721510012,,0
2017-03-23,2017-03,111.37,111.58,111.07,111.24,10530.0,101.84,-0.24242436115065025,0.4584681769147835,9.634960630017348,-0.3701685941334392,0.3701685941334392,,0
2017-03-24,2017-03,111.0,111.48,110.87,111.34,9222.0,101.37,0.08985533895977425,0.5478713849470086,9.655661365241656,0.1372106357484042,0.1372106357484042,,0
2017-03-27,2017-03,110.56,110.98,110.12,110.19,9653.0,101.72,-1.0382434255676176,0.7804700971049999,10.158449232227824,-1.5879620123465217,1.5879620123465217,,0
2017-03-28,2017-03,110.77,110.83,110.52,110.69,7499.0,101.58,0.4527352897846985,0.2800614328304294,10.260996800945877,0.6811875134795614,0.6811875134795614,,0
2017-03-29,2017-03,111.23,111.31,111.03,111.1,8389.0,101.63,0.36971952480516057,0.25202520252025307,10.365867552562921,0.5537570591416967,0.5537570591416967,,0
2017-03-30,2017-03,111.15,111.42,110.94,111.07,10973.0,101.08,-0.027006346655568225,0.4321598991626938,9.522046378672492,-0.04089967678905583,0.04089967678905583,,0
2017-03-31,2017-03,111.74,112.21,111.7,111.8,13434.0,101.49,0.6550927541970187,0.4561717352414945,9.563483031695986,1.002095540342716,1.002095540342716,,0
2017-04-03,2017-04,111.27,111.59,111.13,111.43,4982.0,101.97,-0.3314969662036178,0.4128152203176954,9.571794696443964,-0.5085852363027532,0.5085852363027532,,0
2017-04-04,2017-04,110.69,110.88,110.34,110.48,7564.0,102.26,-0.8562081957925939,0.48877624909485157,9.873010013503272,-1.3909873177112348,1.3909873177112348,,0
2017-04-05,2017-04,110.85,110.91,110.54,110.61,6001.0,102.35,0.11759918131260581,0.33450863393905644,9.895446724925566,0.18898251538228056,0.18898251538228056,,0
2017-04-06,2017-04,110.4,110.59,110.29,110.52,9354.0,102.33,-0.08140008589470824,0.27144408251899854,9.876039814632472,-0.13092353291019956,0.13092353291019956,,0
2017-04-07,2017-04,110.89,111.0,110.14,110.61,12828.0,102.24,0.08140008589471599,0.7775065545610699,9.560277756017795,0.13111844155416547,0.13111844155416547,,0
2017-04-10,2017-04,111.22,111.59,111.07,111.33,6135.0,102.4,0.6488262826453125,0.4670798526902095,9.416173838959114,1.0959101366092703,1.0959101366092703,,0
2017-04-11,2017-04,110.71,110.88,110.46,110.55,6547.0,103.58,-0.7030856437160661,0.3799185888738143,9.463092385167478,-1.1779930508503793,1.1779930508503793,,0
2017-04-12,2017-04,109.56,109.75,109.35,109.67,7395.0,103.74,-0.7992050531337804,0.3647305553022756,9.415549741087439,-1.333210719427466,1.333210719427466,,0
2017-04-13,2017-04,108.89,109.24,108.73,109.02,8125.0,103.79,-0.5944505135982685,0.46780407264721235,9.481277283848144,-0.9882777971158309,0.9882777971158309,,0
2017-04-14,2017-04,109.11,109.23,108.85,108.93,3110.0,104.25,-0.08258775417806412,0.3488478839621864,8.665085070752216,-0.13641931418427344,0.13641931418427344,,0
2017-04-17,2017-04,108.32,108.81,108.13,108.33,5925.0,103.82,-0.5523350136878082,0.6277116218960647,8.632850485990435,-0.9561413575696953,0.9561413575696953,,0
2017-04-18,2017-04,109.14,109.22,108.83,108.87,7455.0,104.18,0.497238593561267,0.35822540644805784,8.920376345510752,0.8562694430388178,0.8562694430388178,,0
2017-04-19,2017-04,108.54,108.9,108.39,108.82,6783.0,103.92,-0.04593688353094811,0.46866384855725524,8.1082797755094,-0.0808614510216108,0.0808614510216108,,0
2017-04-20,2017-04,108.84,109.06,108.73,109.0,6177.0,103.4,0.1652741171364453,0.30275229357798006,8.157035300072183,0.29092453532983265,0.29092453532983265,,0
2017-04-21,2017-04,109.39,109.42,109.12,109.21,5716.0,103.66,0.19247519804931784,0.27470011903671565,8.197034863730636,0.3387782237213238,0.3387782237213238,,0
2017-04-24,2017-04,110.02,110.31,109.86,110.08,8007.0,102.65,0.7934739975396624,0.4087936046511653,7.98201292157542,1.3966251899924473,1.3966251899924473,,0
2017-04-25,2017-04,109.63,110.36,109.6,110.31,7283.0,101.35,0.20872097962567684,0.6889674553531004,7.842192439658723,0.37786628321350635,0.37786628321350635,,0
2017-04-26,2017-04,111.08,111.52,110.97,111.24,8764.0,101.51,0.8395445384473664,0.4944264653002492,8.312836756018108,1.5227714888367632,1.5227714888367632,,0
2017-04-27,2017-04,111.18,111.42,111.12,111.27,5448.0,101.41,0.026965080384509225,0.269614451334589,8.312176548229123,0.04913152383359357,0.04913152383359357,,0
2017-04-28,2017-04,111.23,111.35,111.07,111.29,8143.0,101.12,0.017972681572474777,0.2515949321592247,7.955347781269915,0.032747982047489854,0.032747982047489854,,0
2017-05-01,2017-05,111.31,111.91,111.21,111.84,4198.0,100.87,0.4929871500166394,0.625894134477828,8.06862289728745,0.9076842096477435,0.9076842096477435,,0
2017-05-02,2017-05,111.83,112.18,111.79,112.17,9109.0,100.54,0.2946299171631961,0.34768654720513553,7.422397960942028,0.5394315551690868,0.5394315551690868,,0
2017-05-08,2017-05,112.66,112.91,112.53,112.56,6561.0,99.7,0.3470835149001617,0.33759772565742313,7.483939605788663,0.6356323831564984,0.6356323831564984,,0
2017-05-09,2017-05,113.22,113.69,113.14,113.64,10363.0,99.26,0.9549144179853645,0.48398451249559765,8.056140997363476,1.7578978327844001,1.7578978327844001,,0
2017-05-10,2017-05,113.71,114.13,113.63,113.91,8722.0,98.88,0.23731059258333634,0.43894302519532963,8.06031415266612,0.4266062072163397,0.4266062072163397,,0
2017-05-11,2017-05,114.33,114.37,114.07,114.21,7937.0,99.14,0.2630196150694941,0.2626740215392797,7.855465275669807,0.4722289231996173,0.4722289231996173,,0
2017-05-12,2017-05,113.82,113.95,113.55,113.61,7804.0,99.44,-0.5267328480702459,0.3520816829504495,7.629796161446395,-0.9910511198141951,0.9910511198141951,,0
2017-05-15,2017-05,113.27,113.73,113.21,113.65,6508.0,98.78,0.03520197167391509,0.45754509458865833,6.802594666795494,0.06581137061993161,0.06581137061993161,,0
2017-05-16,2017-05,113.65,113.77,113.26,113.46,5531.0,99.12,-0.16731984001311978,0.449497620306708,6.31025536738181,-0.31280032239394034,0.31280032239394034,,0
2017-05-17,2017-05,112.7,113.09,112.26,112.45,11794.0,101.13,-0.8941673493096312,0.7381058248110256,7.361613167302034,-1.7040470596490718,1.7040470596490718,,0
2017-05-18,2017-05,111.07,111.42,110.72,110.92,14897.0,100.8,-1.3699457657747416,0.6310854670032481,8.834263589520654,-2.5662548835784844,2.5662548835784844,,0
2017-05-19,2017-05,111.43,111.58,111.12,111.48,11458.0,100.6,0.5035981866170167,0.4126300681736578,8.837911301010944,0.9011228027190845,0.9011228027190845,,0
2017-05-22,2017-05,111.29,111.61,111.15,111.31,5652.0,100.45,-0.1526101108613045,0.4132602641272067,8.872272570778522,-0.2713803899653845,0.2713803899653845,,0
2017-05-23,2017-05,110.93,111.35,110.86,111.21,7151.0,100.22,-0.08987956743838951,0.44060785900548055,8.898568877200749,-0.16042002918731013,0.16042002918731013,,0
2017-05-24,2017-05,111.96,112.05,111.74,111.94,8784.0,100.33,0.654270763246297,0.2769340718241936,9.11042829382854,1.1678721022808287,1.1678721022808287,,0
2017-05-25,2017-05,111.55,111.89,111.51,111.83,7472.0,99.99,-0.09831524231165582,0.3398014843959541,8.784678063236537,-0.1734003720250266,0.1734003720250266,,0
2017-05-26,2017-05,111.75,111.84,111.2,111.25,8273.0,100.44,-0.5199939993747306,0.575280898876405,9.019496022252667,-0.9217582115175561,0.9217582115175561,,0
2017-05-29,2017-05,111.26,111.47,111.18,111.3,4323.0,100.56,0.044933723514943825,0.2605570530098761,8.515004446127879,0.07953450161502479,0.07953450161502479,,0
2017-05-30,2017-05,111.2,111.29,110.77,111.08,7482.0,100.91,-0.19785958429003156,0.4681310767014856,8.543854376162697,-0.3502865283580217,0.3502865283580217,,0
2017-05-31,2017-05,110.85,111.23,110.76,110.96,8992.0,100.69,-0.10808864320226402,0.42357606344628596,8.550380463333493,-0.19729804380003116,0.19729804380003116,,0
2017-06-01,2017-06,110.81,111.09,110.72,111.01,7087.0,100.17,0.045051133797972834,0.3333033060084718,8.342841736643342,0.08324286465786966,0.08324286465786966,,0
2017-06-02,2017-06,111.44,111.71,111.31,111.57,7611.0,100.84,0.5031909260532592,0.35851931522810027,8.484522901469923,0.9299088658001442,0.9299088658001442,,0
2017-06-05,2017-06,110.47,110.73,110.31,110.53,5408.0,100.76,-0.9365219282224286,0.37998733375554306,8.945187171243786,-1.7228703904429588,1.7228703904429588,,0
2017-06-06,2017-06,110.4,110.5,109.57,109.63,11972.0,101.59,-0.8175917636415382,0.8483079449055977,8.392022735489766,-1.4709386816657917,1.4709386816657917,,0
2017-06-07,2017-06,109.5,109.63,109.22,109.3,7590.0,101.33,-0.3014664503955745,0.37511436413540405,8.253779181351288,-0.5340714110075514,0.5340714110075514,,0
2017-06-08,2017-06,109.92,110.01,109.38,109.77,9598.0,101.23,0.4290872516732209,0.5739273025416869,8.398865388309122,0.7672351248008202,0.7672351248008202,,0
2017-06-09,2017-06,109.87,110.47,109.83,110.32,9344.0,101.01,0.4997965785821139,0.5801305293691086,8.652974270084444,0.9049192170633839,0.9049192170633839,,0
2017-06-12,2017-06,110.31,110.44,110.16,110.21,5077.0,101.42,-0.09975967815957891,0.2540604300880148,8.628523863109466,-0.18054634774543557,0.18054634774543557,,0
2017-06-13,2017-06,109.93,110.27,109.83,110.24,4740.0,101.19,0.027217056189777655,0.39912917271407633,8.65204470212875,0.049595418049459467,0.049595418049459467,,0
2017-06-14,2017-06,110.07,110.2,109.96,110.19,5878.0,101.5,-0.04536587656627812,0.21780560849442698,8.188052809467264,-0.08291340039433155,0.08291340039433155,,0
2017-06-15,2017-06,109.45,109.8,109.28,109.52,11815.0,100.62,-0.609896751949215,0.4747991234477685,6.982094726437939,-1.1660922036017196,1.1660922036017196,,0
2017-06-16,2017-06,110.99,111.38,110.85,111.19,9517.0,100.56,1.513326873496439,0.4766615702850986,8.762742143409993,2.8708188553803122,2.8708188553803122,,0
2017-06-19,2017-06,110.98,111.2,110.79,111.12,5366.0,100.17,-0.06297512690694057,0.368970482361408,8.74957091565443,-0.11226696660323912,0.11226696660323912,,0
2017-06-20,2017-06,111.7,111.79,111.54,111.67,9038.0,100.45,0.49373950116123827,0.2238739142115161,8.921181785536506,0.9139866791145439,0.9139866791145439,,0
2017-06-21,2017-06,111.34,111.48,111.08,111.14,6868.0,100.49,-0.47574256059255876,0.3599064243296794,8.75691913311808,-0.8759887424529132,0.8759887424529132,,0
2017-06-22,2017-06,111.33,111.43,110.95,111.01,8636.0,100.53,-0.11703805072194315,0.4323934780650428,8.758942111423611,-0.2141524903889071,0.2141524903889071,,0
2017-06-23,2017-06,111.3,111.43,111.22,111.29,4674.0,100.41,0.2519119640777977,0.18869619911942487,8.62164707852279,0.4756469999302413,0.4756469999302413,,0
2017-06-26,2017-06,111.24,111.5,111.21,111.46,5208.0,99.89,0.15263751560564878,0.26018302530056187,8.637256475783897,0.28940447267703484,0.28940447267703484,,0
2017-06-27,2017-06,111.88,112.07,111.54,111.64,10132.0,99.23,0.16136265267312883,0.47474023647437025,8.618253670033061,0.3069805397173977,0.3069805397173977,,0
2017-06-28,2017-06,112.2,112.42,112.04,112.15,9984.0,99.11,0.4557852298095937,0.33883192153365616,8.734282497224935,0.8664950627671848,0.8664950627671848,,0
2017-06-29,2017-06,112.35,112.58,112.14,112.51,11256.0,99.1,0.3204845616763141,0.3910763487689962,8.78538730972059,0.6133965281613739,0.6133965281613739,,0
2017-06-30,2017-06,112.02,112.15,111.73,112.06,11969.0,98.82,-0.40076644458420996,0.37479921470640876,8.776236284515695,-0.7675552489194669,0.7675552489194669,,0
2017-07-03,2017-07,112.24,112.87,112.2,112.8,11151.0,98.27,0.658189692681994,0.5939716312056753,8.277800283711205,1.284376457765675,1.284376457765675,,0
2017-07-04,2017-07,113.39,113.42,112.74,113.11,9514.0,98.42,0.27444574793312676,0.6011846874723781,7.544521171701721,0.5289496856024396,0.5289496856024396,,0
2017-07-05,2017-07,112.98,113.58,112.83,113.49,10899.0,98.44,0.3353930769757901,0.6608511763150938,7.3687045606343675,0.6455358836396986,0.6455358836396986,,0
2017-07-06,2017-07,113.21,113.38,112.88,113.34,8590.0,98.43,-0.1322576571574272,0.4411505205576143,7.394568637096596,-0.2538802406684247,0.2538802406684247,,0
2017-07-07,2017-07,113.16,113.83,113.11,113.7,10253.0,97.86,0.3171250015017056,0.633245382585751,7.311203197786662,0.615449585970587,0.615449585970587,,0
2017-07-10,2017-07,113.98,114.3,113.91,114.18,7145.0,97.71,0.42127497796228724,0.34156594850236516,7.308216644273561,0.8301766984340295,0.8301766984340295,,0
2017-07-11,2017-07,114.07,114.47,114.04,114.32,8321.0,97.69,0.12253830854986726,0.37613715885233784,7.290125629802269,0.24639503270930693,0.24639503270930693,,0
2017-07-12,2017-07,113.76,113.96,113.32,113.45,8750.0,98.17,-0.7639322395761187,0.564125165271045,7.998752048192618,-1.559957824475344,1.559957824475344,,0
2017-07-13,2017-07,113.33,113.53,112.86,113.13,7259.0,98.05,-0.2824611287475413,0.592239017060021,7.66598833856425,-0.5634690513898675,0.5634690513898675,,0
2017-07-14,2017-07,113.43,113.57,113.15,113.29,7486.0,98.34,0.14133029470217817,0.37072998499425147,5.7715355684318,0.28446859191899976,0.28446859191899976,,0
2017-07-18,2017-07,112.61,112.65,111.99,112.24,8236.0,98.49,-0.931146709119177,0.5880256593015064,6.812653641449814,-1.8857619025147956,1.8857619025147956,,0
2017-07-19,2017-07,111.99,112.23,111.88,112.15,6229.0,98.66,-0.08021748279881318,0.3120820329915368,6.618859013963821,-0.15724540650995367,0.15724540650995367,,0
2017-07-20,2017-07,111.89,112.32,111.77,112.28,9750.0,98.51,0.11584905274643661,0.48984681154256965,6.357420817396134,0.22706637494909637,0.22706637494909637,,0
2017-07-21,2017-07,111.9,112.08,111.72,111.75,6135.0,99.14,-0.47315180000035717,0.3221476510067109,6.60320271091577,-0.927883611496245,0.927883611496245,,0
2017-07-24,2017-07,110.94,111.18,110.71,110.82,7158.0,99.14,-0.8356970054474715,0.4241111712687358,7.224777760050164,-1.6559716882884825,1.6559716882884825,,0
2017-07-25,2017-07,111.25,111.34,110.83,111.21,9632.0,98.55,0.3513042391546983,0.4585918532506116,7.32192700211246,0.6806926823854333,0.6806926823854333,,0
2017-07-26,2017-07,112.02,112.08,111.79,111.84,8733.0,98.85,0.5648972654749619,0.2592989985693777,7.583525204345025,1.1152514022210036,1.1152514022210036,,0
2017-07-27,2017-07,111.18,111.26,110.79,111.21,9310.0,98.91,-0.5648972654749663,0.4226238647603623,7.651038218840908,-1.103859616135277,1.103859616135277,,0
2017-07-28,2017-07,111.1,111.3,110.87,111.11,8719.0,99.37,-0.0899604234833213,0.38700387003869374,7.530839157959179,-0.17398131443342638,0.17398131443342638,,0
2017-07-31,2017-07,110.5,110.76,110.3,110.63,7573.0,99.5,-0.4329401549097828,0.41580041580042304,7.550839916197302,-0.8437935748511509,0.8437935748511509,,0
2017-08-01,2017-08,110.37,110.42,110.01,110.21,10500.0,99.52,-0.3803663343368976,0.37201705834316,7.12066938995765,-0.7395227345720643,0.7395227345720643,,0
2017-08-02,2017-08,110.44,110.93,110.31,110.8,7440.0,99.09,0.5339137609732919,0.5595667870036143,7.364817115199093,1.03865889972213,1.03865889972213,,0
2017-08-03,2017-08,110.76,110.82,110.56,110.64,6159.0,99.75,-0.14450869566806854,0.23499638467099682,7.180491788859025,-0.2872629489314669,0.2872629489314669,,0
2017-08-04,2017-08,109.89,110.18,109.85,110.09,7921.0,99.32,-0.49834742741909727,0.29975474611682484,7.300519770503285,-0.9929774678331381,0.9929774678331381,,0
2017-08-07,2017-08,110.81,110.85,110.65,110.79,4133.0,99.26,0.63383044502698,0.1805217077353449,7.645107559760894,1.2588905726808912,1.2588905726808912,,0
2017-08-08,2017-08,110.77,110.81,110.53,110.59,5185.0,99.63,-0.18068484453129469,0.25318744913645097,7.363189018440289,-0.3559778010990674,0.3559778010990674,,0
2017-08-09,2017-08,110.11,110.31,109.74,109.83,11386.0,99.84,-0.6895953287014188,0.5189838841846557,7.513061168435947,-1.35805194874327,1.35805194874327,,0
2017-08-10,2017-08,110.04,110.18,109.9,110.01,9143.0,100.56,0.16375549510899498,0.254522316153078,7.308948441823674,0.3183793914106934,0.3183793914106934,,0
2017-08-14,2017-08,109.26,109.77,109.12,109.75,6686.0,100.2,-0.23662187960636435,0.5922551252847302,7.300064793009055,-0.47035819684876856,0.47035819684876856,,0
2017-08-15,2017-08,109.94,110.48,109.62,110.34,8279.0,99.37,0.5361455889004106,0.7794090991480872,7.636984842694552,1.1346945351638935,1.1346945351638935,,0
2017-08-16,2017-08,110.6,110.93,110.55,110.87,5287.0,99.65,0.47918359399755933,0.34274375394607165,7.313388064272209,1.0127969397165193,1.0127969397165193,,0
2017-08-17,2017-08,110.0,110.15,109.67,109.93,10450.0,100.35,-0.8514544193487852,0.43664149913581723,7.83358561177568,-1.7847324984117667,1.7847324984117667,,0
2017-08-18,2017-08,109.33,109.56,108.97,109.06,10416.0,100.55,-0.7945610092856976,0.5409866128736507,8.160674109632513,-1.623858378898957,1.623858378898957,,0
2017-08-21,2017-08,109.33,109.42,108.93,108.94,5008.0,100.62,-0.11009175423871045,0.44978887460987227,8.068570191639827,-0.224106894359016,0.224106894359016,,0
2017-08-22,2017-08,109.02,109.46,108.9,109.36,7566.0,100.14,0.38479204601658,0.5120702267739466,7.806242498595529,0.7832577872852399,0.7832577872852399,,0
2017-08-23,2017-08,109.74,109.83,109.33,109.43,7242.0,100.5,0.06398830146576576,0.4569130951293064,7.667772546134918,0.1305119574951403,0.1305119574951403,,0
2017-08-24,2017-08,108.91,109.36,108.85,109.27,7981.0,100.03,-0.1463191847697724,0.4667337787132837,7.279342139642835,-0.2984026335453904,0.2984026335453904,,0
2017-08-25,2017-08,109.52,109.8,109.5,109.68,7006.0,99.88,0.3745151671404988,0.2735229759299755,7.275165604405591,0.7641851037683894,0.7641851037683894,,0
2017-08-28,2017-08,109.35,109.4,109.03,109.16,5743.0,99.74,-0.47523394139213054,0.33895199706852747,7.41686020146249,-0.9645685248568168,0.9645685248568168,,0
2017-08-29,2017-08,108.74,108.96,108.33,108.51,13573.0,99.34,-0.5972361208021346,0.5805916505391165,7.539955295195389,-1.203850360999143,1.203850360999143,,0
2017-08-30,2017-08,109.78,110.17,109.55,110.02,10834.0,98.95,1.3819832815195614,0.5635339029267448,9.095385926113373,2.7835916385801642,2.7835916385801642,,0
2017-08-31,2017-08,110.47,110.62,110.25,110.49,11248.0,99.11,0.42628516777715797,0.3348719341116884,9.017929529484265,0.826350171185665,0.826350171185665,,0
2017-09-01,2017-09,110.13,110.22,109.95,110.18,8972.0,98.67,-0.28096270805130247,0.2450535487384244,9.057042651813092,-0.5534077217620134,0.5534077217620134,,0
2017-09-04,2017-09,109.82,109.92,109.39,109.48,6933.0,99.05,-0.6373507872092118,0.48410668615272295,9.167016811986048,-1.2558951359986736,1.2558951359986736,,0
2017-09-05,2017-09,109.79,109.83,109.21,109.46,8446.0,99.83,-0.018269845670627474,0.5664169559656538,8.828800026337513,-0.03572928002311092,0.03572928002311092,,0
2017-09-06,2017-09,108.61,108.82,108.51,108.79,8677.0,99.35,-0.6139767282780696,0.2849526610901627,9.038579590460195,-1.2109071688766284,1.2109071688766284,,0
2017-09-07,2017-09,109.15,109.26,108.9,109.0,7296.0,99.55,0.1928463796152461,0.33027522935779763,8.791259058557173,0.3760348173855277,0.3760348173855277,,0
2017-09-08,2017-09,108.26,108.48,107.59,107.75,14993.0,100.17,-1.1534153245286518,0.8259860788863115,9.596857163179557,-2.245945797689953,2.245945797689953,,0
2017-09-11,2017-09,108.25,108.61,108.16,108.43,9055.0,99.05,0.6291074500233551,0.4150142949368282,9.92434996201609,1.1780194697745023,1.1780194697745023,,0
2017-09-12,2017-09,109.4,109.59,109.24,109.55,7669.0,98.34,1.0276262557384852,0.3194888178913816,10.455375653453522,1.9190908004186162,1.9190908004186162,,0
2017-09-13,2017-09,110.23,110.29,109.92,109.95,7106.0,98.33,0.3644650959294614,0.3365165984538468,10.388127244150343,0.7073654969146858,0.7073654969146858,,0
2017-09-14,2017-09,110.51,110.73,110.37,110.41,8505.0,98.45,0.41749924502753427,0.3260574223349329,10.047096139003312,0.806520164424461,0.806520164424461,,0
2017-09-15,2017-09,109.94,110.77,109.55,110.71,10737.0,97.83,0.2713460420329679,1.1019781410893315,9.600932042293294,0.5253851284910827,0.5253851284910827,,0
2017-09-19,2017-09,111.49,111.88,111.38,111.71,7802.0,97.28,0.8992057711381526,0.44758750335690634,10.002784230973365,1.7485041427025305,1.7485041427025305,,0
2017-09-20,2017-09,111.6,111.65,111.34,111.4,5262.0,96.96,-0.2778900089573263,0.2782764811490146,10.051456081551628,-0.5271637613965973,0.5271637613965973,,0
2017-09-21,2017-09,112.55,112.72,112.28,112.55,10843.0,96.64,1.0270239859557568,0.39093736117281,10.582599529144703,1.9470899030879592,1.9470899030879592,,0
2017-09-22,2017-09,112.46,112.55,111.65,112.01,9184.0,97.11,-0.48094143290930236,0.8034996875278916,10.767948125728207,-0.8848276371247429,0.8848276371247429,,0
2017-09-25,2017-09,112.45,112.53,112.09,112.24,6631.0,97.68,0.2051282770557361,0.3920171062009959,10.732373918708372,0.3750403586020105,0.3750403586020105,,0
2017-09-26,2017-09,111.74,111.8,111.5,111.76,6530.0,97.45,-0.4285720845499074,0.26843235504652574,10.69954503782453,-0.7872320710225235,0.7872320710225235,,0
2017-09-27,2017-09,112.39,112.82,112.26,112.69,11094.0,97.23,0.8286971015551443,0.49693850386013677,10.632853047966067,1.5190164148181047,1.5190164148181047,,0
2017-09-28,2017-09,112.89,113.21,112.71,112.83,11054.0,97.64,0.12415751860968635,0.44314455375343437,9.653372893163821,0.2242345117125287,0.2242345117125287,,0
2017-09-29,2017-09,112.49,112.73,112.32,112.46,12458.0,97.37,-0.32846582862991325,0.3645740707807316,9.71366355456127,-0.6001086704611512,0.6001086704611512,,0
2017-10-02,2017-10,112.66,113.06,112.54,112.99,5839.0,97.52,0.47017163570993514,0.4602177183821542,9.700797174169203,0.858349440579159,0.858349440579159,,0
2017-10-03,2017-10,112.77,113.19,112.66,113.1,10017.0,97.33,0.09730639009198626,0.4686118479221938,9.275318358784224,0.17708976356164097,0.17708976356164097,,0
2017-10-04,2017-10,112.85,112.89,112.42,112.52,7370.0,97.28,-0.5141399500418652,0.4177035193743324,9.566059284656465,-0.935838237228646,0.935838237228646,,0
2017-10-05,2017-10,112.82,112.92,112.62,112.7,4377.0,97.39,0.1598437424074542,0.2661934338952947,9.144490739046173,0.28975932233446094,0.28975932233446094,,0
2017-10-06,2017-10,112.79,113.06,112.76,113.0,7087.0,97.6,0.26583976666098774,0.2654867256637143,9.149885129359197,0.48409632278931036,0.48409632278931036,,0
2017-10-10,2017-10,112.68,112.82,112.5,112.56,5329.0,97.27,-0.3901405906206927,0.28429282160624836,8.003716982093822,-0.7092235275766318,0.7092235275766318,,0
2017-10-11,2017-10,112.36,112.58,112.23,112.29,6233.0,97.06,-0.24016022216862895,0.3116929379285727,8.00682510858277,-0.441797197168358,0.441797197168358,,0
2017-10-12,2017-10,112.45,112.52,112.21,112.23,4675.0,97.29,-0.053447355628284385,0.27621847990733517,7.374386598136951,-0.09838075454127167,0.09838075454127167,,0
2017-10-13,2017-10,112.24,112.3,111.86,112.01,6165.0,97.51,-0.19621840045163427,0.39282206945808207,7.397248125811568,-0.36141445963849045,0.36141445963849045,,0
2017-10-16,2017-10,111.88,112.08,111.66,111.73,4291.0,97.38,-0.25029064644016036,0.37590620245234196,7.388278381378932,-0.4722005009902456,0.4722005009902456,,0
2017-10-17,2017-10,112.19,112.3,112.04,112.13,5692.0,97.51,0.3573665913542816,0.23187371800587792,7.427210785010489,0.6731039618605692,0.6731039618605692,,0
2017-10-18,2017-10,112.22,112.53,112.14,112.51,5703.0,96.93,0.33831941101912166,0.34663585459070356,6.833507767165506,0.6350112053120751,0.6350112053120751,,0
2017-10-19,2017-10,113.01,113.14,112.63,112.68,9154.0,97.11,0.15098364251913138,0.45260915867945073,6.741444683518242,0.2843830776998585,0.2843830776998585,,0
2017-10-20,2017-10,112.69,113.35,112.53,113.33,12514.0,96.56,0.5751973736685252,0.7235506926674253,6.032808910368981,1.1074424069657536,1.1074424069657536,,0
2017-10-23,2017-10,114.05,114.1,113.62,113.78,9294.0,96.72,0.3962842577644181,0.4218667604148267,5.839174618459183,0.7583643435102725,0.7583643435102725,,0
2017-10-24,2017-10,113.35,113.71,113.25,113.67,6954.0,96.43,-0.09672456238822276,0.4046802146564562,5.850575723147991,-0.18597961838833937,0.18597961838833937,,0
2017-10-25,2017-10,113.95,113.98,113.75,113.9,8909.0,96.48,0.2021356754517273,0.2019315188762107,5.568861533105605,0.3928721907893219,0.3928721907893219,,0
2017-10-26,2017-10,113.59,113.8,113.35,113.78,8053.0,96.65,-0.10541111306351156,0.39550008788891095,4.880830442001337,-0.2048118859942588,0.2048118859942588,,0
2017-10-27,2017-10,114.13,114.31,113.99,114.11,10266.0,96.89,0.2896136124086921,0.2804311629129852,4.949860454141296,0.5664448005653903,0.5664448005653903,,0
2017-10-30,2017-10,113.72,113.83,113.53,113.72,5825.0,97.19,-0.34236086637892243,0.2638058389025652,4.96441414876188,-0.6724728710795599,0.6724728710795599,,0
2017-10-31,2017-10,113.02,113.29,112.96,113.09,9621.0,96.76,-0.5555324899563412,0.29180298877001726,5.159912660101804,-1.0940215603835697,1.0940215603835697,,0
2017-11-01,2017-11,113.65,113.97,113.61,113.9,7137.0,96.17,0.7136908569900846,0.3160667251975412,5.738509580896767,1.3909085232190015,1.3909085232190015,,0
2017-11-02,2017-11,114.18,114.21,113.73,114.02,8595.0,96.16,0.10530011502992312,0.42097877565338515,5.360786462717379,0.20424795519463726,0.20424795519463726,,0
2017-11-06,2017-11,114.17,114.74,114.06,114.32,9869.0,96.6,0.2627662018176169,0.5948215535339334,5.39695526136451,0.5152199224389667,0.5152199224389667,,0
2017-11-07,2017-11,113.77,114.17,113.71,114.17,7036.0,96.54,-0.13129679333761243,0.40290794429360427,5.391253210683498,-0.25751925363711214,0.25751925363711214,,0
2017-11-08,2017-11,113.75,114.0,113.65,113.83,6964.0,96.57,-0.298245835111055,0.30747606079240475,5.300513991363186,-0.5952462964928409,0.5952462964928409,,0
2017-11-09,2017-11,113.91,114.07,113.45,113.52,10400.0,96.92,-0.2727074485338127,0.5461592670894911,5.325840153886577,-0.542116288930056,0.542116288930056,,0
2017-11-10,2017-11,113.36,113.6,113.27,113.56,7955.0,96.88,0.03522987529832601,0.2905952800281774,5.311289944500202,0.069980991230714,0.069980991230714,,0
2017-11-13,2017-11,113.7,113.71,113.35,113.46,4188.0,96.82,-0.08809797063493602,0.31729243786356376,5.255986304239865,-0.17638433548577986,0.17638433548577986,,0
2017-11-14,2017-11,113.61,113.74,113.59,113.74,6209.0,96.72,0.246478998023257,0.13187972569016307,5.156468542872542,0.49640813239756326,0.49640813239756326,,0
2017-11-15,2017-11,113.42,113.49,112.91,113.0,9972.0,97.12,-0.6527323166313022,0.5132743362831843,5.6796374572837545,-1.3507844653153818,1.3507844653153818,,0
2017-11-16,2017-11,112.76,113.27,112.76,113.25,6844.0,96.88,0.22099456508028917,0.4503311258278065,5.612403693182992,0.4610579396254315,0.4610579396254315,,0
2017-11-17,2017-11,113.05,113.14,112.4,112.58,9848.0,97.65,-0.5933684327262876,0.6573103570794057,6.012177336598452,-1.2381317344017846,1.2381317344017846,,0
2017-11-20,2017-11,112.02,112.2,111.89,112.05,6795.0,97.34,-0.4718879788944569,0.2766622043730498,5.819035073605593,-0.973414607375458,0.973414607375458,,0
2017-11-21,2017-11,112.56,112.7,112.43,112.57,5975.0,97.33,0.46300501197766547,0.23985075952740165,5.8922951838304405,0.9460713751759744,0.9460713751759744,,0
2017-11-22,2017-11,112.34,112.49,112.0,112.06,7020.0,98.03,-0.45408082295740565,0.4372657504908039,6.06121684012145,-0.9233154329575449,0.9233154329575449,,0
2017-11-24,2017-11,111.26,111.56,111.2,111.42,7296.0,97.53,-0.5727597544469047,0.32310177705977333,6.219578592862715,-1.1590967373629808,1.1590967373629808,,0
2017-11-27,2017-11,111.67,111.69,111.32,111.37,7146.0,98.01,-0.044885318766062686,0.3322259136212665,6.2238891804419545,-0.09049286590337903,0.09049286590337903,,0
2017-11-28,2017-11,111.14,111.34,110.94,111.31,8241.0,97.75,-0.05388898998743339,0.3593567514149723,6.050556571883472,-0.11016390980309487,0.11016390980309487,,0
2017-11-29,2017-11,111.63,111.66,111.38,111.46,10216.0,97.35,0.13466806362557024,0.25121119684191745,6.059382781034688,0.29492872563691214,0.29492872563691214,,0
2017-11-30,2017-11,112.01,112.29,111.91,112.29,10233.0,96.8,0.7419028443057014,0.33840947546532163,6.500857248477023,1.635043236486281,1.635043236486281,,0
2017-12-01,2017-12,112.59,112.69,112.32,112.63,10143.0,97.0,0.30232994751577064,0.328509278167455,6.018159831748933,0.6549515012224706,0.6549515012224706,,0
2017-12-04,2017-12,112.89,113.07,112.66,113.0,7616.0,96.93,0.327970865273546,0.36283185840707666,6.1478534445708295,0.7217511492415458,0.7217511492415458,,0
2017-12-05,2017-12,112.5,112.69,112.38,112.63,7988.0,96.84,-0.3279708652735434,0.27523750332948793,6.113223365034001,-0.7196132732225433,0.7196132732225433,,0
2017-12-06,2017-12,112.47,112.62,111.99,112.11,12194.0,97.24,-0.4627577894102943,0.5619480867005705,6.265420010460337,-1.0280625199229827,1.0280625199229827,,0
2017-12-07,2017-12,112.31,112.61,112.23,112.55,6717.0,96.65,0.391703518723903,0.33762772101287913,6.439039340392434,0.8614046160544008,0.8614046160544008,,0
2017-12-08,2017-12,113.21,113.48,113.07,113.47,9628.0,96.31,0.8140917450156856,0.3613289856349791,7.078963997932743,1.8994210472808544,1.8994210472808544,,0
2017-12-11,2017-12,113.57,113.69,113.38,113.44,6960.0,96.21,-0.026442201908068032,0.2732722143864618,7.0780235547436625,-0.06102373753391821,0.06102373753391821,,0
2017-12-12,2017-12,113.55,113.58,113.38,113.47,5916.0,96.36,0.026442201908068428,0.1762580417731584,7.07192431922693,0.06370917179081514,0.06370917179081514,,0
2017-12-13,2017-12,113.54,113.57,113.13,113.44,7995.0,96.89,-0.026442201908068032,0.38787023977432805,7.012090937456848,-0.06400815014759079,0.06400815014759079,,0
2017-12-14,2017-12,112.77,112.8,112.54,112.77,7194.0,97.11,-0.5923716539621058,0.23055777245720574,6.941999013604811,-1.4433094725900706,1.4433094725900706,,0
2017-12-15,2017-12,112.4,112.4,112.12,112.16,8030.0,96.98,-0.5423922957916342,0.24964336661911657,7.1311095025955975,-1.2993177791707298,1.2993177791707298,,0
2017-12-18,2017-12,112.73,112.84,112.53,112.68,4974.0,96.96,0.4625519721892066,0.2751153709620183,7.045261900629366,1.1337344878380031,1.1337344878380031,,0
2017-12-19,2017-12,112.58,112.66,112.52,112.52,4679.0,96.55,-0.1420959386515892,0.12442232492001473,6.843912280594511,-0.3462152089066707,0.3462152089066707,,0
2017-12-20,2017-12,113.01,113.17,112.85,113.14,7859.0,95.87,0.549500629335365,0.28283542513700494,6.924428203217621,1.4127747473739214,1.4127747473739214,,0
2017-12-21,2017-12,113.26,113.6,113.11,113.58,7624.0,95.95,0.3881444534276901,0.4314139813347375,6.7953334279287,0.9949278915975159,0.9949278915975159,,0
2017-12-22,2017-12,113.32,113.44,113.27,113.41,5520.0,95.97,-0.14978636220473993,0.1498985980072319,6.422509352147257,-0.38178623772542114,0.38178623772542114,,0
2017-12-25,2017-12,113.32,113.38,113.09,113.25,989.0,95.86,-0.14118064640956657,0.2560706401765934,6.4580347251935875,-0.3633401430439957,0.3633401430439957,,0
2017-12-26,2017-12,113.31,113.38,113.26,113.29,3909.0,95.91,0.03531385222538857,0.10592285285549505,6.440567447905253,0.0943071876957103,0.0943071876957103,,0
2017-12-27,2017-12,113.21,113.38,113.15,113.19,8076.0,95.77,-0.08830802410685319,0.20319816238182684,6.467787208644114,-0.23601354856723983,0.23601354856723983,,0
2017-12-28,2017-12,113.23,113.28,112.66,112.73,6845.0,95.89,-0.40722435878888286,0.5499866938703136,6.180870162250771,-1.0952926897914514,1.0952926897914514,,0
2017-12-29,2017-12,112.89,112.97,112.64,112.65,6647.0,95.77,-0.07099121781864247,0.2929427430093194,6.095811376837161,-0.19151963792499924,0.19151963792499924,,0
2018-01-04,2018-01,112.62,112.78,112.49,112.58,4833.0,95.32,-0.06215868423729463,0.2575945993959906,5.974258548567468,-0.16775538043532623,0.16775538043532623,,0
2018-01-05,2018-01,112.81,113.15,112.73,113.15,7024.0,95.04,0.5050292043665918,0.3711886875828561,6.131817972825783,1.38521269929484,1.38521269929484,,0
2018-01-09,2018-01,113.15,113.18,112.5,112.75,7762.0,95.89,-0.35413936967586634,0.6031042128603165,6.028944171073287,-0.9575923075944,0.9575923075944,,0
2018-01-10,2018-01,112.78,112.78,111.76,111.94,11643.0,96.77,-0.7209964919574225,0.9112024298731428,6.4208158048706165,-1.9427750547024276,1.9427750547024276,,0
2018-01-11,2018-01,111.45,111.87,111.32,111.79,8292.0,96.64,-0.13409021809790278,0.49199391716612517,5.603177522648656,-0.3534983105935548,0.3534983105935548,,0
2018-01-12,2018-01,111.29,111.4,111.07,111.37,10713.0,96.28,-0.37641198772255907,0.29630959863519124,5.700169441715532,-0.9945488290708515,0.9945488290708515,,0
2018-01-15,2018-01,111.15,111.18,110.58,110.82,7200.0,96.53,-0.49507279658053666,0.5414185165132724,5.854846477177237,-1.2979534411004467,1.2979534411004467,,0
2018-01-16,2018-01,110.62,110.98,110.47,110.72,9475.0,96.69,-0.09027715698441492,0.46062138728324165,5.845961966041509,-0.23400741227491273,0.23400741227491273,,0
2018-01-17,2018-01,110.39,110.93,110.2,110.77,9853.0,96.02,0.04514876594819245,0.6590232012277729,5.597392483779474,0.11735952355949282,0.11735952355949282,,0
2018-01-18,2018-01,111.35,111.48,111.1,111.24,9241.0,96.0,0.4234049836922554,0.3416037396620008,5.610725870101887,1.10931790048355,1.10931790048355,,0
2018-01-19,2018-01,111.04,111.13,110.67,110.7,10508.0,96.17,-0.4866189651172788,0.4155374887082147,5.490800348047515,-1.2699133282853035,1.2699133282853035,,0
2018-01-22,2018-01,110.7,110.92,110.51,110.79,8000.0,95.97,0.08126778179902579,0.37006950085747503,5.519129934099668,0.2098755510496444,0.2098755510496444,,0
2018-01-23,2018-01,110.98,111.18,110.55,110.98,10559.0,96.48,0.17134873651737256,0.5676698504235084,5.096413420127715,0.45173319341248064,0.45173319341248064,,0
2018-01-24,2018-01,110.13,110.33,109.81,109.96,11200.0,96.87,-0.9233341600710299,0.47289923608584583,5.5487978921238215,-2.4553573355553953,2.4553573355553953,,0
2018-01-25,2018-01,109.32,109.48,108.74,109.03,15141.0,96.52,-0.8493589578754518,0.6787122810235798,6.060513818312272,-2.161929939076902,2.161929939076902,,0
2018-01-26,2018-01,109.68,109.77,108.92,109.04,13501.0,97.11,0.009171366998676055,0.779530447542181,6.102213871783003,0.02267484468746154,0.02267484468746154,,0
2018-01-29,2018-01,108.61,109.05,108.51,108.94,7717.0,97.06,-0.09175154327488255,0.49568569854965305,6.056647869366376,-0.2267781418031279,0.2267781418031279,,0
2018-01-30,2018-01,108.95,109.2,108.61,108.76,11143.0,97.18,-0.16536521912584187,0.5424788525193117,6.044679202056858,-0.4115473319534096,0.4115473319534096,,0
2018-01-31,2018-01,108.76,109.09,108.6,108.7,10597.0,96.55,-0.05518256371062372,0.4507819687212595,6.013404243384208,-0.1377904560579508,0.1377904560579508,,0
2018-02-01,2018-02,109.19,109.63,109.09,109.59,8374.0,96.28,0.8154335348137051,0.4927456884752186,6.976541062343597,2.0619361243651415,2.0619361243651415,,0
2018-02-02,2018-02,109.41,109.83,109.29,109.78,9762.0,95.98,0.17322336464423974,0.4918928766624085,7.05987792774683,0.4340661411630953,0.4340661411630953,,0
2018-02-05,2018-02,110.03,110.29,109.79,109.91,7089.0,97.12,0.11834859590658424,0.4549176599035575,6.727108178568325,0.29612578295915576,0.29612578295915576,,0
2018-02-06,2018-02,109.07,109.3,108.46,109.03,15685.0,96.49,-0.8038775362518581,0.7704301568375708,7.091854074256125,-2.0193252707539955,2.0193252707539955,,0
2018-02-07,2018-02,109.63,109.72,108.97,109.04,8017.0,96.97,0.009171366998676055,0.6878209831254585,6.804143465102591,0.022408186842533775,0.022408186842533775,,0
2018-02-08,2018-02,109.15,109.78,109.12,109.54,8613.0,97.99,0.45749919672980566,0.602519627533318,7.117680921500194,1.1202501810475058,1.1202501810475058,,0
2018-02-09,2018-02,108.56,109.18,108.5,109.16,10967.0,97.59,-0.3475083515437642,0.6229388054232382,7.1036085900127794,-0.8411199369750512,0.8411199369750512,,0
2018-02-13,2018-02,108.71,108.78,107.67,107.76,11602.0,98.54,-1.2908163738029061,1.0300668151447656,8.17155789234045,-3.113292337812924,3.113292337812924,,1
2018-02-14,2018-02,107.77,107.91,106.84,107.41,12844.0,98.91,-0.3253244492153001,0.9961828507587684,8.19514684452223,-0.7331131544072694,0.7331131544072694,,0
2018-02-15,2018-02,106.55,107.0,106.18,106.37,13204.0,99.54,-0.9729705346382085,0.7708940490739805,8.65467366947633,-2.198123874735718,2.198123874735718,,0
2018-02-16,2018-02,106.1,106.34,105.55,106.02,15210.0,99.65,-0.3295826703913547,0.7451424259573725,8.339208662882095,-0.7302700052031982,0.7302700052031982,,0
2018-02-19,2018-02,106.28,106.64,106.1,106.57,5912.0,99.33,0.5174290673204655,0.506709205217234,8.699686004534323,1.149180904185487,1.149180904185487,,0
2018-02-20,2018-02,106.72,107.01,106.58,106.98,13302.0,98.87,0.3839854870239451,0.40194428865209086,8.889225322689478,0.8478856443929845,0.8478856443929845,,0
2018-02-21,2018-02,107.39,107.9,107.28,107.78,11027.0,98.66,0.7450211402246675,0.5752458712191543,9.403994371063447,1.6404199436126663,1.6404199436126663,,0
2018-02-22,2018-02,107.58,107.77,107.16,107.47,11232.0,99.51,-0.2880373652288741,0.567600260537824,8.968036211672912,-0.6244657378280031,0.6244657378280031,,0
2018-02-23,2018-02,106.85,107.14,106.66,107.03,9056.0,99.3,-0.4102569856777689,0.4484723909184378,8.619507765586146,-0.8929885951927113,0.8929885951927113,,0
2018-02-26,2018-02,107.08,107.15,106.38,106.55,9951.0,99.06,-0.449481045165817,0.7226654152979918,8.701072324283471,-0.9838135410832343,0.9838135410832343,,0
2018-02-27,2018-02,107.07,107.1,106.78,107.02,6083.0,99.02,0.44013743385324405,0.299009530928792,8.922352395250071,0.9578147022239057,0.9578147022239057,,0
2018-02-28,2018-02,107.44,107.52,107.01,107.08,11656.0,99.84,0.056048576899332084,0.4762794172581163,8.931798147726774,0.1207200511564726,0.1207200511564726,,0
2018-03-01,2018-03,106.64,106.87,106.55,106.81,11427.0,100.28,-0.25246635505476195,0.29959741597229417,8.95258990013121,-0.5443176174287863,0.5443176174287863,,0
2018-03-02,2018-03,106.17,106.29,105.71,105.74,12604.0,100.58,-1.0068304294300006,0.5485152260261137,8.850611510509639,-2.22724862315633,2.22724862315633,,0
2018-03-05,2018-03,105.56,105.68,105.35,105.4,10967.0,100.1,-0.32206147000420604,0.31309297912714656,8.763509128933517,-0.693290585891984,0.693290585891984,,0
2018-03-06,2018-03,106.26,106.47,106.07,106.15,13225.0,99.74,0.7090552042003119,0.3768252472915739,9.286550980236033,1.5352873725532477,1.5352873725532477,,0
2018-03-07,2018-03,105.58,106.17,105.45,105.72,14505.0,99.91,-0.4059098413176739,0.681044267877411,9.032534357306334,-0.8580841662515232,0.8580841662515232,,0
2018-03-08,2018-03,106.19,106.21,105.9,105.95,8828.0,100.09,0.21731949782195686,0.29259084473807273,9.112316669181855,0.4600746795372509,0.4600746795372509,,0
2018-03-09,2018-03,106.42,106.94,106.17,106.7,11931.0,99.39,0.7053873593399582,0.7216494845360787,9.368139333308653,1.501387401975225,1.501387401975225,,0
2018-03-12,2018-03,106.89,106.97,106.36,106.58,7049.0,99.68,-0.11252814390714887,0.572340026271345,9.333293093589289,-0.24125224730145683,0.24125224730145683,,0
2018-03-13,2018-03,106.31,106.99,106.25,106.98,13351.0,99.41,0.37460242344678685,0.691718078145443,8.385486554902553,0.8033025590801224,0.8033025590801224,,0
2018-03-14,2018-03,106.53,106.75,106.38,106.61,8527.0,99.62,-0.3464585140720322,0.34705937529312875,8.395476712338604,-0.7369438732924649,0.7369438732924649,,0
2018-03-15,2018-03,106.17,106.36,105.79,106.09,9832.0,99.81,-0.488952549120359,0.5372796682062335,7.837322588136586,-1.037861127285832,1.037861127285832,,0
2018-03-16,2018-03,106.32,106.37,105.65,105.66,9493.0,100.24,-0.40613987350104813,0.6814310051107315,7.8828941715363445,-0.8650789954735735,0.8650789954735735,,0
2018-03-19,2018-03,105.96,106.15,105.68,105.91,7105.0,100.13,0.23632851194081034,0.44377301482390596,7.6909418749453256,0.5053625642001931,0.5053625642001931,,0
2018-03-20,2018-03,106.02,106.6,105.93,106.45,11397.0,99.86,0.5085714483910636,0.6294034758102277,7.7921634358809495,1.0962236713407705,1.0962236713407705,,0
2018-03-22,2018-03,105.93,106.05,105.58,105.69,10415.0,101.0,-0.7165110318232557,0.44469675465985326,7.601701478988739,-1.5226620060064118,1.5226620060064118,,0
2018-03-23,2018-03,104.97,105.31,104.64,105.02,15957.0,101.33,-0.635947281154272,0.6379737192915651,7.814450399934163,-1.354012688893406,1.354012688893406,,0
2018-03-26,2018-03,104.84,105.15,104.71,105.07,8358.0,100.25,0.04759864909705624,0.418768440087572,7.754014032255102,0.10132890272295865,0.10132890272295865,,0
2018-03-27,2018-03,105.54,105.75,105.43,105.5,7786.0,100.4,0.4084158215437342,0.3033175355450172,7.827669068254132,0.8684188321529063,0.8684188321529063,,0
2018-03-28,2018-03,105.48,105.73,105.36,105.47,8161.0,99.16,-0.028440062759831665,0.3508106570588836,7.612666703751547,-0.059829924739404745,0.059829924739404745,,0
2018-03-29,2018-03,106.82,106.93,106.38,106.58,13175.0,99.48,1.046932458011333,0.5160442859823713,8.585718985379255,2.203739898542711,2.203739898542711,,0
2018-03-30,2018-03,106.49,106.53,106.12,106.19,5371.0,99.56,-0.36659344528819743,0.3861003861003829,8.63551672600212,-0.7356023677746805,0.7356023677746805,,0
2018-04-02,2018-04,106.32,106.41,106.19,106.29,4558.0,99.89,0.09412651297361867,0.2069809013077419,7.82885425786493,0.1890236879784386,0.1890236879784386,,0
2018-04-03,2018-04,105.8,106.09,105.7,106.05,8152.0,99.3,-0.22605265347989717,0.3677510608203683,7.779513235628646,-0.45339459721993886,0.45339459721993886,,0
2018-04-04,2018-04,106.45,106.68,106.15,106.21,7434.0,99.23,0.15075853227567462,0.49901139252424553,7.375814746399638,0.30222199573163083,0.30222199573163083,,0
2018-04-05,2018-04,106.79,107.15,106.72,107.06,9531.0,98.8,0.7971158631787114,0.40164393797870984,7.719764413590589,1.6148196916176762,1.6148196916176762,,0
2018-04-06,2018-04,107.1,107.46,106.99,107.41,9703.0,99.24,0.32638626447203734,0.4375756447258159,7.7582976203027245,0.6450117403590692,0.6450117403590692,,0
2018-04-09,2018-04,106.96,107.13,106.81,107.1,5933.0,99.34,-0.28903101562525285,0.298786181139116,7.473225124323142,-0.5759906490714143,0.5759906490714143,,0
2018-04-10,2018-04,106.75,107.24,106.62,106.91,6623.0,98.73,-0.17756184282945603,0.5799270414367135,7.49191443597943,-0.3533304155575835,0.3533304155575835,,0
2018-04-11,2018-04,107.14,107.22,106.97,107.01,5637.0,99.02,0.09349290135014078,0.23362302588543124,7.378779960192553,0.18655819544216257,0.18655819544216257,,0
2018-04-12,2018-04,106.83,106.97,106.7,106.91,5966.0,98.75,-0.09349290135013984,0.2525488728837303,7.274507460062534,-0.18758609847090407,0.18758609847090407,,0
2018-04-13,2018-04,107.26,107.68,107.21,107.65,9388.0,98.65,0.6897864784963575,0.43660009289364893,7.39577794813238,1.3839917243642488,1.3839917243642488,,0
2018-04-16,2018-04,107.52,107.61,107.13,107.21,6804.0,98.85,-0.4095695942223738,0.44771942915773155,7.398734325682703,-0.8069744612894213,0.8069744612894213,,0
2018-04-17,2018-04,107.07,107.16,106.89,107.0,4364.0,98.93,-0.1960693406242192,0.2523364485981271,7.431122780607521,-0.3876234574969282,0.3876234574969282,,0
2018-04-18,2018-04,107.03,107.39,107.01,107.31,6831.0,98.62,0.28930074771298137,0.3541142484390974,7.291576605922831,0.5750720695366015,0.5750720695366015,,0
2018-04-19,2018-04,107.36,107.52,107.19,107.29,5755.0,98.69,-0.01863932903811807,0.30757759343834307,6.730141007479581,-0.03692788116739494,0.03692788116739494,,0
2018-04-20,2018-04,107.45,107.73,107.38,107.56,8196.0,98.72,0.2513382752009073,0.32539977686873234,6.203092609491537,0.4987739128355267,0.4987739128355267,,0
2018-04-23,2018-04,107.88,107.93,107.67,107.91,6102.0,98.23,0.3248714974978273,0.24094152534519983,6.238452144667379,0.659846537801301,0.659846537801301,,0
2018-04-24,2018-04,108.78,108.91,108.67,108.89,8131.0,97.97,0.904065198232735,0.22040591422536035,6.755009515867837,1.8727756393600108,1.8727756393600108,,0
2018-04-25,2018-04,108.81,109.27,108.79,109.26,9412.0,97.74,0.33921646096019364,0.4393190554640214,6.746385201495883,0.6822834214168098,0.6822834214168098,,0
2018-04-26,2018-04,109.38,109.48,109.22,109.33,6567.0,97.97,0.06404684788218375,0.237812128418554,5.915438458773068,0.12835713494380852,0.12835713494380852,,0
2018-04-27,2018-04,109.31,109.49,109.15,109.4,8455.0,98.0,0.06400585414875158,0.31078610603289686,5.629071015058706,0.12839024377777553,0.12839024377777553,,0
2018-05-01,2018-05,109.32,109.48,109.25,109.48,3935.0,97.71,0.07309941845975212,0.21008403361344902,5.632278860696012,0.14663746219180446,0.14663746219180446,,0
2018-05-02,2018-05,109.87,109.92,109.65,109.79,5252.0,98.06,0.28275660741626485,0.2459240367975189,5.471562073117988,0.5802767499142109,0.5802767499142109,,0
2018-05-07,2018-05,109.14,109.33,108.76,109.2,4638.0,98.84,-0.5388386935836427,0.5219780219780157,6.0284389991120575,-1.1038391921251012,1.1038391921251012,,0
2018-05-08,2018-05,108.95,109.14,108.86,108.93,4230.0,98.98,-0.247558921645055,0.25704580923528975,5.643631794205488,-0.5023482526115948,0.5023482526115948,,0
2018-05-09,2018-05,109.03,109.79,109.01,109.72,8027.0,98.48,0.7226191975048255,0.7109004739336503,6.029037378960867,1.4968494529873726,1.4968494529873726,,0
2018-05-10,2018-05,109.85,110.02,109.64,109.94,7646.0,98.38,0.20030963631117304,0.34564307804256456,5.850954298857966,0.4073559615245693,0.4073559615245693,,0
2018-05-11,2018-05,109.46,109.57,109.19,109.34,5786.0,98.34,-0.5472468965661034,0.34753978415949827,6.243409558138025,-1.1193888065219293,1.1193888065219293,,0
2018-05-14,2018-05,109.32,109.56,109.21,109.51,5291.0,98.18,0.15535758208145672,0.3196055154780463,6.244789855427773,0.3157682878685564,0.3157682878685564,,0
2018-05-15,2018-05,109.74,110.02,109.67,109.89,7190.0,98.02,0.34639961711649053,0.3185003185003133,6.244778773656592,0.7496745832741358,0.7496745832741358,,0
2018-05-16,2018-05,110.29,110.38,110.08,110.17,5680.0,97.92,0.25447618931407856,0.2723064355087566,5.916681206907526,0.5513793715472702,0.5513793715472702,,0
2018-05-17,2018-05,110.38,110.63,110.08,110.55,9037.0,97.69,0.34432799514816875,0.49751243781094273,5.627088475498164,0.777657568413651,0.777657568413651,,0
2018-05-18,2018-05,110.86,111.0,110.77,110.9,7858.0,97.85,0.31609870528661455,0.20739404869251934,5.497413144890196,0.7162742778159168,0.7162742778159168,,0
2018-05-21,2018-05,110.9,111.39,110.83,111.36,7764.0,97.53,0.41393022297880655,0.5028735632183928,5.548144718965128,0.9437427054311311,0.9437427054311311,,0
2018-05-22,2018-05,111.0,111.18,110.84,111.08,6306.0,97.53,-0.2517534147510697,0.30608570399712226,5.7207770796229775,-0.573484114644003,0.573484114644003,,0
2018-05-23,2018-05,110.74,110.88,109.93,110.0,9282.0,98.53,-0.9770296646182598,0.8636363636363532,7.014660860662923,-2.2632612153440226,2.2632612153440226,,0
2018-05-24,2018-05,109.89,110.04,109.34,109.62,10177.0,99.19,-0.3460526174445802,0.638569604086848,7.147833358606148,-0.7696326394384958,0.7696326394384958,,0
2018-05-25,2018-05,109.32,109.74,109.13,109.37,8286.0,99.19,-0.2283210270835904,0.5577397823900516,6.5156331887034025,-0.5089385508944295,0.5089385508944295,,0
2018-05-28,2018-05,109.62,109.8,109.32,109.46,4201.0,99.25,0.08225563686375771,0.4385163530056678,6.412734801405192,0.18466545173931065,0.18466545173931065,,0
2018-05-29,2018-05,109.4,109.47,108.71,108.75,10315.0,100.24,-0.6507515746978592,0.6988505747126483,6.820554383663426,-1.4709052334498005,1.4709052334498005,,0
2018-05-30,2018-05,108.41,108.88,108.36,108.73,8644.0,99.74,-0.018392495913537362,0.47824887335601585,6.812303528553468,-0.04076014229610179,0.04076014229610179,,0
2018-05-31,2018-05,108.74,108.89,108.55,108.77,8737.0,99.81,0.036781609610071216,0.31258619104532814,6.806179939101714,0.08177318904587753,0.08177318904587753,,0
2018-06-01,2018-06,108.78,109.25,108.73,109.2,8981.0,99.14,0.3945502205045791,0.4761904761904725,6.88596662828649,0.9202910242528006,0.9202910242528006,,0
2018-06-04,2018-06,109.61,109.77,109.49,109.58,5015.0,98.76,0.3473812799464988,0.2555210804891414,6.7289413555848405,0.8111709702430634,0.8111709702430634,,0
2018-06-05,2018-06,109.97,110.01,109.73,109.83,6499.0,98.79,0.22788396899849425,0.25493945188017947,6.692206331117219,0.54073563793675,0.54073563793675,,0
2018-06-06,2018-06,109.89,110.13,109.8,110.07,5191.0,98.18,0.21828112350458848,0.29980921231943153,6.234865873462237,0.522626532170755,0.522626532170755,,0
2018-06-07,2018-06,110.14,110.22,109.85,109.9,5564.0,98.73,-0.15456656257246076,0.3366696997270287,6.222912348284298,-0.370070582694756,0.370070582694756,,0
2018-06-08,2018-06,109.72,109.85,109.35,109.42,6155.0,99.01,-0.4377172773895829,0.45695485286053733,6.106644154185812,-1.0677222944249738,1.0677222944249738,,0
2018-06-11,2018-06,109.48,110.06,109.38,109.97,7426.0,98.53,0.5013912687163138,0.6183504592161561,6.339737995388021,1.2103407453956716,1.2103407453956716,,0
2018-06-12,2018-06,110.39,110.49,110.04,110.32,8218.0,98.42,0.3177632162203123,0.4079042784626438,6.321028359332638,0.7633207232080061,0.7633207232080061,,0
2018-06-13,2018-06,110.45,110.69,110.37,110.64,7146.0,98.37,0.2896453871456438,0.289226319595077,6.339571794158533,0.6987715043944036,0.6987715043944036,,0
2018-06-14,2018-06,110.24,110.35,109.92,109.93,7916.0,98.6,-0.6437887765730288,0.39115800964249303,6.635147990399235,-1.572981601089369,1.572981601089369,,0
2018-06-15,2018-06,110.64,110.9,110.46,110.52,6471.0,98.89,0.5352700464443246,0.39811798769454576,6.828738396444908,1.2895772517191946,1.2895772517191946,,0
2018-06-18,2018-06,110.64,110.67,110.3,110.48,3708.0,99.01,-0.03619909541789977,0.3349022447501851,6.636058809035096,-0.08640863032619538,0.08640863032619538,,0
2018-06-19,2018-06,110.15,110.58,109.56,109.75,9187.0,99.82,-0.6629457145755997,0.9293849658314315,6.962827910725353,-1.5967988046257073,1.5967988046257073,,0
2018-06-20,2018-06,110.09,110.25,109.86,110.22,6916.0,99.51,0.4273316499808509,0.3538377789874801,6.259225049896462,1.0333907834791385,1.0333907834791385,,0
2018-06-21,2018-06,110.38,110.76,110.33,110.54,7650.0,99.93,0.28990779500277264,0.38899945721006585,6.1860799965646605,0.714443324083535,0.714443324083535,,0
2018-06-22,2018-06,109.96,110.18,109.88,110.16,4761.0,99.88,-0.34435919847175783,0.2723311546841062,6.266470794618807,-0.8468138850690078,0.8468138850690078,,0
2018-06-25,2018-06,109.94,109.95,109.38,109.47,7389.0,100.22,-0.6283315303933455,0.5206906001644354,6.690192831816401,-1.5396421495884118,1.5396421495884118,,0
2018-06-26,2018-06,109.65,109.74,109.37,109.64,7364.0,100.3,0.1551732318119124,0.33746807734402623,6.2466706324475085,0.37137176373825737,0.37137176373825737,,0
2018-06-27,2018-06,110.13,110.2,109.69,109.73,7141.0,100.51,0.08205315681227539,0.4647771803517772,6.244231667538926,0.2063813694928183,0.2063813694928183,,0
2018-06-28,2018-06,110.22,110.41,109.97,110.35,6071.0,100.37,0.5634329700037553,0.39873130946986657,6.508420943632985,1.4305121303756891,1.4305121303756891,,0
2018-06-29,2018-06,110.5,110.8,110.38,110.64,10397.0,99.85,0.26245546537575015,0.37960954446854817,6.438133811808652,0.6573089664319242,0.6573089664319242,,0
2018-07-02,2018-07,110.74,111.07,110.62,110.74,5985.0,100.14,0.0903424038318408,0.40635723315873995,6.352960561639365,0.22682908572437674,0.22682908572437674,,0
2018-07-03,2018-07,110.89,111.14,110.75,110.99,6785.0,100.14,0.22549957690670452,0.3513830074781517,6.352093844539761,0.5663622173951265,0.5663622173951265,,0
2018-07-04,2018-07,110.41,110.58,110.27,110.48,5104.0,100.2,-0.4605598062851378,0.2805937726285321,6.570450623037521,-1.189652491903961,1.189652491903961,,0
2018-07-05,2018-07,110.51,110.7,110.29,110.66,5298.0,100.01,0.16279283689270468,0.37050424724380676,6.556078035612872,0.41606103632117497,0.41606103632117497,,0
2018-07-06,2018-07,110.56,110.79,110.53,110.58,5277.0,100.04,-0.0723196560176776,0.23512389220474325,6.331494587271022,-0.1858941285175544,0.1858941285175544,,0
2018-07-09,2018-07,110.45,110.53,110.36,110.41,3163.0,99.62,-0.15385314587413346,0.15397156054705344,6.139971866747865,-0.39631509718065383,0.39631509718065383,,0
2018-07-10,2018-07,110.96,111.2,110.84,111.08,6560.0,99.41,0.6049952987553198,0.3240907454087139,6.4037306177586375,1.554781323923141,1.554781323923141,,0
2018-07-11,2018-07,110.86,111.14,110.77,111.01,7159.0,99.13,-0.06303750940429644,0.3333033060084718,6.339276064927091,-0.15955172701346537,0.15955172701346537,,0
2018-07-12,2018-07,111.98,112.42,111.93,112.34,8791.0,98.47,1.1909699759730938,0.43617589460565687,7.103313014523057,3.0795154006038703,3.0795154006038703,,1
2018-07-13,2018-07,112.67,112.8,112.54,112.79,8137.0,98.8,0.39976955475388154,0.23051688979518653,7.011005384070926,0.9774867833254428,0.9774867833254428,,0
2018-07-17,2018-07,112.38,112.57,112.23,112.35,4297.0,98.42,-0.39086840204873385,0.30262572318646125,7.213605482927512,-0.9546287602108007,0.9546287602108007,,0
2018-07-18,2018-07,113.02,113.14,112.88,113.06,7959.0,98.61,0.6299652615806716,0.22996638952768894,6.890848078392234,1.5247056047421834,1.5247056047421834,,0
2018-07-19,2018-07,112.81,113.03,112.65,112.97,5574.0,99.35,-0.07963545083073663,0.33637248827121846,6.853712806535747,-0.1900230448791489,0.1900230448791489,,0
2018-07-20,2018-07,112.37,112.62,112.2,112.45,8652.0,99.98,-0.46136183335127207,0.3734993330369068,7.1248203313021286,-1.1009296948567118,1.1009296948567118,,0
2018-07-23,2018-07,111.06,111.5,110.75,110.97,7508.0,100.29,-1.3248783892852465,0.6758583400919167,8.605895716386202,-3.127636282485674,3.127636282485674,,1
2018-07-24,2018-07,111.47,111.51,111.06,111.21,4795.0,100.31,0.21604113182782272,0.404639870515244,8.255357406184318,0.48414393811494244,0.48414393811494244,,0
2018-07-25,2018-07,111.28,111.38,111.15,111.26,5932.0,100.14,0.044949881639676274,0.20672299119179377,8.251111858607926,0.10099380974712298,0.10099380974712298,,0
2018-07-26,2018-07,110.86,110.96,110.58,110.7,5955.0,100.3,-0.5045964932555987,0.34327009936765623,8.501859083936534,-1.1337787052454116,1.1337787052454116,,0
2018-07-27,2018-07,111.17,111.24,110.93,111.03,4980.0,100.46,0.2976595351583132,0.2792038187877043,8.337245029770076,0.6609877178454512,0.6609877178454512,,0
2018-07-30,2018-07,110.95,111.16,110.89,111.03,5021.0,100.34,0.0,0.24317751958929662,8.292419291332765,0.0,0.0,,0
2018-07-31,2018-07,111.0,111.46,110.75,111.4,11115.0,99.59,0.3326892427009456,0.6373429084380554,8.364921432953519,0.7386042465669309,0.7386042465669309,,0
2018-08-01,2018-08,111.83,112.15,111.71,112.12,9539.0,99.88,0.6442398803403915,0.3924366749910916,8.62299168470186,1.4439102546644753,1.4439102546644753,,0
2018-08-02,2018-08,111.64,111.73,111.52,111.61,5289.0,100.3,-0.45590746289640605,0.1881551832273165,8.619348605651654,-1.009791147145365,1.009791147145365,,0
2018-08-03,2018-08,111.71,111.89,111.62,111.87,5010.0,100.55,0.23268311912155454,0.24135156878519354,8.634940325755267,0.5202401744872704,0.5202401744872704,,0
2018-08-06,2018-08,111.23,111.37,111.17,111.27,4695.0,100.63,-0.5377802689230047,0.17974296755639693,8.880108423287734,-1.2017671249709598,1.2017671249709598,,0
2018-08-07,2018-08,111.34,111.39,111.24,111.36,4284.0,100.37,0.08085164165005007,0.13469827586207406,8.85431581939969,0.1807604006876912,0.1807604006876912,,0
2018-08-08,2018-08,111.35,111.44,110.84,110.95,6012.0,100.78,-0.36885472075065767,0.5407841369986429,8.70784222295852,-0.8251168478213096,0.8251168478213096,,0
2018-08-09,2018-08,110.9,111.08,110.71,111.05,6539.0,100.9,0.09009009618334544,0.3331832507879375,8.711468978869627,0.20112430516133495,0.20112430516133495,,0
2018-08-10,2018-08,111.1,111.16,110.61,110.67,6329.0,101.68,-0.34277500637424624,0.4969729827414811,7.559678846855286,-0.7669190255100191,0.7669190255100191,,0
2018-08-13,2018-08,110.64,110.75,110.11,110.19,9828.0,102.18,-0.4346651777008341,0.5808149559851172,7.444167977617331,-0.9721296548377527,0.9721296548377527,,0
2018-08-14,2018-08,110.64,111.15,110.59,111.11,5912.0,101.69,0.8314553096231785,0.5040050400504026,8.083837279013022,1.8530952912373535,1.8530952912373535,,0
2018-08-15,2018-08,111.26,111.43,111.18,111.34,5156.0,102.41,0.20678811594444896,0.2245374528471349,7.740177042949316,0.4509981697134435,0.4509981697134435,,0
2018-08-16,2018-08,110.59,110.93,110.46,110.78,7988.0,101.87,-0.5042330150403882,0.4242643076367693,7.887682100096597,-1.1006340679130624,1.1006340679130624,,0
2018-08-17,2018-08,111.01,111.04,110.7,110.71,6209.0,102.03,-0.06320827335824675,0.3071086622708007,7.7700728178683525,-0.1420905799111889,0.1420905799111889,,0
2018-08-20,2018-08,110.49,110.68,110.42,110.62,4573.0,102.25,-0.08132653048433958,0.2350388718134199,6.2231377756017965,-0.18379662592881318,0.18379662592881318,,0
2018-08-21,2018-08,109.96,110.18,109.78,110.17,7482.0,101.77,-0.40762772145583975,0.3630752473450174,6.308166419386131,-0.9232612859470675,0.9232612859470675,,0
2018-08-22,2018-08,110.12,110.5,110.03,110.42,6019.0,101.46,0.22666495039249257,0.4256475276218066,6.375902738636821,0.509548463019054,0.509548463019054,,0
2018-08-23,2018-08,110.59,110.93,110.53,110.8,6892.0,101.26,0.343549745728477,0.3610108303249149,6.262266136383323,0.7860226237757664,0.7860226237757664,,0
2018-08-24,2018-08,111.37,111.49,111.3,111.4,6997.0,100.65,0.5400553180000289,0.17055655296229597,6.468475993469842,1.2303270819626,1.2303270819626,,0
2018-08-27,2018-08,111.29,111.35,110.94,111.16,4775.0,100.69,-0.21567226188807265,0.3688377114069779,6.520922502811779,-0.4859257273316169,0.4859257273316169,,0
2018-08-28,2018-08,111.13,111.35,111.04,111.15,6091.0,100.58,-0.0089964464097315,0.2789023841655313,6.405553542554925,-0.020328136289975155,0.020328136289975155,,0
2018-08-29,2018-08,111.15,111.31,111.13,111.19,5416.0,100.25,0.035980930495212754,0.16188506160626567,5.925949281276685,0.08166127410252652,0.08166127410252652,,0
2018-08-30,2018-08,111.69,111.75,111.52,111.62,4909.0,101.2,0.38597956451296683,0.20605626231858445,5.898820149126669,0.8776242776800977,0.8776242776800977,,0
2018-08-31,2018-08,111.02,111.14,110.7,110.81,9340.0,101.17,-0.7283222412053412,0.3970760761664089,6.364939196393967,-1.6492514207911086,1.6492514207911086,,0
2018-09-03,2018-09,111.14,111.19,110.85,110.97,2797.0,101.19,0.14428715642381373,0.3063891141750053,6.124174367141739,0.3194856979626704,0.3194856979626704,,0
2018-09-04,2018-09,111.09,111.46,110.9,111.46,5408.0,101.11,0.44058876289178606,0.5024223936838221,6.327434556960402,0.9834615819776672,0.9834615819776672,,0
2018-09-05,2018-09,111.47,111.71,111.4,111.46,4624.0,100.88,0.0,0.2781266822178253,6.172340587887006,0.0,0.0,,0
2018-09-06,2018-09,111.46,111.51,111.17,111.32,5178.0,101.6,-0.12568454837003223,0.3054257994969488,6.188701563960147,-0.28225526831748865,0.28225526831748865,,0
2018-09-07,2018-09,110.5,110.77,110.39,110.75,7264.0,101.61,-0.513352773244499,0.34311512415349477,6.346067637938606,-1.1556646985399317,1.1556646985399317,,0
2018-09-10,2018-09,110.93,111.07,110.85,110.99,4790.0,101.49,0.21646982386431074,0.19821605550049454,6.168034320631208,0.49057190681722807,0.49057190681722807,,0
2018-09-11,2018-09,111.15,111.57,111.08,111.54,5272.0,101.0,0.4943163797519509,0.439304285458127,5.68898196321064,1.1317969428319512,1.1317969428319512,,0
2018-09-12,2018-09,111.62,111.65,111.46,111.49,4830.0,101.12,-0.044837018192761965,0.17041887164769212,5.648977652147424,-0.101622842804094,0.101622842804094,,0
2018-09-13,2018-09,111.22,111.51,111.18,111.48,5693.0,100.28,-0.008969816573251861,0.2960172228202353,5.318716568518039,-0.020753131328160774,0.020753131328160774,,0
2018-09-14,2018-09,112.04,112.08,111.79,111.83,6762.0,100.47,0.31346584263495386,0.2593221854600662,5.397242369714199,0.730671567216366,0.730671567216366,,0
2018-09-18,2018-09,111.69,112.27,111.66,111.97,6327.0,100.05,0.12511172320085515,0.5447887827096539,5.38017169597366,0.29144992147169907,0.29144992147169907,,0
2018-09-19,2018-09,112.29,112.43,112.23,112.33,4823.0,99.94,0.3209989381372212,0.17804682631532345,5.156042180330901,0.7521002374816538,0.7521002374816538,,0
2018-09-20,2018-09,112.33,112.34,112.07,112.21,5279.0,99.5,-0.10688519767030902,0.24062026557348745,5.18073921393329,-0.25471437003818986,0.25471437003818986,,0
2018-09-21,2018-09,112.5,112.88,112.42,112.71,6208.0,99.54,0.4446032577212376,0.4081270517256621,5.260618751486285,1.0590735818107886,1.0590735818107886,,0
2018-09-25,2018-09,112.79,113.0,112.76,112.93,5731.0,99.28,0.195000948159174,0.2125210307269945,5.001334637071099,0.4609553690029255,0.4609553690029255,,0
2018-09-26,2018-09,112.98,113.03,112.75,112.86,4591.0,99.54,-0.0620045194584998,0.24809498493709123,4.914644808509554,-0.14832803434325578,0.14832803434325578,,0
2018-09-27,2018-09,112.72,112.9,112.57,112.61,6953.0,99.14,-0.2217590832059778,0.29304679868574063,5.020276747436106,-0.5315736526597576,0.5315736526597576,,0
2018-09-28,2018-09,113.4,113.67,113.33,113.44,10560.0,98.77,0.7343541074883178,0.29971791255289437,5.550343094294481,1.7551778295010938,1.7551778295010938,,0
2018-10-01,2018-10,113.8,114.05,113.71,114.04,6449.0,98.65,0.5275201260653921,0.29814100315679004,5.668494238220756,1.2338966919717131,1.2338966919717131,,0
2018-10-02,2018-10,113.95,114.02,113.69,113.82,5369.0,99.04,-0.19310108694935108,0.2899314707432774,4.88654505483138,-0.45213526219702954,0.45213526219702954,,0
2018-10-03,2018-10,113.57,113.88,113.53,113.88,5450.0,98.54,0.052700923485902565,0.3073410607657133,4.894796697733206,0.12313164575709368,0.12313164575709368,,0
2018-10-04,2018-10,114.51,114.55,114.22,114.3,7832.0,99.17,0.368130839092823,0.2887139107611534,4.840157063338784,0.8606847462389478,0.8606847462389478,,0
2018-10-05,2018-10,113.91,114.1,113.8,113.84,4929.0,99.3,-0.40326170191680377,0.2635277582572006,5.178982827400708,-0.9403776814922372,0.9403776814922372,,0
2018-10-09,2018-10,113.13,113.39,112.93,113.31,5818.0,100.25,-0.4666528389121721,0.4059659341629104,5.511713395594684,-1.093453018802584,1.093453018802584,,0
2018-10-10,2018-10,113.02,113.11,112.93,113.08,5155.0,100.96,-0.2031892567085673,0.15917934205871295,5.16126155008894,-0.47079251285506624,0.47079251285506624,,0
2018-10-11,2018-10,112.09,112.36,111.97,112.23,9395.0,100.62,-0.754519579722511,0.3475006682705164,5.9685752218003865,-1.8631822684598929,1.8631822684598929,,0
2018-10-12,2018-10,112.09,112.5,112.01,112.33,6055.0,100.73,0.08906306253133556,0.43621472447253173,5.742518513538174,0.2153852493422927,0.2153852493422927,,0
2018-10-15,2018-10,112.21,112.23,111.69,111.8,6126.0,101.03,-0.47294069324791593,0.4830053667263026,6.016283061150418,-1.1517954437318092,1.1517954437318092,,0
2018-10-16,2018-10,111.85,112.17,111.74,112.1,5138.0,100.41,0.26797693571155146,0.3835860838537082,6.082284768839183,0.659090857624296,0.659090857624296,,0
2018-10-17,2018-10,112.35,112.43,112.16,112.24,5418.0,100.34,0.12481057160911718,0.24055595153243964,6.001059837479817,0.30577642607680655,0.30577642607680655,,0
2018-10-18,2018-10,112.62,112.73,112.45,112.62,6073.0,101.05,0.3379884032267112,0.24862369028591824,6.098103550538765,0.836075300981938,0.836075300981938,,0
2018-10-19,2018-10,112.2,112.53,112.14,112.44,6532.0,100.53,-0.15995737881413516,0.3468516542155822,6.031203872449682,-0.43534452989466393,0.43534452989466393,,0
2018-10-22,2018-10,112.46,112.76,112.36,112.76,5411.0,100.49,0.2841920207580785,0.35473572188719904,6.0944978079062535,0.773705266643109,0.773705266643109,,0
2018-10-23,2018-10,112.77,112.84,112.31,112.33,6415.0,100.78,-0.38206985924339504,0.4718240897356014,6.044847326070118,-1.0356947981775388,1.0356947981775388,,0
2018-10-24,2018-10,112.45,112.65,112.32,112.51,7385.0,101.22,0.16011389295027234,0.29330726157675985,6.029878053533393,0.43715262334526506,0.43715262334526506,,0
2018-10-25,2018-10,112.0,112.36,111.82,112.31,9335.0,101.08,-0.17792016080358464,0.4808120381088115,6.054923307981065,-0.4875139581329166,0.4875139581329166,,0
2018-10-26,2018-10,112.37,112.44,112.02,112.02,8944.0,101.5,-0.2585478193258594,0.37493304767006047,6.072208870896504,-0.706688903021894,0.706688903021894,,0
2018-10-29,2018-10,111.93,112.04,111.78,111.93,5163.0,101.36,-0.08037508805099855,0.2322880371660905,5.3662895811838585,-0.2200667814078794,0.2200667814078794,,0
2018-10-30,2018-10,112.34,112.85,112.32,112.81,5960.0,100.71,0.7831311715652804,0.4698165056289346,5.800984314101567,2.201448780450453,2.201448780450453,,0
2018-10-31,2018-10,113.07,113.34,113.03,113.2,8053.0,101.01,0.3451178152253508,0.27385159010600907,5.942945496994181,0.9459580730764389,0.9459580730764389,,0
2018-11-01,2018-11,112.86,112.96,112.72,112.9,5589.0,100.5,-0.26536946134662454,0.21257750221434446,5.993183877498418,-0.7245731261896725,0.7245731261896725,,0
2018-11-02,2018-11,112.73,113.1,112.56,112.97,7006.0,99.84,0.06198255832209204,0.47800300964857223,5.810222454910264,0.17176179310230738,0.17176179310230738,,0
2018-11-05,2018-11,113.14,113.33,113.11,113.19,4200.0,99.99,0.19455259054913526,0.1943634596695811,5.726680569988213,0.5391934152392239,0.5391934152392239,,0
2018-11-06,2018-11,113.27,113.44,113.19,113.34,5250.0,99.68,0.13243280971443464,0.22057526027880714,5.509647084206677,0.3701882284865448,0.3701882284865448,,0
2018-11-07,2018-11,113.35,113.82,112.97,113.07,10836.0,99.46,-0.23850547943195677,0.7517467055806087,5.5284279616616345,-0.6664022919807204,0.6664022919807204,,0
2018-11-08,2018-11,113.57,113.73,113.49,113.7,5630.0,99.27,0.5556304809336678,0.21108179419525863,5.097502875026392,1.5594933856752593,1.5594933856752593,,0
2018-11-09,2018-11,113.96,114.06,113.8,113.85,5838.0,99.83,0.13183917532582323,0.22837066315327637,5.102432856250562,0.3692309201890075,0.3692309201890075,,0
2018-11-12,2018-11,113.84,114.21,113.83,114.17,4215.0,100.16,0.2806773178487192,0.3328369974599242,4.732123027121997,0.8199601642535743,0.8199601642535743,,0
2018-11-13,2018-11,113.69,114.07,113.58,114.07,9434.0,99.94,-0.08762706484293858,0.4295607960024502,4.737920167360616,-0.2554381144447627,0.2554381144447627,,0
2018-11-14,2018-11,113.8,113.99,113.76,113.9,4660.0,100.03,-0.14914245866699094,0.2019315188761982,4.80827562610475,-0.4439438735416969,0.4439438735416969,,0
2018-11-15,2018-11,113.57,113.67,113.43,113.53,7196.0,99.82,-0.32537512766942306,0.21139786840482241,4.899839970085159,-0.9666035617051572,0.9666035617051572,,0
2018-11-16,2018-11,113.57,113.61,113.22,113.3,6258.0,100.29,-0.20279511424816699,0.3442188879082088,4.925346915781221,-0.5970553911223858,0.5970553911223858,,0
2018-11-19,2018-11,112.73,112.85,112.6,112.75,4706.0,100.57,-0.4866189651172899,0.22172949002217296,5.168508438076247,-1.448010880719786,1.448010880719786,,0
2018-11-20,2018-11,112.46,112.66,112.4,112.52,6734.0,100.61,-0.20419947611316613,0.23107003199430406,5.03105449836583,-0.5968182060208129,0.5968182060208129,,0
2018-11-21,2018-11,112.71,112.93,112.65,112.87,6464.0,100.13,0.3105730345878921,0.24807300434127855,5.118794493993917,0.9105708381392424,0.9105708381392424,,0
2018-11-22,2018-11,113.03,113.27,112.96,113.02,4899.0,100.28,0.1328080234162347,0.2742877366837748,5.081382951399963,0.39471603000506067,0.39471603000506067,,0
2018-11-26,2018-11,112.93,113.29,112.88,113.24,5613.0,99.92,0.19446660420016781,0.3620628753090876,4.9920626545230515,0.5799764240156923,0.5799764240156923,,0
2018-11-27,2018-11,113.51,113.66,113.42,113.6,4458.0,99.87,0.3174046043352066,0.21126760563379832,5.049238037578551,0.9447911732162443,0.9447911732162443,,0
2018-11-28,2018-11,113.8,113.9,113.73,113.87,5222.0,99.7,0.23739405354628088,0.14929305348204241,4.356890942962042,0.702389608265695,0.702389608265695,,0
2018-11-29,2018-11,113.57,113.65,113.21,113.25,6465.0,99.69,-0.5459682459370289,0.3885209713024388,4.683485200774207,-1.6253464861009985,1.6253464861009985,,0
2018-11-30,2018-11,113.42,113.49,113.34,113.47,6616.0,99.89,0.19407204397545952,0.13219353132985942,4.6188396086262244,0.5886886948201491,0.5886886948201491,,0
2018-12-03,2018-12,113.77,113.82,113.45,113.47,7350.0,99.25,0.0,0.3260773772803299,4.61752931479145,0.0,0.0,,0
2018-12-04,2018-12,113.6,113.65,113.04,113.13,7910.0,99.91,-0.3000884864522636,0.5392026871740471,4.705466494916734,-0.9212176380033288,0.9212176380033288,,0
2018-12-05,2018-12,112.7,113.11,112.65,113.09,7214.0,99.67,-0.03536380551397763,0.4067556813157606,4.679200225587976,-0.10764937540929365,0.10764937540929365,,0
2018-12-06,2018-12,113.05,113.21,112.58,113.09,9287.0,100.28,0.0,0.5570784331063714,4.601366167210648,0.0,0.0,,0
2018-12-07,2018-12,112.73,112.93,112.65,112.78,8028.0,100.23,-0.27449435041995246,0.24827097003014817,4.199967430026938,-0.8569795324742621,0.8569795324742621,,0
2018-12-10,2018-12,112.53,112.68,112.25,112.64,8123.0,100.04,-0.12421259693038107,0.3817471590909151,4.158658357687785,-0.38592903366004183,0.38592903366004183,,0
2018-12-11,2018-12,113.2,113.32,113.01,113.12,6811.0,99.97,0.42523097385304764,0.2740452616690135,4.340372251901074,1.3436194723242303,1.3436194723242303,,0
2018-12-12,2018-12,113.39,113.52,113.31,113.41,5706.0,99.78,0.2560368678976502,0.18516885636186733,4.466460473095268,0.7982918383411124,0.7982918383411124,,0
2018-12-13,2018-12,113.29,113.5,113.21,113.4,6295.0,99.52,-0.00881795335872782,0.2557319223985946,4.444122040536025,-0.027377436672923854,0.027377436672923854,,0
2018-12-14,2018-12,113.57,113.65,113.42,113.56,6331.0,100.07,0.14099403111187864,0.20253610426206758,4.328697304140007,0.440692483971056,0.440692483971056,,0
2018-12-17,2018-12,113.4,113.52,113.33,113.41,4407.0,100.37,-0.13217607775313556,0.16753372718454962,4.291630681537399,-0.413011874681485,0.413011874681485,,0
2018-12-18,2018-12,112.84,112.86,112.47,112.52,8858.0,100.55,-0.7878587205583019,0.3466050479914687,4.846516555968712,-2.4757359153177636,2.4757359153177636,,0
2018-12-19,2018-12,112.52,112.6,112.19,112.41,8194.0,100.64,-0.09780821479503755,0.3647362334311864,4.8045678671259004,-0.29247228898375616,0.29247228898375616,,0
2018-12-20,2018-12,112.41,112.6,111.8,111.86,9804.0,101.48,-0.4904812080263725,0.7151796888968328,4.946296751975567,-1.488021852890702,1.488021852890702,,0
2018-12-21,2018-12,111.18,111.46,111.09,111.27,10635.0,101.89,-0.5288409223832861,0.3325244899793209,5.182869992884823,-1.5813010737291555,1.5813010737291555,,0
2018-12-25,2018-12,110.31,110.46,110.0,110.27,3936.0,102.54,-0.9027776399021947,0.4171578851908895,5.839583193549139,-2.6482671040141206,2.6482671040141206,,0
2018-12-26,2018-12,110.44,110.68,110.14,110.43,7330.0,101.57,0.14499322884524488,0.4889975550122306,5.693495489908173,0.4044606180594772,0.4044606180594772,,0
2018-12-27,2018-12,111.21,111.33,110.86,110.94,10557.0,101.67,0.46076785680489574,0.42365242473408943,5.940512019332029,1.3360893795691844,1.3360893795691844,,0
2018-12-28,2018-12,110.85,110.94,110.36,110.4,7896.0,102.26,-0.4879380784093516,0.5253623188405782,5.8900191375527085,-1.4221931516604558,1.4221931516604558,,0
2019-01-04,2019-01,107.85,108.45,107.52,107.85,11477.0,103.66,-2.3368761007829684,0.8623087621696865,9.686020003624582,-6.728358637854099,6.728358637854099,,1
2019-01-07,2019-01,108.55,108.62,108.03,108.19,8315.0,103.24,0.3147567864316752,0.545336907292729,9.85839235833846,0.6911312894634164,0.6911312894634164,,0
2019-01-08,2019-01,108.64,109.09,108.52,108.97,7487.0,103.34,0.7183674289312767,0.5230797467192874,10.420489329659443,1.5803490074665323,1.5803490074665323,,0
2019-01-09,2019-01,108.76,109.01,108.69,108.92,5696.0,103.43,-0.04589471832359062,0.2937936099889895,10.418519349306157,-0.09880841685066413,0.09880841685066413,,0
2019-01-10,2019-01,108.19,108.25,107.77,107.93,6580.0,103.13,-0.9130798968303843,0.4447326971185063,10.700489205688395,-1.9780624030373948,1.9780624030373948,,0
2019-01-11,2019-01,108.29,108.46,108.23,108.34,5732.0,103.0,0.3791561392497787,0.21229462802288146,10.916649136887205,0.7997199624053407,0.7997199624053407,,0
2019-01-15,2019-01,108.24,108.75,108.16,108.65,6066.0,102.92,0.2857276472685851,0.543028071790155,11.050961386307232,0.6089087403157699,0.6089087403157699,,0
2019-01-16,2019-01,108.66,108.72,108.37,108.62,5424.0,102.49,-0.027615409573948434,0.3222242680905858,10.836672390358308,-0.058634007596035626,0.058634007596035626,,0
2019-01-17,2019-01,109.04,109.13,108.75,108.79,5799.0,102.46,0.15638658262921504,0.3492968103685959,10.786346708596053,0.33431090628751725,0.33431090628751725,,0
2019-01-18,2019-01,109.15,109.46,109.06,109.37,6392.0,102.11,0.5317210914143007,0.365731004845928,11.085217271134717,1.1392463658739211,1.1392463658739211,,0
2019-01-21,2019-01,109.68,109.76,109.47,109.58,4698.0,102.38,0.1918246763135154,0.2646468333637582,11.106243968773713,0.4062043870713121,0.4062043870713121,,0
2019-01-22,2019-01,109.67,109.69,109.37,109.43,6621.0,102.72,-0.13698006799179602,0.29242438088274986,11.105991973923302,-0.29106826778192324,0.29106826778192324,,0
2019-01-23,2019-01,109.36,109.8,109.33,109.62,7495.0,102.28,0.1734764187618665,0.428753877029738,10.929391643541107,0.36868599831374993,0.36868599831374993,,0
2019-01-24,2019-01,109.5,109.74,109.44,109.72,5728.0,102.35,0.09118264514321213,0.2734232592052471,10.957454703654046,0.19424192521893563,0.19424192521893563,,0
2019-01-25,2019-01,109.6,109.87,109.53,109.77,7066.0,101.9,0.045560162982258116,0.3097385442288453,10.882742465875296,0.09741808426537309,0.09741808426537309,,0
2019-01-28,2019-01,109.43,109.56,109.26,109.41,5308.0,102.09,-0.32849742105265967,0.27419797093501247,10.799561321603937,-0.7032960492317222,0.7032960492317222,,0
2019-01-29,2019-01,109.25,109.35,109.14,109.24,5938.0,101.96,-0.1554996883194283,0.1922372757231726,10.365428791996239,-0.33209863348493834,0.33209863348493834,,0
2019-01-30,2019-01,109.43,109.44,109.21,109.32,6649.0,101.98,0.07320644543630038,0.2103915111599012,10.350922265213429,0.15655105815237497,0.15655105815237497,,0
2019-01-31,2019-01,108.98,109.06,108.68,108.73,10239.0,102.04,-0.5411616050209117,0.3494895612986254,10.305421490857242,-1.1567575964991055,1.1567575964991055,,0
2019-02-01,2019-02,108.86,108.97,108.73,108.94,6817.0,101.77,0.19295269458702788,0.22030475491095547,10.249266819114219,0.4198896704602493,0.4198896704602493,,0
2019-02-04,2019-02,109.45,109.85,109.44,109.84,6000.0,101.47,0.8227489504187295,0.37327021121631154,6.368206259703863,1.7977041749624894,1.7977041749624894,,0
2019-02-05,2019-02,109.99,110.04,109.77,109.86,4617.0,101.41,0.018206645475867488,0.24576734025123814,6.317059704832053,0.038662195211139935,0.038662195211139935,,0
2019-02-06,2019-02,109.95,110.05,109.63,109.67,7450.0,101.58,-0.17309711423568486,0.3829670830673855,5.89425819295686,-0.36768149363876856,0.36768149363876856,,0
2019-02-07,2019-02,110.0,110.03,109.73,109.92,4712.0,101.78,0.22769717019216767,0.27292576419213715,5.92621226704201,0.4844816443700487,0.4844816443700487,,0
2019-02-08,2019-02,109.77,109.84,109.65,109.75,6113.0,101.9,-0.15477765187584797,0.1731207289293829,4.804116284422574,-0.3287705468210219,0.3287705468210219,,0
2019-02-12,2019-02,110.4,110.65,110.35,110.62,8241.0,101.34,0.7895852611251271,0.2711986982462587,5.331011265423703,1.6787685489610749,1.6787685489610749,,0
2019-02-13,2019-02,110.52,110.7,110.43,110.69,5356.0,101.0,0.06325968310006289,0.24392447375552986,5.288822188032398,0.13279519765624578,0.13279519765624578,,0
2019-02-14,2019-02,110.93,111.13,110.87,111.07,7019.0,101.48,0.3427131781495935,0.234086612046449,5.339915475336666,0.7199568847015047,0.7199568847015047,,0
2019-02-15,2019-02,110.54,110.55,110.27,110.32,7999.0,101.46,-0.6775399693982296,0.2538071065989858,6.023685349908337,-1.4209871815308004,1.4209871815308004,,0
2019-02-18,2019-02,110.57,110.59,110.46,110.55,3782.0,101.27,0.20826738184090762,0.11759384893714125,5.799997967726175,0.4305564510797522,0.4305564510797522,,0
2019-02-19,2019-02,110.6,110.71,110.45,110.67,6267.0,101.07,0.10848929732386037,0.23493268275051135,5.781180553368529,0.22380633768440208,0.22380633768440208,,0
2019-02-20,2019-02,110.58,110.93,110.57,110.9,6873.0,100.67,0.2076094079627346,0.32461677186655874,5.763135876994652,0.4291221658536993,0.4291221658536993,,0
2019-02-21,2019-02,110.76,110.85,110.59,110.77,5088.0,100.9,-0.1172914827479949,0.2347205922181014,5.784081173716458,-0.24213930327210306,0.24213930327210306,,0
2019-02-22,2019-02,110.71,110.81,110.63,110.75,4490.0,100.79,-0.018057060359637226,0.1625282167042951,5.787308336639698,-0.03754821023793137,0.03754821023793137,,0
2019-02-25,2019-02,110.78,110.86,110.59,110.63,6066.0,100.24,-0.10841088784255132,0.24405676579589264,5.813465309202018,-0.22568790881489925,0.22568790881489925,,0
2019-02-26,2019-02,111.05,111.07,110.76,110.83,6307.0,100.66,0.1806195740742158,0.27970766038075257,5.665595825484977,0.37753587393025057,0.37753587393025057,,0
2019-02-27,2019-02,110.55,110.62,110.36,110.38,4933.0,100.3,-0.4068537776206499,0.2355499184634944,5.861886850686286,-0.8498459984737764,0.8498459984737764,,0
2019-02-28,2019-02,110.88,110.99,110.7,110.76,6534.0,100.07,0.34367402914059025,0.26182737450342364,5.95283506577944,0.7156955888079908,0.7156955888079908,,0
2019-03-01,2019-03,111.36,111.84,111.33,111.82,9341.0,99.77,0.9524737295737974,0.4560901448756977,6.285901320401605,1.982084218628612,1.982084218628612,,0
2019-03-04,2019-03,111.93,112.01,111.76,111.91,6666.0,99.95,0.0804541231436511,0.2233937985881512,6.286043166499071,0.16213877566353577,0.16213877566353577,,0
2019-03-05,2019-03,111.79,111.96,111.73,111.89,6522.0,99.86,-0.01787310103059364,0.20555903119133953,5.750723701276694,-0.03634656769717383,0.03634656769717383,,0
2019-03-06,2019-03,111.87,111.91,111.72,111.79,5795.0,100.07,-0.0894134537395372,0.16996153502101952,5.781758025625951,-0.18212740971566038,0.18212740971566038,,0
2019-03-07,2019-03,111.62,111.79,111.58,111.79,5432.0,100.57,0.0,0.18785222291797832,5.710659726241804,0.0,0.0,,0
2019-03-08,2019-03,111.65,111.65,110.95,110.99,9431.0,100.88,-0.7182004118346307,0.6306874493197611,6.369768822764227,-1.466678545936802,1.466678545936802,,0
2019-03-11,2019-03,111.08,111.3,110.88,111.28,5675.0,100.76,0.2609440451299442,0.37742631200575283,6.364792834693491,0.5240784336903366,0.5240784336903366,,0
2019-03-12,2019-03,111.33,111.46,111.21,111.37,6021.0,100.46,0.08084437898213408,0.22447696866301517,5.770330531383363,0.1619072035975978,0.1619072035975978,,0
2019-03-13,2019-03,111.32,111.38,111.15,111.34,6561.0,100.5,-0.026940864964713835,0.20657445661935492,5.773102034692261,-0.054049783304333,0.054049783304333,,0
2019-03-14,2019-03,111.21,111.63,111.14,111.6,7407.0,100.22,0.23324671918488557,0.43906810035841837,5.706973745967747,0.4681205840493139,0.4681205840493139,,0
2019-03-15,2019-03,111.76,111.9,111.49,111.66,7632.0,100.25,0.05374899350037816,0.3671861006627358,5.06980344492515,0.10837149737114482,0.10837149737114482,,0
2019-03-18,2019-03,111.56,111.63,111.48,111.49,3934.0,100.2,-0.15236391027342755,0.1345412144586882,5.0918314066858334,-0.30797386511754266,0.30797386511754266,,0
2019-03-19,2019-03,111.39,111.43,111.16,111.27,5429.0,100.21,-0.1975220609871031,0.2426530062011416,5.1545756519885275,-0.39904017743712433,0.39904017743712433,,0
2019-03-20,2019-03,111.42,111.7,111.37,111.6,7664.0,100.55,0.2961369777601473,0.29569892473118126,5.205040263555037,0.5983052628027727,0.5983052628027727,,0
2019-03-22,2019-03,110.82,110.89,110.66,110.77,6734.0,101.76,-0.7465070418369026,0.20763744696217748,5.879092445037825,-1.5032210321681032,1.5032210321681032,,0
2019-03-25,2019-03,110.11,110.14,109.7,110.06,8112.0,101.56,-0.6430307897228713,0.3997819371252024,6.307499004637056,-1.2975881142249113,1.2975881142249113,,0
2019-03-26,2019-03,110.06,110.24,109.98,110.2,6965.0,101.09,0.12712250872013436,0.2359346642468157,6.324669515865937,0.25330571667087803,0.25330571667087803,,0
2019-03-27,2019-03,110.57,110.71,110.41,110.69,6810.0,101.43,0.4436604678718507,0.2710271930617013,6.501490996021879,0.8896667437371371,0.8896667437371371,,0
2019-03-28,2019-03,110.51,110.52,110.03,110.08,7593.0,101.45,-0.5526127212499025,0.4451308139534837,6.6397080995929585,-1.1100454061905627,1.1100454061905627,,0
2019-03-29,2019-03,110.64,110.95,110.54,110.75,15233.0,101.1,0.6068034740211438,0.3702031602708773,6.888533027501942,1.240534304701174,1.240534304701174,,0
2019-04-01,2019-04,110.99,111.19,110.88,111.05,7811.0,100.52,0.2705141415191478,0.2791535344439462,6.006118335418666,0.5463717641214572,0.5463717641214572,,0
2019-04-02,2019-04,111.45,111.46,111.29,111.38,5459.0,100.68,0.2967227821086146,0.15263063386603296,6.109217620191039,0.6021844020816189,0.6021844020816189,,0
2019-04-03,2019-04,111.32,111.57,111.21,111.52,9561.0,100.35,0.12561688506912524,0.32281205164992777,6.132233016312174,0.2563952678145863,0.2563952678145863,,0
2019-04-04,2019-04,111.39,111.52,111.34,111.37,6815.0,100.29,-0.13459556072048354,0.1616234174373643,6.141442652031008,-0.3537073023405966,0.3537073023405966,,0
2019-04-05,2019-04,111.66,111.8,111.6,111.68,5893.0,100.27,0.2779647609053588,0.17908309455587645,6.231341817236857,0.7319375616698431,0.7319375616698431,,0
2019-04-08,2019-04,111.72,111.73,111.35,111.45,5241.0,100.42,-0.20615791821845517,0.3409600717810764,5.696052357287486,-0.5560658583739964,0.5560658583739964,,0
2019-04-09,2019-04,111.45,111.57,111.25,111.31,6152.0,100.67,-0.12569583267433757,0.28748540113196763,5.644856895230555,-0.33793265984925885,0.33793265984925885,,0
2019-04-10,2019-04,111.09,111.24,111.07,111.19,6032.0,100.73,-0.10786517899765867,0.15289144707258,5.649351292284468,-0.30719585354067835,0.30719585354067835,,0
2019-04-11,2019-04,111.0,111.16,110.92,111.1,7112.0,100.29,-0.08097530695735315,0.2160216021602114,5.65499614413247,-0.23199027392152033,0.23199027392152033,,0
2019-04-12,2019-04,111.66,111.88,111.59,111.86,10896.0,99.74,0.6817392747857749,0.25925263722509573,6.116917387845793,1.9593722585148212,1.9593722585148212,,0
2019-04-15,2019-04,112.04,112.09,111.89,111.92,5135.0,99.74,0.053624096378381066,0.17869907076483454,6.11690599901015,0.14994877974774695,0.14994877974774695,,0
2019-04-16,2019-04,111.95,112.04,111.86,111.9,5647.0,99.86,-0.017871503934619767,0.16085790884719106,6.087642518887551,-0.05001274643699344,0.05001274643699344,,0
2019-04-17,2019-04,111.99,112.17,111.92,112.02,7798.0,99.62,0.10718114638066545,0.22317443313693985,6.040230000025272,0.3047428776491797,0.3047428776491797,,0
2019-04-18,2019-04,112.04,112.06,111.78,111.85,6417.0,99.96,-0.15187388455475925,0.25033527045149856,5.991095706902886,-0.4323780082635172,0.4323780082635172,,0
2019-04-19,2019-04,111.99,112.01,111.9,111.93,2074.0,99.96,0.07149879650377715,0.09827570803180508,5.280466196156324,0.20347846195095848,0.20347846195095848,,0
2019-04-22,2019-04,111.92,111.99,111.89,111.9,2804.0,100.04,-0.02680605832966431,0.08936550491509768,4.615779347543411,-0.0763803286005033,0.0763803286005033,,0
2019-04-23,2019-04,111.94,111.98,111.65,111.85,6923.0,100.29,-0.044692738174100854,0.29503799731783487,4.634201776453203,-0.12734278753742032,0.12734278753742032,,0
2019-04-24,2019-04,111.88,111.98,111.75,111.82,6762.0,100.27,-0.02682523376393348,0.20568771239492398,4.433432267947233,-0.07640301825988292,0.07640301825988292,,0
2019-04-25,2019-04,112.13,112.24,111.75,111.84,8479.0,100.95,0.01788428870009912,0.4381258941344732,3.824248968167174,0.05139036009092115,0.05139036009092115,,0
2019-04-26,2019-04,111.55,111.79,111.45,111.68,10837.0,100.84,-0.1431639471437739,0.30444126074498873,3.34930842580446,-0.4124483478868214,0.4124483478868214,,0
2019-05-07,2019-05,110.81,110.85,110.59,110.66,7494.0,102.37,-0.917520154409873,0.23495391288631023,4.668451829003126,-2.637526514437687,2.637526514437687,,0
2019-05-08,2019-05,110.27,110.29,109.91,110.14,8250.0,102.54,-0.4710153635628196,0.3450154349010438,4.777037103114663,-1.3026914322115297,1.3026914322115297,,0
2019-05-09,2019-05,110.03,110.08,109.6,109.63,8386.0,103.12,-0.46412241478867794,0.4378363586609541,4.9357346761118475,-1.266005876868532,1.266005876868532,,0
2019-05-10,2019-05,109.83,110.05,109.63,109.77,11016.0,102.77,0.12762080127765746,0.3826182016944536,4.988595210369439,0.35824691239833983,0.35824691239833983,,0
2019-05-13,2019-05,109.65,109.82,109.6,109.65,4257.0,103.89,-0.1093792835327898,0.2006383948928398,4.814257303084682,-0.30670396572989267,0.30670396572989267,,0
2019-05-14,2019-05,109.16,109.77,109.15,109.68,7636.0,103.56,0.027356039016184625,0.5652808169219459,4.811993573947148,0.07679906321163432,0.07679906321163432,,0
2019-05-15,2019-05,109.68,109.7,109.49,109.51,7384.0,103.56,-0.15511659663912175,0.19176330928683039,4.8168262800309325,-0.43698986001171103,0.43698986001171103,,0
2019-05-16,2019-05,109.47,109.59,109.34,109.46,5482.0,103.51,-0.045668357189575265,0.22839393385711676,4.8173733320626315,-0.12865464934894716,0.12865464934894716,,0
2019-05-17,2019-05,109.88,110.03,109.55,109.73,6876.0,103.63,0.24636172869356654,0.43743734621343655,4.9532679444436924,0.7259422391731674,0.7259422391731674,,0
2019-05-20,2019-05,110.18,110.32,110.02,110.12,5316.0,103.54,0.35478772716988843,0.27243007628041876,4.40807331316113,1.0406558192664557,1.0406558192664557,,0
2019-05-21,2019-05,110.09,110.26,110.03,110.13,4923.0,103.1,0.009080590244590193,0.20884409334423318,4.3931912337413985,0.026617978977722574,0.026617978977722574,,0
2019-05-22,2019-05,110.57,110.62,110.36,110.37,6609.0,103.27,0.21768716079401706,0.23557126030624725,4.515675436696216,0.6599591315978882,0.6599591315978882,,0
2019-05-23,2019-05,110.23,110.36,110.13,110.3,6834.0,103.97,-0.06344315253359106,0.20852221214868902,4.467827566036594,-0.19227884981175608,0.19227884981175608,,0
2019-05-24,2019-05,109.56,109.74,109.46,109.54,7108.0,104.05,-0.6914146903881383,0.2556143874383797,4.969480321007023,-2.096986512494274,2.096986512494274,,0
2019-05-27,2019-05,109.4,109.58,109.29,109.58,4217.0,103.86,0.036509675469423825,0.2646468333637453,4.954589201288347,0.10734065318072569,0.10734065318072569,,0
2019-05-28,2019-05,109.52,109.63,109.35,109.42,5391.0,104.2,-0.14611874745897888,0.25589471760190197,4.947361034668812,-0.42980242024871845,0.42980242024871845,,0
2019-05-29,2019-05,109.36,109.43,109.15,109.21,8037.0,104.1,-0.1921054426042951,0.25638677776760477,4.94840981840216,-0.5644028658514277,0.5644028658514277,,0
2019-05-30,2019-05,109.57,109.82,109.49,109.75,6513.0,103.96,0.493241774564368,0.3006833712984039,5.401130166532301,1.4468457497209146,1.4468457497209146,,0
2019-05-31,2019-05,109.34,109.63,108.75,108.78,12094.0,105.15,-0.8877557960465995,0.808972237543662,6.068975454204266,-2.5628409362345317,2.5628409362345317,,0
2019-06-03,2019-06,108.22,108.38,108.07,108.25,6964.0,105.05,-0.48841271122154706,0.2863741339491938,6.194767268131831,-1.353517972293575,1.353517972293575,,0
2019-06-04,2019-06,108.04,108.07,107.85,108.05,8413.0,104.93,-0.18492839297042207,0.20360944007403875,5.50802111729143,-0.5102182080268792,0.5102182080268792,,0
2019-06-05,2019-06,108.26,108.27,107.98,108.25,7585.0,104.73,0.18492839297042854,0.2678983833718171,5.444314508473744,0.5459545560681756,0.5459545560681756,,0
2019-06-06,2019-06,108.33,108.41,108.07,108.24,7114.0,104.67,-0.009238302006671587,0.31411677753141487,5.262294355841679,-0.027194561283967064,0.027194561283967064,,0
2019-06-07,2019-06,108.46,108.53,108.33,108.47,7583.0,104.76,0.2122653189593633,0.18438277864847685,5.311479680120476,0.6248070596420758,0.6248070596420758,,0
2019-06-10,2019-06,108.44,108.68,108.38,108.67,7340.0,104.67,0.1842130022634054,0.2760651513757351,5.376798883348994,0.5395121273727619,0.5395121273727619,,0
2019-06-11,2019-06,108.37,108.67,108.35,108.61,7519.0,104.42,-0.055228278281557526,0.294632170150085,5.3700686427345,-0.1611427337142248,0.1611427337142248,,0
2019-06-12,2019-06,108.49,108.57,108.28,108.32,6074.0,104.61,-0.2673675127979824,0.26772525849334566,5.4140854133404925,-0.8072142656870813,0.8072142656870813,,0
2019-06-13,2019-06,108.49,108.54,108.17,108.35,6739.0,104.76,0.02769188184032555,0.34148592524227467,5.421952630592604,0.08386090587164323,0.08386090587164323,,0
2019-06-14,2019-06,108.33,108.4,108.16,108.21,5314.0,104.8,-0.1292944398810779,0.22179096201830617,5.311580260367483,-0.3918724755106086,0.3918724755106086,,0
2019-06-17,2019-06,108.58,108.7,108.52,108.57,5129.0,104.85,0.33213426602033885,0.16579165515336358,5.288122888716236,1.0061461473831548,1.0061461473831548,,0
2019-06-18,2019-06,108.55,108.58,108.21,108.26,8142.0,104.66,-0.2859384874928835,0.3417698134121601,5.332463299355113,-0.8618482024482554,0.8618482024482554,,0
2019-06-19,2019-06,108.58,108.61,108.24,108.39,5492.0,104.85,0.12000924588267187,0.34135990405019334,5.2696754155626255,0.3604520340352875,0.3604520340352875,,0
2019-06-20,2019-06,108.11,108.14,107.47,107.68,10261.0,105.0,-0.6571967931240803,0.6222139673105513,5.637834595128636,-1.9711992438292505,1.9711992438292505,,0
2019-06-21,2019-06,107.31,107.53,107.05,107.46,12019.0,104.99,-0.20451805957423672,0.44667783361251073,5.233992575991918,-0.597856839301844,0.597856839301844,,0
2019-06-24,2019-06,107.31,107.48,107.27,107.42,7689.0,104.89,-0.037230082336205735,0.1954943213554347,5.215772174532442,-0.10966806274387604,0.10966806274387604,,0
2019-06-25,2019-06,107.34,107.41,106.78,107.05,9647.0,105.12,-0.345036944162158,0.5885100420364273,5.286643995984515,-1.05383718612708,1.05383718612708,,0
2019-06-26,2019-06,107.18,107.5,107.11,107.46,7279.0,104.49,0.38226702649835764,0.3629257398101625,5.5539750835760655,1.1928451687247916,1.1928451687247916,,0
2019-06-27,2019-06,107.75,108.15,107.64,108.05,6837.0,104.43,0.5475397652219678,0.4720037019898243,5.631212211072303,1.6874717377440793,1.6874717377440793,,0
2019-06-28,2019-06,107.76,107.81,107.57,107.64,7587.0,104.3,-0.38017570941899104,0.22296544035675317,4.90456771377932,-1.1612931329951934,1.1612931329951934,,0
2019-07-01,2019-07,108.38,108.53,108.11,108.33,6947.0,103.85,0.6389798098770988,0.3877042370534494,5.199865388497646,1.9750079882133096,1.9750079882133096,,0
2019-07-02,2019-07,108.38,108.47,108.24,108.27,4550.0,104.52,-0.05540166346691891,0.2124318832548296,5.157704115371745,-0.1706539235671762,0.1706539235671762,,0
2019-07-03,2019-07,107.84,107.9,107.54,107.75,4960.0,104.65,-0.4814378338949716,0.33410672853828255,5.395164147584569,-1.4945417212481675,1.4945417212481675,,0
2019-07-04,2019-07,107.78,107.83,107.71,107.81,2766.0,104.55,0.055668956716946424,0.11130692885632552,5.402298467547969,0.17186459284728853,0.17186459284728853,,0
2019-07-05,2019-07,107.83,108.06,107.79,108.06,4551.0,104.26,0.231620986489318,0.2498611882287581,5.413755846647734,0.7162606937107688,0.7162606937107688,,0
2019-07-08,2019-07,108.49,108.58,108.28,108.35,3861.0,104.03,0.2680099566448344,0.2768804799261626,5.4634047193025195,0.8238238274016181,0.8238238274016181,,0
2019-07-09,2019-07,108.74,108.91,108.7,108.82,4469.0,104.01,0.4328413075411139,0.1929792317588621,5.685608101651585,1.3311779487415052,1.3311779487415052,,0
2019-07-10,2019-07,108.93,108.99,108.86,108.96,5027.0,104.08,0.1285701343422981,0.1193098384728299,5.602844053785281,0.38914327536380366,0.38914327536380366,,0
2019-07-11,2019-07,108.34,108.38,107.86,108.06,7981.0,104.01,-0.8294213985282394,0.48121414029242643,6.378750319241903,-2.5065418433055826,2.5065418433055826,,0
2019-07-12,2019-07,108.61,108.61,108.29,108.37,6511.0,104.59,0.2864669518984121,0.295284672879942,6.4488999498240425,0.8271573035943174,0.8271573035943174,,0
2019-07-16,2019-07,107.91,108.1,107.83,108.07,5462.0,104.37,-0.27721326198296736,0.24983806791893776,6.404500244894597,-0.7943862014350982,0.7943862014350982,,0
2019-07-17,2019-07,108.2,108.33,108.12,108.27,4135.0,104.63,0.18489420077325877,0.19395954558048745,6.366150514939599,0.548586639509177,0.548586639509177,,0
2019-07-18,2019-07,107.94,107.97,107.62,107.77,6228.0,105.05,-0.4628780714066512,0.324765704741574,6.554417889433438,-1.3686734201444835,1.3686734201444835,,0
2019-07-19,2019-07,107.41,107.71,107.22,107.65,6141.0,104.81,-0.11141027983682125,0.4551788202508081,6.133047723688261,-0.32555494318786726,0.32555494318786726,,0
2019-07-22,2019-07,107.83,108.07,107.71,107.87,4969.0,104.72,0.20415745769657473,0.3337350514508199,6.125084925917027,0.5977548198334867,0.5977548198334867,,0
2019-07-23,2019-07,107.9,108.19,107.83,108.11,5300.0,104.55,0.22224289173423428,0.33299417260197894,6.162602751234929,0.647715546409946,0.647715546409946,,0
2019-07-24,2019-07,108.24,108.28,107.99,108.04,5822.0,104.54,-0.06476983802651548,0.2684191040355482,6.013670166114003,-0.18793008163258698,0.18793008163258698,,0
2019-07-25,2019-07,108.2,108.24,108.05,108.06,5304.0,104.18,0.01850994915048577,0.17582824356838583,5.881073964923714,0.053710339461000116,0.053710339461000116,,0
2019-07-26,2019-07,108.68,108.73,108.56,108.63,5622.0,104.22,0.52609840297398,0.15649452269170738,5.856384449834913,1.5259625981839626,1.5259625981839626,,0
2019-07-29,2019-07,108.64,108.67,108.42,108.65,4517.0,104.19,0.018409425677927454,0.23009664058904739,5.656535341134243,0.05216739630789362,0.05216739630789362,,0
2019-07-30,2019-07,108.86,108.95,108.57,108.65,6117.0,104.28,0.0,0.34974689369536094,5.205943379850869,0.0,0.0,,0
2019-07-31,2019-07,108.56,108.65,108.5,108.56,5867.0,104.39,-0.08286911758250023,0.13817243920413197,5.211762119675027,-0.23494022693549463,0.23494022693549463,,0
2019-08-01,2019-08,108.83,109.32,108.71,109.15,9445.0,106.02,0.5420067469339335,0.5588639486944567,5.189115635936462,1.6241836950087083,1.6241836950087083,,0
2019-08-02,2019-08,107.45,107.56,106.84,106.92,12638.0,107.02,-2.0642191725234733,0.6734006734006723,9.167857391694275,-6.13016360368392,6.13016360368392,,1
2019-08-05,2019-08,106.57,106.68,105.79,105.95,12517.0,108.34,-0.9113606556410161,0.8400188768286934,9.60370475865842,-2.145608154126052,2.145608154126052,,0
2019-08-06,2019-08,105.62,107.08,105.52,106.38,12413.0,107.59,0.40503045998634735,1.466441060349692,9.685049918278153,0.9232813004256105,0.9232813004256105,,0
2019-08-07,2019-08,106.33,106.45,105.94,106.3,8708.0,107.99,-0.07523039662692514,0.4797742238946427,9.485921959265479,-0.16993782634724847,0.16993782634724847,,0
2019-08-08,2019-08,106.11,106.32,106.0,106.11,6865.0,108.0,-0.17889934624032422,0.30157383846950636,9.442975810484274,-0.40421365090768707,0.40421365090768707,,0
2019-08-09,2019-08,105.89,106.07,105.77,105.95,7599.0,108.57,-0.15090071711908784,0.2831524303916915,9.078957683588447,-0.34087181645863984,0.34087181645863984,,0
2019-08-13,2019-08,105.38,105.58,105.13,105.2,6928.0,107.36,-0.7103984410698567,0.42775665399239815,9.206861663371134,-1.6040748251061958,1.6040748251061958,,0
2019-08-14,2019-08,106.61,106.7,106.24,106.45,7193.0,108.43,1.181209103587905,0.4321277595115153,10.323984316372528,2.6305042430587635,2.6305042430587635,,0
2019-08-15,2019-08,105.92,106.77,105.76,106.25,6432.0,108.22,-0.18805835349622535,0.9505882352941092,10.28401430429957,-0.3965235789498725,0.3965235789498725,,0
2019-08-16,2019-08,106.1,106.27,106.03,106.17,4904.0,107.98,-0.07532247790445416,0.22605255721954873,10.191317445433173,-0.15874454213622977,0.15874454213622977,,0
2019-08-19,2019-08,106.43,106.47,106.25,106.41,3964.0,107.9,0.2257974428158386,0.20674748613851976,10.245394568189084,0.47728191669289716,0.47728191669289716,,0
2019-08-20,2019-08,106.57,106.69,106.4,106.47,4706.0,108.24,0.056369787287470094,0.27237719545411104,10.208617137079411,0.11877970381457958,0.11877970381457958,,0
2019-08-21,2019-08,106.28,106.6,106.25,106.55,4361.0,107.81,0.07511032181113679,0.32848427968089566,10.166922473466828,0.16067312131547876,0.16067312131547876,,0
2019-08-22,2019-08,106.6,106.65,106.3,106.45,4335.0,108.19,-0.09389672051375593,0.32879286049789436,10.167147823288044,-0.20079843597677344,0.20079843597677344,,0
2019-08-23,2019-08,106.47,106.67,106.43,106.65,6936.0,109.27,0.18770535778710845,0.2250351617440177,10.205262340982559,0.40152832347485445,0.40152832347485445,,0
2019-08-26,2019-08,104.85,105.95,104.46,105.74,11874.0,108.85,-0.8569194110055498,1.4091167013429253,10.321725391842135,-1.830888963573643,1.830888963573643,,0
2019-08-27,2019-08,105.97,106.15,105.6,105.74,4848.0,109.33,0.0,0.5201437488178658,10.31830689765662,0.0,0.0,,0
2019-08-28,2019-08,105.75,105.89,105.65,105.74,5116.0,109.05,0.0,0.2269718176659683,10.31830689765662,0.0,0.0,,0
2019-08-29,2019-08,106.09,106.17,105.83,106.11,5508.0,108.52,0.3493041078194732,0.3204222033738605,10.460733330360188,0.7622213298181126,0.7622213298181126,,0
2019-08-30,2019-08,106.46,106.54,106.29,106.52,6534.0,108.93,0.38564690602324087,0.23469770935035675,10.344735410944873,0.8373180809029291,0.8373180809029291,,0
2019-09-02,2019-09,106.14,106.28,105.94,106.26,3932.0,109.18,-0.2443839922934254,0.31996988518727965,7.414993901644351,-0.5279570638556331,0.5279570638556331,,0
2019-09-03,2019-09,106.2,106.38,105.93,105.99,5474.0,109.42,-0.25441709836337123,0.4245683555052256,6.714004452871373,-0.5486329719855634,0.5486329719855634,,0
2019-09-04,2019-09,105.86,106.25,105.83,106.24,5285.0,108.48,0.23559356889601965,0.39533132530120646,6.6051227021628645,0.5082953458693813,0.5082953458693813,,0
2019-09-05,2019-09,106.35,106.75,106.33,106.52,8890.0,107.9,0.2632075217607848,0.394292151708601,6.667427060176145,0.5673026222505281,0.5673026222505281,,0
2019-09-06,2019-09,107.07,107.1,106.92,106.98,6418.0,107.66,0.43091401573726584,0.16825574873807497,6.788156047425685,0.9255470413094256,0.9255470413094256,,0
2019-09-09,2019-09,106.95,107.02,106.76,106.97,3789.0,107.33,-0.009347978506457081,0.24305880153313164,6.7536370850311265,-0.019960511624646092,0.019960511624646092,,0
2019-09-10,2019-09,107.33,107.5,107.19,107.33,6906.0,106.98,0.3359779175393582,0.2888288456163256,6.1935064365479935,0.7174675717570428,0.7174675717570428,,0
2019-09-11,2019-09,107.6,107.85,107.5,107.81,7686.0,106.74,0.4462218057593667,0.3246452091642652,4.908227768249515,0.9487753656060441,0.9487753656060441,,0
2019-09-12,2019-09,108.02,108.17,107.79,107.91,8436.0,106.06,0.09271278246156255,0.35214530627374246,4.817739235228802,0.19644091304970177,0.19644091304970177,,0
2019-09-13,2019-09,108.18,108.26,107.94,107.96,5790.0,106.03,0.04632417741617059,0.2964060763245715,4.785800610914094,0.09840218402810509,0.09840218402810509,,0
2019-09-17,2019-09,108.15,108.37,108.03,108.13,6756.0,106.14,0.15734188076418076,0.3144363266438578,4.76494630795318,0.33439495942251385,0.33439495942251385,,0
2019-09-18,2019-09,108.11,108.27,108.09,108.2,4622.0,105.91,0.06471594549354007,0.1663585951940782,4.764485396933298,0.13973571059390524,0.13973571059390524,,0
2019-09-19,2019-09,108.44,108.47,107.79,108.05,8647.0,106.42,-0.1387283459486239,0.6293382693197526,4.827791089859107,-0.30004981166681294,0.30004981166681294,,0
2019-09-20,2019-09,108.07,108.08,107.78,107.93,5336.0,106.86,-0.11112141156399957,0.2779579356990615,4.835922294350611,-0.2401494887800972,0.2401494887800972,,0
2019-09-24,2019-09,107.61,107.69,107.48,107.6,4623.0,107.47,-0.3062221109571066,0.19516728624534738,4.990520855484841,-0.6647484314523185,0.6647484314523185,,0
2019-09-25,2019-09,107.18,107.43,107.0,107.29,7676.0,107.07,-0.28851990790290916,0.40078292478330396,3.922663226684516,-0.6273601998432453,0.6273601998432453,,0
2019-09-26,2019-09,107.71,107.77,107.6,107.69,5783.0,107.08,0.372128069213472,0.15786052558269265,4.051405763600775,0.8165394464786343,0.8165394464786343,,0
2019-09-27,2019-09,107.75,107.85,107.65,107.85,7044.0,106.97,0.14846434943758555,0.18544274455260884,4.041260871783681,0.32573745104674806,0.32573745104674806,,0
2019-09-30,2019-09,107.95,108.01,107.76,107.86,6216.0,106.94,0.009271707391559818,0.23178193955127016,3.9406907638025324,0.02067369779487785,0.02067369779487785,,0
2019-10-01,2019-10,108.06,108.43,108.05,108.35,5087.0,107.32,0.45326380732869914,0.3507152745731515,4.016423696953439,1.0107595231779036,1.0107595231779036,,0
2019-10-02,2019-10,107.75,107.88,107.55,107.68,4207.0,107.86,-0.6202862085950273,0.30646359583952293,4.604144968274347,-1.384910462305556,1.384910462305556,,0
2019-10-03,2019-10,107.17,107.29,106.97,107.23,6240.0,107.99,-0.41878056643633776,0.29842394852187576,4.7892779132403005,-0.9201050625277462,0.9201050625277462,,0
2019-10-04,2019-10,106.83,106.93,106.73,106.77,4910.0,107.84,-0.42990720418433137,0.18731853516905764,5.038379405630943,-0.9402508245940023,0.9402508245940023,,0
2019-10-07,2019-10,106.77,106.93,106.69,106.85,3096.0,107.62,0.07489935749456779,0.22461394478241375,4.964030130645874,0.16323825974378608,0.16323825974378608,,0
2019-10-08,2019-10,107.26,107.45,107.15,107.16,4661.0,107.85,0.2897062911251291,0.27995520716685063,4.830805577584487,0.6365779379940496,0.6365779379940496,,0
2019-10-09,2019-10,106.95,107.29,106.94,107.22,4605.0,107.32,0.055975372298365314,0.32643163588883467,4.833185813249491,0.12261131167172258,0.12261131167172258,,0
2019-10-10,2019-10,107.23,107.77,107.04,107.41,8246.0,106.52,0.17704892105640008,0.6796387673400892,4.723423722144604,0.39847008256644095,0.39847008256644095,,0
2019-10-11,2019-10,107.88,108.13,107.85,107.92,4760.0,105.89,0.47369242895447466,0.2594514455151975,4.758433008885805,1.0685712343761837,1.0685712343761837,,0
2019-10-15,2019-10,108.39,108.45,108.29,108.36,5198.0,105.37,0.40688053173938804,0.14765596160944683,4.9614988067972305,0.9115703259536263,0.9115703259536263,,0
2019-10-16,2019-10,108.81,108.86,108.6,108.65,6291.0,105.44,0.26726894855443395,0.23930050621261398,5.037966828066258,0.5954628564969138,0.5954628564969138,,0
2019-10-17,2019-10,108.68,108.85,108.65,108.84,5840.0,105.24,0.1747207212606927,0.18375597206908179,5.044082124511702,0.3918117134490285,0.3918117134490285,,0
2019-10-18,2019-10,108.6,108.68,108.51,108.65,4906.0,105.3,-0.17472072126069144,0.1564657156005538,5.095284655055016,-0.39166161658002363,0.39166161658002363,,0
2019-10-21,2019-10,108.41,108.58,108.29,108.57,3471.0,105.1,-0.07365804586780368,0.2671087777470683,5.073460491089404,-0.16511271746837333,0.16511271746837333,,0
2019-10-23,2019-10,108.49,108.5,108.25,108.38,5195.0,104.99,-0.1751556105792591,0.2306698652887987,5.101097043941545,-0.39327306883664326,0.39327306883664326,,0
2019-10-24,2019-10,108.64,108.75,108.57,108.7,4681.0,105.2,0.29482239891956047,0.16559337626495566,5.035778590173349,0.6611722654656984,0.6611722654656984,,0
2019-10-25,2019-10,108.61,108.71,108.6,108.62,5124.0,105.11,-0.07362415204645682,0.10127048425704237,4.899628755056586,-0.16453350333009306,0.16453350333009306,,0
2019-10-28,2019-10,108.75,108.79,108.68,108.74,4282.0,104.78,0.11041591110753121,0.10115872723928584,4.7658802072658775,0.24957579147325798,0.24957579147325798,,0
2019-10-29,2019-10,108.98,109.07,108.85,108.86,4330.0,104.81,0.11029412882794057,0.2020944332169749,4.757181054052751,0.24917389980442164,0.24917389980442164,,0
2019-10-30,2019-10,108.88,108.88,108.82,108.86,4023.0,104.71,0.0,0.05511666360463189,4.758259869659279,0.0,0.0,,0
2019-10-31,2019-10,108.8,108.88,108.59,108.61,8027.0,105.47,-0.22991687141093245,0.2670104041985011,4.59825548301917,-0.51932974086183,0.51932974086183,,0
2019-11-01,2019-11,108.01,108.06,107.89,107.96,6363.0,105.17,-0.6002696142140871,0.15746572804742656,4.562158224806511,-1.3703911958206774,1.3703911958206774,,0
2019-11-05,2019-11,108.71,108.84,108.54,108.79,6956.0,104.19,0.7658630283187428,0.2757606397646816,4.992794108032281,2.161351002383667,2.161351002383667,,0
2019-11-06,2019-11,109.15,109.18,108.92,108.98,5827.0,104.42,0.17449607219610727,0.23857588548357966,4.6347023214140215,0.5043322432366703,0.5043322432366703,,0
2019-11-07,2019-11,108.92,109.12,108.65,108.96,7043.0,104.02,-0.01835367537501752,0.4313509544787068,4.653832341104953,-0.05348014182216336,0.05348014182216336,,0
2019-11-08,2019-11,109.28,109.4,109.15,109.29,7067.0,104.24,0.30240572873799765,0.22874919937780216,4.6609916891272105,0.8818014683713946,0.8818014683713946,,0
2019-11-11,2019-11,109.2,109.25,108.92,108.96,4048.0,104.54,-0.30240572873799876,0.3028634361233465,4.873043102399523,-0.8807909493663828,0.8807909493663828,,0
2019-11-12,2019-11,109.05,109.29,108.99,109.24,4485.0,104.67,0.2566454204301988,0.2746246796045509,4.9020660842916675,0.7430769686939696,0.7430769686939696,,0
2019-11-13,2019-11,109.0,109.11,108.87,109.07,5570.0,104.98,-0.15574186648527694,0.22004217475015578,4.7458966378463385,-0.46945828568063314,0.46945828568063314,,0
2019-11-14,2019-11,108.8,108.86,108.62,108.75,4898.0,105.29,-0.293820797185806,0.22068965517240907,4.7044973490397,-0.9840000425547917,0.9840000425547917,,0
2019-11-15,2019-11,108.5,108.63,108.39,108.56,5086.0,104.76,-0.17486544421797065,0.22107590272659808,4.655262913016747,-0.5823450545713632,0.5823450545713632,,0
2019-11-18,2019-11,108.71,108.95,108.68,108.92,3984.0,104.95,0.33106522789451764,0.24788835842820053,4.7666818176629455,1.0991809276246287,1.0991809276246287,,0
2019-11-19,2019-11,108.68,108.7,108.47,108.67,5199.0,105.1,-0.22979007307986038,0.21164994938805923,4.797922788972579,-0.7593512100786457,0.7593512100786457,,0
2019-11-20,2019-11,108.48,108.59,108.36,108.44,7419.0,105.12,-0.2118742444295497,0.21209885651051638,4.851206188980794,-0.6956238936060205,0.6956238936060205,,0
2019-11-21,2019-11,108.48,108.67,108.28,108.58,5901.0,105.13,0.12902038468401508,0.3591821698286983,4.830637080949839,0.4213933225820582,0.4213933225820582,,0
2019-11-22,2019-11,108.58,108.71,108.57,108.61,4685.0,105.28,0.027625581463964523,0.12890157444065978,4.712783791273175,0.09027737709515646,0.09027737709515646,,0
2019-11-25,2019-11,108.73,108.89,108.65,108.84,4679.0,104.95,0.21154296231010003,0.22050716648290597,4.7654349372737785,0.6928261856773327,0.6928261856773327,,0
2019-11-26,2019-11,109.0,109.21,108.92,108.96,6016.0,104.8,0.11019284861565129,0.2661527165932379,4.765372734205227,0.38930061142548283,0.38930061142548283,,0
2019-11-27,2019-11,109.1,109.19,109.03,109.19,5635.0,104.37,0.21086416247726988,0.14653356534480869,4.8066096084270535,0.7448580682757567,0.7448580682757567,,0
2019-11-28,2019-11,109.38,109.56,109.34,109.42,6111.0,104.41,0.2104204609705017,0.20106013525863542,4.855605959102789,0.7415177756825122,0.7415177756825122,,0
2019-11-29,2019-11,109.52,109.6,109.45,109.5,5011.0,104.45,0.07308606208755203,0.13698630136985523,4.762305273618855,0.25928410382028766,0.25928410382028766,,0
2019-12-02,2019-12,109.54,109.73,109.49,109.6,4238.0,104.88,0.09128252573596816,0.21897810218978933,4.116471785319888,0.32781420790898136,0.32781420790898136,,0
2019-12-03,2019-12,109.02,109.21,108.95,109.1,6294.0,105.31,-0.45724816748900055,0.23831347387716856,3.6595872213501948,-1.6573839166117699,1.6573839166117699,,0
2019-12-04,2019-12,108.68,108.67,108.43,108.48,6846.0,104.98,-0.5699068646939645,0.2212389380530926,4.1484913225962305,-2.0288912644389887,2.0288912644389887,,0
2019-12-05,2019-12,108.84,108.93,108.78,108.89,5475.0,104.96,0.3772374165884046,0.13775369639085838,4.385255308381977,1.296973101823969,1.296973101823969,,0
2019-12-06,2019-12,108.73,108.78,108.66,108.67,4919.0,105.12,-0.20224312832093028,0.11042606055029405,4.2834742470669624,-0.6908527544321055,0.6908527544321055,,0
2019-12-09,2019-12,108.64,108.66,108.55,108.57,3756.0,105.16,-0.09206408309995148,0.10131712259371782,4.168577279947988,-0.31780432601102854,0.31780432601102854,,0
2019-12-10,2019-12,108.59,108.66,108.57,108.63,4452.0,104.93,0.055248620189883274,0.08285004142502385,4.052312939111979,0.1904755713132517,0.1904755713132517,,0
2019-12-11,2019-12,108.78,108.86,108.67,108.73,3733.0,105.0,0.09201325639986488,0.1747447806493127,4.044147263694122,0.3203795128770666,0.3203795128770666,,0
2019-12-12,2019-12,108.56,108.65,108.46,108.65,4711.0,103.81,-0.07360383072193853,0.174873446847687,3.916758046415705,-0.26111407675980525,0.26111407675980525,,0
2019-12-13,2019-12,109.4,109.66,108.84,109.63,7608.0,103.77,0.8979352984009867,0.7479704460457842,4.999702575621342,3.185116183693056,3.185116183693056,,1
2019-12-16,2019-12,109.39,109.44,109.3,109.41,3588.0,103.52,-0.2008766197750049,0.12795905310300756,4.958109197692554,-0.6602196355653087,0.6602196355653087,,0
2019-12-17,2019-12,109.58,109.62,109.49,109.6,4113.0,103.65,0.17350810252166926,0.11861313868614021,4.8922218853228365,0.5686155791034734,0.5686155791034734,,0
2019-12-18,2019-12,109.53,109.57,109.42,109.44,4141.0,103.65,-0.14609206396747598,0.13706140350876414,4.85224667296951,-0.47783650140605843,0.47783650140605843,,0
2019-12-19,2019-12,109.55,109.72,109.55,109.58,5518.0,103.8,0.1278422236029373,0.1551377988684082,4.8519807784875235,0.4180536931261287,0.4180536931261287,,0
2019-12-20,2019-12,109.39,109.4,109.26,109.37,4840.0,103.79,-0.1918246763135148,0.12800585169607806,4.924889151400456,-0.6276872746656985,0.6276872746656985,,0
2019-12-23,2019-12,109.5,109.54,109.37,109.4,3831.0,103.88,0.027426064074653294,0.15539305301645492,4.880448689118625,0.09026065353733356,0.09026065353733356,,0
2019-12-24,2019-12,109.4,109.45,109.37,109.4,3490.0,103.83,0.0,0.0731261425959765,4.870799083844959,0.0,0.0,,0
2019-12-25,2019-12,109.38,109.44,109.31,109.35,1514.0,103.75,-0.04571428651041394,0.11888431641517647,4.822463977071288,-0.1535516378136542,0.1535516378136542,,0
2019-12-26,2019-12,109.38,109.57,109.37,109.56,4529.0,103.5,0.1918597272100636,0.18254837531944929,4.812536138667137,0.6450864494560345,0.6450864494560345,,0
2019-12-27,2019-12,109.53,109.59,109.43,109.51,5623.0,103.5,-0.045647510720962126,0.14610537850424307,4.809166394782993,-0.1530731975046928,0.1530731975046928,,0
2019-12-30,2019-12,109.44,109.46,109.07,109.15,4743.0,103.9,-0.32927862917149187,0.35730645900137475,4.933904766917089,-1.123804174164822,1.123804174164822,,0
2020-01-06,2020-01,107.98,108.17,107.77,108.11,7014.0,104.4,-0.9573855691272901,0.3699935251133158,5.769614500237543,-3.364563990812655,3.364563990812655,,1
2020-01-07,2020-01,108.42,108.51,108.28,108.33,4722.0,104.31,0.2032896652796079,0.21231422505308223,5.483351018526006,0.6635448530283719,0.6635448530283719,,0
2020-01-08,2020-01,108.01,108.5,107.65,108.42,10323.0,103.66,0.08304498747161797,0.7839881940601312,5.306577646629245,0.2752546877890275,0.2752546877890275,,0
2020-01-09,2020-01,109.04,109.35,109.02,109.35,5686.0,103.18,0.854117329058465,0.30178326474622613,6.095818015281146,2.830758274135445,2.830758274135445,,0
2020-01-10,2020-01,109.5,109.6,109.46,109.57,5427.0,103.12,0.2009867294525132,0.12777220041982346,6.105976404349387,0.6310906878216507,0.6310906878216507,,0
2020-01-14,2020-01,110.02,110.21,109.92,109.99,7126.0,102.4,0.38258381517234225,0.26366033275751616,6.222113035889117,1.1985844308573745,1.1985844308573745,,0
2020-01-15,2020-01,109.86,110.01,109.82,109.91,5440.0,102.5,-0.07276034882162348,0.17286871076336272,6.239111817181654,-0.2260857437582353,0.2260857437582353,,0
2020-01-16,2020-01,109.88,109.99,109.86,109.98,4725.0,102.22,0.06366819988597983,0.11820330969266725,6.220884709172277,0.2008278170365425,0.2008278170365425,,0
2020-01-17,2020-01,110.18,110.3,110.16,110.21,4370.0,102.21,0.20891056237818084,0.1270302150440074,5.420459537077087,0.6670306275547621,0.6670306275547621,,0
2020-01-20,2020-01,110.19,110.22,110.09,110.13,2696.0,102.23,-0.0726150526597949,0.11804231362934302,5.368003166895228,-0.2323542110736359,0.2323542110736359,,0
2020-01-21,2020-01,110.18,110.23,109.89,109.98,6523.0,102.8,-0.1362955097183895,0.30914711765775904,5.372933947032903,-0.436669960251783,0.436669960251783,,0
2020-01-22,2020-01,109.92,110.1,109.83,110.01,5127.0,102.69,0.027273967167570138,0.24543223343332063,5.338135836916082,0.08748429791200409,0.08748429791200409,,0
2020-01-23,2020-01,109.74,109.85,109.51,109.61,5671.0,103.27,-0.3642659523712382,0.31019067603319883,5.497024098065859,-1.1693361061790213,1.1693361061790213,,0
2020-01-24,2020-01,109.57,109.57,109.44,109.55,5112.0,103.51,-0.05475451861565032,0.11866727521679184,5.454499160740381,-0.1741080335724764,0.1741080335724764,,0
2020-01-27,2020-01,108.8,109.12,108.73,109.06,6794.0,104.08,-0.4482876543559942,0.3576013203741065,5.688642478911613,-1.4344391925323834,1.4344391925323834,,0
2020-01-28,2020-01,108.94,109.1,108.83,109.08,4683.0,103.83,0.018336847947222894,0.2475247524752439,5.689680140811726,0.05766794689506455,0.05766794689506455,,0
2020-01-29,2020-01,109.14,109.27,109.05,109.1,5060.0,104.05,0.018333486163731767,0.20164986251145636,5.689583850551229,0.057709425272826964,0.057709425272826964,,0
2020-01-30,2020-01,109.0,109.06,108.81,108.87,5094.0,104.19,-0.21103829459363913,0.2296316708000367,5.678370460509609,-0.6649131755140909,0.6649131755140909,,0
2020-01-31,2020-01,108.9,109.14,108.88,109.04,6947.0,104.75,0.15602774951885032,0.238444607483497,5.716743989830941,0.48972824714453544,0.48972824714453544,,0
2020-02-03,2020-02,108.39,108.69,108.32,108.63,4711.0,105.06,-0.3767174942617781,0.3406057258584227,5.752982931469706,-1.1854966304247778,1.1854966304247778,,0
2020-02-04,2020-02,108.63,108.95,108.55,108.94,4784.0,104.04,0.28496595098688293,0.36717459151827214,4.666942377030467,0.9139670180499618,0.9139670180499618,,0
2020-02-05,2020-02,109.45,109.51,109.32,109.34,5718.0,103.69,0.3665021511324845,0.17376989207976215,4.778133868162106,1.2302416023870233,1.2302416023870233,,0
2020-02-06,2020-02,109.82,109.98,109.6,109.91,4980.0,103.65,0.5199555613955713,0.3457374215267125,5.065617426527494,1.728524247810487,1.728524247810487,,0
2020-02-07,2020-02,109.97,110.04,109.81,109.93,5780.0,104.26,0.018195050996353778,0.20922405166924765,4.127841829166387,0.0590697275556179,0.0590697275556179,,0
2020-02-10,2020-02,109.63,109.87,109.57,109.81,4793.0,104.15,-0.10921999811505514,0.2731991621892463,4.100653072883673,-0.3572781179639956,0.3572781179639956,,0
2020-02-12,2020-02,109.85,109.92,109.79,109.88,4216.0,103.68,0.06372616174511848,0.1183108846013792,3.8669098793610712,0.21006405741021164,0.21006405741021164,,0
2020-02-13,2020-02,109.87,110.09,109.72,109.73,4880.0,104.07,-0.1366058224365259,0.33719128770619206,3.888329411448533,-0.4527016922387698,0.4527016922387698,,0
2020-02-14,2020-02,109.78,109.91,109.74,109.79,5878.0,104.19,0.05466472439332853,0.1548410602058491,3.886253198993611,0.18125568327119618,0.18125568327119618,,0
2020-02-17,2020-02,109.79,109.86,109.72,109.87,2358.0,104.06,0.07283984661484398,0.12742331846728003,3.8145769784165986,0.24362614701784505,0.24362614701784505,,0
2020-02-18,2020-02,109.84,109.87,109.66,109.71,5637.0,104.34,-0.14573278833901357,0.19141372709872206,3.8378686643439464,-0.4890158390827951,0.4890158390827951,,0
2020-02-19,2020-02,109.92,110.15,109.85,110.12,5098.0,102.96,0.37301594450072295,0.2724300762804317,4.051467413678502,1.2605015240088802,1.2605015240088802,,0
2020-02-20,2020-02,111.21,111.85,111.12,111.69,13861.0,102.69,1.4156496278328705,0.6535947712418209,6.4398902532267295,4.753631044897594,4.753631044897594,,1
2020-02-21,2020-02,111.97,112.18,111.69,111.74,9260.0,103.07,0.044756747826746754,0.4385179881868705,6.229424278618681,0.12924123987848699,0.12924123987848699,,0
2020-02-25,2020-02,110.85,111.04,110.64,110.72,7311.0,104.42,-0.9170252161643281,0.3612716763005832,7.18522275498964,-2.6492468822637907,2.6492468822637907,,0
2020-02-26,2020-02,110.3,110.58,110.14,110.48,9486.0,104.32,-0.21699827683226933,0.39826212889210505,7.016068270751581,-0.5898609695673919,0.5898609695673919,,0
2020-02-27,2020-02,110.39,110.45,109.97,110.11,8663.0,104.81,-0.3354642975537011,0.435927708654985,7.158028325756612,-0.9103598572155239,0.9103598572155239,,0
2020-02-28,2020-02,109.63,109.68,108.8,108.84,12690.0,106.48,-1.1600952210454218,0.8085262771040148,8.344504146339766,-3.125005086949737,3.125005086949737,,1
2020-03-02,2020-03,107.69,108.55,107.37,108.45,9590.0,105.38,-0.3589676642162136,1.08805901337021,8.407602634837776,-0.8969966045629528,0.8969966045629528,,0
2020-03-03,2020-03,108.52,108.53,107.67,108.04,8339.0,106.49,-0.3787708348468547,0.7960014809329872,8.473717439380016,-0.9428419576063747,0.9428419576063747,,0
2020-03-04,2020-03,107.07,107.68,106.85,107.53,7817.0,105.83,-0.47316505219799265,0.7718776155491607,8.53035940611757,-1.1703776636274084,1.1703776636274084,,0
2020-03-05,2020-03,107.72,107.74,107.19,107.37,6798.0,107.18,-0.14890649563907213,0.5122473689112389,8.442366903672633,-0.3648387172333966,0.3648387172333966,,0
2020-03-06,2020-03,106.27,106.34,105.76,105.8,10710.0,107.88,-1.4730294021845156,0.5482041587901686,9.616903789484587,-3.640513072181918,3.640513072181918,,1
2020-03-09,2020-03,103.95,104.6,101.6,102.24,19829.0,111.16,-3.4227528794974362,2.9342723004694835,14.722802129730923,-7.772081161320124,7.772081161320124,警戒,1
2020-03-10,2020-03,103.09,105.02,102.04,103.85,11879.0,107.96,1.5624559692896656,2.8695233509869906,16.197847578911222,2.532487236861097,2.532487236861097,無秩序,0
2020-03-11,2020-03,105.03,105.39,104.12,105.03,10270.0,109.35,1.1298473312562773,1.2091783300009482,16.955098369154133,1.72958412586367,1.72958412586367,無秩序,0
2020-03-12,2020-03,104.54,104.8,103.1,103.67,10646.0,110.29,-1.3033246299663288,1.6398186553487053,17.339037250126246,-1.9408642157614175,1.9408642157614175,無秩序,0
2020-03-13,2020-03,104.67,106.0,104.5,105.84,8951.0,106.96,2.0715742471679626,1.417233560090703,19.264401761365054,3.0006771373672736,3.0006771373672736,無秩序,1
2020-03-16,2020-03,106.49,107.56,105.73,106.6,10659.0,109.34,0.7154991925043916,1.71669793621013,19.512597026884468,0.9618788308397739,0.9618788308397739,無秩序,0
2020-03-17,2020-03,106.23,107.19,105.9,106.87,7826.0,108.07,0.2529630805061283,1.2070740151585964,19.550004886085752,0.33715474257040057,0.33715474257040057,無秩序,0
2020-03-18,2020-03,107.38,107.57,106.76,107.42,6157.0,108.71,0.5133241940507849,0.7540495252280656,19.68623364075281,0.6924565805418874,0.6924565805418874,無秩序,0
2020-03-19,2020-03,108.37,109.56,108.0,109.16,11345.0,107.06,1.6068311362824488,1.4290949065591814,20.552103487415607,2.1584138138134734,2.1584138138134734,無秩序,0
2020-03-23,2020-03,110.4,111.24,109.67,110.24,7637.0,106.67,0.9845111425210678,1.424165457184319,20.20000648229814,1.272736098928802,1.272736098928802,無秩序,0
2020-03-24,2020-03,110.81,111.25,110.07,110.54,7665.0,105.96,0.2717639139768528,1.067486882576449,20.232461908707524,0.3467310072771778,0.3467310072771778,無秩序,0
2020-03-25,2020-03,111.12,111.49,110.76,111.47,7054.0,105.92,0.8378049996415091,0.6548847223468106,20.198504298048732,1.0681260862051822,1.0681260862051822,無秩序,0
2020-03-26,2020-03,110.85,111.24,110.37,110.48,7855.0,106.64,-0.8920987300495438,0.7874728457639304,20.450247717338822,-1.1277931788196538,1.1277931788196538,無秩序,0
2020-03-27,2020-03,109.15,109.51,108.24,108.91,7742.0,108.2,-1.4312656013441667,1.1661004499127814,21.04978855945889,-1.7891849472916999,1.7891849472916999,無秩序,0
2020-03-30,2020-03,107.46,108.24,107.15,107.99,5712.0,108.76,-0.8483222842926682,1.009352717844235,20.86090284335964,-1.0326500044798603,1.0326500044798603,無秩序,0
2020-03-31,2020-03,108.08,108.8,107.82,108.42,9175.0,108.87,0.3973943587523849,0.9038922707987493,20.8798920080986,0.47957593549708616,0.47957593549708616,無秩序,0
2020-04-01,2020-04,107.52,107.94,107.25,107.66,5832.0,109.87,-0.703446069938099,0.6409065576815881,20.98924327607091,-0.8475712781595569,0.8475712781595569,無秩序,0
2020-04-02,2020-04,107.29,107.57,107.12,107.29,3835.0,109.11,-0.3442664484156336,0.41942399105227757,20.957100669549792,-0.41246047154196336,0.41246047154196336,無秩序,0
2020-04-03,2020-04,108.03,108.3,107.81,108.23,4493.0,108.84,0.8723143658400209,0.4527395361729602,21.180401112367562,1.0449893160389796,1.0449893160389796,無秩序,0
2020-04-06,2020-04,108.72,109.38,108.43,109.18,4659.0,107.95,0.8739304046556521,0.8701227331012902,20.58699657593909,1.0482854805770125,1.0482854805770125,無秩序,0
2020-04-07,2020-04,109.13,109.26,108.68,108.88,3287.0,107.68,-0.27515380104010034,0.5326965466568684,15.803449262518484,-0.3272184955327488,0.3272184955327488,無秩序,0
2020-04-08,2020-04,108.68,109.0,108.51,108.84,4244.0,107.77,-0.03674444281650019,0.45020213156927125,15.134012169488765,-0.04365748691539177,0.04365748691539177,無秩序,0
2020-04-09,2020-04,108.94,109.06,108.84,108.94,3792.0,107.65,0.09183580404827889,0.20194602533504577,14.763661072409679,0.11007765615384402,0.11007765615384402,警戒,0
2020-04-10,2020-04,108.55,108.62,108.32,108.4,2195.0,107.57,-0.49691829499824963,0.27675276752768574,13.94168631739424,-0.5958696335336435,0.5958696335336435,警戒,0
2020-04-13,2020-04,108.34,108.52,107.79,107.89,2781.0,108.46,-0.47158994422971817,0.6766150709055425,12.29480978880776,-0.5650106698180967,0.5650106698180967,警戒,0
2020-04-14,2020-04,107.64,107.76,107.54,107.67,3642.0,108.77,-0.20411957356230728,0.2043280393795847,12.112144127003898,-0.24397678861395014,0.24397678861395014,警戒,0
2020-04-15,2020-04,107.12,107.38,106.93,107.36,4494.0,109.03,-0.2883320604253923,0.4191505216095274,12.1441625201244,-0.3445501177482613,0.3445501177482613,警戒,0
2020-04-16,2020-04,107.63,108.08,107.41,107.83,4717.0,108.85,0.436823967060922,0.6213484188073836,12.106162228698576,0.521993318546081,0.521993318546081,警戒,0
2020-04-17,2020-04,107.94,108.08,107.64,107.8,4248.0,108.96,-0.027825441908416355,0.4081632653061203,10.553630141565385,-0.03316023219256954,0.03316023219256954,,0
2020-04-20,2020-04,107.7,107.95,107.5,107.7,3288.0,108.99,-0.09280743125538599,0.4178272980501419,9.801878700114175,-0.11061459697047571,0.11061459697047571,,0
2020-04-21,2020-04,107.68,107.8,107.31,107.39,5090.0,109.16,-0.2882516292217768,0.4562808455163376,9.708755209691839,-0.34356069391369287,0.34356069391369287,,0
2020-04-22,2020-04,107.72,107.87,107.52,107.6,3567.0,109.14,0.19535798575589497,0.32527881040892986,9.095017631249084,0.23296716416913044,0.23296716416913044,,0
2020-04-23,2020-04,107.83,107.87,107.63,107.64,3070.0,109.24,0.03716781310211427,0.22296544035675317,8.71577173187174,0.044295828467844404,0.044295828467844404,,0
2020-04-24,2020-04,107.67,107.76,107.57,107.7,6015.0,109.33,0.05572583036378565,0.17641597028784767,7.246085715746026,0.06655277969352787,0.06655277969352787,,0
2020-04-27,2020-04,107.51,107.62,107.05,107.23,3875.0,109.48,-0.43735239302885404,0.5315676583045859,6.781948427400289,-0.5222977683453724,0.5222977683453724,,0
2020-04-28,2020-04,107.3,107.34,107.05,107.08,3753.0,109.78,-0.13998415799026054,0.27082555098991995,6.592821739010671,-0.16683408023734342,0.16683408023734342,,0
2020-04-30,2020-04,106.62,106.88,106.41,106.6,6341.0,108.83,-0.44927069204076864,0.4409005628517813,6.321052402528831,-0.5355788515509144,0.5355788515509144,,0
2020-05-01,2020-05,107.28,107.4,106.93,106.95,3627.0,109.25,0.32779237966705066,0.4394576905095828,6.355415275227498,0.39011610800521723,0.39011610800521723,,0
2020-05-07,2020-05,106.22,106.4,106.0,106.36,3151.0,110.26,-0.553186915359557,0.3760812335464514,5.692978189876328,-0.6582830735475376,0.6582830735475376,,0
2020-05-08,2020-05,106.38,106.45,106.23,106.38,3677.0,109.68,0.01880229393523688,0.2068057905621347,4.452327144794815,0.022329023629716845,0.022329023629716845,,0
2020-05-11,2020-05,106.93,107.24,106.68,107.18,4050.0,108.92,0.7492074752532852,0.5224855383466953,5.394230923759066,0.8914822548529144,0.8914822548529144,,0
2020-05-12,2020-05,107.6,107.68,107.35,107.56,3367.0,109.32,0.35391673339597457,0.30680550390480893,5.608502174773896,0.41956263365790775,0.41956263365790775,,0
2020-05-13,2020-05,107.18,107.27,107.0,107.06,3530.0,109.56,-0.46594064354287257,0.2521950308238334,5.756855497803088,-0.5513732141225115,0.5513732141225115,,0
2020-05-14,2020-05,106.93,107.05,106.78,106.87,3035.0,109.39,-0.1776282428429813,0.25264339852156453,5.563667807955258,-0.20975681163327753,0.20975681163327753,,0
2020-05-15,2020-05,107.36,107.43,107.09,107.1,3852.0,109.7,0.21498349168975628,0.31746031746032066,5.440545711381714,0.2538503582232484,0.2538503582232484,,0
2020-05-18,2020-05,107.22,107.28,107.07,107.18,1533.0,109.14,0.07466866130013326,0.19593207688002232,5.416740826118812,0.08810759739935481,0.08810759739935481,,0
2020-05-19,2020-05,107.39,107.53,107.3,107.42,3546.0,108.6,0.223672041060906,0.21411282815118599,5.388681955515729,0.2639156728651766,0.2639156728651766,,0
2020-05-20,2020-05,107.82,107.99,107.63,107.66,3481.0,108.52,0.22317286554979623,0.3343860300947422,5.210876032239613,0.2631515058751602,0.2631515058751602,,0
2020-05-21,2020-05,107.6,107.85,107.55,107.78,3756.0,108.6,0.11139993725394276,0.27834477639636035,5.227220649479427,0.1312723030623143,0.1312723030623143,,0
2020-05-22,2020-05,107.65,107.76,107.32,107.46,3824.0,108.89,-0.2973427204675344,0.40945468081147585,5.324420370435357,-0.35098156105994566,0.35098156105994566,,0
2020-05-25,2020-05,107.76,107.78,107.63,107.75,2083.0,108.83,0.2695043683181792,0.13921113689095654,5.307494473578383,0.3262638450524422,0.3262638450524422,,0
2020-05-26,2020-05,107.69,107.92,107.68,107.83,3135.0,108.59,0.0742183910123849,0.22257256793099778,5.270712459794791,0.08973934205974761,0.08973934205974761,,0
2020-05-27,2020-05,107.5,107.62,107.37,107.53,3896.0,108.62,-0.2786034491546066,0.23249325769552684,5.367948894651542,-0.339962382667128,0.339962382667128,,0
2020-05-28,2020-05,107.81,107.91,107.73,107.83,3383.0,108.44,0.2786034491546119,0.16692942594824503,5.458979325387828,0.3398550290525088,0.3398550290525088,,0
2020-05-29,2020-05,107.65,107.72,107.06,107.21,6655.0,108.06,-0.5766385025832664,0.6156142150918726,5.628773851863189,-0.7032878410946882,0.7032878410946882,,0
2020-06-01,2020-06,107.72,107.85,107.49,107.53,3379.0,107.94,0.2980350534286658,0.3347902910815581,5.699552368277646,0.36806101796745155,0.36806101796745155,,0
2020-06-02,2020-06,107.56,107.83,107.52,107.79,2961.0,106.47,0.24150113911021776,0.287596251971428,5.466324104167153,0.2982986416815468,0.2982986416815468,,0
2020-06-03,2020-06,108.83,108.84,108.42,108.75,6425.0,106.1,0.8866780175256405,0.3862068965517257,6.15248157514264,1.0962601666965943,1.0962601666965943,,0
2020-06-04,2020-06,109.0,109.15,108.8,109.07,5369.0,105.7,0.29382079718580534,0.32089483817732517,5.708639661403243,0.36074655436941333,0.36074655436941333,,0
2020-06-05,2020-06,109.15,109.43,109.05,109.38,5589.0,105.05,0.28381799779750977,0.34741268970562234,5.7202546774824485,0.34826856350613566,0.34826856350613566,,0
2020-06-08,2020-06,109.62,109.69,109.37,109.49,3909.0,105.96,0.1005162966706778,0.292264133710835,5.246353127819703,0.1270136823028717,0.1270136823028717,,0
2020-06-09,2020-06,108.41,108.54,107.8,107.93,6097.0,106.62,-1.4350352048078505,0.6856295747243667,7.490875748557194,-2.2202302551721464,2.2202302551721464,,0
2020-06-10,2020-06,107.8,107.87,107.29,107.34,4602.0,106.97,-0.5481502088572209,0.5403391093720871,7.566498756226027,-0.84545931249971,0.84545931249971,,0
2020-06-11,2020-06,107.0,107.23,106.9,106.94,5602.0,107.72,-0.373343722809733,0.30858425285206503,7.663192438097447,-0.5854497107954757,0.5854497107954757,,0
2020-06-12,2020-06,106.81,107.33,106.59,107.21,4756.0,107.33,0.252159834756293,0.6902341199514923,7.677936587170878,0.40967713212672674,0.40967713212672674,,0
2020-06-15,2020-06,107.32,107.56,107.0,107.36,3938.0,107.3,0.13981453552232842,0.5216095380029827,7.689235856894743,0.251337446614568,0.251337446614568,,0
2020-06-16,2020-06,107.49,107.63,107.24,107.33,3785.0,107.47,-0.02794727299386897,0.3633653219044075,7.647560128343549,-0.050903423545127925,0.050903423545127925,,0
2020-06-17,2020-06,107.4,107.43,107.17,107.35,3119.0,107.81,0.018632383135693726,0.24219841639497453,7.601230872980036,0.0339925493853208,0.0339925493853208,,0
2020-06-18,2020-06,106.88,107.05,106.7,106.97,3749.0,108.02,-0.35461030067504773,0.32719454052537567,7.678521635193575,-0.651744115039413,0.651744115039413,,0
2020-06-19,2020-06,107.01,107.05,106.79,106.97,3005.0,108.04,0.0,0.24305880153313164,7.617475449483411,0.0,0.0,,0
2020-06-22,2020-06,106.84,107.0,106.76,106.97,2473.0,107.76,0.0,0.22436197064597072,7.539964489979302,0.0,0.0,,0
2020-06-23,2020-06,106.9,107.22,106.74,107.1,4177.0,107.94,0.12145561356636443,0.44817927170868715,7.551006266796831,0.25124739918952094,0.25124739918952094,,0
2020-06-24,2020-06,106.42,106.64,106.39,106.6,5560.0,107.7,-0.4679465721958902,0.23452157598499063,7.661470658245485,-0.9963864488090433,0.9963864488090433,,0
2020-06-25,2020-06,107.03,107.25,107.02,107.11,3834.0,107.56,0.4772832044794245,0.21473251797218185,7.803377757447021,1.037338600361779,1.037338600361779,,0
2020-06-26,2020-06,107.16,107.23,106.95,106.99,3709.0,107.63,-0.11209716260231885,0.26170670156089465,7.544460125107494,-0.26156850903410284,0.26156850903410284,,0
2020-06-29,2020-06,107.23,107.38,107.04,107.2,3635.0,107.22,0.19608764861864303,0.31716417910446754,7.497738708219723,0.4725110928445685,0.4725110928445685,,0
2020-06-30,2020-06,107.59,107.79,107.55,107.73,7018.0,106.81,0.4931848269399659,0.22277917014759965,7.663494630771826,1.1958852349898825,1.1958852349898825,,0
2020-07-01,2020-07,107.99,108.16,107.55,107.57,3623.0,107.21,-0.14862984621872036,0.5670726038858414,6.914290088161415,-0.36460982541720277,0.36460982541720277,,0
2020-07-02,2020-07,107.37,107.55,107.34,107.48,3157.0,107.14,-0.08370146966234941,0.19538518794193685,6.790767520535036,-0.20635999463550936,0.20635999463550936,,0
2020-07-03,2020-07,107.5,107.57,107.44,107.49,2303.0,107.14,0.009303623768150597,0.1209414829286403,6.668031266530394,0.02389295334867827,0.02389295334867827,,0
2020-07-06,2020-07,107.6,107.77,107.55,107.6,2050.0,106.84,0.10228277427118947,0.2044609665427499,6.668693578119993,0.27520792654632686,0.27520792654632686,,0
2020-07-07,2020-07,107.36,107.63,107.25,107.64,3060.0,106.8,0.03716781310211427,0.3530286138981749,4.3748489499636305,0.10030164941812528,0.10030164941812528,,0
2020-07-08,2020-07,107.58,107.71,107.43,107.48,2812.0,106.79,-0.1487542111414608,0.26051358392257806,3.9350177454943442,-0.4013597879285851,0.4013597879285851,,0
2020-07-09,2020-07,107.29,107.36,107.18,107.25,2127.0,106.91,-0.21422259391641563,0.16783216783216093,3.7682936878913402,-0.5778658742840108,0.5778658742840108,,0
2020-07-10,2020-07,107.24,107.26,106.81,106.85,2825.0,107.21,-0.3736576042969733,0.42115114646701246,3.897312703615593,-1.0199410256206114,1.0199410256206114,,0
2020-07-13,2020-07,106.92,107.0,106.79,106.99,3103.0,106.8,0.13093903853586641,0.1962800261706643,3.8927062912488597,0.35921977683729767,0.35921977683729767,,0
2020-07-14,2020-07,107.29,107.36,107.12,107.27,2819.0,106.85,0.26136484588226855,0.22373450172461537,4.015693527390293,0.7177448115545876,0.7177448115545876,,0
2020-07-15,2020-07,107.25,107.31,106.95,107.02,3441.0,106.98,-0.23332877261793175,0.3363857222948976,4.096642546496599,-0.6410919381526915,0.6410919381526915,,0
2020-07-16,2020-07,106.91,107.03,106.84,106.96,3040.0,106.82,-0.05608000894708415,0.1776364996260263,3.9011758600964397,-0.15554191039044257,0.15554191039044257,,0
2020-07-17,2020-07,107.29,107.36,107.1,107.12,3342.0,106.97,0.14947685892295046,0.2427184466019465,3.9373280926713328,0.4145402302384477,0.4145402302384477,,0
2020-07-20,2020-07,107.11,107.57,107.03,107.17,6523.0,106.6,0.04666573419885515,0.5038723523374004,3.939710446211089,0.1292562944735557,0.1292562944735557,,0
2020-07-21,2020-07,107.19,107.36,107.13,107.33,2414.0,106.69,0.14918417685272842,0.21429236932824372,3.951388562634281,0.41529285667357957,0.41529285667357957,,0
2020-07-22,2020-07,106.83,106.94,106.72,106.92,5323.0,106.37,-0.38273092227147154,0.2057613168724269,3.8239965924615356,-1.0665703309353909,1.0665703309353909,,0
2020-07-27,2020-07,106.01,106.05,105.39,105.57,6226.0,107.7,-1.2706651269114801,0.6251776072747908,5.628934433027247,-3.5091342107000223,3.5091342107000223,,1
2020-07-28,2020-07,105.29,105.68,105.22,105.63,4156.0,108.11,0.05681818334672688,0.43548234403105934,5.645049778401068,0.14319957078743303,0.14319957078743303,,0
2020-07-29,2020-07,105.12,105.24,104.81,104.82,4967.0,108.07,-0.7697828461050624,0.4102270559053546,6.07934218466051,-1.9569378214286643,1.9569378214286643,,0
2020-07-30,2020-07,105.05,105.3,104.92,105.07,4958.0,108.23,0.23822013266636397,0.361663652802889,5.803680896063439,0.5886067461869878,0.5886067461869878,,0
2020-07-31,2020-07,104.7,104.83,104.2,104.45,9059.0,107.1,-0.5918306698108964,0.603159406414548,6.036175871500736,-1.4702654591472724,1.4702654591472724,,0
2020-08-03,2020-08,105.86,106.44,105.75,105.9,4558.0,107.07,1.3786764604786053,0.6515580736543888,8.11437273464688,3.3924379397104185,3.3924379397104185,,1
2020-08-04,2020-08,106.03,106.19,105.85,105.92,2900.0,107.16,0.01888395813372566,0.320996978851967,8.115749101718283,0.04290532407605732,0.04290532407605732,,0
2020-08-05,2020-08,105.63,105.79,105.51,105.68,3226.0,106.85,-0.22684319746281542,0.2649507948523856,8.105244846386231,-0.5153993151193557,0.5153993151193557,,0
2020-08-06,2020-08,105.56,105.64,105.4,105.63,2679.0,107.03,-0.0473238378999141,0.22720817949445699,8.093199142371763,-0.11015509579597221,0.11015509579597221,,0
2020-08-07,2020-08,105.58,105.64,105.48,105.6,3035.0,107.01,-0.028405056290973996,0.15151515151514827,8.09372398156603,-0.06656134890303743,0.06656134890303743,,0
2020-08-11,2020-08,106.0,106.23,105.95,106.13,3170.0,106.35,0.5006386501570121,0.2638273815132396,8.340155307407079,1.1838271833295342,1.1838271833295342,,0
2020-08-12,2020-08,106.49,106.82,106.44,106.79,3837.0,105.79,0.619953140972288,0.3558385616630728,8.575121493342447,1.4494042285464115,1.4494042285464115,,0
2020-08-13,2020-08,106.84,106.87,106.57,106.64,3598.0,105.74,-0.1405613313000617,0.28132033008253127,8.573111965155727,-0.32349623658700577,0.32349623658700577,,0
2020-08-14,2020-08,106.99,107.04,106.73,106.76,3129.0,106.07,0.1124648665870261,0.2903709254402419,8.525289702752072,0.2587018155525599,0.2587018155525599,,0
2020-08-17,2020-08,106.57,106.65,106.41,106.49,2295.0,106.53,-0.2532240509031119,0.22537327448587577,8.53206395460982,-0.5835221841430132,0.5835221841430132,,0
2020-08-18,2020-08,106.01,106.05,105.41,105.53,4423.0,106.87,-0.9055811344293501,0.6064626172652332,9.088084326611062,-2.0867248612189973,2.0867248612189973,,0
2020-08-19,2020-08,105.25,105.6,105.1,105.43,3941.0,106.36,-0.0948047094140456,0.4742483164184767,9.052098289387978,-0.21140846813228495,0.21140846813228495,,0
2020-08-20,2020-08,106.08,106.21,105.96,106.03,3440.0,106.62,0.5674847348848543,0.23578232575686126,9.332816635566871,1.2689819574639043,1.2689819574639043,,0
2020-08-21,2020-08,105.68,105.78,105.47,105.52,2766.0,106.87,-0.48215645286477615,0.29378316906747753,9.419650250888214,-1.066185035773154,1.066185035773154,,0
2020-08-24,2020-08,105.88,105.94,105.69,105.86,1921.0,106.62,0.3216958020782466,0.23616096731532213,9.456188965672563,0.7057688391234218,0.7057688391234218,,0
2020-08-25,2020-08,106.01,106.21,105.87,106.19,4511.0,106.03,0.311247598591274,0.3201808079856759,8.349894767757172,0.68109311245933,0.68109311245933,,0
2020-08-26,2020-08,106.4,106.56,106.25,106.31,4192.0,106.26,0.11294118847597029,0.29160003762581344,8.354724969949503,0.24693581831364048,0.24693581831364048,,0
2020-08-27,2020-08,105.87,106.07,105.8,106.01,3717.0,105.77,-0.2825925015507527,0.2546929534949496,7.901219445639665,-0.6253163011873528,0.6253163011873528,,0
2020-08-28,2020-08,106.66,106.94,106.0,106.07,6853.0,106.41,0.056582423237254466,0.8862072216460806,7.872048148286916,0.12536556038552127,0.12536556038552127,,0
2020-08-31,2020-08,105.53,105.83,105.29,105.83,5290.0,105.83,-0.226522041174567,0.5102522914107456,7.5800165252339164,-0.5032398748383617,0.5032398748383617,,0
2020-09-01,2020-09,106.0,106.02,105.6,105.66,4028.0,105.69,-0.160764136946338,0.3975014196479289,5.804985568801089,-0.3699911734691111,0.3699911734691111,,0
2020-09-02,2020-09,105.9,106.13,105.86,106.07,2886.0,105.73,0.3872861781208959,0.2545488828132328,5.975226622498734,0.8955589537794809,0.8955589537794809,,0
2020-09-03,2020-09,106.21,106.33,106.19,106.22,2760.0,105.82,0.1413161476874402,0.1318019205422713,5.926780021753094,0.32559749528322346,0.32559749528322346,,0
2020-09-04,2020-09,106.09,106.22,106.06,106.17,4176.0,105.73,-0.047083196877141985,0.1507017048130325,5.926740875188189,-0.10841303317191471,0.10841303317191471,,0
2020-09-07,2020-09,106.32,106.39,106.16,106.2,1554.0,105.73,0.028252578235671934,0.2165725047081017,5.923317981690654,0.07162796468141588,0.07162796468141588,,0
2020-09-08,2020-09,106.31,106.31,106.21,106.27,2367.0,106.26,0.06589165767652114,0.09409993413005414,5.658654282837331,0.16960016103175193,0.16960016103175193,,0
2020-09-09,2020-09,105.97,106.03,105.79,105.94,2837.0,105.85,-0.31101292682231857,0.22654332641117134,5.271975893041498,-0.8060928953462116,0.8060928953462116,,0
2020-09-10,2020-09,106.24,106.3,106.03,106.06,2057.0,106.02,0.11320755926032626,0.254572883273615,5.284688175254758,0.2931469470588856,0.2931469470588856,,0
2020-09-11,2020-09,106.16,106.26,106.08,106.24,2458.0,105.89,0.16957140191397846,0.1694277108433799,5.308548902184631,0.4392938861220175,0.4392938861220175,,0
2020-09-14,2020-09,106.15,106.17,105.95,105.98,2620.0,106.08,-0.24502886635075902,0.20758633704472435,5.303941640831492,-0.6335027815512593,0.6335027815512593,,0
2020-09-15,2020-09,105.73,105.76,105.6,105.75,3776.0,106.15,-0.21725791382287402,0.1513002364066296,4.243240764205599,-0.5601327624650448,0.5601327624650448,,0
2020-09-16,2020-09,105.41,105.42,105.24,105.25,3603.0,106.44,-0.4739345363896559,0.1710213776722155,4.568847996837747,-1.2269491009717568,1.2269491009717568,,0
2020-09-17,2020-09,105.06,105.18,104.69,104.77,4223.0,106.64,-0.45710011976173226,0.4676911329579165,4.294875740691461,-1.1699707478443289,1.1699707478443289,,0
2020-09-18,2020-09,104.71,104.87,104.55,104.58,4511.0,106.83,-0.18151426048889463,0.30598584815452995,4.026951639116339,-0.4600013885008466,0.4600013885008466,,0
2020-09-23,2020-09,105.06,105.2,104.94,104.98,2941.0,107.0,0.38175270641691783,0.24766622213755488,4.10433327644848,0.9676820100000073,0.9676820100000073,,0
2020-09-24,2020-09,105.32,105.47,105.22,105.31,3906.0,107.15,0.31385255683521074,0.23739435951001803,4.107314017024738,0.7963396361868533,0.7963396361868533,,0
2020-09-25,2020-09,105.44,105.56,105.25,105.39,3900.0,107.07,0.0759373553339467,0.2941455546067011,4.090914313954102,0.1941443901000621,0.1941443901000621,,0
2020-09-28,2020-09,105.59,105.62,105.26,105.35,4000.0,106.98,-0.03796146956474117,0.3417180825818694,3.992222008654294,-0.09703638429935156,0.09703638429935156,,0
2020-09-29,2020-09,105.45,105.7,105.35,105.56,4510.0,106.61,0.1991371384925447,0.33156498673740864,4.065210548601219,0.5104366056500387,0.5104366056500387,,0
2020-09-30,2020-09,105.68,105.8,105.44,105.62,4831.0,106.57,0.05682356436638793,0.34084453701950335,4.002010418233603,0.1474876763073816,0.1474876763073816,,0
2020-10-01,2020-10,105.46,105.55,105.41,105.54,2727.0,106.38,-0.07577193012652828,0.13265112753458458,3.970774334172104,-0.19673210774974728,0.19673210774974728,,0
2020-10-02,2020-10,105.56,105.66,104.95,105.18,3371.0,106.72,-0.3416859816323681,0.6750332762882618,3.8553719862621127,-0.8871835083247533,0.8871835083247533,,0
2020-10-05,2020-10,105.52,105.64,105.43,105.61,2415.0,105.97,0.40798955971849543,0.1988448063630279,4.1300864934287755,1.053737897586169,1.053737897586169,,0
2020-10-06,2020-10,105.72,105.78,105.62,105.65,2513.0,106.28,0.037868030368268316,0.15144344533837822,4.136101733356616,0.09684203354938133,0.09684203354938133,,0
2020-10-07,2020-10,105.64,105.94,105.61,105.87,2578.0,105.78,0.20801822932225664,0.3117030320204008,4.215009082726761,0.5319738271449969,0.5319738271449969,,0
2020-10-08,2020-10,105.98,106.11,105.94,105.99,2603.0,105.69,0.11328236838750194,0.16039248985753535,4.2304838674048755,0.2890423060599213,0.2890423060599213,,0
2020-10-09,2020-10,106.03,106.04,105.81,105.94,3064.0,105.21,-0.04718539227829239,0.2171040211440476,4.085309070839163,-0.1205167068955686,0.1205167068955686,,0
2020-10-12,2020-10,105.63,105.73,105.44,105.56,2298.0,105.91,-0.35933844812572896,0.27472527472528063,4.252561678993926,-0.9242668213467231,0.9242668213467231,,0
2020-10-13,2020-10,105.35,105.48,105.29,105.48,1870.0,105.98,-0.07581501500373616,0.18012893439514382,4.193496742178316,-0.19398678728928828,0.19398678728928828,,0
2020-10-14,2020-10,105.47,105.51,105.31,105.44,2358.0,106.09,-0.03792907308888687,0.18968133535660361,4.120308879042394,-0.09747993714547983,0.09747993714547983,,0
2020-10-15,2020-10,105.14,105.32,105.12,105.22,2936.0,106.02,-0.20886744515359462,0.19007793195208955,4.115235393787617,-0.5380886141739119,0.5380886141739119,,0
2020-10-16,2020-10,105.37,105.43,105.19,105.31,2721.0,105.85,0.08549850898446969,0.22789858512962594,3.7707140977516747,0.21986128390561943,0.21986128390561943,,0
2020-10-19,2020-10,105.44,105.5,105.35,105.4,2920.0,105.6,0.08542547147561352,0.14231499051233934,3.3626869387110347,0.21990279265604157,0.21990279265604157,,0
2020-10-20,2020-10,105.46,105.61,105.44,105.55,3451.0,105.38,0.1422138187067481,0.16106110847939528,3.288162130479021,0.36593780518594876,0.36593780518594876,,0
2020-10-21,2020-10,105.48,105.52,105.02,105.02,3521.0,105.97,-0.503396608461638,0.47609979051609225,3.5783229132295244,-1.2954919525953887,1.2954919525953887,,0
2020-10-22,2020-10,104.68,104.75,104.48,104.55,3335.0,106.01,-0.44853823350705874,0.25824964131993877,3.717440569707098,-1.1478919363111417,1.1478919363111417,,0
2020-10-23,2020-10,104.91,104.93,104.65,104.69,4643.0,106.05,0.13381764566211113,0.2674562995510566,3.7461672247591062,0.372044395566267,0.372044395566267,,0
2020-10-26,2020-10,104.7,104.97,104.66,104.88,2754.0,106.2,0.1813237124180722,0.2955758962623973,3.8226506734902665,0.5035595638309376,0.5035595638309376,,0
2020-10-27,2020-10,104.83,104.89,104.68,104.84,2560.0,106.58,-0.038146100023875355,0.20030522701258466,3.7320160518399237,-0.10993568604356857,0.10993568604356857,,0
2020-10-28,2020-10,104.55,104.56,104.16,104.22,3905.0,107.1,-0.5931328974137038,0.3838034926117882,4.204883069116863,-1.716170441393433,1.716170441393433,,0
2020-10-29,2020-10,104.32,104.5,104.27,104.29,4520.0,106.85,0.06714306520530718,0.22053888196375873,4.231320257637813,0.1942505791952868,0.1942505791952868,,0
2020-10-30,2020-10,104.56,104.63,104.13,104.36,7616.0,106.69,0.06709801354062042,0.4791107704101188,4.117096263231302,0.22789487030627736,0.22789487030627736,,0
2020-11-02,2020-11,104.58,104.85,104.57,104.85,2633.0,106.61,0.46842970794011873,0.2670481640438733,4.2087244727952955,1.5899761100268894,1.5899761100268894,,0
2020-11-04,2020-11,104.55,105.35,104.37,104.88,4632.0,106.21,0.028608210751539437,0.9344012204424006,4.206693540904197,0.09531263718549603,0.09531263718549603,,0
2020-11-05,2020-11,104.44,104.5,104.23,104.31,4042.0,106.54,-0.5449604767564591,0.25884383088869334,4.467073445841602,-1.8155376021854914,1.8155376021854914,,0
2020-11-06,2020-11,103.61,103.76,103.36,103.43,5143.0,106.58,-0.8472179298167432,0.386734989848212,5.177029835211858,-2.7511209396236147,2.7511209396236147,,0
2020-11-09,2020-11,103.26,103.57,103.2,103.51,4343.0,104.6,0.07731710059465412,0.3574533861462567,5.2196601086481,0.24291950833899253,0.24291950833899253,,0
2020-11-10,2020-11,105.14,105.37,104.83,105.05,7341.0,104.6,1.476820089535052,0.5140409328891064,7.607525524419184,4.816400549506844,4.816400549506844,,1
2020-11-11,2020-11,105.26,105.43,105.01,105.4,3875.0,104.61,0.3326208816252597,0.39848197343453673,7.708263725511161,0.9128824721911519,0.9128824721911519,,0
2020-11-12,2020-11,105.42,105.48,105.14,105.28,4030.0,104.79,-0.11391685302549555,0.32294832826748043,7.717440628503073,-0.31050897709558917,0.31050897709558917,,0
2020-11-13,2020-11,105.1,105.13,104.86,105.07,3319.0,105.11,-0.19966728763232627,0.2569715427809994,7.714326676938106,-0.5458097514593235,0.5458097514593235,,0
2020-11-16,2020-11,104.67,104.72,104.43,104.45,2558.0,104.94,-0.5918306698108964,0.277644806127326,7.976658691602025,-1.7019967963676028,1.7019967963676028,,0
2020-11-17,2020-11,104.53,104.6,104.43,104.48,2725.0,105.15,0.028717752554623464,0.16271056661560823,7.967272319278251,0.0807411031581413,0.0807411031581413,,0
2020-11-18,2020-11,104.18,104.19,103.85,103.89,3967.0,105.53,-0.5663018445680709,0.3272692270670935,8.142843592177886,-1.6300552972540931,1.6300552972540931,,0
2020-11-19,2020-11,103.9,103.98,103.72,103.83,4120.0,105.77,-0.057770076707770485,0.2504093229317202,7.987140187101073,-0.1653147447384408,0.1653147447384408,,0
2020-11-20,2020-11,103.81,103.91,103.75,103.87,3731.0,105.55,0.038517092435743486,0.15403870222393046,7.856497967217611,0.11116752477190885,0.11116752477190885,,0
2020-11-24,2020-11,104.53,104.65,104.35,104.47,3536.0,105.0,0.5759831609696598,0.2871637790753435,8.132663659431575,1.6759652639691633,1.6759652639691633,,0
2020-11-25,2020-11,104.51,104.6,104.43,104.48,3190.0,104.79,0.009571667870447878,0.16271056661560823,8.101720827292128,0.027177886665979933,0.027177886665979933,,0
2020-11-26,2020-11,104.4,104.42,104.26,104.33,2492.0,104.97,-0.1436713048242952,0.15335953225342336,8.113660446850146,-0.4097425671827658,0.4097425671827658,,0
2020-11-27,2020-11,104.26,104.27,103.9,104.08,3369.0,105.1,-0.23991182756281387,0.3554957724826963,7.878739030510074,-0.6838821143327587,0.6838821143327587,,0
2020-11-30,2020-11,104.09,104.16,103.84,104.03,4145.0,105.02,-0.048051512144599344,0.3076035758915632,7.875025226721304,-0.13692164167038273,0.13692164167038273,,0
2020-12-01,2020-12,104.3,104.46,104.25,104.34,2683.0,104.61,0.2975478511442792,0.20126509488211014,7.948058647789641,0.8488773545988055,0.8488773545988055,,0
2020-12-02,2020-12,104.3,104.58,104.23,104.57,3401.0,104.37,0.22019060162505802,0.3347040260112789,7.80110396754212,0.6310740326437908,0.6310740326437908,,0
2020-12-03,2020-12,104.45,104.53,104.29,104.32,2598.0,104.64,-0.23936054321545586,0.23006134969324665,7.839872580297704,-0.6844579114567179,0.6844579114567179,,0
2020-12-04,2020-12,103.84,103.99,103.74,103.9,3388.0,104.19,-0.40342000731610206,0.2406159769008662,7.731135188112526,-1.1500552868146763,1.1500552868146763,,0
2020-12-07,2020-12,104.21,104.22,103.95,104.13,2981.0,104.33,0.22112204366228388,0.25929127052722173,7.12040002718495,0.6246475840298314,0.6246475840298314,,0
2020-12-08,2020-12,104.01,104.13,103.96,104.08,2297.0,104.2,-0.048028433755477246,0.16333589546502852,7.1241224548617295,-0.13516929224549679,0.13516929224549679,,0
2020-12-09,2020-12,104.14,104.24,104.1,104.23,2769.0,104.22,0.14401615469811233,0.13431833445265334,4.679107031627251,0.4074450422481627,0.4074450422481627,,0
2020-12-10,2020-12,104.29,104.5,104.25,104.49,3592.0,104.11,0.2491377294788399,0.23925734520049766,4.599836900942559,0.7043863686928961,0.7043863686928961,,0
2020-12-11,2020-12,104.18,104.26,103.93,104.07,4157.0,104.44,-0.4027623396251515,0.31709426347650455,4.769735257960526,-1.135822051397572,1.135822051397572,,0
2020-12-14,2020-12,103.98,104.06,103.86,103.92,3674.0,104.35,-0.14423772874238386,0.19245573518091114,4.751893477536315,-0.4042352843184568,0.4042352843184568,,0
2020-12-15,2020-12,104.02,104.15,104.0,104.07,4186.0,104.56,0.1442377287423845,0.1441337561256901,4.350395647728895,0.4048301250060591,0.4048301250060591,,0
2020-12-16,2020-12,103.65,103.72,103.41,103.45,3911.0,104.64,-0.5975345458215902,0.29966167230546376,4.804972598781679,-1.6969436192230112,1.6969436192230112,,0
2020-12-17,2020-12,103.48,103.56,103.15,103.19,4183.0,104.79,-0.25164550639291555,0.39732532222114214,4.47459461971936,-0.707789916627372,0.707789916627372,,0
2020-12-18,2020-12,103.16,103.48,103.09,103.47,5012.0,104.71,0.2709766489236366,0.37692084662220987,4.601601395336126,0.760768832257305,0.760768832257305,,0
2020-12-21,2020-12,103.49,103.64,103.26,103.6,3581.0,104.92,0.12556142085234884,0.3667953667953624,4.625930662045895,0.3543526098327746,0.3543526098327746,,0
2020-12-22,2020-12,103.35,103.47,103.29,103.42,2819.0,104.84,-0.17389628573071836,0.17404757300328041,4.094923377181506,-0.49385099366806023,0.49385099366806023,,0
2020-12-23,2020-12,103.52,103.65,103.36,103.36,3169.0,104.77,-0.05803269337836667,0.2805727554179627,4.088794869773211,-0.1646977475972136,0.1646977475972136,,0
2020-12-24,2020-12,103.53,103.62,103.51,103.57,3138.0,104.53,0.20296725664956905,0.10620836149464077,4.172131075198663,0.5759985928664522,0.5759985928664522,,0
2020-12-25,2020-12,103.64,103.67,103.46,103.53,1343.0,104.79,-0.038628682276564456,0.20283975659229977,4.1026075543379825,-0.10961058127904315,0.10961058127904315,,0
2020-12-28,2020-12,103.52,103.62,103.41,103.47,3316.0,104.36,-0.057971016116255734,0.20295737895042812,4.103449943585673,-0.1645845405449865,0.1645845405449865,,0
2020-12-29,2020-12,103.7,103.8,103.62,103.69,2996.0,104.44,0.21239629533276513,0.17359436782717003,4.024501668222035,0.6030602029017402,0.6030602029017402,,0
2020-12-30,2020-12,103.56,103.58,103.26,103.33,3972.0,104.61,-0.3477928343923269,0.3096874092712602,4.05871574814937,-0.9902149899834035,0.9902149899834035,,0
2021-01-04,2021-01,103.25,103.31,102.85,102.92,2930.0,104.35,-0.397576281272009,0.44694908666926536,4.1884155899213935,-1.1390955929232514,1.1390955929232514,,0
2021-01-05,2021-01,103.14,103.18,102.88,102.94,3289.0,104.62,0.01943068110650703,0.29143190207889197,4.0035556938385595,0.05520506271907292,0.05520506271907292,,0
2021-01-06,2021-01,102.69,102.87,102.6,102.75,3693.0,104.27,-0.18474408482644689,0.2627737226277472,3.901756560498315,-0.5270473442800143,0.5270473442800143,,0
2021-01-07,2021-01,103.03,103.37,102.95,103.37,4505.0,103.87,0.601593120404939,0.40630743929573543,4.567588619522216,1.7172108770711298,1.7172108770711298,,0
2021-01-08,2021-01,103.81,104.0,103.77,103.98,5024.0,103.79,0.5883788375176207,0.22119638391998844,5.044980157733541,1.6328263607010551,1.6328263607010551,,0
2021-01-12,2021-01,104.14,104.32,104.11,104.16,3682.0,103.89,0.17296055046893521,0.20161290322580047,4.999724668417936,0.47145908287876953,0.47145908287876953,,0
2021-01-13,2021-01,103.75,103.8,103.53,103.69,3033.0,103.91,-0.45224998900723423,0.2603915517407619,5.0533215493224235,-1.229994096062859,1.229994096062859,,0
2021-01-14,2021-01,103.84,104.2,103.79,104.04,3740.0,103.94,0.33697620102639775,0.39407920030757077,5.181322591566861,0.9061546038677878,0.9061546038677878,,0
2021-01-15,2021-01,103.84,103.85,103.65,103.7,3091.0,104.17,-0.32733253449691374,0.19286403085823398,5.283557655997357,-0.8751201076955759,0.8751201076955759,,0
2021-01-18,2021-01,103.92,103.93,103.7,103.76,3480.0,104.45,0.057842477270677706,0.2216653816499653,4.821776684083498,0.15388367199060288,0.15388367199060288,,0
2021-01-19,2021-01,103.71,104.08,103.66,104.0,4186.0,104.01,0.2310359133184085,0.4038461538461555,4.771952837932745,0.6148446020282572,0.6148446020282572,,0
2021-01-20,2021-01,103.91,103.93,103.72,103.75,3466.0,104.23,-0.24067400305649764,0.20240963855422453,4.787785847365114,-0.6390509806406574,0.6390509806406574,,0
2021-01-21,2021-01,103.56,103.67,103.33,103.53,3633.0,104.14,-0.21227333327859602,0.32840722495895236,4.832890476273405,-0.5699294146642274,0.5699294146642274,,0
2021-01-22,2021-01,103.51,103.69,103.49,103.68,4003.0,104.09,0.14478068259428453,0.19290123456790395,4.8161176993373696,0.3922695459023135,0.3922695459023135,,0
2021-01-25,2021-01,103.79,103.89,103.68,103.71,3211.0,104.19,0.028930999767808014,0.202487706103552,4.809100488391925,0.07836917745225443,0.07836917745225443,,0
2021-01-26,2021-01,103.76,103.83,103.66,103.81,2053.0,104.14,0.09637626035111535,0.16376071669396175,4.769120711521201,0.2616754815304872,0.2616754815304872,,0
2021-01-27,2021-01,103.6,103.75,103.59,103.68,2732.0,103.96,-0.12530726011894527,0.15432098765431768,4.791096448507087,-0.33996062958645595,0.33996062958645595,,0
2021-01-28,2021-01,104.15,104.37,104.07,104.31,5558.0,103.62,0.605800208391511,0.28760425654300775,5.230476805384547,1.6778429250840885,1.6778429250840885,,0
2021-01-29,2021-01,104.31,104.57,104.21,104.55,7237.0,103.04,0.22981911867627097,0.3443328550932563,5.238433928769823,0.6218519543419723,0.6218519543419723,,0
2021-02-01,2021-02,104.71,104.82,104.61,104.75,2985.0,103.14,0.19111329276045666,0.20047732696896778,5.053547283673474,0.5155945544856424,0.5155945544856424,,0
2021-02-02,2021-02,104.89,105.03,104.83,104.99,3261.0,103.0,0.22885487246027017,0.19049433279360212,4.768887390456661,0.6244854195778721,0.6244854195778721,,0
2021-02-03,2021-02,105.03,105.09,104.92,105.06,4163.0,102.98,0.06665079989655535,0.16181229773462943,4.761303036206653,0.18128424075554997,0.18128424075554997,,0
2021-02-04,2021-02,105.0,105.26,104.98,105.2,3614.0,102.73,0.13316847777940188,0.26615969581749155,4.639607786806999,0.36923921782678143,0.36923921782678143,,0
2021-02-05,2021-02,105.58,105.72,105.45,105.5,4762.0,102.62,0.28476526125116974,0.25592417061611,4.327239661737084,0.830605976515069,0.830605976515069,,0
2021-02-08,2021-02,105.4,105.54,105.35,105.49,3434.0,102.66,-0.009479122240382417,0.18011185894398707,3.9388961015284356,-0.027524716361713397,0.027524716361713397,,0
2021-02-09,2021-02,105.21,105.26,104.75,104.78,4061.0,102.98,-0.6753247713643638,0.48673410956289853,4.723546062905952,-2.3495836570824404,2.3495836570824404,,0
2021-02-10,2021-02,104.58,104.71,104.51,104.52,3649.0,103.08,-0.2484473327661945,0.19135093761958347,4.497765140473787,-0.8355347114361462,0.8355347114361462,,0
2021-02-12,2021-02,104.76,104.94,104.74,104.93,5063.0,102.67,0.3915020517408057,0.190603259315737,4.549405054474387,1.310889205115883,1.310889205115883,,0
2021-02-15,2021-02,105.07,105.21,104.95,105.18,3017.0,102.16,0.23797069913784266,0.24719528427456827,4.37909780183566,0.787742793548368,0.787742793548368,,0
2021-02-16,2021-02,105.39,105.63,105.34,105.49,4550.0,101.67,0.2942993532519079,0.27490757417763967,4.449647899272924,1.002674572989857,1.002674572989857,,0
2021-02-17,2021-02,106.12,106.22,105.84,106.03,5508.0,101.99,0.5105911243989479,0.35838913515042486,4.678058160029688,1.7263078102315883,1.7263078102315883,,0
2021-02-18,2021-02,105.86,105.92,105.7,105.82,5035.0,102.22,-0.1982535461721208,0.20790020790020683,4.639754142591259,-0.6778127634080373,0.6778127634080373,,0
2021-02-19,2021-02,105.66,105.74,105.55,105.6,3541.0,102.19,-0.20811662038245116,0.1799242424242403,4.63608014416422,-0.7083701382507106,0.7083701382507106,,0
2021-02-22,2021-02,105.54,105.82,105.43,105.82,4078.0,102.62,0.20811662038244494,0.36855036855035567,4.64980898837825,0.7044783611284041,0.7044783611284041,,0
2021-02-24,2021-02,105.3,105.57,105.19,105.57,4866.0,101.72,-0.2365297474382176,0.3599507435824528,4.798357512697879,-0.8225499437073375,0.8225499437073375,,0
2021-02-25,2021-02,105.96,106.13,105.84,106.01,5475.0,101.68,0.4159189283402991,0.2735590981982757,4.937037859772461,1.43679416952275,1.43679416952275,,0
2021-02-26,2021-02,106.39,106.43,105.85,106.09,6896.0,101.75,0.07543611861737849,0.5467056272975893,4.863793084166665,0.2572910804730761,0.2572910804730761,,0
2021-03-01,2021-03,106.48,106.7,106.37,106.6,3982.0,101.45,0.4795721260563942,0.309568480300186,4.71312082700786,1.6471416998117543,1.6471416998117543,,0
2021-03-02,2021-03,106.85,106.93,106.73,106.85,3556.0,101.52,0.2342470033412361,0.1871782873186737,4.714657463932396,0.7897322205644898,0.7897322205644898,,0
2021-03-03,2021-03,106.76,106.9,106.7,106.82,2591.0,101.3,-0.0280806853532414,0.18723085564501296,4.7280849864916465,-0.09493195269666559,0.09493195269666559,,0
2021-03-04,2021-03,107.08,107.17,106.97,107.16,3540.0,100.69,0.31778697647837,0.18663680477790487,4.771111214266302,1.0773733637807565,1.0773733637807565,,0
2021-03-05,2021-03,107.95,108.35,107.82,108.27,6063.0,100.68,1.0305062646398988,0.4895169483698173,5.792920030077431,3.494006401437159,3.494006401437159,,1
2021-03-08,2021-03,108.4,108.52,108.28,108.51,3348.0,100.71,0.22142273093095116,0.22117777163394606,5.797889999738951,0.702060710951084,0.702060710951084,,0
2021-03-09,2021-03,108.93,109.23,108.76,108.81,6094.0,100.75,0.27609073308043697,0.4319455932359148,5.795394122408317,0.8753886289610335,0.8753886289610335,,0
2021-03-10,2021-03,108.58,108.92,108.51,108.73,4609.0,100.74,-0.07354969532625585,0.3770808424537815,5.823825438136714,-0.23265327356698898,0.23265327356698898,,0
2021-03-11,2021-03,108.45,108.81,108.36,108.67,4751.0,100.29,-0.0551977934897843,0.4140977270635896,5.016507030382677,-0.17436427105112845,0.17436427105112845,,0
2021-03-12,2021-03,108.58,109.08,108.5,109.04,4656.0,100.06,0.33990203135170416,0.5319148936170197,4.775446690145626,1.07532593558932,1.07532593558932,,0
2021-03-15,2021-03,109.12,109.36,108.92,109.19,4225.0,99.94,0.1374696637697515,0.40296730469823033,4.733526487214642,0.44065914568239284,0.44065914568239284,,0
2021-03-16,2021-03,109.13,109.28,109.1,109.26,2963.0,100.13,0.06408789415968826,0.16474464579901776,4.754723334847219,0.20628042817759354,0.20628042817759354,,0
2021-03-17,2021-03,109.03,109.21,108.99,109.16,4102.0,100.05,-0.09156671274338979,0.20153902528398576,4.839297587183529,-0.29481970291528475,0.29481970291528475,,0
2021-03-18,2021-03,108.9,109.29,108.63,109.21,4958.0,100.24,0.04579383694992955,0.60434026188079,4.685491415643813,0.1534234823502036,0.1534234823502036,,0
2021-03-19,2021-03,108.94,109.14,108.72,108.75,4663.0,100.26,-0.4220964240843464,0.3862068965517257,4.963834405966479,-1.4300164946408673,1.4300164946408673,,0
2021-03-22,2021-03,108.88,108.95,108.65,108.69,4225.0,100.26,-0.05518763936979157,0.2760143527463402,4.851401772438956,-0.18296091273769213,0.18296091273769213,,0
2021-03-23,2021-03,108.78,108.87,108.68,108.77,3098.0,100.89,0.07357675306633686,0.1746805185253266,4.8514006425473735,0.24354641982866854,0.24354641982866854,,0
2021-03-24,2021-03,108.53,108.65,108.45,108.61,4326.0,100.93,-0.1472076813814134,0.18414510634380152,4.769742439794101,-0.4902589707896316,0.4902589707896316,,0
2021-03-25,2021-03,108.8,109.09,108.73,109.09,4411.0,100.74,0.44097453177207485,0.33000275002291635,4.789618384777494,1.4640605693647395,1.4640605693647395,,0
2021-03-26,2021-03,109.18,109.36,109.13,109.33,5541.0,100.19,0.21976018367279668,0.21037226744718193,4.789934520248651,0.7220337920824036,0.7220337920824036,,0
2021-03-29,2021-03,109.8,109.8,109.38,109.66,4823.0,100.29,0.30138385295089487,0.3830020062009864,4.667731479252506,0.9901251783120704,0.9901251783120704,,0
2021-03-30,2021-03,109.84,110.26,109.77,110.23,5899.0,99.94,0.5184421999321741,0.4445250839154578,4.848146440254456,1.7001077923970216,1.7001077923970216,,0
2021-03-31,2021-03,110.31,110.97,110.28,110.74,11116.0,99.39,0.46160194195968995,0.623081090843415,4.913089603711157,1.491738935195162,1.491738935195162,,0
2021-04-01,2021-04,110.76,110.83,110.58,110.69,5432.0,99.44,-0.04516099972884803,0.22585599421808658,4.947081722570474,-0.14703973058251504,0.14703973058251504,,0
2021-04-02,2021-04,110.62,110.67,110.44,110.55,3088.0,99.42,-0.12655940940773408,0.20805065581185347,3.832404140179661,-0.42122598152657303,0.42122598152657303,,0
2021-04-05,2021-04,110.69,110.75,110.53,110.64,3247.0,99.73,0.08137800530474869,0.19884309472161862,3.8077510838966266,0.2695692659187025,0.2695692659187025,,0
2021-04-06,2021-04,110.2,110.4,110.13,110.31,4215.0,99.84,-0.29871033752123866,0.2447647538754512,3.9917792423756557,-0.998066376750001,0.998066376750001,,0
2021-04-07,2021-04,109.8,109.9,109.58,109.8,4229.0,99.81,-0.46340549058601066,0.29143897996357687,4.395212732739803,-1.5578413529604225,1.5578413529604225,,0
2021-04-08,2021-04,109.86,109.9,109.48,109.51,3687.0,100.26,-0.26446597877623906,0.3835266185736478,4.521935702219422,-0.8824991513411227,0.8824991513411227,,0
2021-04-09,2021-04,109.34,109.55,109.21,109.51,4414.0,99.98,0.0,0.31047392932152623,4.380192009343508,0.0,0.0,,0
2021-04-12,2021-04,109.73,109.77,109.43,109.46,3184.0,100.24,-0.045668357189575265,0.31061575004566894,4.36409538149486,-0.1548539846254937,0.1548539846254937,,0
2021-04-13,2021-04,109.39,109.75,109.3,109.32,3440.0,100.42,-0.12798246559048276,0.4116355653128456,4.38708871686169,-0.43585121854383224,0.43585121854383224,,0
2021-04-14,2021-04,108.93,109.07,108.76,109.0,3893.0,100.3,-0.2931478830723445,0.28440366972475967,4.5014277839319945,-1.0108449045176324,1.0108449045176324,,0
2021-04-15,2021-04,108.9,108.96,108.79,108.82,4676.0,100.34,-0.16527411713644352,0.15622128285240536,4.530642628837378,-0.5619058517073154,0.5619058517073154,,0
2021-04-16,2021-04,108.69,108.96,108.61,108.9,4308.0,100.27,0.07348888811355204,0.32139577594122526,4.278737073876047,0.2489643562471607,0.2489643562471607,,0
2021-04-19,2021-04,108.73,108.83,108.2,108.22,7448.0,100.62,-0.6263837724325649,0.5821474773609272,4.833129531646617,-2.1433403502582147,2.1433403502582147,,0
2021-04-20,2021-04,108.12,108.54,107.98,108.41,4909.0,100.67,0.1754143458611261,0.516557513144546,4.873100273219021,0.5771351171181,0.5771351171181,,0
2021-04-21,2021-04,108.14,108.26,107.88,108.23,4143.0,100.65,-0.16617433661453265,0.3511041300933287,4.880303441313272,-0.5464702514380657,0.5464702514380657,,0
2021-04-22,2021-04,108.05,108.14,107.82,107.91,4311.0,100.81,-0.29610459314128323,0.29654341580947774,4.65813174277397,-0.9688653670180993,0.9688653670180993,,0
2021-04-23,2021-04,108.0,108.0,107.8,107.92,4504.0,100.74,0.009266552385832757,0.1853224610822858,4.552557609136094,0.029964745970746703,0.029964745970746703,,0
2021-04-26,2021-04,107.89,107.94,107.65,107.72,4564.0,100.41,-0.18549439561022737,0.26921648718900115,4.356832410938908,-0.6016006520188414,0.6016006520188414,,0
2021-04-27,2021-04,108.2,108.38,108.1,108.34,3968.0,99.86,0.573916228635462,0.25844563411482474,4.462621571780177,1.9020094926620732,1.9020094926620732,,0
2021-04-28,2021-04,108.76,109.08,108.72,109.02,4455.0,99.79,0.6256921406381858,0.3302146395156847,4.758136770987955,2.0291916185161223,2.0291916185161223,,0
2021-04-30,2021-04,108.91,109.06,108.72,108.89,5310.0,99.35,-0.11931532781652063,0.3122417118192703,4.758574032234477,-0.3769959869971756,0.3769959869971756,,0
2021-05-06,2021-05,109.23,109.42,109.17,109.34,3109.0,99.34,0.41240951088837047,0.22864459484177793,5.0662386339273136,1.3023899878730545,1.3023899878730545,,0
2021-05-07,2021-05,109.05,109.19,108.95,109.15,2975.0,99.29,-0.1739210470900246,0.21988089784699483,5.056110189870878,-0.5436833655573625,0.5436833655573625,,0
2021-05-10,2021-05,108.58,109.05,108.48,108.92,3349.0,99.04,-0.2109415190394122,0.5233198677928692,5.012354217051477,-0.6565990865049395,0.6565990865049395,,0
2021-05-11,2021-05,108.85,108.99,108.79,108.95,3543.0,99.3,0.02753935850700716,0.18357044515831905,4.79076590477268,0.08558001365530958,0.08558001365530958,,0
2021-05-12,2021-05,108.72,108.9,108.62,108.8,3787.0,98.84,-0.13777269687867033,0.2573529411764716,4.73238614304501,-0.4282512978822429,0.4282512978822429,,0
2021-05-13,2021-05,109.67,109.78,109.48,109.67,4286.0,98.91,0.7964522350275308,0.27354791647670024,5.574515132242287,2.5836604241383703,2.5836604241383703,,0
2021-05-14,2021-05,109.52,109.65,109.34,109.39,4020.0,98.8,-0.2556378640418051,0.2833897065545318,5.650286367619201,-0.799643166263776,0.799643166263776,,0
2021-05-17,2021-05,109.43,109.5,109.16,109.25,3345.0,99.01,-0.12806441559998996,0.31121281464531203,5.650310379085074,-0.4002958314924087,0.4002958314924087,,0
2021-05-18,2021-05,109.25,109.28,108.95,108.98,3407.0,98.97,-0.24744548207472472,0.3028078546522282,5.621460643211134,-0.7729171343962687,0.7729171343962687,,0
2021-05-19,2021-05,108.87,109.11,108.83,109.08,3809.0,98.92,0.09171788224353415,0.25669233590025775,5.595762506012406,0.2855860398747195,0.2855860398747195,,0
2021-05-20,2021-05,109.27,109.3,108.96,108.98,3304.0,99.14,-0.09171788224353965,0.311983850247755,5.602382642577801,-0.29063932612236354,0.29063932612236354,,0
2021-05-21,2021-05,108.86,108.9,108.68,108.7,3335.0,99.06,-0.2572585027788509,0.202391904323826,5.189824200527014,-0.8180810667627467,0.8180810667627467,,0
2021-05-24,2021-05,108.92,108.99,108.7,108.77,2957.0,99.05,0.06437669785950272,0.26661763353865225,5.161214252691785,0.20423429916788913,0.20423429916788913,,0
2021-05-25,2021-05,108.85,108.86,108.58,108.72,3926.0,98.92,-0.04597912628705687,0.25754231052244403,5.122254723889162,-0.14618839921327556,0.14618839921327556,,0
2021-05-26,2021-05,108.8,108.89,108.73,108.84,3384.0,98.5,0.11031440721573899,0.14700477765527067,4.98828409464007,0.3529199380053086,0.3529199380053086,,0
2021-05-27,2021-05,109.18,109.2,109.04,109.1,4659.0,97.84,0.23859789239795734,0.14665444546287498,5.033984884611376,0.7722486220283382,0.7722486220283382,,0
2021-05-28,2021-05,109.82,109.96,109.81,109.89,7038.0,97.68,0.7214972619807681,0.13650013650012874,5.471304766062365,2.3276828164304635,2.3276828164304635,,0
2021-05-31,2021-05,109.91,109.93,109.64,109.72,3679.0,97.78,-0.1548199389430268,0.2643091505650804,5.240229575085277,-0.4881130002488653,0.4881130002488653,,0
2021-06-01,2021-06,109.5,109.56,109.33,109.49,3280.0,97.96,-0.20984451840689627,0.21006484610467074,4.877636188374672,-0.6612594447068636,0.6612594447068636,,0
2021-06-02,2021-06,109.5,109.78,109.47,109.78,3680.0,97.88,0.26451422364096716,0.2823829477136111,4.920753308470013,0.8294429674371352,0.8294429674371352,,0
2021-06-03,2021-06,109.59,109.84,109.57,109.84,2614.0,97.6,0.05463983379724695,0.24581209031319212,4.722178639876817,0.17171755429038085,0.17171755429038085,,0
2021-06-04,2021-06,110.29,110.32,110.15,110.19,3920.0,98.06,0.31813870399699795,0.15427897268353524,4.773033571218248,1.0953187128882482,1.0953187128882482,,0
2021-06-07,2021-06,109.62,109.63,109.38,109.43,4094.0,98.28,-0.6921073069333952,0.2284565475646532,5.384845397195676,-2.3715914911752933,2.3715914911752933,,0
2021-06-08,2021-06,109.28,109.53,109.2,109.53,4181.0,98.14,0.09134089053035226,0.3012873185428634,5.390262349810753,0.30021559998330755,0.30021559998330755,,0
2021-06-09,2021-06,109.48,109.5,109.34,109.45,2709.0,97.96,-0.07306603667832703,0.14618547281863553,5.368951522768826,-0.24016466502912961,0.24016466502912961,,0
2021-06-10,2021-06,109.62,109.68,109.45,109.55,4046.0,98.18,0.09132420726035258,0.209949794614335,4.555249111453833,0.3001036067832444,0.3001036067832444,,0
2021-06-11,2021-06,109.39,109.48,109.33,109.44,3024.0,98.06,-0.10046121672352006,0.13706140350877713,4.474813846291949,-0.3332636796705461,0.3332636796705461,,0
2021-06-14,2021-06,109.72,109.83,109.65,109.7,2816.0,97.72,0.2372913406944298,0.16408386508659306,4.521347378579119,0.7876196525120928,0.7876196525120928,,0
2021-06-15,2021-06,110.04,110.15,110.0,110.05,3245.0,97.8,0.3185440691286154,0.1363016810540715,4.522753251464684,1.0523759768715433,1.0523759768715433,,0
2021-06-16,2021-06,110.09,110.15,109.9,109.94,2399.0,97.62,-0.10000455399564163,0.22739676187011099,4.549773568958589,-0.3278246702188538,0.3278246702188538,,0
2021-06-17,2021-06,110.78,110.82,110.55,110.6,5425.0,98.64,0.59853266557201,0.24412296564194938,4.930047385733979,1.9599975429914847,1.9599975429914847,,0
2021-06-18,2021-06,110.33,110.33,109.95,110.01,3871.0,98.84,-0.5348818336890022,0.34542314335060037,5.2644442041791155,-1.7296862036917122,1.7296862036917122,,0
2021-06-21,2021-06,110.21,110.25,109.72,110.03,4095.0,98.73,0.018178513047699147,0.4816868126874499,5.2664765597488294,0.05725216988667123,0.05725216988667123,,0
2021-06-22,2021-06,110.39,110.53,110.22,110.49,3673.0,98.46,0.4171963243262183,0.28056837722871053,5.400594221639681,1.3142565475437167,1.3142565475437167,,0
2021-06-23,2021-06,110.65,110.91,110.63,110.88,4143.0,98.18,0.3523516316509464,0.25252525252525354,5.485835350054314,1.098457531903763,1.098457531903763,,0
2021-06-24,2021-06,111.02,111.11,110.76,110.88,2859.0,98.2,0.0,0.31565656565656053,5.467103985716954,0.0,0.0,,0
2021-06-25,2021-06,110.93,110.99,110.75,110.76,4109.0,98.17,-0.10828371388319376,0.21668472372697264,4.9462085895745895,-0.3404626564853716,0.3404626564853716,,0
2021-06-28,2021-06,110.81,110.84,110.62,110.65,3117.0,98.33,-0.09936318057023763,0.19882512426570165,4.921176418773773,-0.31406855825642904,0.31406855825642904,,0
2021-06-29,2021-06,110.61,110.69,110.46,110.7,3749.0,98.6,0.04517732175325538,0.20776874435411377,4.830361368242125,0.1458510524813565,0.1458510524813565,,0
2021-06-30,2021-06,110.54,110.6,110.44,110.55,5752.0,98.1,-0.13559324111359553,0.14473089099954464,4.808879606997416,-0.44604849641998456,0.44604849641998456,,0
2021-07-01,2021-07,111.14,111.28,111.03,111.28,4685.0,97.91,0.6581640311732293,0.2246585190510424,5.294338660349808,2.1619112494372574,2.1619112494372574,,0
2021-07-02,2021-07,111.57,111.66,111.54,111.57,4227.0,98.28,0.26026489899008903,0.10755579456842373,5.2615398013913515,0.8245397290411515,0.8245397290411515,,0
2021-07-05,2021-07,111.14,111.19,110.88,110.91,3093.0,98.27,-0.5933134988438101,0.27950590568929967,5.082315994132748,-1.8706705979786786,1.8706705979786786,,0
2021-07-06,2021-07,110.92,110.95,110.75,110.78,3416.0,98.86,-0.1172809011692377,0.1805380032496866,5.122944955154505,-0.36165555292256807,0.36165555292256807,,0
2021-07-07,2021-07,110.6,110.74,110.4,110.64,5226.0,98.92,-0.12645652484550862,0.3073029645697661,5.144348200902908,-0.3966966063129875,0.3966966063129875,,0
2021-07-08,2021-07,110.63,110.65,109.77,109.79,5603.0,99.89,-0.7712237109861674,0.8015301940067489,5.914911551728155,-2.431204957291397,2.431204957291397,,0
2021-07-09,2021-07,109.81,110.13,109.77,110.02,3945.0,99.32,0.2092717200670889,0.32721323395746177,5.939668077965798,0.6281629342421093,0.6281629342421093,,0
2021-07-12,2021-07,110.23,110.27,110.02,110.05,2339.0,99.16,0.027264052515873917,0.2271694684234439,5.887333185384163,0.08159821816567915,0.08159821816567915,,0
2021-07-13,2021-07,110.33,110.44,110.29,110.37,3152.0,99.1,0.2903549812322071,0.13590649633051685,5.86893701995577,0.8702343142867585,0.8702343142867585,,0
2021-07-14,2021-07,110.59,110.7,110.42,110.51,3417.0,99.5,0.12676568158981957,0.25337073568003,5.865447844950566,0.38052142187150084,0.38052142187150084,,0
2021-07-15,2021-07,110.0,110.02,109.75,109.78,4021.0,99.64,-0.6627651478947737,0.24594643833120425,5.940378678287657,-1.9932509053138674,1.9932509053138674,,0
2021-07-16,2021-07,109.78,110.2,109.74,110.17,3774.0,99.59,0.35462642302303654,0.41753653444677136,5.789192192731351,1.0306088725623994,1.0306088725623994,,0
2021-07-19,2021-07,109.89,110.07,109.8,109.85,2933.0,100.42,-0.2908828521354436,0.24578971324533094,5.88462637192404,-0.8646961953813027,0.8646961953813027,,0
2021-07-20,2021-07,109.53,109.7,109.38,109.63,4592.0,100.04,-0.20047391441705303,0.29189090577397375,5.6979160793057995,-0.5924912584422651,0.5924912584422651,,0
2021-07-21,2021-07,109.92,110.13,109.8,110.09,4910.0,99.46,0.41871533958632806,0.29975474611681197,5.762880539877466,1.2362071823061902,1.2362071823061902,,0
2021-07-26,2021-07,110.55,110.58,110.13,110.21,2952.0,99.44,0.10894236211387776,0.4083114054985962,5.784777511623041,0.32049308092975043,0.32049308092975043,,0
2021-07-27,2021-07,110.31,110.38,109.99,110.09,3217.0,100.15,-0.10894236211386657,0.35425560904714376,5.784895741487513,-0.3203762794443357,0.3203762794443357,,0
2021-07-28,2021-07,109.81,109.97,109.75,109.98,3032.0,99.77,-0.0999682002643085,0.20003637024913518,5.784991887853138,-0.29459023803849277,0.29459023803849277,,0
2021-07-29,2021-07,109.89,109.94,109.68,109.87,3741.0,99.77,-0.100068236687911,0.23664330572493938,5.782809193543727,-0.30111124534992156,0.30111124534992156,,0
2021-07-30,2021-07,109.42,109.63,109.37,109.53,5383.0,99.67,-0.30993643771344503,0.23737788733679438,5.854649025760931,-0.9590242608068148,0.9590242608068148,,0
2021-08-02,2021-08,109.72,109.77,109.61,109.67,2694.0,100.0,0.1277372436462397,0.14589222212090508,5.282925015578223,0.3925180251414615,0.3925180251414615,,0
2021-08-03,2021-08,109.28,109.34,109.1,109.22,3896.0,100.25,-0.4111660048109909,0.21973997436367798,5.258927736114655,-1.2788507856819546,1.2788507856819546,,0
2021-08-04,2021-08,108.99,109.14,108.93,109.11,4203.0,99.86,-0.10076490570002727,0.19246631839427528,4.9347631481227765,-0.3098666414628229,0.3098666414628229,,0
2021-08-05,2021-08,109.54,109.75,109.48,109.57,3620.0,99.6,0.42070667502945613,0.2464178150953692,5.243333941680184,1.2973549841864604,1.2973549841864604,,0
2021-08-06,2021-08,109.76,109.88,109.7,109.72,3256.0,99.53,0.13680516521005678,0.1640539555231431,5.2788447990614396,0.4161646852979719,0.4161646852979719,,0
2021-08-10,2021-08,110.32,110.46,110.29,110.45,3127.0,99.42,0.6631263796723785,0.1539157990040629,5.102343764922094,2.0183100813213737,2.0183100813213737,,0
2021-08-11,2021-08,110.6,110.79,110.55,110.75,2457.0,99.42,0.27124790591189135,0.21670428893906013,5.135862671318116,0.838252948559913,0.838252948559913,,0
2021-08-12,2021-08,110.38,110.47,110.32,110.38,1933.0,99.49,-0.334645091388987,0.13589418372894155,5.2993501882993685,-1.0349143695946328,1.0349143695946328,,0
2021-08-13,2021-08,110.41,110.46,110.26,110.3,2370.0,100.11,-0.07250317518983787,0.181323662737977,5.204944903275052,-0.22236581961425037,0.22236581961425037,,0
2021-08-16,2021-08,109.63,109.75,109.3,109.41,3476.0,100.48,-0.8101632770758294,0.4112969564025252,5.909551827878531,-2.4972243501875666,2.4972243501875666,,0
2021-08-17,2021-08,109.3,109.4,109.12,109.33,3219.0,100.43,-0.07314620423051285,0.25610536906613107,5.451567376393985,-0.21419498260864242,0.21419498260864242,,0
2021-08-18,2021-08,109.54,109.68,109.48,109.61,2594.0,100.24,0.25577797812385855,0.18246510354894885,5.372056358086576,0.749175191154832,0.749175191154832,,0
2021-08-19,2021-08,109.85,110.22,109.75,109.78,4474.0,100.57,0.15497518941111715,0.42812898524321263,5.3127041073153105,0.4542744455712864,0.4542744455712864,,0
2021-08-20,2021-08,109.78,109.88,109.58,109.62,3879.0,100.52,-0.14585235037727942,0.2736726874657883,5.28928792232332,-0.4269978916758938,0.4269978916758938,,0
2021-08-23,2021-08,109.84,109.99,109.82,109.91,2151.0,100.26,0.2642009462838576,0.1546720043672111,5.153574579433011,0.7722387690493769,0.7722387690493769,,0
2021-08-24,2021-08,109.69,109.88,109.65,109.77,2154.0,100.1,-0.12745813815838566,0.20952901521361916,5.150632784497625,-0.3711285330704769,0.3711285330704769,,0
2021-08-25,2021-08,109.73,109.87,109.67,109.75,3739.0,99.71,-0.018221574394439694,0.18223234624146045,5.1399109975637876,-0.053175493977013974,0.053175493977013974,,0
2021-08-26,2021-08,109.99,110.22,109.93,110.17,3604.0,99.79,0.3819575396692938,0.2632295543251267,5.316466031475245,1.1584810379134063,1.1584810379134063,,0
2021-08-27,2021-08,110.05,110.11,109.89,110.11,3893.0,99.7,-0.05447612264738695,0.19980019980019875,5.306556577248353,-0.16370977882029958,0.16370977882029958,,0
2021-08-30,2021-08,109.86,109.87,109.7,109.81,2249.0,99.55,-0.27282665158778663,0.15481285857390192,5.278357493304341,-0.822638271217439,0.822638271217439,,0
2021-08-31,2021-08,109.95,109.98,109.79,109.82,3959.0,99.25,0.009106224110457682,0.1730103806228353,5.2608538998577155,0.02743682389305584,0.02743682389305584,,0
2021-09-01,2021-09,110.06,110.42,109.99,110.4,6756.0,99.21,0.5267471992268512,0.3894927536231946,5.325503191671777,1.5874297169186204,1.5874297169186204,,0
2021-09-02,2021-09,110.1,110.12,109.92,110.01,3883.0,99.2,-0.3538863091650622,0.18180165439505758,5.495962789041582,-1.0523558989687758,1.0523558989687758,,0
2021-09-03,2021-09,109.96,110.07,109.8,110.04,4486.0,99.34,0.02726653050293754,0.24536532170119593,5.309800255925789,0.08334867436766187,0.08334867436766187,,0
2021-09-06,2021-09,109.77,109.94,109.73,109.9,2437.0,99.24,-0.12730746467980966,0.191082802547765,5.316426243235492,-0.38935672996400383,0.38935672996400383,,0
2021-09-07,2021-09,109.83,109.95,109.67,109.9,4070.0,99.07,0.0,0.2547770700636953,4.7206617115347145,0.0,0.0,,0
2021-09-08,2021-09,110.3,110.45,110.18,110.25,3689.0,99.2,0.31796529173795846,0.24489795918366986,4.762270448082593,0.9721227360826196,0.9721227360826196,,0
2021-09-09,2021-09,110.22,110.27,109.9,109.96,3332.0,99.57,-0.263385102991043,0.3364859949072302,4.7067399336789215,-0.7999705752224855,0.7999705752224855,,0
2021-09-10,2021-09,109.77,109.99,109.7,109.95,4461.0,99.31,-0.009094629627467828,0.2637562528421938,4.702570811040068,-0.02757715452637726,0.02757715452637726,,0
2021-09-13,2021-09,109.93,110.16,109.85,110.09,3249.0,99.36,0.12724960815416123,0.2815877918067056,3.6654975320837786,0.388912470618483,0.388912470618483,,0
2021-09-14,2021-09,110.0,110.11,109.96,110.01,3290.0,99.61,-0.07269423309674009,0.1363512407962964,3.6653275916262635,-0.22206930343586287,0.22206930343586287,,0
2021-09-15,2021-09,109.72,109.74,109.43,109.44,5624.0,99.77,-0.5194816877104023,0.2832602339181178,4.0478523156268436,-1.6337866643327825,1.6337866643327825,,0
2021-09-16,2021-09,109.39,109.46,109.22,109.36,4083.0,99.83,-0.07312614585462314,0.2194586686174057,4.006996943328634,-0.2302925162765312,0.2302925162765312,,0
2021-09-17,2021-09,109.7,109.95,109.67,109.95,3977.0,99.89,0.5380524585076081,0.2546612096407468,4.4329549423868295,1.6939923600158573,1.6939923600158573,,0
2021-09-21,2021-09,109.44,109.7,109.35,109.64,3606.0,100.61,-0.28234455661851277,0.31922655964977065,4.449990056383623,-0.8802691930069423,0.8802691930069423,,0
2021-09-22,2021-09,109.16,109.6,109.12,109.45,5477.0,100.17,-0.17344474657130607,0.4385564184559066,4.468728725432447,-0.5435118802482977,0.5435118802482977,,0
2021-09-24,2021-09,110.33,110.57,110.26,110.47,4891.0,99.29,0.9276166915311843,0.2806191726260415,5.581280237355717,2.9012417959438697,2.9012417959438697,,0
2021-09-27,2021-09,110.77,110.81,110.53,110.78,4677.0,99.05,0.2802261720774084,0.25275320454955874,5.5080471790189485,0.8190038268708304,0.8190038268708304,,0
2021-09-28,2021-09,110.97,111.43,110.94,111.25,5372.0,98.84,0.42336684413917464,0.44044943820225535,5.672313380472418,1.2311696125338347,1.2311696125338347,,0
2021-09-29,2021-09,111.53,111.68,111.28,111.3,5340.0,98.71,0.044933723514943825,0.3593890386343268,5.541987583976835,0.12907567579665694,0.12907567579665694,,0
2021-09-30,2021-09,111.94,112.05,111.8,111.88,5856.0,99.09,0.5197610052259766,0.2234537003932785,5.762797095171413,1.495135856348137,1.495135856348137,,0
2021-10-01,2021-10,111.47,111.48,111.05,111.27,4549.0,99.17,-0.5467188164149794,0.386447380246254,5.947767356951504,-1.5906563954424602,1.5906563954424602,,0
2021-10-04,2021-10,110.96,111.19,110.89,111.17,2697.0,99.27,-0.08991189240854586,0.2698569758028219,5.788013971670783,-0.2572975155459582,0.2572975155459582,,0
2021-10-05,2021-10,110.96,111.25,110.88,111.1,3804.0,98.84,-0.06298645999393808,0.33303330333033715,5.802070583489266,-0.18470476026024774,0.18470476026024774,,0
2021-10-06,2021-10,111.49,111.78,111.47,111.68,4196.0,99.01,0.5206942368478056,0.2775787965616066,5.9952149218429005,1.5280537697598164,1.5280537697598164,,0
2021-10-07,2021-10,111.41,111.5,111.24,111.3,2226.0,98.79,-0.34083807325632864,0.23360287511231367,6.175165133895273,-0.9830325841911913,0.9830325841911913,,0
2021-10-08,2021-10,111.67,111.99,111.63,111.96,4991.0,98.3,0.5912406365753525,0.3215434083601281,6.396854603763639,1.7680627732497745,1.7680627732497745,,0
2021-10-11,2021-10,112.27,112.84,112.18,112.79,5618.0,97.42,0.7386018004572712,0.5851582587108756,6.672626304781211,2.162372934421508,2.162372934421508,,0
2021-10-12,2021-10,113.39,113.49,113.0,113.3,6154.0,97.18,0.4511485382135143,0.43248014121800077,6.747646244717166,1.275742825879489,1.275742825879489,,0
2021-10-13,2021-10,113.54,113.61,113.35,113.58,4186.0,97.12,0.24682664153258213,0.22891354111639825,6.755628533446348,0.6930257206956452,0.6930257206956452,,0
2021-10-14,2021-10,113.3,113.59,113.21,113.38,3729.0,96.73,-0.17624255531288924,0.3351561121891071,6.81189482309279,-0.49371934147032864,0.49371934147032864,,0
2021-10-15,2021-10,113.84,114.18,113.69,114.1,6768.0,96.22,0.633024797187239,0.4294478527607442,6.5302636502375595,1.8297630191170557,1.8297630191170557,,0
2021-10-18,2021-10,114.34,114.45,114.02,114.3,5241.0,96.18,0.17513139327351016,0.3762029746281775,6.447195867088798,0.49770259950247064,0.49770259950247064,,0
2021-10-19,2021-10,114.29,114.35,113.88,114.02,4792.0,95.7,-0.24526991973292298,0.4122083844939475,6.535117399281623,-0.7024337499783267,0.7024337499783267,,0
2021-10-20,2021-10,114.54,114.69,114.3,114.35,6867.0,95.75,0.2890048865354305,0.3410581547879323,6.307719342164217,0.8262032733717921,0.8262032733717921,,0
2021-10-21,2021-10,114.39,114.41,113.91,114.12,5062.0,96.16,-0.20133941234907918,0.43813529617946023,6.330962229031127,-0.5786039502502015,0.5786039502502015,,0
2021-10-22,2021-10,113.85,114.2,113.82,113.89,4212.0,96.5,-0.2017456059039574,0.33365528141189715,5.8839686848615065,-0.5770983274964374,0.5770983274964374,,0
2021-10-25,2021-10,113.66,113.83,113.5,113.64,4437.0,96.29,-0.2197513300272585,0.29039070749735857,6.0063386251121615,-0.6268905139773491,0.6268905139773491,,0
2021-10-26,2021-10,113.77,114.08,113.72,114.05,3379.0,95.93,0.3601391744409718,0.31565103024988994,5.9691003061573555,1.0237414696260978,1.0237414696260978,,0
2021-10-27,2021-10,114.18,114.22,113.68,113.74,4516.0,96.31,-0.2721806851743427,0.47476701248460706,6.1290071226883045,-0.7702382015678553,0.7702382015678553,,0
2021-10-28,2021-10,113.78,113.87,113.51,113.61,4595.0,96.33,-0.11436112968404766,0.3168735146553996,5.975980928290914,-0.32421612299517377,0.32421612299517377,,0
2021-10-29,2021-10,113.62,113.71,113.4,113.61,6094.0,96.35,0.0,0.272863304286584,5.51698078352279,0.0,0.0,,0
2021-11-01,2021-11,114.24,114.43,114.03,114.43,5582.0,96.25,0.7191751747810277,0.34955868216377317,5.875566761436031,2.0663678436413915,2.0663678436413915,,0
2021-11-02,2021-11,114.1,114.13,113.59,113.66,4954.0,96.37,-0.6751746460648009,0.47510117895477044,6.52794421049202,-1.8893159520724947,1.8893159520724947,,0
2021-11-04,2021-11,114.06,114.28,113.98,114.22,4490.0,96.59,0.4914877367741513,0.26265102433899246,6.504586597419719,1.337440798327563,1.337440798327563,,0
2021-11-05,2021-11,113.83,113.85,113.56,113.77,5530.0,96.8,-0.3947546685091788,0.2549002373209036,6.5570239242629,-1.0624459589997086,1.0624459589997086,,0
2021-11-08,2021-11,113.48,113.67,113.4,113.57,3904.0,96.79,-0.17594796480702612,0.23773883948225416,6.372750175797948,-0.47829317086176976,0.47829317086176976,,0
2021-11-09,2021-11,113.26,113.29,112.73,112.85,6766.0,97.05,-0.6359883640010223,0.4962339388568917,6.331757379618962,-1.7290524350235363,1.7290524350235363,,0
2021-11-10,2021-11,112.92,113.14,112.78,113.1,4784.0,96.48,0.22128798585300374,0.31830238726790405,6.16622127798664,0.59003829631654,0.59003829631654,,0
2021-11-11,2021-11,113.91,114.15,113.86,114.08,3545.0,96.44,0.862757354391108,0.2542075736325441,6.854154399906855,2.297590652327215,2.297590652327215,,0
2021-11-12,2021-11,114.05,114.3,114.03,114.05,5372.0,96.51,-0.026300793558873256,0.23673827268741432,6.817211358845107,-0.07045923078910833,0.07045923078910833,,0
2021-11-15,2021-11,113.99,114.03,113.75,113.95,4025.0,96.46,-0.08771930387036747,0.24572180781044414,6.440523836782987,-0.23515858900083564,0.23515858900083564,,0
2021-11-16,2021-11,114.13,114.31,114.11,114.27,5617.0,96.09,0.2804313466929059,0.17502406580905122,6.490578556693894,0.7523004472190249,0.7523004472190249,,0
2021-11-17,2021-11,114.91,114.97,114.7,114.89,5498.0,96.61,0.5411079706651182,0.23500739838105666,6.6955541907064315,1.4482424107332985,1.4482424107332985,,0
2021-11-18,2021-11,114.2,114.26,113.88,114.02,5761.0,96.48,-0.760127726183771,0.3332748640589455,7.191231514881384,-2.013535666276769,2.013535666276769,,0
2021-11-19,2021-11,114.29,114.4,114.24,114.37,6001.0,96.97,0.30649351896896404,0.1398968260907675,7.241940800137867,0.7821766345192156,0.7821766345192156,,0
2021-11-22,2021-11,114.15,114.26,113.98,114.22,4036.0,96.41,-0.13123935564085878,0.2451409560497296,7.21876446847561,-0.33452923873201995,0.33452923873201995,,0
2021-11-24,2021-11,115.15,115.24,114.86,114.9,5377.0,96.16,0.5935771617993271,0.3307223672758881,7.442602946571022,1.510357853164082,1.510357853164082,,0
2021-11-25,2021-11,115.42,115.45,115.31,115.39,2969.0,96.2,0.42555103518662607,0.12132767137533632,7.481676098173329,1.0724189987138069,1.0724189987138069,,0
2021-11-26,2021-11,115.07,115.36,114.15,114.17,8657.0,97.94,-1.0629129518340517,1.0598230708592395,8.41354864486622,-2.663319993863567,2.663319993863567,,0
2021-11-29,2021-11,113.72,113.87,112.99,113.57,8544.0,97.75,-0.5269178784680928,0.7748525138681075,8.62498449672057,-1.2451536416569995,1.2451536416569995,,0
2021-11-30,2021-11,113.81,113.9,112.95,113.19,11005.0,97.76,-0.3351564259226103,0.8392967576641072,8.705748665051551,-0.779476830485498,0.779476830485498,,0
2021-12-01,2021-12,113.3,113.63,113.1,113.42,6824.0,98.15,0.20299199415531538,0.4672897196261692,8.309418889886713,0.4738643539288669,0.4738643539288669,,0
2021-12-02,2021-12,112.88,113.33,112.65,113.27,5523.0,97.96,-0.13233933732597986,0.6003354815926483,7.979690206477902,-0.3108847430793361,0.3108847430793361,,0
2021-12-03,2021-12,113.03,113.4,112.96,113.38,5650.0,98.28,0.09706596835354486,0.38807549832423,7.766182610095878,0.22767565920291277,0.22767565920291277,,0
2021-12-06,2021-12,113.05,113.17,112.85,113.15,4195.0,97.72,-0.20306368166111347,0.2828104286345624,7.678344950455025,-0.4769525740978105,0.4769525740978105,,0
2021-12-07,2021-12,113.47,113.74,113.4,113.64,3871.0,97.5,0.4321184906440726,0.29919042590636147,7.824223405281122,1.0120399363339352,1.0120399363339352,,0
2021-12-08,2021-12,113.52,113.69,113.33,113.41,4895.0,97.11,-0.2025986158748091,0.31743232519178155,7.499213238046078,-0.47286384494847467,0.47286384494847467,,0
2021-12-09,2021-12,113.7,113.82,113.45,113.49,3258.0,97.6,0.07051564858085654,0.32601991364877114,7.465827928952732,0.16484600300477179,0.16484600300477179,,0
2021-12-10,2021-12,113.44,113.62,113.34,113.59,4210.0,97.58,0.0880746930282654,0.24650057223347227,6.776779828039616,0.2059267334166741,0.2059267334166741,,0
2021-12-13,2021-12,113.52,113.59,113.35,113.55,2832.0,97.59,-0.035220569176284286,0.21136063408191025,6.776937208721563,-0.08236542709530967,0.08236542709530967,,0
2021-12-14,2021-12,113.58,113.74,113.48,113.72,4809.0,97.54,0.149601823123156,0.22863172704888401,6.798721042816901,0.34998230439102385,0.34998230439102385,,0
2021-12-15,2021-12,113.75,113.8,113.63,113.74,4100.0,97.18,0.017585509585446947,0.14946368911552815,6.713227132181654,0.041775659685596385,0.041775659685596385,,0
2021-12-16,2021-12,114.15,114.25,114.04,114.12,5170.0,97.43,0.3335384466645696,0.18401682439536782,6.51942746964203,0.7929813314790222,0.7929813314790222,,0
2021-12-17,2021-12,113.67,113.87,113.45,113.66,5466.0,97.7,-0.4038990476323938,0.3695231391870506,6.1021965397370845,-0.9673397786203408,0.9673397786203408,,0
2021-12-20,2021-12,113.52,113.71,113.35,113.46,4357.0,97.59,-0.1761183970554385,0.31729243786356376,6.003781992155841,-0.4198039768208077,0.4198039768208077,,0
2021-12-21,2021-12,113.67,113.77,113.57,113.66,3926.0,97.08,0.17611839705543006,0.17596339961288301,6.040807359548082,0.41977860247842325,0.41977860247842325,,0
2021-12-22,2021-12,114.0,114.2,113.95,114.15,5904.0,96.9,0.4301837106829178,0.2190100744634253,5.843674559469047,1.0644316536303235,1.0644316536303235,,0
2021-12-23,2021-12,114.14,114.28,114.08,114.26,4107.0,96.54,0.09631803205119378,0.17503938386137127,5.613542124131305,0.23719733181739908,0.23719733181739908,,0
2021-12-24,2021-12,114.47,114.51,114.3,114.36,2967.0,96.48,0.08748141577945551,0.18363064008395238,4.153646013878026,0.21699247297241353,0.21699247297241353,,0
2021-12-27,2021-12,114.35,114.49,114.33,114.47,4203.0,96.1,0.09614124762737808,0.13977461343583172,3.6466564991892354,0.23845007720116232,0.23845007720116232,,0
2021-12-28,2021-12,114.79,114.96,114.77,114.85,4013.0,96.18,0.33141492047222726,0.1654331737048304,3.5032171892523523,0.8318182067626799,0.8318182067626799,,0
2021-12-29,2021-12,114.77,114.93,114.75,114.89,3175.0,96.04,0.03482197301662566,0.1566715989207127,3.471033822561948,0.08868205017862817,0.08868205017862817,,0
2021-12-30,2021-12,114.95,115.2,114.95,115.12,3869.0,96.01,0.19999137138390555,0.2171646977067408,3.4213189384586578,0.5098925505527812,0.5098925505527812,,0
2022-01-04,2022-01,115.34,115.81,115.3,115.74,5462.0,95.2,0.5371233566580205,0.4406428201140532,3.7858840025691753,1.368980860705055,1.368980860705055,,0
2022-01-05,2022-01,116.17,116.24,115.91,116.04,4782.0,95.2,0.25886631075105637,0.2843846949327803,3.642955922046841,0.6592199302964058,0.6592199302964058,,0
2022-01-06,2022-01,116.13,116.18,115.79,115.88,4466.0,95.64,-0.1379786352053657,0.33655505695547167,3.569106257961759,-0.35384083229646124,0.35384083229646124,,0
2022-01-07,2022-01,115.87,116.05,115.84,115.9,3670.0,95.65,0.017257744455639018,0.1811906816220826,3.4054107690176574,0.04485583475526717,0.04485583475526717,,0
2022-01-11,2022-01,115.28,115.38,115.13,115.26,4113.0,95.69,-0.5537304337185762,0.21690091965989935,4.139724212936741,-1.4797083390113512,1.4797083390113512,,0
2022-01-12,2022-01,115.34,115.43,115.23,115.4,3841.0,95.91,0.12139080654788638,0.17331022530329535,4.142554141629961,0.3209603854150773,0.3209603854150773,,0
2022-01-13,2022-01,114.68,114.7,114.39,114.41,5153.0,96.3,-0.8615866361146753,0.27095533607202366,5.316934555930568,-2.2833767435003267,2.2833767435003267,,0
2022-01-14,2022-01,114.12,114.22,113.64,113.8,7161.0,96.37,-0.5345966020621951,0.5096660808435838,5.669015552127943,-1.3582438094403053,1.3582438094403053,,0
2022-01-17,2022-01,114.31,114.54,114.18,114.41,3232.0,95.97,0.5345966020621915,0.3146578096320247,5.974836878989879,1.3659207172512098,1.3659207172512098,,0
2022-01-18,2022-01,114.57,115.06,114.46,114.87,6342.0,96.22,0.4012566444460303,0.5223295899712793,6.025184166509104,1.0110048122677202,1.0110048122677202,,0
2022-01-19,2022-01,114.56,114.79,114.21,114.43,5139.0,96.3,-0.3837771827689383,0.5068600891374748,6.0062366840819355,-0.9622225507637691,0.9622225507637691,,0
2022-01-20,2022-01,114.35,114.55,114.03,114.4,5264.0,96.52,-0.026220338392581997,0.45454545454545103,5.960156992981529,-0.06548700950535305,0.06548700950535305,,0
2022-01-21,2022-01,113.99,114.15,113.63,113.87,5366.0,96.85,-0.4643632123183904,0.4566611047686048,6.196846051963623,-1.1622851377493482,1.1622851377493482,,0
2022-01-24,2022-01,113.79,113.98,113.66,113.76,3849.0,96.72,-0.09664807675828743,0.2812939521800346,6.001271357533604,-0.2396784940120341,0.2396784940120341,,0
2022-01-25,2022-01,114.01,114.1,113.67,113.89,5207.0,96.79,0.11421042313290075,0.37755729212397277,6.006090885972821,0.28381092157368726,0.28381092157368726,,0
2022-01-26,2022-01,113.9,113.98,113.78,113.98,3052.0,96.31,0.07899241205937307,0.175469380593089,6.004222232499806,0.19750569889757708,0.19750569889757708,,0
2022-01-27,2022-01,114.73,114.8,114.48,114.78,6679.0,96.2,0.6994258273362952,0.2787942150200324,6.514702005614363,1.7551412432671205,1.7551412432671205,,0
2022-01-28,2022-01,115.35,115.67,115.28,115.65,5559.0,96.31,0.7551135997231802,0.3372243839169914,6.948103935629099,1.8500742119214375,1.8500742119214375,,0
2022-01-31,2022-01,115.27,115.59,115.22,115.43,4890.0,96.15,-0.19041030506273413,0.3205405873689721,6.993901333286721,-0.45431804982478535,0.45431804982478535,,0
2022-02-01,2022-02,115.13,115.19,114.89,114.94,4144.0,96.35,-0.42540325472254675,0.2610057421263243,7.135401771766402,-1.0373091577593498,1.0373091577593498,,0
2022-02-02,2022-02,114.74,114.8,114.59,114.63,2739.0,96.46,-0.27007029526772136,0.183198115676519,6.8887799719094005,-0.668145842200078,0.668145842200078,,0
2022-02-03,2022-02,114.39,114.6,114.33,114.59,3004.0,95.84,-0.03490096885613497,0.23562265468190596,6.7933756428473435,-0.08702304092786861,0.08702304092786861,,0
2022-02-04,2022-02,114.97,115.12,114.82,115.11,3978.0,95.63,0.4527652488613856,0.2606202762575027,7.026388882417291,1.138641741741201,1.138641741741201,,0
2022-02-07,2022-02,115.23,115.37,115.14,115.26,5050.0,95.76,0.1302253081549532,0.19954884608711082,7.048584564569637,0.3248558051328982,0.3248558051328982,,0
2022-02-08,2022-02,115.07,115.54,115.06,115.49,4959.0,95.42,0.1993500118475794,0.4156204000346385,6.80587206699167,0.5090155872157456,0.5090155872157456,,0
2022-02-09,2022-02,115.54,115.69,115.32,115.41,3593.0,95.32,-0.06929406946825918,0.32059613551685695,6.798120473560454,-0.17700906387473034,0.17700906387473034,,0
2022-02-10,2022-02,115.6,115.71,115.48,115.6,6461.0,94.93,0.16449508059635728,0.19896193771625414,6.001472361189427,0.4371850984774695,0.4371850984774695,,0
2022-02-14,2022-02,115.59,115.59,115.29,115.41,4470.0,95.53,-0.16449508059635912,0.2599428125812297,5.655728499290914,-0.43670466128457774,0.43670466128457774,,0
2022-02-15,2022-02,115.54,115.56,115.26,115.35,4391.0,95.22,-0.05200208125507841,0.26007802340701963,5.394201383088751,-0.13786914035879755,0.13786914035879755,,0
2022-02-16,2022-02,115.65,115.74,115.53,115.65,3250.0,95.2,0.25974040576856927,0.181582360570682,5.291223797757735,0.6912566440759426,0.6912566440759426,,0
2022-02-17,2022-02,115.4,115.53,115.08,115.3,5677.0,95.72,-0.3030961402434946,0.3902862098872531,5.213952734706428,-0.8173989537617611,0.8173989537617611,,0
2022-02-18,2022-02,114.86,115.28,114.79,115.12,5079.0,95.68,-0.15623646959009066,0.42564280750520755,5.255410199482687,-0.4349451628996337,0.4349451628996337,,0
2022-02-21,2022-02,114.96,115.12,114.88,114.93,3259.0,96.0,-0.16518151984450063,0.20882276168103114,4.981257577118573,-0.4615441764140853,0.4615441764140853,,0
2022-02-22,2022-02,114.61,114.8,114.5,114.74,5054.0,95.66,-0.1654548206942382,0.26146069374237163,5.013336248364263,-0.46197839085289616,0.46197839085289616,,0
2022-02-24,2022-02,114.9,115.11,114.41,114.62,8100.0,95.86,-0.1046390050133544,0.6107136625370815,5.032193980548315,-0.2985273429556468,0.2985273429556468,,0
2022-02-25,2022-02,115.55,115.62,115.15,115.28,6227.0,95.53,0.5741642567675183,0.40770298403886085,5.387985827606304,1.658454836718323,1.658454836718323,,0
2022-02-28,2022-02,115.59,115.79,115.25,115.5,6780.0,96.29,0.1906578270581669,0.4675324675324729,4.85981895457598,0.5851641174914295,0.5851641174914295,,0
2022-03-01,2022-03,115.09,115.29,114.98,115.04,6222.0,96.64,-0.3990635989111667,0.26947148817802696,4.270978719996035,-1.2523999089537068,1.2523999089537068,,0
2022-03-02,2022-03,114.85,115.18,114.79,115.16,5275.0,96.11,0.10425717712383914,0.33865925668634994,4.248959699140669,0.3258261733128463,0.3258261733128463,,0
2022-03-03,2022-03,115.52,115.73,115.45,115.73,4135.0,96.34,0.49374261160113436,0.24194245225957067,4.314162641692268,1.5462760858625149,1.5462760858625149,,0
2022-03-04,2022-03,115.49,115.56,115.25,115.46,6690.0,97.34,-0.23357422271989997,0.26849125238177923,4.281841820558682,-0.7203279330874102,0.7203279330874102,,0
2022-03-07,2022-03,114.95,115.12,114.83,115.02,4731.0,97.41,-0.3818123347179392,0.25213006433664253,4.5280978529245175,-1.1711779085658605,1.1711779085658605,,0
2022-03-08,2022-03,115.37,115.53,115.28,115.45,4914.0,97.0,0.3731509514896277,0.21654395842356,4.4347380170854915,1.1342699103704894,1.1342699103704894,,0
2022-03-09,2022-03,115.73,115.92,115.69,115.89,4077.0,96.41,0.38039295457952843,0.19846406074726375,4.606709970941661,1.160317351717964,1.160317351717964,,0
2022-03-10,2022-03,115.92,116.2,115.85,115.93,4513.0,96.34,0.034509533601058864,0.3019063227809959,4.56197816069112,0.10471082529250603,0.10471082529250603,,0
2022-03-11,2022-03,116.19,116.8,116.12,116.72,7119.0,95.72,0.679134353221997,0.5825908156271355,5.110411632474207,2.0608628535402733,2.0608628535402733,,0
2022-03-14,2022-03,117.55,117.88,117.35,117.73,4717.0,95.09,0.8615962875575213,0.45018262125201824,5.851280496744281,2.5355032286655175,2.5355032286655175,,0
2022-03-15,2022-03,118.22,118.45,117.85,117.98,6259.0,94.9,0.21212514848237998,0.5085607730123822,5.785267962733673,0.5965792769215902,0.5965792769215902,,0
2022-03-16,2022-03,118.32,118.43,118.17,118.38,2955.0,94.07,0.3384670687649642,0.21963169454300144,5.806132959737935,0.9509456710739074,0.9509456710739074,,0
2022-03-17,2022-03,118.87,119.02,118.6,118.67,5692.0,93.96,0.24467424144688343,0.3539226426223997,5.801900293345876,0.6840869106745828,0.6840869106745828,,0
2022-03-18,2022-03,118.5,119.0,118.48,118.86,5790.0,93.68,0.15997982614667336,0.43748948342587585,5.572933356191815,0.44846916623447,0.44846916623447,,0
2022-03-22,2022-03,119.59,120.5,119.44,120.48,8619.0,92.49,1.3537434113068825,0.8798140770252342,6.887534501322225,3.8508119100168283,3.8508119100168283,,1
2022-03-23,2022-03,121.35,121.41,120.8,121.07,6223.0,92.29,0.4885126668065429,0.5038407532832242,6.78324580204558,1.2630464079934218,1.2630464079934218,,0
2022-03-24,2022-03,121.13,121.74,120.96,121.63,5770.0,91.4,0.4614758910696141,0.641289155635946,6.624618962691176,1.1835610634210347,1.1835610634210347,,0
2022-03-25,2022-03,122.35,122.43,121.18,121.74,8018.0,91.61,0.09039734354334393,1.0267783801544275,6.504999632179073,0.23157001350171932,0.23157001350171932,,0
2022-03-28,2022-03,122.27,124.02,122.15,123.93,8508.0,90.35,1.782926701100461,1.5089163237311307,8.335060615710422,4.567269114502385,4.567269114502385,,1
2022-03-29,2022-03,123.6,124.31,123.12,123.58,10257.0,90.66,-0.2828170443949455,0.9629389868910808,8.628262175989573,-0.6335844459231733,0.6335844459231733,,0
2022-03-30,2022-03,123.12,123.2,121.33,121.87,8839.0,91.11,-1.393381679742242,1.534421925002055,10.31246918477297,-3.09923001286452,3.09923001286452,,1
2022-03-31,2022-03,122.03,122.45,121.35,121.64,12283.0,91.32,-0.18890400262471624,0.9043077934889908,10.43368096710438,-0.38576116897518664,0.38576116897518664,,0
2022-04-01,2022-04,121.75,122.73,121.7,122.64,8512.0,90.95,0.8187371754394682,0.8398564905414231,10.587225782892732,1.6673615821269232,1.6673615821269232,,0
2022-04-04,2022-04,122.63,122.8,122.27,122.66,4049.0,90.78,0.016306563427905294,0.43208870047285275,10.459725209328347,0.032632867291578466,0.032632867291578466,,0
2022-04-05,2022-04,122.8,122.98,122.38,122.9,4169.0,90.35,0.19547163741516518,0.4882017900732372,10.155120122379273,0.3936310350994705,0.3936310350994705,,0
2022-04-06,2022-04,123.66,124.05,123.55,123.89,5992.0,90.26,0.8023058555658288,0.40358382436031964,10.291899687566815,1.6165659113770938,1.6165659113770938,,0
2022-04-07,2022-04,123.73,123.92,123.47,123.76,3876.0,90.19,-0.10498688628368148,0.36360698125404234,10.418070213947082,-0.20847698179360358,0.20847698179360358,,0
2022-04-08,2022-04,124.1,124.23,123.68,124.05,5787.0,89.99,0.23405038729993224,0.44336960902861516,10.367337500872305,0.4641793534083105,0.4641793534083105,,0
2022-04-11,2022-04,124.4,125.43,124.19,125.25,7182.0,89.37,0.9627029827164202,0.9900199600798475,10.538367963674173,1.9375431072896647,1.9375431072896647,,0
2022-04-12,2022-04,125.49,125.75,125.12,125.53,7563.0,89.4,0.22330338651429588,0.5018720624551863,10.371775863610932,0.4390811990346478,0.4390811990346478,,0
2022-04-13,2022-04,125.42,126.31,125.36,126.06,6099.0,89.07,0.4213210254846981,0.7536093923528501,10.369298026137654,0.8572478942371323,0.8572478942371323,,0
2022-04-14,2022-04,125.37,125.68,125.08,125.34,5394.0,89.1,-0.5727939288434607,0.47869794159885787,10.854032552354145,-1.1829671091602232,1.1829671091602232,,0
2022-04-15,2022-04,126.19,126.7,125.9,126.47,3167.0,88.71,0.8975081095355599,0.6325610816794475,11.06663597910748,1.8273825603188807,1.8273825603188807,,0
2022-04-18,2022-04,126.62,126.79,126.25,126.64,4128.0,88.42,0.13432896808717232,0.42640555906507127,11.071876179736522,0.26891688016172804,0.26891688016172804,,0
2022-04-19,2022-04,127.15,128.32,126.99,128.07,8224.0,87.31,1.1228573865223646,1.0384945732802362,10.812427970997804,2.271128325285368,2.271128325285368,,0
2022-04-20,2022-04,129.31,129.43,128.07,128.66,11083.0,88.03,0.4596276544873919,1.0570495880615682,10.806426732772628,0.9034224487984235,0.9034224487984235,,0
2022-04-21,2022-04,128.0,128.64,127.83,128.03,5789.0,87.93,-0.490865452476666,0.6326642193235867,11.145800077358109,-0.9766040812385625,0.9766040812385625,,0
2022-04-22,2022-04,128.43,128.69,127.74,128.07,6779.0,88.3,0.031237797989269626,0.7417818380573147,11.159456549843187,0.06135290613530644,0.06135290613530644,,0
2022-04-25,2022-04,128.61,128.87,127.99,128.2,7566.0,89.04,0.10145550485892,0.6864274570982916,9.588444652118621,0.1991312756248269,0.1991312756248269,,0
2022-04-26,2022-04,127.78,128.23,127.35,127.88,7607.0,89.95,-0.24992202949288886,0.6881451360650575,9.568559517867305,-0.49060913906841414,0.49060913906841414,,0
2022-04-27,2022-04,127.26,128.1,126.96,127.99,8023.0,89.28,0.08598116760596364,0.8906945855144939,7.598839907507458,0.1691708001441424,0.1691708001441424,,0
2022-04-28,2022-04,128.44,130.68,128.36,130.6,14561.0,88.13,2.0187080974630334,1.7764165390505307,9.68197214420456,4.015480376790285,4.015480376790285,,1
2022-05-02,2022-05,130.0,130.47,129.62,130.11,6043.0,88.51,-0.37589703269460295,0.6532933671508678,9.850828791337484,-0.6782415732745203,0.6782415732745203,,0
2022-05-06,2022-05,130.34,130.8,130.1,130.52,6417.0,88.52,0.31462252097351917,0.5363162733680792,9.795393993340932,0.568625681740443,0.568625681740443,,0
2022-05-09,2022-05,130.73,131.34,130.64,131.21,5231.0,89.19,0.5272621392504429,0.5334959225668905,9.814478121824251,0.958825762233134,0.958825762233134,,0
2022-05-10,2022-05,130.38,130.57,129.8,130.36,6116.0,89.13,-0.649923914826349,0.5906719852715416,10.227049904903717,-1.1809512008614356,1.1809512008614356,,0
2022-05-11,2022-05,130.37,130.49,129.9,129.97,4844.0,89.41,-0.2996199375863831,0.45395091174886776,10.340503203121683,-0.5341400968553869,0.5341400968553869,,0
2022-05-12,2022-05,129.85,130.05,128.6,128.84,7404.0,91.16,-0.8732330130498934,1.125426886060243,11.076562145534874,-1.5464399714187778,1.5464399714187778,,0
2022-05-13,2022-05,128.6,129.36,128.35,128.81,6503.0,90.42,-0.023287405500153943,0.7841006133064352,10.710509935102035,-0.04005199569429224,0.04005199569429224,,0
2022-05-16,2022-05,129.41,129.67,128.7,129.36,3360.0,90.4,0.42607648608549614,0.7498453927025346,10.75548475091235,0.7331960742683135,0.7331960742683135,,0
2022-05-17,2022-05,128.93,129.44,128.83,129.4,4263.0,89.66,0.030916679794873406,0.4714064914992158,10.714191972655856,0.05312500401879037,0.05312500401879037,,0
2022-05-18,2022-05,129.43,129.53,128.95,129.33,4326.0,90.77,-0.054110463964723174,0.4484651666280155,10.416515692443335,-0.09321306066945091,0.09321306066945091,,0
2022-05-19,2022-05,127.93,128.93,127.9,128.23,6304.0,90.51,-0.8541750956128635,0.8032441706308985,10.61803901489997,-1.4714014875153605,1.4714014875153605,,0
2022-05-20,2022-05,127.85,128.21,127.54,127.93,4933.0,90.37,-0.23422871420806646,0.5237239115141106,10.668485394269565,-0.3930804013503907,0.3930804013503907,,0
2022-05-23,2022-05,127.9,128.04,127.16,127.59,3279.0,89.75,-0.2661241395291734,0.6897092248608789,9.930823483497528,-0.4472563544600442,0.4472563544600442,,0
2022-05-24,2022-05,127.81,128.08,127.25,127.28,5790.0,90.44,-0.2432613904120426,0.6521055939660689,9.79420640580532,-0.40801018482033,0.40801018482033,,0
2022-05-25,2022-05,126.74,127.29,126.67,127.12,6146.0,90.47,-0.12578618010708928,0.48772813089994066,9.66304128906979,-0.2106809686443642,0.2106809686443642,,0
2022-05-26,2022-05,127.14,127.57,126.56,126.6,6146.0,90.76,-0.40990125183848075,0.7977883096366437,9.749024829325876,-0.6869587808169743,0.6869587808169743,,0
2022-05-27,2022-05,127.1,127.2,126.68,127.14,4434.0,90.43,0.42563317981869897,0.4089979550102218,9.886174320582155,0.7089539081967845,0.7089539081967845,,0
2022-05-30,2022-05,127.27,127.39,126.86,127.36,2890.0,89.67,0.1728880587810165,0.41614321608040294,9.881877296292977,0.2886472619500059,0.2886472619500059,,0
2022-05-31,2022-05,127.79,128.33,127.53,127.76,7388.0,89.12,0.31357818106840546,0.6261740763932462,9.94717432819135,0.5235463108776538,0.5235463108776538,,0
2022-06-01,2022-06,128.75,129.54,128.65,129.4,6026.0,88.42,1.2754878160043244,0.6877897990726324,8.119747558363152,2.1448743884011034,2.1448743884011034,,0
2022-06-02,2022-06,130.14,130.23,129.78,129.89,5473.0,88.28,0.37795563523923004,0.34644699360996895,8.154566616124896,0.618277741807844,0.618277741807844,,0
2022-06-03,2022-06,129.95,130.05,129.7,129.89,5780.0,87.71,0.0,0.26945877280777797,8.065222237848511,0.0,0.0,,0
2022-06-06,2022-06,130.74,130.99,130.44,130.77,3853.0,87.06,0.6752116499218549,0.4205857612602365,8.215097493729333,1.1096252522594436,1.1096252522594436,,0
2022-06-07,2022-06,132.19,133.0,131.9,132.77,5891.0,86.69,1.517825298939967,0.8285004142502028,9.502132782455568,2.5014305745575514,2.5014305745575514,,0
2022-06-08,2022-06,132.81,133.63,132.6,133.58,6474.0,85.72,0.6082241389679169,0.7710735139991025,9.552702674238924,0.9662837182218957,0.9662837182218957,,0
2022-06-09,2022-06,134.44,134.55,133.4,133.48,6096.0,85.9,-0.07488954143167978,0.8615522924782782,8.8256036315658,-0.11867706107778724,0.11867706107778724,,0
2022-06-10,2022-06,134.37,134.48,133.37,133.61,6616.0,86.28,0.09734547176295116,0.8307761395105044,8.799661596426532,0.15407926405119823,0.15407926405119823,,0
2022-06-13,2022-06,134.78,135.2,134.44,134.6,5886.0,86.91,0.7382308609824639,0.5646359583952384,8.981931452125314,1.1730702887161308,1.1730702887161308,,0
2022-06-14,2022-06,134.22,134.82,133.89,134.43,5158.0,86.21,-0.1263799744465965,0.691809863869677,9.038045001001644,-0.20143464041954923,0.20143464041954923,,0
2022-06-15,2022-06,135.27,135.53,134.53,134.71,5930.0,86.88,0.20807022443151946,0.7423353871279044,8.991660056916686,0.33078450980083607,0.33078450980083607,,0
2022-06-16,2022-06,134.06,134.68,133.95,134.23,5134.0,87.81,-0.3569573210932049,0.5438426581241289,8.3672682078915,-0.5676614141048052,0.5676614141048052,,0
2022-06-17,2022-06,132.41,134.63,132.19,134.29,7002.0,86.19,0.04468940935392911,1.8169632884056874,8.219899037309041,0.07058513674228466,0.07058513674228466,,0
2022-06-20,2022-06,135.29,135.44,134.55,134.67,2975.0,86.0,0.282570086886654,0.6608747308234844,7.9972422376813705,0.44608629829889185,0.44608629829889185,,0
2022-06-21,2022-06,135.1,135.28,134.92,135.23,4374.0,84.95,0.414969102331798,0.2662131183908997,7.775141245038637,0.6744087134418333,0.6744087134418333,,0
2022-06-22,2022-06,136.33,136.71,136.05,136.24,5501.0,85.24,0.7441003869164601,0.4844392248972376,7.752064728903346,1.2103772032576667,1.2103772032576667,,0
2022-06-23,2022-06,135.99,136.2,135.16,135.38,5909.0,86.16,-0.633239727397135,0.7682080070911449,8.074885786284556,-1.0246581373600743,1.0246581373600743,,0
2022-06-24,2022-06,134.82,135.22,134.36,134.54,5280.0,85.8,-0.6224086483001842,0.6392151033149883,8.748213298357566,-0.9927481681686194,0.9927481681686194,,0
2022-06-27,2022-06,135.05,135.22,134.54,135.08,4579.0,85.57,0.40056429199072746,0.5034053893988797,8.747581843173844,0.6689484643201091,0.6689484643201091,,0
2022-06-28,2022-06,135.44,135.82,135.12,135.76,4239.0,85.35,0.5021425408603768,0.5156157925751242,8.778661137591815,0.8408630981638333,0.8408630981638333,,0
2022-06-29,2022-06,136.06,136.28,135.8,136.03,4502.0,85.18,0.19868287193678852,0.35286333896933747,7.994759623637142,0.3526378441553184,0.3526378441553184,,0
2022-06-30,2022-06,136.61,136.8,135.98,136.2,7788.0,85.69,0.12489440700732106,0.6020558002937016,7.991435516907441,0.22249448800465077,0.22249448800465077,,0
2022-07-01,2022-07,135.8,135.99,134.75,135.31,6165.0,86.3,-0.6555951439859108,0.9164141600768674,8.567573084548687,-1.1808229866948516,1.1808229866948516,,0
2022-07-04,2022-07,135.02,135.51,134.8,135.45,2327.0,86.02,0.10341262555511344,0.5241786637135324,8.389387865456543,0.18298594825243047,0.18298594825243047,,0
2022-07-05,2022-07,135.86,136.36,135.69,136.09,5018.0,86.49,0.4713863041122278,0.492321257991047,6.850360951045794,0.8340512831758141,0.8340512831758141,,0
2022-07-06,2022-07,135.55,135.88,135.03,135.43,5242.0,86.56,-0.48615299049462773,0.6276305102266811,6.924324056141234,-0.867483766341056,0.867483766341056,,0
2022-07-07,2022-07,135.95,136.17,135.55,136.13,4358.0,86.44,0.5155409857101695,0.4554469991919313,7.07733787414985,0.9115440046405169,0.9115440046405169,,0
2022-07-08,2022-07,135.92,136.15,135.35,135.84,6998.0,86.29,-0.2132588961344458,0.588928150765615,7.163246927790857,-0.3758257801075121,0.3758257801075121,,0
2022-07-11,2022-07,136.31,137.28,136.15,136.81,5051.0,85.97,0.7115379368985575,0.8259630143995288,7.1314073256369115,1.2721566480336046,1.2721566480336046,,0
2022-07-12,2022-07,137.42,137.51,137.03,137.35,5015.0,86.35,0.3939310609260025,0.34947215143792487,7.169374415033575,0.6982744460577643,0.6982744460577643,,0
2022-07-13,2022-07,136.75,137.25,136.7,137.05,5606.0,85.9,-0.21865897924879643,0.40131338927399585,7.249504654049171,-0.3877401938258939,0.3877401938258939,,0
2022-07-14,2022-07,137.64,139.18,137.36,139.1,8253.0,85.3,1.4847276180602413,1.3084112149532663,8.581779698435966,2.6601493513238808,2.6601493513238808,,0
2022-07-15,2022-07,138.98,139.11,138.58,138.92,5768.0,85.36,-0.12948710535240304,0.38151454074287444,8.639792272490403,-0.22467186849022894,0.22467186849022894,,0
2022-07-19,2022-07,138.27,138.39,137.71,137.74,4624.0,85.18,-0.8530377759320892,0.4936837519964995,9.35352640979722,-1.4770385074004382,1.4770385074004382,,0
2022-07-20,2022-07,138.18,138.37,137.91,138.13,4903.0,85.34,0.2827420595316176,0.3330196191993108,9.308520599321355,0.4894278523454652,0.4894278523454652,,0
2022-07-21,2022-07,138.43,138.66,138.0,138.59,4200.0,85.83,0.332466336884277,0.47622483584673975,9.045276335385473,0.5768046400183944,0.5768046400183944,,0
2022-07-22,2022-07,137.09,137.95,137.02,137.59,5645.0,86.54,-0.7241685640986042,0.6759212152045777,9.146301417639258,-1.267308435977315,1.267308435977315,,0
2022-07-25,2022-07,136.35,136.62,135.89,136.41,5162.0,86.14,-0.8613191934696278,0.5351513818635131,9.425050397083604,-1.480163894128296,1.480163894128296,,0
2022-07-26,2022-07,136.41,136.73,136.28,136.66,3605.0,86.26,0.1831032847603423,0.32928435533439826,9.354940544379375,0.3074632499032393,0.3074632499032393,,0
2022-07-27,2022-07,136.97,137.15,136.81,136.98,3945.0,86.25,0.2338840417126785,0.24821141772521788,9.233752837424365,0.3938799400438367,0.3938799400438367,,0
2022-07-28,2022-07,136.12,136.57,135.11,135.58,7056.0,87.58,-1.0273057766939393,1.0768549933618377,9.959616110850254,-1.7294768784115289,1.7294768784115289,,0
2022-07-29,2022-07,134.39,134.67,132.51,132.78,9655.0,88.19,-2.086824871180635,1.6267510167193828,12.350302925281516,-3.743756156097369,3.743756156097369,警戒,1
2022-08-01,2022-08,133.37,133.55,132.08,132.56,4839.0,89.3,-0.16582501727058355,1.1089318044659013,12.193727999358737,-0.26727982658086197,0.26727982658086197,警戒,0
2022-08-02,2022-08,131.4,131.73,130.4,130.83,6554.0,88.44,-1.3136602595522664,1.0165864098448245,12.89350971505597,-2.119380159817928,2.119380159817928,警戒,0
2022-08-03,2022-08,133.33,133.89,132.3,133.22,4785.0,87.98,1.8103126462248493,1.1935144873141983,14.551146806548587,2.8293561363329816,2.8293561363329816,警戒,0
2022-08-04,2022-08,133.94,134.3,133.43,134.16,3789.0,88.37,0.7031220529920049,0.6484794275491984,14.750672775549736,1.0407030829399369,1.0407030829399369,警戒,0
2022-08-05,2022-08,132.62,133.48,132.54,133.31,5824.0,87.17,-0.6355874389367734,0.7051233965944024,14.734243784067996,-0.9352847390649275,0.9352847390649275,警戒,0
2022-08-08,2022-08,135.07,135.57,134.92,134.99,4919.0,87.07,1.2523458495150217,0.4815171494184796,15.49002594093912,1.8560091630967042,1.8560091630967042,無秩序,0
2022-08-09,2022-08,134.85,135.15,134.68,134.89,2939.0,86.98,-0.07410701391475134,0.3484320557491281,15.239271257415155,-0.10708190312245763,0.10708190312245763,無秩序,0
2022-08-10,2022-08,135.2,135.3,134.89,134.95,4378.0,87.93,0.044470798242544275,0.3038162282326973,15.148179888506183,0.06437505271564435,0.06437505271564435,無秩序,0
2022-08-12,2022-08,133.02,133.5,132.89,133.26,3613.0,87.73,-1.2602232329622554,0.4577517634699187,15.708043211611264,-1.8243026281791928,1.8243026281791928,無秩序,0
2022-08-15,2022-08,133.32,133.58,132.92,133.52,3169.0,88.27,0.19491722191886576,0.4943079688436376,14.563939804881976,0.27387470670679653,0.27387470670679653,警戒,0
2022-08-16,2022-08,133.13,133.79,132.95,133.66,3270.0,87.7,0.10479827293444009,0.6284602723327872,14.603678861948238,0.14929916561922327,0.14929916561922327,警戒,0
2022-08-17,2022-08,134.3,134.83,133.91,134.8,3487.0,87.21,0.8492936395282596,0.6824925816023856,14.831591284320009,1.2118407359317966,1.2118407359317966,警戒,0
2022-08-18,2022-08,134.97,135.42,134.74,135.29,4094.0,86.98,0.3628424137062159,0.502623992904116,14.86226495995183,0.5136123506449732,0.5136123506449732,警戒,0
2022-08-19,2022-08,135.83,136.71,135.72,136.67,4989.0,86.61,1.0148638361440248,0.724372576278634,15.318378272149701,1.437656408315364,1.437656408315364,無秩序,0
2022-08-22,2022-08,137.02,137.44,136.78,136.85,3688.0,86.71,0.13161745099790975,0.48227986846912435,15.133565007571976,0.18408402963184198,0.18408402963184198,無秩序,0
2022-08-23,2022-08,137.57,137.7,137.05,137.28,3770.0,87.0,0.3137200252964182,0.4734848484848319,14.846394382556971,0.4408757797331849,0.4408757797331849,警戒,0
2022-08-24,2022-08,136.77,137.03,136.38,136.55,3993.0,86.93,-0.5331787819938056,0.47601611131454097,14.966794603303073,-0.7499616536874864,0.7499616536874864,警戒,0
2022-08-25,2022-08,137.1,137.19,136.41,136.49,5007.0,87.16,-0.043949605160990245,0.5714704373946817,14.940688691386583,-0.061381322545388375,0.061381322545388375,警戒,0
2022-08-26,2022-08,136.57,137.11,136.45,137.03,3837.0,86.66,0.3948528090005535,0.4816463548128329,14.513074719602608,0.551604466731368,0.551604466731368,警戒,0
2022-08-29,2022-08,138.17,139.0,137.67,138.7,4897.0,86.21,1.2113447362676317,0.9589041095890501,12.667474988672462,1.729531229135377,1.729531229135377,警戒,0
2022-08-30,2022-08,138.65,138.77,138.36,138.46,4902.0,86.2,-0.17318520709064553,0.29611440127112276,12.670460208714474,-0.24248394065021886,0.24248394065021886,警戒,0
2022-08-31,2022-08,138.77,138.83,138.28,138.6,6485.0,85.95,0.10106115059234598,0.396825396825405,11.326501281487415,0.14134186838573518,0.14134186838573518,,0
2022-09-01,2022-09,139.33,139.69,139.03,139.29,6104.0,85.57,0.49660039441370557,0.47383157441309254,9.848959549411648,0.6983521818344459,0.6983521818344459,,0
2022-09-02,2022-09,140.09,140.43,139.88,140.25,5884.0,85.57,0.6868453702865718,0.3921568627451062,9.838594922956052,0.9977773525463148,0.9977773525463148,,0
2022-09-05,2022-09,140.55,140.59,140.12,140.58,3056.0,85.56,0.2350177344953673,0.33432920756864337,9.302894279597625,0.3408662108613473,0.3408662108613473,,0
2022-09-06,2022-09,140.43,141.73,140.25,141.54,4953.0,84.45,0.6805640899879231,1.045640808252077,8.70031175208704,0.9871206564095383,0.9871206564095383,,0
2022-09-07,2022-09,143.16,144.38,142.81,143.9,6636.0,83.74,1.6536251245683673,1.091035441278661,9.952548069542226,2.38377846476829,2.38377846476829,,0
2022-09-08,2022-09,144.1,144.53,143.48,143.82,5932.0,83.55,-0.05560962189742601,0.7300792657488606,9.99598060560444,-0.07748184691899977,0.07748184691899977,,0
2022-09-09,2022-09,143.88,144.09,142.15,142.36,5841.0,84.2,-1.020345703235587,1.3627423433548733,9.518427205172243,-1.4223375990520617,1.4223375990520617,,0
2022-09-12,2022-09,142.57,143.5,142.34,142.77,4130.0,83.76,0.28758831591368,0.8124956223296186,9.506624049845435,0.3928908920621817,0.3928908920621817,,0
2022-09-13,2022-09,142.59,142.78,142.05,142.26,5320.0,83.25,-0.35785744957597754,0.5131449458737452,9.792706216931691,-0.4902118570697687,0.4902118570697687,,0
2022-09-14,2022-09,144.43,144.95,143.26,143.32,8271.0,84.24,0.7423523131384019,1.1791794585542825,9.721955211008764,1.0135959475447336,1.0135959475447336,,0
2022-09-15,2022-09,142.92,143.8,142.81,143.57,5326.0,84.23,0.1742828702849396,0.6895591000905545,9.730482088797494,0.2365495213815942,0.2365495213815942,,0
2022-09-16,2022-09,143.34,143.69,142.85,143.46,3892.0,84.53,-0.07664704413140667,0.5855290673358451,9.429173676920467,-0.10418212249366537,0.10418212249366537,,0
2022-09-20,2022-09,143.19,143.55,142.94,143.47,4962.0,84.35,0.006970341201019855,0.4251759949815388,9.458937114581174,0.009533593846707381,0.009533593846707381,,0
2022-09-21,2022-09,143.58,144.08,143.36,143.75,4372.0,84.62,0.1949725567161301,0.5008695652173905,9.455421129901259,0.2688883442820095,0.2688883442820095,,0
2022-09-22,2022-09,144.24,145.9,143.48,145.78,25042.0,85.83,1.4022956276606975,1.6600356701879655,9.869618895153042,1.950290591102661,1.950290591102661,,0
2022-09-26,2022-09,143.53,144.25,143.2,143.83,3959.0,85.5,-1.3466589338268924,0.7300285058749991,11.472233292856924,-1.826547848529951,1.826547848529951,,0
2022-09-27,2022-09,144.47,144.69,144.08,144.27,5400.0,85.63,0.30544973418830085,0.42281832674844744,11.462877190926271,0.40210688206031137,0.40210688206031137,,0
2022-09-28,2022-09,144.71,144.86,144.4,144.57,6934.0,85.81,0.20772753626700607,0.31818496230200455,10.894658672347283,0.27332849163068434,0.27332849163068434,,0
2022-09-29,2022-09,144.4,144.81,144.16,144.68,4786.0,85.2,0.07605877635461915,0.44926734863146645,10.814853622886895,0.10006191641871498,0.10006191641871498,,0
2022-09-30,2022-09,144.42,144.77,144.28,144.32,9575.0,85.12,-0.24913507695837606,0.33952328159645867,10.936567645494785,-0.3305752667927129,0.3305752667927129,,0
2022-10-03,2022-10,144.81,145.4,144.5,145.03,4166.0,85.09,0.49075612578451144,0.6205612631869308,10.934500582561254,0.6499402580862105,0.6499402580862105,,0
2022-10-04,2022-10,144.51,144.91,144.42,144.66,4268.0,84.89,-0.25544561510240366,0.338725286879586,10.891733461017655,-0.33823017843147957,0.33823017843147957,,0
2022-10-05,2022-10,143.86,144.5,143.55,144.45,4815.0,84.79,-0.1452734508890486,0.6576670128071919,10.938137572586037,-0.19298798424462335,0.19298798424462335,,0
2022-10-06,2022-10,144.43,144.7,144.39,144.59,4679.0,84.72,0.09687241277906694,0.2143993360536706,10.747124358676526,0.12889570927479432,0.12889570927479432,,0
2022-10-07,2022-10,145.05,145.11,144.84,144.91,4691.0,84.88,0.22107090177978347,0.18632254502795545,9.086856251228612,0.2945887303617331,0.2945887303617331,,0
2022-10-11,2022-10,145.68,145.86,145.55,145.64,3974.0,85.02,0.5024963249399881,0.212853611645154,9.227926587806243,0.6732538195555231,0.6732538195555231,,0
2022-10-12,2022-10,145.89,146.37,145.7,146.18,4765.0,84.37,0.3700915745013059,0.4583390340675988,8.340367484026052,0.49528087369916074,0.49528087369916074,,0
2022-10-13,2022-10,146.78,146.91,146.68,146.84,4586.0,84.09,0.4504819576387922,0.15663307000816518,8.400394821484564,0.6031542326377668,0.6031542326377668,,0
2022-10-14,2022-10,147.31,147.61,147.09,147.48,4090.0,83.5,0.4349014737310204,0.35259018171956213,8.246481812333098,0.5988720086838832,0.5988720086838832,,0
2022-10-17,2022-10,148.64,148.8,148.46,148.65,3071.0,82.99,0.7901976078163058,0.22872519340733496,8.291368453363065,1.08698703067607,1.08698703067607,,0
2022-10-18,2022-10,148.97,149.05,148.68,148.96,4049.0,82.84,0.20832640846503336,0.24838882921589994,8.291797579579953,0.28878328288691096,0.28878328288691096,,0
2022-10-19,2022-10,149.21,149.48,149.11,149.35,3283.0,82.86,0.26147311333618306,0.24774020756610388,8.237364248624178,0.36256023396196013,0.36256023396196013,,0
2022-10-20,2022-10,149.82,150.09,149.63,149.87,4910.0,82.61,0.34757069947859487,0.30693267498499227,8.219562358125101,0.48213529880262324,0.48213529880262324,,0
2022-10-21,2022-10,150.17,150.48,150.07,150.48,8881.0,83.88,0.4061933335870067,0.27246145667198074,8.24579522372648,0.5699018643600299,0.5699018643600299,,0
2022-10-24,2022-10,147.93,149.71,145.3,149.26,14188.0,83.45,-0.8140433289533584,2.95457590781187,7.8034208757324395,-1.160967690434283,1.160967690434283,,0
2022-10-25,2022-10,148.89,149.06,148.58,148.93,5842.0,83.72,-0.2213354805465076,0.32229906667561253,5.755838488087252,-0.3106753430200509,0.3106753430200509,,0
2022-10-26,2022-10,147.97,148.4,147.04,147.1,5165.0,83.83,-1.2363769290384499,0.9245411284840337,7.597083461473689,-1.7318273068096917,1.7318273068096917,,0
2022-10-27,2022-10,146.09,146.44,145.11,145.73,6420.0,84.31,-0.935703306178663,0.912646675358529,8.41634271193051,-1.299247968624928,1.299247968624928,,0
2022-10-28,2022-10,146.28,147.11,146.02,147.08,5949.0,83.71,0.9221061887466232,0.7410932825673126,8.981315595737444,1.3684924086874632,1.3684924086874632,,0
2022-10-31,2022-10,147.81,148.27,147.55,148.01,5846.0,83.53,0.6303182616025912,0.4864536179987831,9.092761938550154,0.927426882296039,0.927426882296039,,0
2022-11-01,2022-11,148.74,148.82,147.52,147.93,4031.0,83.57,-0.054065014495277314,0.8787940242006239,9.008344355222428,-0.08274577048582069,0.08274577048582069,,0
2022-11-02,2022-11,147.9,148.35,147.18,147.34,4180.0,83.99,-0.39963476494768735,0.7940817157594595,9.097685814553042,-0.6453853548845015,0.6453853548845015,,0
2022-11-04,2022-11,148.38,148.39,147.7,147.89,3525.0,83.87,0.37259129240101374,0.4665629860031089,9.104424414055869,0.6013124728534167,0.6013124728534167,,0
2022-11-07,2022-11,146.84,147.56,146.77,147.53,3496.0,83.86,-0.24372092492020336,0.5354843082762774,9.194571860654763,-0.3986208511717841,0.3986208511717841,,0
2022-11-08,2022-11,146.62,146.92,146.33,146.73,4245.0,84.18,-0.5437381710100145,0.4020990935732128,9.458710158984976,-0.9108117489900567,0.9108117489900567,,0
2022-11-09,2022-11,145.3,145.9,145.18,145.52,5140.0,83.86,-0.8280629009508607,0.49477735019241265,9.810259322745686,-1.3732555794385486,1.3732555794385486,,0
2022-11-10,2022-11,146.2,146.48,146.05,146.31,4808.0,86.12,0.5414124180204034,0.2938965210853519,9.915221811184644,0.8793047785661741,0.8793047785661741,,0
2022-11-11,2022-11,141.74,142.48,141.0,141.19,6467.0,86.57,-3.562115736863719,1.0482328776825482,15.928198478159805,-6.033339983197859,6.033339983197859,無秩序,1
2022-11-14,2022-11,139.61,139.87,138.8,139.51,5053.0,85.81,-1.1970217741417104,0.7669701096695529,16.122792368831632,-1.5733408308939836,1.5733408308939836,無秩序,0
2022-11-15,2022-11,140.08,140.61,139.2,139.34,6481.0,86.03,-0.12192936780437154,1.0119133055834828,15.639283232835771,-0.15655546971205192,0.15655546971205192,無秩序,0
2022-11-16,2022-11,138.96,140.29,138.76,139.38,5375.0,86.11,0.028702640839996258,1.0977184674989247,15.571134395172903,0.03715791032016903,0.03715791032016903,無秩序,0
2022-11-17,2022-11,139.33,139.79,139.23,139.33,4494.0,86.1,-0.03587958848722406,0.4019234909926091,15.456075490430477,-0.046512382354479215,0.046512382354479215,無秩序,0
2022-11-18,2022-11,140.43,140.48,139.64,139.83,4189.0,85.87,0.358217892725881,0.6007294571980286,15.462468526443097,0.47073780425514394,0.47073780425514394,無秩序,0
2022-11-21,2022-11,140.28,140.92,140.17,140.85,3716.0,85.3,0.7268095269622104,0.5324813631522897,15.709435536502736,0.9537746436375126,0.9537746436375126,無秩序,0
2022-11-22,2022-11,142.09,142.24,141.65,141.81,4319.0,85.55,0.6792639150873049,0.41604964388971394,15.991770533958194,0.8862575447064617,0.8862575447064617,無秩序,0
2022-11-24,2022-11,139.23,139.6,138.55,138.98,3295.0,86.79,-2.015809558707351,0.7555043891207246,17.165663699008135,-2.628239702724003,2.628239702724003,無秩序,0
2022-11-25,2022-11,138.61,139.04,138.38,138.8,6530.0,86.47,-0.129598981347697,0.4755043227665681,16.85070484182065,-0.1594997030869853,0.1594997030869853,無秩序,0
2022-11-28,2022-11,139.37,139.42,137.81,138.31,5861.0,86.99,-0.3536505436087608,1.1640517677680464,16.68087350516166,-0.43587142586226196,0.43587142586226196,無秩序,0
2022-11-29,2022-11,138.73,139.35,138.15,138.28,5832.0,86.91,-0.02169275831927794,0.867804454729526,16.11980582604134,-0.02720099032872938,0.02720099032872938,無秩序,0
2022-11-30,2022-11,138.76,138.95,138.34,138.53,7058.0,86.62,0.18062936163638116,0.44033783296035894,15.849213589614944,0.22658083637904866,0.22658083637904866,無秩序,0
2022-12-01,2022-12,137.36,138.11,135.85,136.54,5291.0,87.88,-1.44692966796535,1.6551926175479854,16.291461254426327,-1.8144754640432956,1.8144754640432956,無秩序,0
2022-12-02,2022-12,135.16,135.59,134.55,134.65,7687.0,88.47,-1.3938792732526206,0.7723728184181151,16.668575946585566,-1.7078878003785511,1.7078878003785511,無秩序,0
2022-12-05,2022-12,134.49,135.24,134.15,135.13,4739.0,86.68,0.35584587923868105,0.8066306519647771,16.657713673686768,0.42918014294857154,0.42918014294857154,無秩序,0
2022-12-06,2022-12,136.56,137.42,136.3,136.95,5623.0,86.82,1.3378617659092489,0.8178167214311619,17.82413563123941,1.6118352393610273,1.6118352393610273,無秩序,0
2022-12-07,2022-12,136.89,137.85,136.8,137.43,4047.0,86.81,0.34988008576733914,0.7640253219820875,17.991456046787686,0.4144229129251347,0.4144229129251347,無秩序,0
2022-12-08,2022-12,136.38,137.25,136.26,136.71,4801.0,86.67,-0.5252802622859514,0.72416063199474,17.911628217583562,-0.6438535146348013,0.6438535146348013,無秩序,0
2022-12-09,2022-12,136.63,136.9,135.77,136.35,5046.0,86.67,-0.26367846523034394,0.8287495416208255,17.628451812736284,-0.32239131700440793,0.32239131700440793,無秩序,0
2022-12-12,2022-12,136.73,137.11,136.57,136.69,3615.0,86.15,0.2490478872964197,0.3950545028897655,13.011474611730698,0.307848866552835,0.307848866552835,警戒,0
2022-12-13,2022-12,137.49,137.97,137.34,137.42,6072.0,87.03,0.5326341438368132,0.45844855188472966,12.629476660807084,0.6586146078963011,0.6586146078963011,警戒,0
2022-12-14,2022-12,135.56,135.73,135.25,135.47,4864.0,86.96,-1.4291716010284747,0.35432199010850357,13.514680009271535,-1.7610175757110478,1.7610175757110478,警戒,0
2022-12-15,2022-12,135.35,135.9,135.24,135.86,4325.0,86.01,0.2874730170510923,0.4857941999116712,13.588746634101737,0.34904116153226084,0.34904116153226084,警戒,0
2022-12-16,2022-12,137.76,137.79,136.96,137.23,4384.0,86.79,1.0033406518385866,0.6048240180718386,14.1703329728199,1.2171121274054097,1.2171121274054097,警戒,0
2022-12-19,2022-12,136.58,136.6,135.76,135.84,3390.0,86.55,-1.01806277185045,0.6183745583038894,14.45042306507777,-1.217188405144433,1.217188405144433,警戒,0
2022-12-20,2022-12,136.98,137.46,132.28,132.6,9469.0,89.75,-2.4140644811275114,3.906485671191559,16.14002158186283,-2.8563871476087717,2.8563871476087717,無秩序,0
2022-12-21,2022-12,131.89,132.36,131.5,131.77,4091.0,89.38,-0.6279099194601153,0.6526523487895679,15.748407154778906,-0.7009634288580516,0.7009634288580516,無秩序,0
2022-12-22,2022-12,132.4,132.45,131.65,131.96,3742.0,89.52,0.14408678032197278,0.6062443164595203,14.571713589127688,0.16469995407357207,0.16469995407357207,警戒,0
2022-12-23,2022-12,132.38,132.8,132.17,132.53,4257.0,89.1,0.43101885322066236,0.47536406851280755,14.772324755990624,0.500087464679806,0.500087464679806,警戒,0
2022-12-26,2022-12,132.85,132.85,132.28,132.73,1145.0,88.92,0.15079547455234127,0.4294432306185438,14.825259613569095,0.17470423610567806,0.17470423610567806,警戒,0
2022-12-27,2022-12,132.76,133.22,132.65,132.88,3126.0,88.54,0.11294756669285218,0.4289584587597781,14.855121804755411,0.13090997935103424,0.13090997935103424,警戒,0
2022-12-28,2022-12,133.49,134.4,133.44,133.92,4185.0,88.12,0.7796141436125716,0.7168458781362067,15.206245338946141,0.9034191554639024,0.9034191554639024,無秩序,0
2022-12-29,2022-12,134.03,134.38,133.48,133.79,3145.0,88.77,-0.09712002556372064,0.6726960161447088,14.437381062400522,-0.11150745414148182,0.11150745414148182,警戒,0
2022-12-30,2022-12,132.92,133.09,132.12,132.14,5356.0,89.68,-1.2409439883788347,0.7340699258362335,14.265015821589108,-1.430925568731661,1.430925568731661,警戒,0
2023-01-04,2023-01,131.3,131.45,130.13,130.25,3607.0,88.74,-1.440628596826327,1.0134357005758106,14.923605866040162,-1.6392812779627823,1.6392812779627823,警戒,0
2023-01-05,2023-01,132.25,132.62,131.71,132.49,5652.0,88.38,1.705149024655552,0.6868442901351018,15.46738554996448,1.906367468789686,1.906367468789686,無秩序,0
2023-01-06,2023-01,133.33,134.37,133.29,134.25,5050.0,88.63,1.3196562508942296,0.804469273743026,16.25881139440457,1.4248187183894612,1.4248187183894612,無秩序,0
2023-01-10,2023-01,131.73,132.29,131.39,132.23,4270.0,87.92,-1.5160902820242699,0.6806322317174663,16.95428046265873,-1.6056060788154316,1.6056060788154316,無秩序,0
2023-01-11,2023-01,132.1,132.57,132.07,132.42,4264.0,87.67,0.14358589279684913,0.377586467301012,16.984955247227802,0.1499909539799764,0.1499909539799764,無秩序,0
2023-01-12,2023-01,131.91,132.33,131.36,131.61,9009.0,89.41,-0.6135685650467494,0.7370260618494026,16.994694575687806,-0.6420684919836587,0.6420684919836587,無秩序,0
2023-01-13,2023-01,129.22,129.4,128.25,128.38,6713.0,90.17,-2.484838796260034,0.8957781585916855,18.5944625617299,-2.6050002475229808,2.6050002475229808,無秩序,0
2023-01-16,2023-01,128.07,128.2,127.22,127.99,3750.0,89.91,-0.30424800159317056,0.7656848191264863,18.14400286811176,-0.30564991536913244,0.30564991536913244,無秩序,0
2023-01-17,2023-01,128.34,129.15,128.23,128.72,5893.0,90.39,0.5687366816427458,0.7147296457427097,18.288390895081967,0.576597721203277,0.576597721203277,無秩序,0
2023-01-18,2023-01,128.28,131.57,128.16,130.26,8855.0,89.74,1.1892950434127683,2.617841240595729,18.471100847857606,1.200955250583985,1.200955250583985,無秩序,0
2023-01-19,2023-01,128.54,128.85,127.77,128.18,4675.0,90.1,-1.6096927042174556,0.8425651427679811,18.907111674649467,-1.6009889094261,1.6009889094261,無秩序,0
2023-01-20,2023-01,128.37,129.3,128.35,128.89,5131.0,89.25,0.5523801340607202,0.7370626115292243,17.356056282972148,0.5425494722911263,0.5425494722911263,無秩序,0
2023-01-23,2023-01,129.39,130.32,129.05,130.13,3304.0,88.5,0.9574623371977911,0.9759471297932696,17.676606562264645,0.9387664776885529,0.9387664776885529,無秩序,0
2023-01-24,2023-01,130.58,130.73,129.74,129.86,3643.0,88.82,-0.20770037083250692,0.7623594640381801,17.666148778377984,-0.20181762483303012,0.20181762483303012,無秩序,0
2023-01-25,2023-01,130.22,130.58,130.04,130.44,5012.0,89.11,0.4456403840777663,0.4139834406623892,17.67183604074842,0.43301708851800313,0.43301708851800313,無秩序,0
2023-01-26,2023-01,129.25,129.74,129.02,129.48,4578.0,88.73,-0.7386921863074823,0.556070435588507,17.799704719180333,-0.7212908822563803,0.7212908822563803,無秩序,0
2023-01-27,2023-01,129.81,130.26,129.5,129.95,4233.0,89.01,0.36233320294555904,0.5848403232012243,17.865617401541236,0.35451915989281707,0.35451915989281707,無秩序,0
2023-01-30,2023-01,129.85,130.28,129.2,129.6,4847.0,88.51,-0.26969771693249556,0.833333333333343,17.55706222298089,-0.2659277399301223,0.2659277399301223,無秩序,0
2023-01-31,2023-01,130.48,130.52,130.06,130.15,5693.0,88.72,0.4234847522400109,0.35343834037649474,17.680166712152392,0.4200278533092651,0.4200278533092651,無秩序,0
2023-02-01,2023-02,130.12,130.41,129.85,130.18,5121.0,89.06,0.023047670366698098,0.43017360577661873,17.19696553603945,0.02278669119917526,0.02278669119917526,無秩序,0
2023-02-02,2023-02,128.61,128.9,128.18,128.66,4796.0,89.34,-1.174484216138704,0.5596144877972944,16.940632514487795,-1.1610093731429227,1.1610093731429227,無秩序,0
2023-02-03,2023-02,128.77,128.82,128.44,128.61,5452.0,88.43,-0.03886967048586913,0.2954669154809077,15.607173530325538,-0.038246086738695714,0.038246086738695714,無秩序,0
2023-02-06,2023-02,132.07,132.4,131.51,131.79,4603.0,87.8,2.4425177377802387,0.6753167918658585,17.412728873875142,2.4026126092698585,2.4026126092698585,無秩序,0
2023-02-07,2023-02,132.61,132.7,132.0,132.16,4773.0,88.74,0.28035631168699826,0.5296610169491439,16.61403523743894,0.26140675780732736,0.26140675780732736,無秩序,0
2023-02-08,2023-02,131.06,131.38,130.73,130.89,4670.0,88.58,-0.9656033969040072,0.49660019864008387,16.94772471079822,-0.9018722927017407,0.9018722927017407,無秩序,0
2023-02-09,2023-02,131.39,131.83,130.75,131.15,5221.0,88.4,0.19844305092549044,0.8234845596645158,16.839503674189118,0.18518453873986215,0.18518453873986215,無秩序,0
2023-02-10,2023-02,131.53,131.89,130.25,130.45,7606.0,88.85,-0.5351694730145408,1.2571866615561413,14.277946921884663,-0.5480375604652369,0.5480375604652369,警戒,0
2023-02-13,2023-02,131.56,132.3,131.39,132.13,4304.0,88.13,1.2796274843388096,0.6887156588208772,14.809656615657238,1.322091620586861,1.322091620586861,警戒,0
2023-02-14,2023-02,132.35,132.45,131.79,132.08,5115.0,87.65,-0.03784868142528235,0.4996971532404577,14.743538784563864,-0.03844820371296288,0.03844820371296288,警戒,0
2023-02-15,2023-02,132.98,133.44,132.55,133.33,5589.0,87.4,0.941945851549462,0.6675166879171877,14.532202513032843,0.9569604195988107,0.9569604195988107,警戒,0
2023-02-16,2023-02,133.91,134.16,133.65,133.78,5006.0,87.62,0.33694015628948965,0.3812229032740252,13.030618695222035,0.33922320804234096,0.33922320804234096,警戒,0
2023-02-17,2023-02,134.07,134.89,133.96,134.8,5798.0,87.55,0.7595538787944768,0.6899109792284706,13.122441948063509,0.7648182357394858,0.7648182357394858,警戒,0
2023-02-20,2023-02,134.31,134.53,133.94,134.05,2586.0,87.41,-0.5579333796238314,0.44013427825438517,13.101771399588452,-0.5615423519719888,0.5615423519719888,警戒,0
2023-02-21,2023-02,134.35,134.7,134.15,134.58,3678.0,87.19,0.3945953078203646,0.4086788527269898,13.05901887772822,0.39836938276664385,0.39836938276664385,警戒,0
2023-02-22,2023-02,135.0,135.06,134.56,134.73,4543.0,87.45,0.11139580075842011,0.3711125955614934,13.022180355066478,0.11607943805998756,0.11607943805998756,警戒,0
2023-02-24,2023-02,134.63,134.92,134.05,134.84,6279.0,86.95,0.08161145981037991,0.6452091367546544,12.588144401887341,0.08502678467574769,0.08502678467574769,警戒,0
2023-02-27,2023-02,136.43,136.56,136.0,136.18,4123.0,86.96,0.988864968896053,0.41122044353062287,12.886371854630912,1.0309912426401495,1.0309912426401495,警戒,0
2023-02-28,2023-02,136.33,136.82,136.12,136.76,5365.0,87.03,0.42500247162798366,0.5118455688797812,12.76145861826778,0.4388990940712141,0.4388990940712141,警戒,0
2023-03-01,2023-03,136.36,136.47,135.9,135.93,4579.0,86.4,-0.608751742394392,0.4193334804678829,13.116661665373927,-0.6277524438306169,0.6277524438306169,警戒,0
2023-03-02,2023-03,136.19,136.87,136.03,136.79,5341.0,86.45,0.6306855754196288,0.6140799766064796,13.174543971958174,0.6605623303303847,0.6605623303303847,警戒,0
2023-03-03,2023-03,136.72,136.76,136.35,136.42,4430.0,86.78,-0.27085408747796863,0.30054244245711526,12.23800329160008,-0.28795488336210545,0.28795488336210545,警戒,0
2023-03-06,2023-03,136.02,136.05,135.38,135.69,4183.0,86.8,-0.5365490068711768,0.4937725698282968,12.540672171896727,-0.5705717393041574,0.5705717393041574,警戒,0
2023-03-07,2023-03,136.0,136.17,135.68,135.75,3622.0,86.64,0.044208665618339346,0.3609576427255843,9.560302108145345,0.047703239012934655,0.047703239012934655,,0
2023-03-08,2023-03,137.39,137.9,137.13,137.48,5570.0,86.54,1.2663493167588242,0.5600814663951195,10.34939314108993,1.3682263881691477,1.3682263881691477,,0
2023-03-09,2023-03,137.22,137.32,136.59,136.84,4526.0,87.3,-0.4666091872229057,0.5334697456883877,9.739311713045531,-0.4975575633720637,0.4975575633720637,,0
2023-03-10,2023-03,136.38,136.98,135.82,136.42,6461.0,87.62,-0.3073997882830745,0.8503152030494038,9.919578056346616,-0.3273115389942537,0.3273115389942537,,0
2023-03-13,2023-03,134.97,135.02,133.55,134.51,4507.0,88.17,-1.409981650608309,1.0928555497732502,11.181715688983349,-1.5008232251421278,1.5008232251421278,,0
2023-03-14,2023-03,133.09,134.03,133.03,133.55,6472.0,87.63,-0.7162606164520141,0.7487832272557093,10.751228734762442,-0.7507576185042562,0.7507576185042562,,0
2023-03-15,2023-03,134.44,135.04,134.03,134.88,6466.0,88.73,0.9909554697575407,0.7488137603795899,11.244274505211765,1.0533696565063007,1.0533696565063007,,0
2023-03-16,2023-03,132.91,133.49,132.5,133.12,4487.0,88.32,-1.3134517180646823,0.7436899038461606,11.851103819594789,-1.3839786963066982,1.3839786963066982,,0
2023-03-17,2023-03,133.37,133.61,132.75,133.02,6380.0,89.4,-0.07514842166233125,0.6465193204029571,11.782149433942438,-0.07876002316662058,0.07876002316662058,,0
2023-03-20,2023-03,132.28,132.65,130.74,131.06,6191.0,89.58,-1.4844259244924354,1.457347779642909,12.464267872076341,-1.569710884206206,1.569710884206206,警戒,0
2023-03-22,2023-03,132.4,132.78,132.27,132.6,4452.0,89.2,1.168184414041119,0.3846153846153778,13.183120553706992,1.279385554466548,1.279385554466548,警戒,0
2023-03-23,2023-03,131.17,131.48,130.42,130.91,6608.0,89.19,-1.2827013559754425,0.8097165991902852,13.757418516989093,-1.3909243925879289,1.3909243925879289,警戒,0
2023-03-24,2023-03,130.88,130.93,130.06,130.26,6713.0,89.69,-0.4977611073752244,0.6678949792722283,13.780719327040408,-0.5312473261109086,0.5312473261109086,警戒,0
2023-03-27,2023-03,130.85,131.36,130.5,130.93,5568.0,89.14,0.5130376121406518,0.6568395325746686,13.968466774403698,0.5474306485850818,0.5474306485850818,警戒,0
2023-03-28,2023-03,131.23,131.54,130.51,131.16,8006.0,89.43,0.17551227367854358,0.785300396462337,13.376999601000698,0.186811743916716,0.186811743916716,警戒,0
2023-03-29,2023-03,131.05,132.04,130.77,131.98,5558.0,88.21,0.6232443978828062,0.9622670101530398,13.515242726095323,0.6632362136349941,0.6632362136349941,警戒,0
2023-03-30,2023-03,132.55,132.81,132.2,132.41,4978.0,88.05,0.32527733963899524,0.4606902801903283,13.526968307335144,0.34690456804486797,0.34690456804486797,警戒,0
2023-03-31,2023-03,133.19,133.51,132.6,133.13,13459.0,88.1,0.5422925092160366,0.6835424021632965,13.464432063632724,0.5777146047990713,0.5777146047990713,警戒,0
2023-04-03,2023-04,133.36,133.75,132.83,133.54,3538.0,88.29,0.3074963985896975,0.6889321551594935,13.543653724120269,0.331550845342976,0.331550845342976,警戒,0
2023-04-04,2023-04,132.32,132.97,132.17,132.61,4822.0,88.67,-0.6988568740215026,0.6032727546942247,13.623994692052626,-0.7694222555828724,0.7694222555828724,警戒,0
2023-04-05,2023-04,131.44,131.84,131.32,131.41,4114.0,89.06,-0.9090283033961012,0.3957080891865233,13.893942437037579,-1.0255054128141692,1.0255054128141692,警戒,0
2023-04-06,2023-04,130.93,131.49,130.79,131.37,4472.0,88.75,-0.030443717412994627,0.5328461597016191,12.8483758718151,-0.03471774638489827,0.03471774638489827,警戒,0
2023-04-07,2023-04,131.68,131.94,131.57,131.89,2764.0,88.49,0.3950472356376502,0.2805368109788495,12.998690158232279,0.46199820955518944,0.46199820955518944,警戒,0
2023-04-10,2023-04,132.09,132.79,131.84,132.07,4191.0,87.77,0.13638432179195223,0.7193155144998779,13.038304498796624,0.15924024566616768,0.15924024566616768,警戒,0
2023-04-11,2023-04,133.47,133.68,133.05,133.15,4570.0,87.63,0.8144227204228391,0.47315058205031574,12.597866720866932,0.9548562522951782,0.9548562522951782,警戒,0
2023-04-12,2023-04,133.6,134.04,133.55,133.85,5439.0,87.76,0.5243457706420177,0.3660814344415246,12.497994697975438,0.6604300741995182,0.6604300741995182,警戒,0
2023-04-13,2023-04,133.09,133.37,132.95,133.03,4107.0,87.83,-0.6145103270547092,0.3157182590393264,12.12239693391774,-0.773266071299597,0.773266071299597,警戒,0
2023-04-14,2023-04,132.5,132.64,132.19,132.22,4112.0,87.21,-0.6107464790382257,0.34034185448494075,11.400812419391588,-0.7663998815688133,0.7663998815688133,,0
2023-04-17,2023-04,133.99,134.22,133.72,134.05,3062.0,87.06,1.3745662776536225,0.37299515106303616,12.44484204214637,1.7459294428990846,1.7459294428990846,警戒,0
2023-04-18,2023-04,134.45,134.71,134.21,134.23,3888.0,87.18,0.13418818175762967,0.3724949713178872,11.067699011045553,0.17281746965077113,0.17281746965077113,,0
2023-04-19,2023-04,134.04,134.8,133.97,134.74,4719.0,86.97,0.3792249032969256,0.6160011874721778,10.411042419298623,0.4899639777754526,0.4899639777754526,,0
2023-04-20,2023-04,134.71,134.97,134.4,134.61,3976.0,87.12,-0.09652868765120969,0.42344550924893626,9.123562979333201,-0.12597056690884384,0.12597056690884384,,0
2023-04-21,2023-04,134.0,134.32,133.71,133.93,4005.0,87.28,-0.5064433256970909,0.45546180840736594,9.131652886945647,-0.6613599316318112,0.6613599316318112,,0
2023-04-24,2023-04,133.96,134.47,133.9,134.23,3135.0,87.15,0.22374711005138342,0.42464426730238636,9.031649317959838,0.29152954630496575,0.29152954630496575,,0
2023-04-25,2023-04,134.09,134.46,133.95,134.16,4529.0,87.82,-0.052162898459120935,0.38014311270126666,9.05071798492387,-0.06855536830422271,0.06855536830422271,,0
2023-04-26,2023-04,133.71,133.9,133.41,133.46,4573.0,87.73,-0.5231310039492852,0.3671512063539705,9.108256997475788,-0.6883509078664258,0.6883509078664258,,0
2023-04-27,2023-04,133.45,133.85,133.4,133.79,3843.0,87.48,0.24695990100672865,0.3363480080723437,9.081723846321834,0.3238809841888824,0.3238809841888824,,0
2023-04-28,2023-04,133.81,135.85,133.4,135.73,9438.0,85.95,1.43962118243458,1.8050541516245404,10.212606849211591,1.8908250330417293,1.8908250330417293,,0
2023-05-01,2023-05,136.39,136.98,136.2,136.73,2676.0,85.31,0.7340560011116566,0.5704673444013758,10.439110796370239,0.9383015851481679,0.9383015851481679,,0
2023-05-02,2023-05,137.53,137.78,137.3,137.6,4556.0,85.88,0.6342747178252948,0.34883720930231815,10.123261866964818,0.8241829593236379,0.8241829593236379,,0
2023-05-08,2023-05,135.19,135.3,134.66,135.03,3640.0,86.51,-1.8853949526292264,0.47396874768571046,11.950674591933733,-2.4409503111034665,2.4409503111034665,,0
2023-05-09,2023-05,135.09,135.32,134.74,134.81,3259.0,86.56,-0.16305962699782947,0.4302351457606884,11.984377037725439,-0.21655462658342908,0.21655462658342908,,0
2023-05-10,2023-05,135.29,135.46,135.08,135.24,4141.0,87.09,0.3184598136712662,0.2809819580005882,11.96491524945085,0.42305961285638216,0.42305961285638216,,0
2023-05-11,2023-05,134.1,134.6,133.9,134.55,3943.0,87.32,-0.5115100666770377,0.5202526941657292,12.17619475321036,-0.6893139234526726,0.6893139234526726,警戒,0
2023-05-12,2023-05,134.48,134.9,134.41,134.86,3945.0,86.82,0.23013261335209836,0.3633397597508594,11.89034111411672,0.3087472859977534,0.3087472859977534,,0
2023-05-15,2023-05,135.82,136.27,135.72,135.96,3191.0,86.42,0.8123521521479348,0.404530744336578,12.080719027525664,1.0950214620894647,1.0950214620894647,警戒,0
2023-05-16,2023-05,136.04,136.1,135.75,135.8,3261.0,86.48,-0.11775097033194903,0.2577319587628824,11.828991084432799,-0.16104552362695793,0.16104552362695793,,0
2023-05-17,2023-05,136.43,136.99,136.31,136.99,4512.0,85.82,0.8724715338702385,0.49638659756187076,11.813580134939427,1.1928840112897694,1.1928840112897694,,0
2023-05-18,2023-05,137.61,137.88,137.3,137.82,4722.0,85.55,0.6040555465763516,0.4208387752140358,11.071064111390232,0.8274637349455248,0.8274637349455248,,0
2023-05-19,2023-05,138.62,138.68,137.97,138.12,4227.0,85.78,0.21743865927298026,0.5140457573124877,11.07455964902463,0.296792721183726,0.296792721183726,,0
2023-05-22,2023-05,137.7,138.03,137.5,137.84,2862.0,85.43,-0.20292803021174144,0.38450377248984413,11.10250886451082,-0.27911328347395153,0.27911328347395153,,0
2023-05-23,2023-05,138.67,138.87,138.33,138.37,4850.0,85.68,0.3837664461618798,0.39025800390257426,11.112762196244612,0.530409678875818,0.530409678875818,,0
2023-05-24,2023-05,138.61,138.73,138.24,138.65,4271.0,85.25,0.20215153804940716,0.3534078615218036,10.849495273757642,0.27943042653794353,0.27943042653794353,,0
2023-05-25,2023-05,139.31,139.7,138.85,139.4,5235.0,85.14,0.5394726264636367,0.6097560975609715,10.92662211564777,0.7454629065518481,0.7454629065518481,,0
2023-05-26,2023-05,140.02,140.1,139.5,139.54,4362.0,84.67,0.10038001846669707,0.4299842339114192,10.895346220815842,0.13817960502168605,0.13817960502168605,,0
2023-05-29,2023-05,140.89,140.91,140.23,140.45,2871.0,84.81,0.6500255039162194,0.4841580633677514,10.6607926981042,0.9077583769184717,0.9077583769184717,,0
2023-05-30,2023-05,140.47,140.92,139.97,140.26,5508.0,85.22,-0.13537104414882906,0.6773135605304353,10.75073925143052,-0.1883529691173757,0.1883529691173757,,0
2023-05-31,2023-05,139.79,139.91,139.34,139.75,5167.0,85.73,-0.36427310735557983,0.4078711985688681,9.949446018277778,-0.510185717584958,0.510185717584958,,0
2023-06-01,2023-06,139.14,139.95,138.96,139.92,3343.0,85.8,0.12157186751380394,0.7075471698113069,9.70376571125991,0.17077332268509338,0.17077332268509338,,0
2023-06-02,2023-06,138.74,139.08,138.6,139.01,4609.0,85.16,-0.6524957721345328,0.34529889935977137,9.864685428792962,-0.9179374016838024,0.9179374016838024,,0
2023-06-05,2023-06,140.21,140.44,139.99,140.41,3964.0,85.35,1.0020841137549577,0.32048999359019203,7.35189176603387,1.4062686052147892,1.4062686052147892,,0
2023-06-06,2023-06,139.42,139.66,139.1,139.31,4763.0,85.41,-0.7865048408417334,0.4019811930227567,8.05450066787296,-1.0873506831747237,1.0873506831747237,,0
2023-06-07,2023-06,139.53,139.62,139.14,139.44,3876.0,85.25,0.09327354936319542,0.3442340791738513,8.036934867855166,0.1307086679025154,0.1307086679025154,,0
2023-06-08,2023-06,139.89,140.2,139.67,139.73,4547.0,85.64,0.20775878805909467,0.3793029413869614,7.644208879307763,0.2923068944436353,0.2923068944436353,,0
2023-06-09,2023-06,138.89,139.6,138.78,139.56,3931.0,85.42,-0.12173727737830567,0.5875609057036351,7.720681768783651,-0.17153228197836629,0.17153228197836629,,0
2023-06-12,2023-06,139.37,139.63,139.28,139.51,3534.0,85.39,-0.035833303855674584,0.25087807325639333,7.365468533726187,-0.05237854372916545,0.05237854372916545,,0
2023-06-13,2023-06,139.46,139.67,139.34,139.49,4247.0,84.95,-0.01433691758726812,0.23657609864505275,7.328596489051203,-0.021189330742768554,0.021189330742768554,,0
2023-06-14,2023-06,140.15,140.26,139.9,139.99,3480.0,84.95,0.35780773825898926,0.2571612258018324,6.853083183113309,0.5373705195218152,0.5373705195218152,,0
2023-06-15,2023-06,139.96,141.5,139.95,141.29,6645.0,84.42,0.9243524290982515,1.0970344681152322,7.243572339766876,1.4395237995687227,1.4395237995687227,,0
2023-06-16,2023-06,140.27,141.4,139.85,141.15,4556.0,83.56,-0.09913610782179777,1.098122564647546,7.27669035214117,-0.15232157613558203,0.15232157613558203,,0
2023-06-19,2023-06,141.86,141.97,141.45,141.85,2936.0,83.72,0.49470065553618436,0.36658442016215037,7.30200657114214,0.8013078763043473,0.8013078763043473,,0
2023-06-20,2023-06,141.9,142.26,141.59,141.78,4566.0,84.18,-0.04936008279887908,0.4725631259698036,7.2746968769788225,-0.08171778294210129,0.08171778294210129,,0
2023-06-21,2023-06,141.34,142.12,141.29,142.09,4974.0,83.8,0.21840992231124187,0.5841368146949205,7.277309295110501,0.3791247105980339,0.3791247105980339,,0
2023-06-22,2023-06,141.68,141.95,141.61,141.79,4594.0,83.24,-0.2113569900517438,0.23979124056701814,7.194335801421175,-0.37067835915174,0.37067835915174,,0
2023-06-23,2023-06,143.03,143.44,142.77,142.89,5354.0,83.1,0.7728013731412213,0.46889215480438623,7.598021541327214,1.3559552158577322,1.3559552158577322,,0
2023-06-26,2023-06,143.54,143.72,142.95,143.19,3318.0,83.45,0.20973162050361996,0.5377470493749635,7.34615924688295,0.36419628054000786,0.36419628054000786,,0
2023-06-27,2023-06,143.48,143.65,143.29,143.52,4806.0,82.94,0.23019786245711332,0.2508361204013473,7.307558882726742,0.40209796984530355,0.40209796984530355,,0
2023-06-28,2023-06,143.88,144.2,143.73,144.08,3834.0,82.98,0.3894302557214685,0.32620766240977156,7.139911228718502,0.6807147076675871,0.6807147076675871,,0
2023-06-29,2023-06,144.4,144.7,144.15,144.32,4380.0,82.99,0.16643554466126653,0.38109756097559794,7.139103974378444,0.2916949317093376,0.2916949317093376,,0
2023-06-30,2023-06,144.8,145.07,144.45,144.85,8360.0,83.15,0.3665667901045869,0.4280289955126024,6.49835829395635,0.6429475479241019,0.6429475479241019,,0
2023-07-03,2023-07,144.4,144.85,144.23,144.84,3728.0,82.85,-0.006903931791887909,0.4280585473626102,5.808862777959673,-0.012319424993987645,0.012319424993987645,,0
2023-07-04,2023-07,144.6,144.69,144.33,144.5,3005.0,82.82,-0.23501773449536267,0.2491349480968756,4.878239425558813,-0.43246443632090587,0.43246443632090587,,0
2023-07-05,2023-07,144.41,144.73,144.35,144.45,3529.0,82.99,-0.03460806402427134,0.2630668051228768,4.9302406997696675,-0.06346541861083524,0.06346541861083524,,0
2023-07-06,2023-07,144.5,144.62,143.57,143.92,5466.0,83.4,-0.3675837269966556,0.7295719844358056,5.291594820743891,-0.6745008542255387,0.6745008542255387,,0
2023-07-07,2023-07,143.97,144.2,143.14,143.23,4695.0,84.18,-0.4805859850503905,0.7400684214200952,5.673493648409869,-0.8752593568485699,0.8752593568485699,,0
2023-07-10,2023-07,142.21,143.0,142.15,142.3,5110.0,84.65,-0.6514224695966906,0.5973295853829896,6.29823330503624,-1.1893837475036966,1.1893837475036966,,0
2023-07-11,2023-07,141.32,141.45,140.43,140.54,5929.0,84.99,-1.2445359331755201,0.7257720222000724,7.901590662313867,-2.2462864182546376,2.2462864182546376,,0
2023-07-12,2023-07,140.11,140.33,139.32,139.56,6591.0,85.52,-0.699752944547824,0.7237030667813265,8.218372694854587,-1.2201849024381977,1.2201849024381977,,0
2023-07-13,2023-07,138.31,138.82,138.07,138.37,6220.0,85.38,-0.856335963728035,0.5420250054202501,7.943923963108644,-1.4881405907036434,1.4881405907036434,,0
2023-07-14,2023-07,138.03,138.45,137.27,138.23,6371.0,84.91,-0.10122922050272204,0.8536497142443598,7.943908985140394,-0.17981149598089594,0.17981149598089594,,0
2023-07-18,2023-07,138.71,138.91,138.19,138.23,3382.0,85.04,0.0,0.5208710120813129,7.637141816012926,0.0,0.0,,0
2023-07-19,2023-07,139.03,139.68,138.78,139.51,4001.0,84.79,0.921731880375086,0.6451150455164546,8.50094464873585,1.6413358356694723,1.6413358356694723,,0
2023-07-20,2023-07,139.61,139.7,139.12,139.63,4341.0,84.55,0.08597836740867697,0.41538351357157066,8.451998918765604,0.1501605758820104,0.1501605758820104,,0
2023-07-21,2023-07,139.83,141.39,139.75,141.37,6284.0,83.73,1.23844999248379,1.160076395274801,9.651457301628907,2.181378364556931,2.181378364556931,,0
2023-07-24,2023-07,141.73,141.8,141.24,141.43,4193.0,83.93,0.04243281534672738,0.3959555964081186,9.198496567705226,0.07226411705683254,0.07226411705683254,,0
2023-07-25,2023-07,141.54,141.61,141.21,141.39,4351.0,83.99,-0.028286542865948203,0.28290543885706604,9.147554487373167,-0.048193299354585516,0.048193299354585516,,0
2023-07-26,2023-07,140.91,141.18,140.61,140.65,3120.0,84.29,-0.5247494667883227,0.40526128688232715,9.218592544521018,-0.9021583584578763,0.9021583584578763,,0
2023-07-27,2023-07,140.38,140.48,139.39,139.99,4790.0,85.15,-0.4703543449132035,0.7786270447889159,9.11655384392487,-0.8015861982714247,0.8015861982714247,,0
2023-07-28,2023-07,138.89,141.2,138.06,139.77,7851.0,84.0,-0.15727769899187855,2.246547900121618,9.042473365271057,-0.2792116774225937,0.2792116774225937,,0
2023-07-31,2023-07,140.75,142.22,140.7,142.18,7089.0,83.34,1.7095646004521985,1.06906737937826,11.102128723251676,3.0708844358764114,3.0708844358764114,,1
2023-08-01,2023-08,142.32,142.83,142.23,142.72,4008.0,83.05,0.37908083303622037,0.42040358744396217,11.22569503545771,0.6398769473331442,0.6398769473331442,,0
2023-08-02,2023-08,142.96,143.35,142.55,142.64,4910.0,83.36,-0.05606952768144191,0.5608524957935943,11.209553164734304,-0.10456670454393738,0.10456670454393738,,0
2023-08-03,2023-08,143.34,143.89,142.87,142.9,5925.0,83.77,0.18211113809369384,0.713785864240715,11.24363406179041,0.3400628180534253,0.3400628180534253,,0
2023-08-04,2023-08,142.58,142.89,142.33,142.64,6214.0,84.17,-0.18211113809368348,0.39259674705550607,11.194179701034539,-0.34049476452594446,0.34049476452594446,,0
2023-08-07,2023-08,141.87,142.35,141.52,142.13,4600.0,83.88,-0.35818418039645,0.5839724196158335,11.139257902744156,-0.675544810610625,0.675544810610625,,0
2023-08-08,2023-08,142.54,143.43,142.42,143.08,4817.0,83.69,0.6661782639896617,0.7058987978753279,11.159611863454408,1.249515684890183,1.249515684890183,,0
2023-08-09,2023-08,143.26,143.39,143.0,143.25,3943.0,83.4,0.1187441204031795,0.272251308900514,10.097531513818588,0.22400064806790013,0.22400064806790013,,0
2023-08-10,2023-08,143.71,144.13,143.64,143.81,4685.0,82.86,0.3901628303439365,0.34072734858494474,9.692063130462941,0.7369191699508135,0.7369191699508135,,0
2023-08-14,2023-08,144.87,145.22,144.65,144.8,2707.0,82.85,0.6860496053327848,0.3936464088397743,9.096053950388328,1.3169257711115605,1.3169257711115605,,0
2023-08-15,2023-08,145.44,145.85,145.32,145.81,4527.0,83.03,0.69509243765778,0.36348672930526105,9.15382554524305,1.3304512878143828,1.3304512878143828,,0
2023-08-16,2023-08,145.61,145.69,145.31,145.37,2640.0,82.67,-0.3022187889960359,0.26140193987755067,9.331840498446391,-0.5722213709185842,0.5722213709185842,,0
2023-08-17,2023-08,146.33,146.56,146.2,146.23,5285.0,82.89,0.5898508185554018,0.24618751282227563,9.086991668522916,1.114526564910642,1.114526564910642,,0
2023-08-18,2023-08,145.69,145.85,145.17,145.3,4895.0,83.11,-0.6380154047550306,0.4679972470750218,9.593963346409188,-1.1996176143205952,1.1996176143205952,,0
2023-08-21,2023-08,145.33,145.62,145.15,145.46,4534.0,82.58,0.11005641501573332,0.3231128832668767,8.773544795714436,0.20384550248882197,0.20384550248882197,,0
2023-08-22,2023-08,146.24,146.39,145.74,145.76,3467.0,82.85,0.20602987852534013,0.4459385290888977,8.767988030015003,0.38401385112418346,0.38401385112418346,,0
2023-08-23,2023-08,145.78,145.83,145.35,145.39,3335.0,83.26,-0.2541646568313969,0.3301465025105016,8.865292403109315,-0.4734913301595707,0.4734913301595707,,0
2023-08-24,2023-08,144.69,145.34,144.61,145.32,3959.0,82.8,-0.04815795903330032,0.5023396641893682,8.547392738300964,-0.09035535281125412,0.09035535281125412,,0
2023-08-25,2023-08,146.05,146.26,145.88,146.06,5356.0,82.52,0.5079288838962632,0.26016705463507833,8.286895516539651,0.9537360701448512,0.9537360701448512,,0
2023-08-28,2023-08,146.54,146.61,146.28,146.54,2220.0,82.49,0.3280932539854006,0.2251944861471356,8.178234869732528,0.6158831341626418,0.6158831341626418,,0
2023-08-29,2023-08,146.47,146.55,146.31,146.46,3198.0,82.64,-0.05460750988939604,0.16386726751332042,6.096196539024625,-0.102318457829917,0.102318457829917,,0
2023-08-30,2023-08,145.98,146.51,145.82,146.38,3850.0,82.42,-0.05463734598427288,0.47137587102062967,6.072776058966304,-0.10399868313040765,0.10399868313040765,,0
2023-08-31,2023-08,146.08,146.17,145.73,145.91,5171.0,82.86,-0.3215986897149996,0.30155575354670533,6.24929293883845,-0.6284854385597134,0.6284854385597134,,0
2023-09-01,2023-09,145.49,145.7,145.24,145.42,4807.0,82.58,-0.3363886054020375,0.3163251272177002,6.44166628481016,-0.670162076172487,0.670162076172487,,0
2023-09-04,2023-09,146.06,146.45,146.04,146.41,2911.0,82.51,0.6784797983480103,0.2800355166996767,6.683878816110574,1.3441256565418012,1.3441256565418012,,0
2023-09-05,2023-09,146.54,147.08,146.47,146.92,3986.0,82.19,0.34773157460757637,0.41519194119249503,6.465560682835604,0.6810569199639191,0.6810569199639191,,0
2023-09-06,2023-09,147.46,147.82,147.02,147.38,4651.0,82.37,0.31260643873867133,0.5428144931469554,6.2197234810444595,0.6116786142071218,0.6116786142071218,,0
2023-09-07,2023-09,147.72,147.87,147.43,147.44,4402.0,82.7,0.040702802271460156,0.2984264785675514,6.2307600807397865,0.07955380183804353,0.07955380183804353,,0
2023-09-08,2023-09,147.33,147.44,146.6,147.4,4629.0,82.45,-0.027133360633158885,0.5698778833107214,6.188156955738899,-0.053047157003590514,0.053047157003590514,,0
2023-09-11,2023-09,147.13,147.27,145.92,146.2,5957.0,82.74,-0.8174432439558175,0.9233926128591128,6.658169429134642,-1.601188988351707,1.601188988351707,,0
2023-09-12,2023-09,146.68,146.95,146.45,146.81,3804.0,82.5,0.41636864356909303,0.34057625502349975,6.366050867424939,0.813915951432973,0.813915951432973,,0
2023-09-13,2023-09,147.16,147.45,147.02,147.27,4446.0,82.24,0.3128402986701923,0.2919807156922512,6.309106041745034,0.6095603645102309,0.6095603645102309,,0
2023-09-14,2023-09,147.33,147.39,147.03,147.28,4463.0,82.42,0.006790018675152043,0.2444323737099302,5.997466527059257,0.0132830757612105,0.0132830757612105,,0
2023-09-15,2023-09,147.46,147.8,147.34,147.76,5153.0,82.19,0.3253798966162038,0.31131564699513264,5.517711329736826,0.6367247025885,0.6367247025885,,0
2023-09-19,2023-09,147.61,147.9,147.52,147.65,3100.0,82.29,-0.07447277010527661,0.2573653911276637,5.54494032430749,-0.14552363024722223,0.14552363024722223,,0
2023-09-20,2023-09,147.76,148.16,147.7,148.14,4766.0,82.02,0.331316439521141,0.3105170784393196,5.601834048262538,0.6486129590719106,0.6486129590719106,,0
2023-09-21,2023-09,148.32,148.45,148.19,148.25,5041.0,82.6,0.07422652926918533,0.175379426644176,5.460757801152853,0.14739049205406637,0.14739049205406637,,0
2023-09-22,2023-09,147.66,148.41,147.5,148.27,6737.0,82.11,0.01348981520999908,0.6137451945774577,5.443319770638097,0.026806670248755864,0.026806670248755864,,0
2023-09-25,2023-09,148.44,148.49,148.26,148.44,5434.0,82.02,0.1145900162462085,0.1549447588251268,5.227612284242293,0.2279283491038361,0.2279283491038361,,0
2023-09-26,2023-09,148.81,149.18,148.71,148.87,4671.0,82.08,0.289260569656914,0.3157116947672458,5.205018163904642,0.5774944678931386,0.5774944678931386,,0
2023-09-27,2023-09,149.04,149.15,148.87,149.03,4087.0,81.96,0.10741860717355216,0.18788163457022153,5.181630330839745,0.21414143645381697,0.21414143645381697,,0
2023-09-28,2023-09,149.5,149.54,149.21,149.32,4187.0,81.93,0.19440260856817185,0.221001875167415,5.166743661657631,0.38882014475280324,0.38882014475280324,,0
2023-09-29,2023-09,149.34,149.5,148.53,148.77,6860.0,81.87,-0.3690164877230753,0.6520131746991993,5.220454629899659,-0.7376118586493552,0.7376118586493552,,0
2023-10-02,2023-10,149.53,149.83,149.46,149.75,3874.0,81.89,0.6565747826406456,0.2470784641068478,5.315978284400989,1.308232150471978,1.308232150471978,,0
2023-10-03,2023-10,149.86,149.93,149.66,149.78,3897.0,82.47,0.02003138256623772,0.1802643877687343,4.94310936700337,0.03944461277431901,0.03944461277431901,,0
2023-10-04,2023-10,149.18,149.32,148.75,148.85,3614.0,82.3,-0.6228463359435696,0.3829358414511207,5.502781150540026,-1.2339465815759652,1.2339465815759652,,0
2023-10-05,2023-10,148.99,149.09,148.27,149.06,4048.0,82.53,0.1409821991762333,0.550114048034344,5.433750718614299,0.27768877626697974,0.27768877626697974,,0
2023-10-06,2023-10,148.48,148.98,148.36,148.89,4374.0,81.96,-0.11411311860887004,0.41641480287458943,5.467470029944937,-0.22868317211149658,0.22868317211149658,,0
2023-10-10,2023-10,148.34,149.07,148.17,148.96,3823.0,82.14,0.047003526129803345,0.6041890440386719,5.460118358803182,0.1002926799149232,0.1002926799149232,,0
2023-10-11,2023-10,148.62,148.97,148.43,148.77,3211.0,81.82,-0.12763243596046783,0.36297640653356994,4.459548638145362,-0.27932185528437864,0.27932185528437864,,0
2023-10-12,2023-10,149.04,149.27,148.96,149.18,4425.0,81.71,0.2752141357864881,0.2078026545113301,4.3480859735051425,0.6251561530366163,0.6251561530366163,,0
2023-10-13,2023-10,149.79,149.84,149.58,149.66,3700.0,81.89,0.3212424125195311,0.17372711479352593,4.354149729782163,0.7305993579697582,0.7305993579697582,,0
2023-10-16,2023-10,149.56,149.62,149.38,149.57,2053.0,81.81,-0.06015439809773074,0.16045998529117408,4.375610445315601,-0.13668987711230737,0.13668987711230737,,0
2023-10-17,2023-10,149.58,149.66,149.48,149.6,3039.0,81.68,0.020055486914177956,0.12032085561497782,4.279028899447022,0.04682255405510377,0.04682255405510377,,0
2023-10-18,2023-10,149.75,149.8,149.49,149.75,3743.0,81.74,0.10021714551818378,0.20701168614357413,4.250030702168322,0.23388303681941258,0.23388303681941258,,0
2023-10-19,2023-10,149.77,149.88,149.67,149.81,3482.0,81.76,0.04005875337317553,0.1401775582404432,4.137322822851227,0.09957306138326352,0.09957306138326352,,0
2023-10-20,2023-10,149.8,149.98,149.76,149.98,3769.0,81.68,0.11341273439527959,0.1466862248299766,4.141941789502602,0.28190341952087516,0.28190341952087516,,0
2023-10-23,2023-10,149.87,149.95,149.78,149.91,2240.0,81.57,-0.04668378490199409,0.1134013741578197,4.156003653433169,-0.11613321327619401,0.11613321327619401,,0
2023-10-24,2023-10,149.78,149.79,149.33,149.48,3624.0,81.58,-0.28725094069402735,0.30773347605029405,4.321085969984331,-0.7289037130659398,0.7289037130659398,,0
2023-10-25,2023-10,149.86,149.94,149.8,149.91,2854.0,81.56,0.2872509406940125,0.09338936695349634,4.319522641591461,0.7360964174182542,0.7360964174182542,,0
2023-10-26,2023-10,150.1,150.77,149.86,150.47,4101.0,81.48,0.37286147465633857,0.6047717152920825,4.4785416831507145,0.9577571411535157,0.9577571411535157,,0
2023-10-27,2023-10,150.37,150.4,150.09,150.16,4897.0,81.88,-0.2062336492533332,0.20644645711241494,4.5304227268931765,-0.6241917337101844,0.6241917337101844,,0
2023-10-30,2023-10,149.73,149.81,149.28,149.51,2885.0,82.01,-0.4338112052416988,0.3544913383720161,4.610866637602113,-1.3126079238431805,1.3126079238431805,,0
2023-10-31,2023-10,149.11,150.33,149.05,150.29,5751.0,80.73,0.5203480720166493,0.851686738971323,4.383032508407132,1.5451553559665339,1.5451553559665339,,0
2023-11-01,2023-11,151.31,151.6,151.15,151.38,3104.0,81.11,0.7226470935018388,0.2972651605231792,5.0466925997515935,2.11717197501081,2.11717197501081,,0
2023-11-02,2023-11,150.58,150.91,150.16,150.39,3884.0,81.15,-0.6561311937499764,0.4987033712347896,5.106848369378103,-1.8786190970179262,1.8786190970179262,,0
2023-11-06,2023-11,149.46,149.73,149.35,149.74,2826.0,80.69,-0.4331463140982379,0.253773206891943,5.373066236184636,-1.210290729598615,1.210290729598615,,0
2023-11-07,2023-11,149.99,150.49,149.95,150.48,2759.0,80.68,0.4929728190235676,0.35885167464116197,5.595487317496532,1.3838183880930397,1.3838183880930397,,0
2023-11-08,2023-11,150.39,150.75,150.31,150.68,3481.0,80.35,0.13281978310654102,0.2920095566763988,5.602531998810747,0.3686791168561528,0.3686791168561528,,0
2023-11-09,2023-11,150.86,151.09,150.77,150.91,3776.0,80.34,0.15252498066187098,0.21204691538002332,5.567963539695547,0.4259838743362399,0.4259838743362399,,0
2023-11-10,2023-11,151.34,151.45,151.23,151.39,3158.0,80.28,0.3175655993328218,0.145320034348371,5.590507709681629,0.9093911751956653,0.9093911751956653,,0
2023-11-13,2023-11,151.47,151.8,151.44,151.74,3313.0,80.14,0.23092412861416273,0.2372479240806733,5.546447809052239,0.6771213828399749,0.6771213828399749,,0
2023-11-14,2023-11,151.63,151.78,151.57,151.64,3333.0,80.22,-0.06592392617947876,0.1384858876285993,5.548267383797809,-0.19486457669555796,0.19486457669555796,,0
2023-11-15,2023-11,150.49,150.79,150.32,150.69,4448.0,79.63,-0.628454421807093,0.3118985997743705,6.0761512032405,-1.8940413361994972,1.8940413361994972,,0
2023-11-16,2023-11,151.22,151.43,151.13,151.38,3391.0,79.87,0.4568485450958384,0.198176773682132,6.255144703103172,1.37826241516275,1.37826241516275,,0
2023-11-17,2023-11,150.71,150.77,150.42,150.44,4363.0,80.21,-0.6228898278885739,0.2326508907205682,6.70164130926241,-1.857470701342251,1.857470701342251,,0
2023-11-20,2023-11,149.96,149.99,148.7,148.92,4910.0,80.56,-1.015508459761954,0.8662369057212065,7.629043536749521,-2.931694851067234,2.931694851067234,,0
2023-11-21,2023-11,148.39,148.41,147.25,147.52,6008.0,80.48,-0.9445489196232306,0.78633405639913,8.284152205167947,-2.5466537278727888,2.5466537278727888,,0
2023-11-22,2023-11,148.14,149.05,148.03,148.96,5157.0,80.08,0.971405372047329,0.6847475832438307,9.037732768519529,2.478304276310332,2.478304276310332,,0
2023-11-24,2023-11,149.63,149.71,149.2,149.43,3397.0,80.03,0.31502422245446604,0.34129692832765796,9.050679180368341,0.7760008381325034,0.7760008381325034,,0
2023-11-27,2023-11,149.58,149.67,148.78,149.03,2987.0,80.33,-0.2680427792600318,0.5971951955981926,8.970996625906784,-0.6605277377920905,0.6605277377920905,,0
2023-11-28,2023-11,148.41,148.65,147.99,148.52,4053.0,80.73,-0.34279986518220357,0.44438459466738256,9.015913708242,-0.8412064313721576,0.8412064313721576,,0
2023-11-29,2023-11,147.07,147.5,146.68,147.3,5566.0,80.85,-0.8248305840294755,0.55668703326544,9.3350566222427,-2.0107946438112108,2.0107946438112108,,0
2023-11-30,2023-11,147.06,147.26,146.85,147.06,6201.0,80.61,-0.16306567005084044,0.27879776961784075,9.06891521286248,-0.3860859212563203,0.3860859212563203,,0
2023-12-01,2023-12,148.0,148.3,147.61,148.29,3660.0,81.26,0.8329149218901344,0.4653044709690456,9.21031555941438,1.9807967972677893,1.9807967972677893,,0
2023-12-04,2023-12,146.37,147.0,146.24,146.96,3961.0,81.27,-0.9009375080107342,0.5171475231355409,9.443315134252074,-2.119603578276017,2.119603578276017,,0
2023-12-05,2023-12,147.29,147.35,146.75,146.84,3573.0,81.44,-0.0816882278236659,0.40860800871696695,9.368557908056154,-0.18602288949191484,0.18602288949191484,,0
2023-12-06,2023-12,147.18,147.39,146.94,146.97,5462.0,81.44,0.08849256899595627,0.3061849357011558,9.137441483051342,0.20234918583327063,0.20234918583327063,,0
2023-12-07,2023-12,147.18,147.29,145.54,145.68,5818.0,83.14,-0.8816048899240512,1.201263042284459,9.471506463570348,-2.0152983589492575,2.0152983589492575,,0
2023-12-08,2023-12,144.25,144.38,142.49,144.09,6096.0,82.84,-1.097433107450982,1.3116801998750685,9.93699358634959,-2.4287551168167965,2.4287551168167965,,0
2023-12-11,2023-12,144.99,146.45,144.8,146.38,4707.0,82.26,1.5767875828238223,1.1272031698319287,11.707005713374524,3.4161316400258865,3.4161316400258865,,1
2023-12-12,2023-12,146.06,146.17,145.26,145.44,4183.0,82.57,-0.6442349743912312,0.6256875687568733,11.723363680748557,-1.2812583374087037,1.2812583374087037,,0
2023-12-13,2023-12,145.27,146.0,145.2,145.82,4190.0,83.78,0.26093539491154594,0.5486215882595059,11.834278555166685,0.5139346414987014,0.5139346414987014,,0
2023-12-14,2023-12,142.79,142.89,140.96,142.01,6468.0,83.75,-2.647550672136254,1.3590592211815917,14.649100925727861,-5.201333092112512,5.201333092112512,警戒,1
2023-12-15,2023-12,142.29,142.46,141.57,141.98,4961.0,83.84,-0.021127504568181618,0.6268488519509894,14.41947902691409,-0.03464288178076438,0.03464288178076438,警戒,0
2023-12-18,2023-12,142.32,142.46,142.09,142.39,3234.0,83.55,0.28835691816634856,0.2598497085469517,14.528438397917814,0.4727997921025437,0.4727997921025437,警戒,0
2023-12-19,2023-12,142.67,144.25,142.25,144.17,5477.0,82.72,1.242338703090921,1.387251161822848,15.197246442788447,2.0384794629387426,2.0384794629387426,無秩序,0
2023-12-20,2023-12,143.92,144.1,143.32,143.55,4126.0,83.04,-0.4309752256739227,0.5433646812957166,14.953926272337284,-0.6816745876762693,0.6816745876762693,警戒,0
2023-12-21,2023-12,143.53,143.55,142.81,143.26,4198.0,83.7,-0.20222453807679205,0.5165433477593251,14.369652168293372,-0.31890766877392357,0.31890766877392357,警戒,0
2023-12-22,2023-12,142.07,142.55,141.88,142.24,4618.0,83.46,-0.71453894207106,0.471034870641181,14.34962047938376,-1.127018189029239,1.127018189029239,警戒,0
2023-12-25,2023-12,142.52,142.59,142.1,142.45,752.0,83.49,0.14752891783227387,0.3439803439803504,14.417032434426588,0.23127659179534252,0.23127659179534252,警戒,0
2023-12-26,2023-12,142.24,142.4,142.09,142.33,2455.0,83.42,-0.0842755861383227,0.21780369563690175,14.418407520742745,-0.13207146851097545,0.13207146851097545,警戒,0
2023-12-27,2023-12,142.48,142.84,142.31,142.78,2829.0,83.56,0.3156678991780351,0.3712004482420515,14.34453116236671,0.4954581046304121,0.4954581046304121,警戒,0
2023-12-28,2023-12,141.44,141.7,140.72,140.81,5211.0,83.68,-1.3893520145094203,0.6959732973510331,14.998282983713866,-2.1777074796570703,2.1777074796570703,警戒,0
2023-12-29,2023-12,141.44,141.67,141.15,141.4,4853.0,83.85,0.4181289533252109,0.3677510608203549,14.682054981008083,0.6402466347186365,0.6402466347186365,警戒,0
2024-01-04,2024-01,142.98,143.86,142.88,143.38,3693.0,82.44,1.390569496225371,0.6834983958711244,15.53774782567261,2.1186216379835976,2.1186216379835976,無秩序,0
2024-01-05,2024-01,144.77,145.35,144.66,145.07,5212.0,82.41,1.171793612608456,0.47563245329840614,16.205026118908165,1.7232145931957292,1.7232145931957292,無秩序,0
2024-01-09,2024-01,144.22,144.28,143.43,144.07,3648.0,82.67,-0.6917091977429172,0.5899909766085891,16.34583536869251,-0.9909686999079785,0.9909686999079785,無秩序,0
2024-01-10,2024-01,144.43,145.15,144.33,144.94,4000.0,81.91,0.6020571107753854,0.5657513453842923,16.252608323350422,0.856478373934271,0.856478373934271,無秩序,0
2024-01-11,2024-01,145.73,145.79,145.29,145.4,5211.0,82.14,0.3168701418283688,0.34387895460797796,15.783984443175205,0.4475930196085488,0.4475930196085488,無秩序,0
2024-01-12,2024-01,145.1,145.4,144.85,145.15,5283.0,82.38,-0.17208746287800422,0.37891836031692133,14.718094066414068,-0.24258382210186807,0.24258382210186807,警戒,0
2024-01-15,2024-01,145.16,145.53,144.89,145.45,2985.0,82.0,0.20646944705715697,0.44001375042971114,14.565546372030735,0.29146127948879325,0.29146127948879325,警戒,0
2024-01-16,2024-01,145.8,146.26,145.59,146.16,5083.0,81.61,0.4869527128540658,0.45840175150519125,14.641077491777912,0.6882324645351137,0.6882324645351137,警戒,0
2024-01-17,2024-01,147.24,147.96,147.1,147.88,4619.0,81.19,1.1699221998679894,0.5815526102245155,11.344725600426798,1.6457069086875173,1.6457069086875173,,0
2024-01-18,2024-01,148.14,148.26,147.69,147.77,4871.0,81.16,-0.07441231528884862,0.38573458753467765,11.36022384629085,-0.1022434697157606,0.1022434697157606,,0
2024-01-19,2024-01,148.13,148.8,147.95,148.27,5298.0,81.08,0.33779251143922334,0.573278478451489,11.366685375668713,0.4642184630383481,0.4642184630383481,,0
2024-01-22,2024-01,148.13,148.3,147.74,148.05,3574.0,81.17,-0.1484881482334477,0.37825059101654995,10.733370392188652,-0.20365841716031338,0.20365841716031338,,0
2024-01-23,2024-01,148.13,148.58,147.0,147.58,3891.0,81.0,-0.3179652917379684,1.0706057731400003,10.661901998727451,-0.4361110162222676,0.4361110162222676,,0
2024-01-24,2024-01,148.25,148.36,147.71,147.79,4512.0,81.31,0.14219455962606484,0.4398132485283211,10.585768747548185,0.19476271086830907,0.19476271086830907,,0
2024-01-25,2024-01,147.59,147.87,147.43,147.68,3811.0,81.35,-0.07445764719391078,0.29794149512459217,10.121547989383703,-0.10205372407191692,0.10205372407191692,,0
2024-01-26,2024-01,147.72,147.88,147.49,147.78,4426.0,81.09,0.06769106059594539,0.26390580592772117,10.12971060381413,0.09291671810688658,0.09291671810688658,,0
2024-01-29,2024-01,148.18,148.33,147.77,147.8,3273.0,81.43,0.013532715359983254,0.37889039242219363,10.101306653044578,0.01862082181308422,0.01862082181308422,,0
2024-01-30,2024-01,147.49,147.53,147.16,147.24,3770.0,81.31,-0.379610000328103,0.2512904102146187,10.285090198482944,-0.5225890090517353,0.5225890090517353,,0
2024-01-31,2024-01,147.34,147.9,147.2,147.66,7456.0,81.72,0.2848425120198937,0.47406203440337064,8.518714349121446,0.39238782378437237,0.39238782378437237,,0
2024-02-01,2024-02,147.01,147.07,146.48,146.81,3904.0,81.89,-0.5773099879650525,0.40187998092773203,8.960154335812033,-0.7978829201183434,0.7978829201183434,,0
2024-02-02,2024-02,146.47,146.63,146.25,146.63,3950.0,81.09,-0.12268267623811736,0.25915569801540983,7.800924356947345,-0.1703676881141037,0.1703676881141037,,0
2024-02-05,2024-02,148.51,148.82,148.27,148.48,3022.0,81.14,1.2537862048902542,0.37042025862067823,7.952608774098987,1.7516149437109174,1.7516149437109174,,0
2024-02-06,2024-02,148.66,148.67,148.37,148.52,2734.0,81.39,0.02693602709889491,0.20199299757607253,7.372290691719978,0.03674294753468858,0.03674294753468858,,0
2024-02-07,2024-02,147.83,148.05,147.72,147.83,3469.0,81.28,-0.46566643958808457,0.22322938510452037,7.481384106341414,-0.6378178766596854,0.6378178766596854,,0
2024-02-08,2024-02,148.09,148.8,147.94,148.72,4247.0,80.72,0.6002378500189985,0.5782678859602028,7.656543399873137,0.8199635431654269,0.8199635431654269,,0
2024-02-09,2024-02,149.27,149.49,149.22,149.4,4487.0,80.71,0.45619292855284693,0.1807228915662719,7.6711805632454695,0.6196498248618102,0.6196498248618102,,0
2024-02-13,2024-02,149.41,149.64,149.29,149.59,3599.0,80.11,0.12709456876525965,0.233972859148335,7.667821875089212,0.17232729813465536,0.17232729813465536,,0
2024-02-14,2024-02,150.73,150.78,150.36,150.45,3873.0,80.18,0.5732584689684637,0.2791625124626039,7.725470637061771,0.777788434669684,0.777788434669684,,0
2024-02-15,2024-02,150.56,150.55,150.06,150.21,4000.0,80.42,-0.1596488066091034,0.3262099727048859,6.767313290142359,-0.2154430289314889,0.2154430289314889,,0
2024-02-16,2024-02,149.95,150.35,149.84,150.24,5055.0,80.27,0.019970044998960466,0.33945686900957855,6.747353038519199,0.027100528608935897,0.027100528608935897,,0
2024-02-19,2024-02,150.15,150.15,149.88,149.98,2120.0,80.36,-0.17320635867096187,0.18002400320043357,6.735104536922602,-0.23584816297942926,0.23584816297942926,,0
2024-02-20,2024-02,150.27,150.43,150.14,150.36,3226.0,80.35,0.2530466822734091,0.1928704442671059,6.72315858523969,0.34647440789244377,0.34647440789244377,,0
2024-02-21,2024-02,149.97,150.15,149.86,150.15,3059.0,80.16,-0.13976242666379726,0.19314019314018782,6.6130187323920575,-0.1944187659794472,0.1944187659794472,,0
2024-02-22,2024-02,150.35,150.46,150.09,150.13,4036.0,80.03,-0.013320900512575189,0.24645307400253416,6.618629763154282,-0.01881288773006251,0.01881288773006251,,0
2024-02-26,2024-02,150.5,150.55,150.3,150.47,3503.0,79.96,0.22621433465732427,0.16614607562969363,6.612490457545103,0.32446177012646554,0.32446177012646554,,0
2024-02-27,2024-02,150.55,150.7,150.33,150.36,3568.0,80.05,-0.07313100748093934,0.246076084064895,6.6386448865117105,-0.1049766362872771,0.1049766362872771,,0
2024-02-28,2024-02,150.51,150.75,150.37,150.75,3605.0,80.03,0.2590416911317382,0.2520729684908759,6.660001424364754,0.37231002455928036,0.37231002455928036,,0
2024-02-29,2024-02,150.64,150.68,149.63,149.68,6726.0,80.39,-0.7123153641460642,0.7014965259219744,7.069134042604716,-1.025115429176758,1.025115429176758,,0
2024-03-01,2024-03,150.07,150.5,149.94,150.5,3775.0,80.28,0.5463402223096167,0.37209302325581545,7.227727727466552,0.7887338637834838,0.7887338637834838,,0
2024-03-04,2024-03,150.13,150.4,149.84,150.31,3665.0,80.02,-0.1263256043795607,0.37256336903732434,6.837899824602552,-0.18164982379111225,0.18164982379111225,,0
2024-03-05,2024-03,150.46,150.55,150.36,150.42,3190.0,80.28,0.07315532531222049,0.1263129902938424,6.781653659912541,0.10635392471499959,0.10635392471499959,,0
2024-03-06,2024-03,150.03,150.08,149.33,149.54,5360.0,80.5,-0.5867465826487493,0.5015380500200615,5.80435673733219,-0.8665667646556368,0.8665667646556368,,0
2024-03-07,2024-03,149.26,149.36,147.94,147.94,5089.0,81.05,-1.075712941204786,0.9598485872651182,7.018729242861833,-1.5778933580247632,1.5778933580247632,,0
2024-03-08,2024-03,147.87,148.12,147.54,147.88,5343.0,81.48,-0.040565209129048235,0.3922098999188616,6.819758499339137,-0.058244340206554404,0.058244340206554404,,0
2024-03-11,2024-03,146.78,147.13,146.54,146.74,4711.0,81.53,-0.773882078258288,0.4020716914270161,6.9629918110866935,-1.1271369409940177,1.1271369409940177,,0
2024-03-12,2024-03,146.74,147.59,146.63,147.34,5245.0,81.19,0.4080527968819245,0.6515542283154662,6.9169594970474355,0.6010914719825836,0.6010914719825836,,0
2024-03-13,2024-03,147.63,147.79,147.25,147.68,4213.0,81.13,0.23049294998744174,0.3656554712892687,6.965489207268089,0.3546712134017947,0.3546712134017947,,0
2024-03-14,2024-03,147.6,147.97,147.55,147.87,4221.0,81.03,0.12857386308539445,0.2840332724690522,6.5946677164724825,0.19942493689708635,0.19942493689708635,,0
2024-03-15,2024-03,148.31,148.65,148.04,148.58,5779.0,80.73,0.47900243382640784,0.41055323731324106,6.883997714214743,0.743642546574114,0.743642546574114,,0
2024-03-18,2024-03,148.96,149.33,148.91,149.13,3746.0,80.79,0.3694875051030739,0.2816334741500811,7.044119079672731,0.6805592744653219,0.6805592744653219,,0
2024-03-19,2024-03,149.14,150.49,149.0,150.26,4886.0,79.94,0.7548718166323631,0.9916145348063418,7.5578492840812475,1.3874245132731742,1.3874245132731742,,0
2024-03-21,2024-03,150.73,151.24,150.27,151.23,6897.0,79.58,0.6434729821634714,0.6414071282153005,7.8463908700777365,1.1691454595807895,1.1691454595807895,,0
2024-03-22,2024-03,151.62,151.86,151.26,151.4,4033.0,80.01,0.11234842406994236,0.3963011889035817,7.825542487711242,0.21026561281506911,0.21026561281506911,,0
2024-03-25,2024-03,151.31,151.44,151.06,151.33,4635.0,79.84,-0.04624583044135014,0.2511068525738422,7.829470755176744,-0.08723933116796084,0.08723933116796084,,0
2024-03-26,2024-03,151.38,151.44,151.23,151.33,3409.0,79.82,0.0,0.1387695764223934,7.799155473559932,0.0,0.0,,0
2024-03-27,2024-03,151.53,151.97,151.45,151.71,5662.0,80.04,0.2507921061066425,0.34275921165381995,7.827877699086951,0.48366636723730994,0.48366636723730994,,0
2024-03-28,2024-03,151.28,151.55,151.26,151.44,4221.0,80.07,-0.17812968589340467,0.19149498151084288,7.82291821475341,-0.34332052236206917,0.34332052236206917,,0
2024-03-29,2024-03,151.45,151.5,151.18,151.34,6425.0,80.02,-0.06605456346917919,0.211444429760799,7.338793033134067,-0.12713439128218862,0.12713439128218862,,0
2024-04-01,2024-04,151.41,151.42,151.23,151.35,2538.0,80.06,0.006607420135199701,0.12553683515031236,7.10604853314647,0.012724719038619648,0.012724719038619648,,0
2024-04-02,2024-04,151.59,151.8,151.51,151.68,2798.0,80.08,0.2178003038984087,0.19119198312237634,7.111810459932283,0.4524067455333431,0.4524067455333431,,0
2024-04-03,2024-04,151.55,151.73,151.44,151.68,5230.0,79.85,0.0,0.1911919831223576,7.112759888157874,0.0,0.0,,0
2024-04-04,2024-04,151.59,151.75,151.54,151.69,3037.0,80.07,0.006592609686926797,0.13844023996308785,6.718324572681597,0.014646255033293648,0.014646255033293648,,0
2024-04-05,2024-04,151.3,151.36,150.81,151.34,4599.0,79.9,-0.23100033372054607,0.3634201136513885,5.331373774416705,-0.5404951567476006,0.5404951567476006,,0
2024-04-08,2024-04,151.68,151.88,151.59,151.88,3455.0,79.77,0.3561774097225957,0.19094021595996316,5.36509813497856,0.8532995913513788,0.8532995913513788,,0
2024-04-09,2024-04,151.84,151.94,151.79,151.91,3688.0,79.74,0.019750485596972886,0.0987426765848237,4.197519994629909,0.047774813098414325,0.047774813098414325,,0
2024-04-10,2024-04,151.78,151.84,151.69,151.85,3843.0,79.34,-0.039504872781355546,0.09878169245966788,4.165817120547697,-0.09582154082290717,0.09582154082290717,,0
2024-04-11,2024-04,152.95,153.21,152.76,153.13,3453.0,79.32,0.8394042335358488,0.29386795533208193,4.828432986515541,2.0408874013852882,2.0408874013852882,,0
2024-04-12,2024-04,153.2,153.38,152.96,153.25,4514.0,79.61,0.07833409892045215,0.2740619902120636,4.838976951424473,0.18532865550469924,0.18532865550469924,,0
2024-04-15,2024-04,153.31,153.96,153.09,153.91,4703.0,79.18,0.4297441175541785,0.565265414852839,4.801443897987354,1.0247081054566984,1.0247081054566984,,0
2024-04-16,2024-04,154.22,154.6,154.14,154.4,3952.0,79.06,0.31786215988131,0.29792746113990154,4.77731950664371,0.8005844019264904,0.8005844019264904,,0
2024-04-17,2024-04,154.7,154.74,154.45,154.62,3020.0,79.1,0.14238563016529932,0.18755659035055003,4.255147624970399,0.3578383483906348,0.3578383483906348,,0
2024-04-18,2024-04,154.34,154.4,153.96,154.28,4612.0,79.02,-0.22013605523016844,0.2851957479906648,4.004870518699268,-0.5551990641114074,0.5551990641114074,,0
2024-04-19,2024-04,154.61,154.68,153.59,154.48,4866.0,79.01,0.1295504780231823,0.7055929570170918,4.006048636659957,0.3260974897099264,0.3260974897099264,,0
2024-04-22,2024-04,154.63,154.76,154.51,154.66,2777.0,78.98,0.11645210606304672,0.16164489848700375,3.9683479217815734,0.29550299939454633,0.29550299939454633,,0
2024-04-23,2024-04,154.82,154.87,154.66,154.82,4072.0,78.85,0.10339925956778726,0.13564139000129696,3.9476567841791446,0.26242011230546763,0.26242011230546763,,0
2024-04-24,2024-04,154.75,154.98,154.73,154.9,3789.0,78.64,0.05165956462557286,0.16139444803098774,3.919319866218527,0.13126838207245584,0.13126838207245584,,0
2024-04-25,2024-04,155.27,155.74,155.21,155.63,4936.0,78.38,0.47016477940956686,0.34055130758851193,3.975443803520077,1.194662125832234,1.194662125832234,,0
2024-04-26,2024-04,155.62,156.82,155.42,156.71,6893.0,77.13,0.6915568318206103,0.8933699189585895,4.355041663446632,1.7433567499384486,1.7433567499384486,,0
2024-04-30,2024-04,156.33,157.0,156.08,156.86,10004.0,77.49,0.09567242493957319,0.5865102639296108,4.320886361031552,0.23950210882451367,0.23950210882451367,,0
2024-05-01,2024-05,157.75,157.99,157.68,157.89,3078.0,78.96,0.6544900249276759,0.1963392235100401,4.6394720849077125,1.641324261417453,1.641324261417453,,0
2024-05-02,2024-05,155.71,156.28,154.14,155.5,22772.0,79.3,-1.525285641450833,1.3762057877813598,7.678280730395924,-3.8619924404151718,3.8619924404151718,,1
2024-05-07,2024-05,154.25,154.65,153.88,154.12,6368.0,78.54,-0.8914211861331974,0.49961069296652627,8.480708510385817,-1.9914332015654745,1.9914332015654745,,0
2024-05-08,2024-05,154.78,155.36,154.7,155.33,4577.0,78.19,0.7820366241859062,0.4249018219275253,8.74701561114524,1.7800529315450184,1.7800529315450184,,0
2024-05-09,2024-05,155.38,155.85,155.18,155.83,4078.0,78.11,0.3213783457707373,0.4299557209779808,8.73595237341934,0.7157384922046987,0.7157384922046987,,0
2024-05-10,2024-05,155.4,155.78,155.27,155.69,4277.0,78.03,-0.0898818755940031,0.3275740253066934,8.76265947654852,-0.20223849828536325,0.20223849828536325,,0
2024-05-13,2024-05,155.84,155.96,155.5,155.89,3811.0,77.78,0.1283779623006363,0.2950798640066765,8.741631360221534,0.2918636669470215,0.2918636669470215,,0
2024-05-14,2024-05,156.24,156.54,156.19,156.46,5806.0,77.6,0.3649755932345223,0.22369934807618197,8.386931283221694,0.8350222984478105,0.8350222984478105,,0
2024-05-15,2024-05,156.53,156.56,155.96,156.1,5956.0,78.04,-0.23035587355482828,0.38436899423446147,8.472344705819523,-0.525112082914297,0.525112082914297,,0
2024-05-16,2024-05,154.3,154.78,153.6,154.42,6930.0,77.78,-1.0820664640716762,0.7641497215386652,9.329502315697814,-2.484881931235109,2.484881931235109,,0
2024-05-17,2024-05,155.4,155.92,155.35,155.82,4311.0,77.7,0.9025332022042436,0.3658067000385016,9.798981842443645,1.966123928759944,1.966123928759944,,0
2024-05-20,2024-05,155.77,155.94,155.5,155.74,4155.0,77.48,-0.051354475387194884,0.28252215230512245,9.797779489583611,-0.10876852277878951,0.10876852277878951,,0
2024-05-21,2024-05,156.39,156.55,156.03,156.23,4727.0,77.58,0.3141330274971672,0.3328426038532998,9.796010643114009,0.6664078015072185,0.6664078015072185,,0
2024-05-22,2024-05,156.28,156.46,156.15,156.41,2551.0,77.37,0.11514842623384187,0.1981970462246674,9.794842386237935,0.2440277364289104,0.2440277364289104,,0
2024-05-23,2024-05,156.74,156.9,156.57,156.77,2712.0,77.37,0.22989983942896267,0.21049945780443483,9.81145896782982,0.4879556635159694,0.4879556635159694,,0
2024-05-24,2024-05,157.0,157.15,156.92,157.05,3487.0,77.26,0.1784462904215878,0.14645017510348182,9.818688951219874,0.37847871352404855,0.37847871352404855,,0
2024-05-27,2024-05,156.86,156.97,156.67,156.92,3501.0,77.25,-0.0828104643303939,0.19118021921999195,9.833884185796173,-0.17572187400618422,0.17572187400618422,,0
2024-05-28,2024-05,156.84,156.95,156.63,156.89,3481.0,77.11,-0.0191198496487693,0.20396456115749456,9.719067828068981,-0.04056740334045875,0.04056740334045875,,0
2024-05-29,2024-05,157.27,157.41,156.94,157.13,3146.0,77.11,0.15285653571762833,0.29911538216763117,9.423945002030113,0.3246746147580134,0.3246746147580134,,0
2024-05-30,2024-05,157.63,157.66,156.55,156.97,5183.0,77.44,-0.10187839149247882,0.7071414920048323,9.427154832357076,-0.22163971782362046,0.22163971782362046,,0
2024-05-31,2024-05,156.99,157.17,156.58,157.15,4294.0,77.24,0.11460589564609563,0.3754374801145243,9.122553762599654,0.25125251054964876,0.25125251054964876,,0
2024-06-03,2024-06,157.19,157.48,157.0,157.12,3110.0,77.66,-0.01909186374208628,0.30549898167005457,7.197441211261696,-0.04191966717972615,0.04191966717972615,,0
2024-06-04,2024-06,156.1,156.48,155.36,155.39,4800.0,78.35,-1.107175880751312,0.7207671021301089,7.601843904602543,-2.430157268352012,2.430157268352012,,0
2024-06-05,2024-06,155.11,156.19,154.81,156.15,4746.0,77.74,0.4878997930444905,0.8837656099903909,7.286738309110108,1.0315292622691508,1.0315292622691508,,0
2024-06-06,2024-06,155.91,156.3,155.36,156.28,4482.0,77.9,0.08321864577822935,0.6014845149731237,7.207443002294946,0.18422308415572083,0.18422308415572083,,0
2024-06-07,2024-06,155.68,155.94,155.13,155.42,3858.0,77.61,-0.5518140405773757,0.5211684467893465,7.477557297463111,-1.2224404123332338,1.2224404123332338,,0
2024-06-10,2024-06,156.83,157.19,156.72,157.0,3130.0,77.48,1.0114675567212092,0.29936305732484003,8.3036440124948,2.272711703783444,2.272711703783444,,0
2024-06-11,2024-06,157.04,157.36,156.96,157.35,3973.0,77.54,0.22268181621077598,0.2542103590721358,8.24390175614725,0.4853260547218295,0.4853260547218295,,0
2024-06-12,2024-06,157.11,157.35,157.05,157.27,4193.0,77.51,-0.05085500077816946,0.19075475297258407,8.193656985817421,-0.11084484900127285,0.11084484900127285,,0
2024-06-13,2024-06,156.8,157.3,156.59,157.27,5758.0,77.52,0.0,0.45145291536847965,7.053968313659157,0.0,0.0,,0
2024-06-14,2024-06,157.12,158.25,156.8,157.67,6757.0,77.47,0.254016774675615,0.9196422908606512,6.41129107553767,0.5561616755175505,0.5561616755175505,,0
2024-06-17,2024-06,157.56,157.65,157.16,157.56,3110.0,77.25,-0.06979031466851368,0.31099263772531677,6.415832732385539,-0.15311714200139373,0.15311714200139373,,0
2024-06-18,2024-06,157.7,158.15,157.52,158.14,3724.0,77.09,0.36743785400757645,0.39838118123181704,6.44676263666639,0.8204322967452187,0.8204322967452187,,0
2024-06-19,2024-06,157.88,157.93,157.62,157.75,2250.0,76.96,-0.2469215221458342,0.19651347068145947,6.533769721071703,-0.5569349752807667,0.5569349752807667,,0
2024-06-20,2024-06,157.97,158.3,157.94,158.28,3532.0,76.73,0.3354115095901049,0.22744503411676376,6.584412669746624,0.753294289937952,0.753294289937952,,0
2024-06-21,2024-06,158.94,159.12,158.67,158.78,4521.0,76.33,0.3153979779743841,0.2834110089432026,6.6381441817622955,0.7066668096301641,0.7066668096301641,,0
2024-06-24,2024-06,159.9,159.94,159.62,159.69,4109.0,76.31,0.5714839555808345,0.2003882522387082,6.860835582061936,1.2776936794056741,1.2776936794056741,,0
2024-06-25,2024-06,159.7,159.7,159.2,159.49,4970.0,76.36,-0.1253211518112858,0.3134992789516584,6.89300477817314,-0.2777196517020185,0.2777196517020185,,0
2024-06-26,2024-06,159.71,159.93,159.63,159.9,4557.0,75.99,0.2567395505245733,0.18761726078799962,6.9169534143358575,0.5695463428345973,0.5695463428345973,,0
2024-06-27,2024-06,160.64,160.73,160.31,160.55,3505.0,75.96,0.4056800695614469,0.2616007474306991,6.967219643613509,0.8997998634056134,0.8997998634056134,,0
2024-06-28,2024-06,160.7,161.28,160.64,160.93,7877.0,75.82,0.236406729488047,0.3976884359659571,6.981050124376119,0.5224228662646428,0.5224228662646428,,0
2024-07-01,2024-07,160.93,161.19,160.75,161.02,3229.0,75.59,0.055909304143113986,0.27325798037510723,6.96645639850793,0.12352658519310145,0.12352658519310145,,0
2024-07-02,2024-07,161.51,161.74,161.42,161.65,5709.0,75.64,0.3904923299607378,0.19795855242809873,5.285605347845801,0.8630419078079394,0.8630419078079394,,0
2024-07-03,2024-07,161.5,161.94,161.42,161.77,5552.0,75.41,0.07420691701605232,0.3214440254682637,5.18719433031013,0.1635106623237935,0.1635106623237935,,0
2024-07-04,2024-07,161.59,161.66,161.14,161.28,4599.0,75.49,-0.3033588458598933,0.32242063492064127,5.454310824193828,-0.6715942360815704,0.6715942360815704,,0
2024-07-05,2024-07,161.36,161.39,160.53,160.77,4528.0,75.63,-0.31672127081351625,0.534925670212095,5.101248178191692,-0.6981549312686913,0.6981549312686913,,0
2024-07-08,2024-07,160.65,160.95,160.27,160.91,4351.0,75.64,0.08704302961901958,0.4225964825057351,4.017078014411064,0.1905771569849353,0.1905771569849353,,0
2024-07-09,2024-07,160.86,161.13,160.74,160.92,5637.0,75.44,0.006214461052859575,0.24235645041013323,4.019319546867746,0.013616359324664906,0.013616359324664906,,0
2024-07-10,2024-07,161.33,161.59,161.27,161.5,4638.0,75.25,0.35977955811239176,0.1981424148606769,4.062479764952085,0.8067372522079331,0.8067372522079331,,0
2024-07-11,2024-07,161.58,161.76,161.48,161.63,28959.0,76.36,0.08046297590061259,0.1732351667388487,4.037582621785085,0.17984578778337684,0.17984578778337684,,0
2024-07-12,2024-07,158.27,159.45,157.75,159.22,28293.0,76.76,-1.5022878761285168,1.0677050621781112,7.050095655020783,-3.3748932462963497,3.3748932462963497,,1
2024-07-16,2024-07,158.16,158.79,158.08,158.5,5091.0,76.65,-0.4532300343096781,0.4479495268138672,7.26386532871622,-0.9275066457539097,0.9275066457539097,,0
2024-07-17,2024-07,158.36,158.62,157.0,157.08,5889.0,77.58,-0.8999363607526407,1.0313216195569166,7.851712401204851,-1.8261569722211932,1.8261569722211932,,0
2024-07-18,2024-07,155.68,156.57,155.38,156.25,4848.0,77.14,-0.5297941093298024,0.7615999999999986,8.01611297185125,-1.0459092362575142,1.0459092362575142,,0
2024-07-19,2024-07,157.19,157.84,156.96,157.32,4561.0,77.21,0.682465894709787,0.5593694380879707,8.324860562849425,1.3343210809693011,1.3343210809693011,,0
2024-07-22,2024-07,157.41,157.61,156.3,156.82,4525.0,77.44,-0.31832967608329055,0.8353526335926555,8.279508879810324,-0.6139783791768793,0.6139783791768793,,0
2024-07-23,2024-07,156.91,157.09,155.94,156.04,5198.0,78.22,-0.49862661643200856,0.736990515252503,8.061878374083225,-0.9583587055542203,0.9583587055542203,,0
2024-07-24,2024-07,155.77,155.98,154.37,154.59,6165.0,79.03,-0.933593363021308,1.0414645190503817,8.569347653810738,-1.7796897843303743,1.7796897843303743,,0
2024-07-25,2024-07,153.93,153.96,152.06,152.2,6365.0,78.95,-1.5581005580657252,1.2483574244415283,9.750014807456022,-2.9122745333583295,2.9122745333583295,,0
2024-07-26,2024-07,153.71,154.17,153.44,153.92,5028.0,79.01,1.123754148981078,0.4742723492723427,10.676489610135716,1.9959238384529403,1.9959238384529403,,0
2024-07-29,2024-07,154.16,154.35,153.04,153.62,6034.0,79.0,-0.19509663468603175,0.8527535477151427,10.545803076594918,-0.3347638316610705,0.3347638316610705,,0
2024-07-30,2024-07,153.83,155.21,153.63,154.9,4598.0,79.57,0.8297726852287052,1.0200129115558505,11.165964435801476,1.440274541815817,1.440274541815817,,0
2024-07-31,2024-07,152.65,153.86,150.61,150.91,8926.0,80.82,-2.609611479236385,2.1536014843284077,13.841678931150744,-4.7157285292235525,4.7157285292235525,警戒,1
2024-08-01,2024-08,149.79,150.32,148.51,149.86,7240.0,81.29,-0.6982107694294368,1.2077939410116123,13.803837534095182,-1.0944577571882868,1.0944577571882868,警戒,0
2024-08-02,2024-08,149.2,149.77,148.64,149.22,8582.0,82.23,-0.4279797892796516,0.757271143278397,13.801464514744413,-0.6745909957704354,0.6745909957704354,警戒,0
2024-08-05,2024-08,145.59,146.55,141.69,143.5,7468.0,83.36,-3.9086691843692503,3.3867595818815426,18.606395243971154,-6.163398289803183,6.163398289803183,無秩序,1
2024-08-06,2024-08,145.81,146.38,143.64,145.3,6270.0,83.47,1.2465535376561494,1.885753613214046,19.577840091575762,1.5491256194925838,1.5491256194925838,無秩序,0
2024-08-07,2024-08,144.76,147.9,144.33,146.7,5260.0,82.25,0.9589114572698725,2.433537832310834,20.19354241049294,1.1642484472829995,1.1642484472829995,無秩序,0
2024-08-08,2024-08,146.29,146.88,145.43,145.86,5178.0,81.8,-0.5742427592848858,0.994103935280398,19.959865708428794,-0.6893334342068137,0.6893334342068137,無秩序,0
2024-08-09,2024-08,147.7,147.8,146.72,147.21,4645.0,82.06,0.9212881213834593,0.7336458121051643,20.505075176321057,1.1032310387515754,1.1032310387515754,無秩序,0
2024-08-13,2024-08,147.04,147.92,146.93,147.84,3879.0,81.71,0.42704691234522857,0.6696428571428441,20.356524488758936,0.5109854518324969,0.5109854518324969,無秩序,0
2024-08-14,2024-08,146.96,147.43,146.07,147.41,5597.0,81.3,-0.2912787834187255,0.9225968387490765,20.35594183378442,-0.3515807862249008,0.3515807862249008,無秩序,0
2024-08-15,2024-08,147.28,147.61,147.06,147.22,4416.0,80.49,-0.12897534286268814,0.37359054476294756,20.26983837637318,-0.1556011714339858,0.1556011714339858,無秩序,0
2024-08-16,2024-08,149.24,149.27,148.75,149.04,4545.0,81.1,1.228665966277319,0.34889962426195,20.98177332206747,1.4853671507627602,1.4853671507627602,無秩序,0
2024-08-19,2024-08,147.97,148.04,145.2,146.09,4375.0,81.29,-1.9991856148910307,1.9440071188993109,21.575333689317137,-2.3676408486053226,2.3676408486053226,無秩序,0
2024-08-20,2024-08,146.72,147.33,145.86,146.56,4966.0,81.87,0.3212030781397367,1.0030021834061127,21.714742006479714,0.3654901953966456,0.3654901953966456,無秩序,0
2024-08-21,2024-08,145.33,146.22,144.94,146.15,5168.0,81.9,-0.2801409368565155,0.8758125213821424,21.70719720295268,-0.31840134853304386,0.31840134853304386,無秩序,0
2024-08-22,2024-08,145.13,145.64,144.88,145.27,3985.0,81.53,-0.6039411672462718,0.5231637640256013,21.616446947712653,-0.6862332313712968,0.6862332313712968,無秩序,0
2024-08-23,2024-08,146.22,146.33,145.3,145.82,3570.0,82.15,0.377890449349198,0.7063502948841045,21.223744647283603,0.4283510206980789,0.4283510206980789,無秩序,0
2024-08-26,2024-08,143.94,144.33,143.45,143.91,4896.0,82.12,-1.3184880196201971,0.6114932944201403,20.95062540936582,-1.491687618510114,1.491687618510114,無秩序,0
2024-08-27,2024-08,144.51,145.17,144.25,144.99,4626.0,82.4,0.7476670343020136,0.634526519070272,21.29922433266575,0.8333182151573755,0.8333182151573755,無秩序,0
2024-08-28,2024-08,143.96,144.61,143.69,144.57,4831.0,82.21,-0.2900955204751473,0.6363699246040091,20.885925396656635,-0.3208967109079283,0.3208967109079283,無秩序,0
2024-08-29,2024-08,144.45,144.86,144.22,144.72,4200.0,81.88,0.10370217666887498,0.4422332780541838,19.131023837473304,0.11470118841486743,0.11470118841486743,無秩序,0
2024-08-30,2024-08,144.9,145.08,144.65,144.94,5790.0,81.28,0.1519022594095741,0.2966744859942092,19.08086599141808,0.16960983991547002,0.16960983991547002,無秩序,0
2024-09-02,2024-09,146.41,146.6,145.78,146.48,3444.0,80.98,1.0569036685119957,0.5598033861277943,19.534014182011333,1.1838239589711856,1.1838239589711856,無秩序,0
2024-09-03,2024-09,146.76,147.2,145.89,145.95,4933.0,81.88,-0.36248030661315717,0.8975676601575898,13.456116038851393,-0.4003618511177896,0.4003618511177896,警戒,0
2024-09-04,2024-09,145.39,145.55,144.76,145.0,6621.0,82.72,-0.6530354879549237,0.5448275862069107,12.960936523952366,-0.7222745060376715,0.7222745060376715,警戒,0
2024-09-05,2024-09,143.33,143.91,143.05,143.61,5478.0,82.65,-0.9632450348046977,0.5988440916370623,12.849874743628828,-1.0764980878490678,1.0764980878490678,警戒,0
2024-09-06,2024-09,143.36,143.48,142.07,142.53,5344.0,83.45,-0.75487882055878,0.989265417806775,12.952680409412261,-0.8388480214985785,0.8388480214985785,警戒,0
2024-09-09,2024-09,142.49,143.35,141.96,143.16,4640.0,83.18,0.4410382030885316,0.9709416037999347,12.548721579804557,0.48833952322151647,0.48833952322151647,警戒,0
2024-09-10,2024-09,143.19,143.65,142.87,143.61,4874.0,83.65,0.31384061747024283,0.5431376645080433,12.487218352112937,0.346293378582772,0.346293378582772,警戒,0
2024-09-11,2024-09,142.25,142.47,140.72,141.38,7309.0,83.68,-1.5649991329719473,1.2377988400056585,13.46513227705612,-1.7258907996048116,1.7258907996048116,警戒,0
2024-09-12,2024-09,142.66,143.03,142.26,142.75,4908.0,83.82,0.9643547793311715,0.5394045534150684,14.095654665236657,1.0428330416710982,1.0428330416710982,警戒,0
2024-09-13,2024-09,141.52,141.87,140.65,140.91,7186.0,84.18,-1.297345982910618,0.8658008658008649,13.653827425660694,-1.3891606225294368,1.3891606225294368,警戒,0
2024-09-17,2024-09,140.79,141.22,140.34,140.6,4114.0,83.14,-0.22024093304489445,0.6258890469416754,12.04977813738186,-0.2330249952311669,0.2330249952311669,警戒,0
2024-09-18,2024-09,142.01,142.35,141.24,141.88,4325.0,83.12,0.9062650528856634,0.7823512827741649,12.548598288927682,0.9614110196629468,0.9614110196629468,警戒,0
2024-09-19,2024-09,142.73,143.95,141.93,142.51,6072.0,82.74,0.4430542779699777,1.4174443898673652,12.719905285475292,0.4658154994815353,0.4658154994815353,警戒,0
2024-09-20,2024-09,142.86,143.66,141.74,143.63,6507.0,81.97,0.7828375758610605,1.33676808466197,12.97883129933481,0.8244362803517918,0.8244362803517918,警戒,0
2024-09-24,2024-09,143.62,144.69,143.38,144.46,4238.0,82.09,0.5762104178969454,0.9068254188010537,13.085573551916665,0.6016048383474927,0.6016048383474927,警戒,0
2024-09-25,2024-09,142.96,143.93,142.91,143.9,5231.0,81.37,-0.3884038729378673,0.708825573314809,12.278375673207451,-0.40412033011920157,0.40412033011920157,警戒,0
2024-09-26,2024-09,144.72,145.17,144.45,145.02,6060.0,81.02,0.7753050050124614,0.4964832436905246,12.301078338219376,0.8088544076828682,0.8088544076828682,警戒,0
2024-09-27,2024-09,145.06,146.48,142.78,143.2,7491.0,82.46,-1.2629409416901538,2.5837988826815566,13.067303667218338,-1.3087243877303458,1.3087243877303458,警戒,0
2024-09-30,2024-09,142.79,142.95,141.65,142.38,7700.0,81.81,-0.5742714850817959,0.9130495856159453,13.184263831499063,-0.5891929804876207,0.5891929804876207,警戒,0
2024-10-01,2024-10,143.71,144.53,143.38,144.18,6466.0,82.08,1.25629793007054,0.7976140934942472,14.001097886272854,1.2914245004680187,1.2914245004680187,警戒,0
2024-10-02,2024-10,143.73,144.18,143.44,144.07,5762.0,80.54,-0.07632264030510273,0.5136392031651343,13.403381547211419,-0.07705506650317044,0.07705506650317044,警戒,0
2024-10-03,2024-10,146.55,147.25,146.29,146.46,5617.0,80.45,1.6453061059542247,0.6554690700532623,14.68183154963957,1.661094402013913,1.661094402013913,警戒,0
2024-10-04,2024-10,146.86,146.92,145.93,146.31,4258.0,79.7,-0.10246952428528021,0.676645478777924,14.477000964864706,-0.10064022767978938,0.10064022767978938,警戒,0
2024-10-07,2024-10,148.79,149.12,148.15,148.28,3499.0,80.06,1.337471989246063,0.6541677906663063,14.654290893830682,1.3142031249494144,1.3142031249494144,警戒,0
2024-10-08,2024-10,148.15,148.19,147.35,147.6,4972.0,80.24,-0.45964661161594456,0.5691056910569129,14.445817322987404,-0.44379824470306595,0.44379824470306595,警戒,0
2024-10-09,2024-10,148.15,148.65,148.03,148.56,4399.0,79.82,0.6483004878078312,0.4173397953688776,14.515055565843568,0.6267044314197494,0.6267044314197494,警戒,0
2024-10-10,2024-10,149.16,149.54,148.91,149.01,5218.0,80.2,0.30245007429183196,0.4227904167505506,14.513772187266966,0.2910439051017828,0.2910439051017828,警戒,0
2024-10-11,2024-10,148.72,148.85,148.4,148.78,3417.0,79.77,-0.15447130241734366,0.3024600080655926,13.048244588374281,-0.15068449860596736,0.15068449860596736,警戒,0
2024-10-15,2024-10,149.74,149.81,149.18,149.24,3608.0,80.14,0.3087043589761889,0.42213883677298003,12.780358569366335,0.3014212274549561,0.3014212274549561,警戒,0
2024-10-16,2024-10,149.1,149.48,148.89,149.45,4052.0,79.97,0.14061403769895323,0.39478086316494043,11.46410636430216,0.13783661355216006,0.13783661355216006,,0
2024-10-17,2024-10,149.56,149.8,149.25,149.77,5163.0,79.74,0.2138895274357446,0.3672297522868474,11.308234948698129,0.20992815522945787,0.20992815522945787,,0
2024-10-18,2024-10,150.11,150.27,149.78,150.1,4393.0,79.9,0.2200954635111999,0.3264490339773545,11.093386490765695,0.21689413817753855,0.21689413817753855,,0
2024-10-21,2024-10,149.62,149.84,149.09,149.84,2948.0,79.46,-0.17336805035831412,0.500533902829685,11.189769024559252,-0.17080345257415497,0.17080345257415497,,0
2024-10-22,2024-10,150.62,151.1,150.5,151.01,3850.0,79.37,0.7778001651864686,0.3973246804847324,11.186606046736378,0.7673861897449449,0.7673861897449449,,0
2024-10-23,2024-10,151.16,152.55,151.03,152.36,4777.0,78.66,0.8900081822705609,0.9976371751115845,11.361857938720775,0.8787020080515292,0.8787020080515292,,0
2024-10-24,2024-10,152.76,152.84,152.05,152.13,5074.0,78.99,-0.15107231353660022,0.5192927101820759,11.210724215082694,-0.15109304165490775,0.15109304165490775,,0
2024-10-25,2024-10,151.78,152.1,151.48,151.95,4893.0,78.87,-0.11838991122354076,0.40802895689371804,11.13357547455774,-0.11969418703600747,0.11969418703600747,,0
2024-10-28,2024-10,152.96,153.88,152.68,153.34,7025.0,78.38,0.9106158767946493,0.7825746706664853,9.859494484541974,0.920816678979923,0.920816678979923,,0
2024-10-29,2024-10,153.15,153.34,152.77,153.17,4875.0,78.34,-0.11092624542858451,0.3721355356793062,9.415519872991897,-0.11202959496434273,0.11202959496434273,,0
2024-10-30,2024-10,153.27,153.45,153.08,153.33,5177.0,78.21,0.10440457718353795,0.2413095936868037,8.839901243553701,0.1122663368938092,0.1122663368938092,,0
2024-10-31,2024-10,153.24,153.6,152.06,152.25,8503.0,78.89,-0.7068554858291548,1.011494252873558,9.464431760213872,-0.7640388852592674,0.7640388852592674,,0
2024-11-01,2024-11,151.99,152.65,151.8,152.55,4922.0,78.56,0.19685045726723752,0.5571943625040933,7.962634902289715,0.21207001272467152,0.21207001272467152,,0
2024-11-05,2024-11,152.27,152.54,152.12,152.28,4028.0,78.93,-0.17714796483821157,0.27580772261622505,8.00501894832112,-0.2298673892227875,0.2298673892227875,,0
2024-11-06,2024-11,151.44,154.38,151.3,153.94,6737.0,78.23,1.0841984591874791,2.0007795244900506,7.566131992453327,1.4329831584910275,1.4329831584910275,,0
2024-11-07,2024-11,154.32,154.71,153.65,154.0,5916.0,78.63,0.03896863074578888,0.6883116883116898,7.198757038109421,0.05132567160108838,0.05132567160108838,,0
2024-11-08,2024-11,153.17,153.36,152.55,152.64,5744.0,79.16,-0.8870394713652899,0.5306603773584921,7.985237977915927,-1.1758301275361454,1.1758301275361454,,0
2024-11-11,2024-11,152.93,153.66,152.71,153.64,3423.0,78.99,0.6529995777727642,0.6183285602707556,8.17710958010527,0.8628888699353068,0.8628888699353068,,0
2024-11-12,2024-11,153.53,154.05,153.41,153.82,4440.0,78.8,0.11708841512037368,0.41607073202445377,8.098116125126051,0.15423138039934914,0.15423138039934914,,0
2024-11-13,2024-11,154.67,155.15,154.53,155.11,4794.0,78.48,0.8351455007751789,0.39971633034620885,8.429487945537206,1.1021202171747935,1.1021202171747935,,0
2024-11-14,2024-11,155.42,156.13,155.34,155.84,4647.0,78.16,0.4695297257565507,0.506930184804923,8.483116549186015,0.61484869169653,0.61484869169653,,0
2024-11-15,2024-11,156.49,156.76,155.74,155.78,6286.0,79.09,-0.03850844024225386,0.654769546796753,8.528510096105812,-0.051304074518222074,0.051304074518222074,,0
2024-11-18,2024-11,154.65,155.13,153.85,154.57,6232.0,78.76,-0.7797687327575321,0.8281037717538986,9.203916445562237,-1.1143598146917069,1.1143598146917069,,0
2024-11-19,2024-11,154.61,154.66,153.96,154.54,5778.0,78.77,-0.01941056587893503,0.45295716319398777,9.148961245601898,-0.027399940193128202,0.027399940193128202,,0
2024-11-20,2024-11,154.73,155.69,154.55,155.66,4893.0,78.55,0.7221179025804431,0.7323654117949289,9.100648564900023,1.0215079171226058,1.0215079171226058,,0
2024-11-21,2024-11,155.28,155.41,154.58,154.91,5535.0,79.13,-0.4829838412970479,0.5357949777289938,8.926504875858596,-0.6846157329647126,0.6846157329647126,,0
2024-11-22,2024-11,154.17,154.95,153.97,154.73,5408.0,79.14,-0.11626406166903504,0.6333613391068247,8.915247447092131,-0.16403092648813333,0.16403092648813333,,0
2024-11-25,2024-11,154.15,154.6,153.55,154.54,5419.0,79.23,-0.12286999961434032,0.6794357447909816,8.91661532779021,-0.17948472374403668,0.17948472374403668,,0
2024-11-26,2024-11,154.39,154.48,153.55,154.04,5817.0,79.9,-0.3240653558729673,0.6037392884964804,8.465081813904492,-0.4763762806115291,0.4763762806115291,,0
2024-11-27,2024-11,152.94,153.22,151.84,151.96,6607.0,80.79,-1.3594980627283175,0.908133719399839,9.784082662758662,-1.9974366508606392,1.9974366508606392,,0
2024-11-28,2024-11,151.34,151.8,150.93,151.77,4384.0,80.55,-0.12511113474703775,0.5732358173552116,9.773174637510945,-0.17710583286557416,0.17710583286557416,,0
2024-11-29,2024-11,151.18,151.54,149.54,149.99,6504.0,81.4,-1.1797591764686357,1.3334222281485433,10.322714888278307,-1.6690223493561858,1.6690223493561858,,0
2024-12-02,2024-12,149.87,150.75,149.51,150.25,4042.0,81.86,0.17319482080487564,0.8252911813643987,10.314797549016108,0.24282882707352793,0.24282882707352793,,0
2024-12-03,2024-12,149.53,150.24,149.5,150.02,5551.0,81.89,-0.15319548738266892,0.4932675643247627,10.31203107792443,-0.21532183608956285,0.21532183608956285,,0
2024-12-04,2024-12,149.62,150.43,149.53,150.41,6267.0,81.19,0.25962801256316814,0.5983644704474474,9.463361582326435,0.3677318645988759,0.3677318645988759,,0
2024-12-05,2024-12,150.53,150.75,149.68,149.78,4081.0,81.21,-0.4197347845900924,0.7143810922686561,9.503729300295475,-0.6051330048806646,0.6051330048806646,,0
2024-12-06,2024-12,150.12,150.27,149.78,150.1,4575.0,81.39,0.2134187818195236,0.3264490339773545,9.151027094033367,0.31013938926570406,0.31013938926570406,,0
2024-12-09,2024-12,149.89,150.37,149.7,150.34,2762.0,80.66,0.15976571099066916,0.4456565119063562,8.784374392227498,0.2326384895421509,0.2326384895421509,,0
2024-12-10,2024-12,151.38,151.6,150.9,151.56,5418.0,80.33,0.8082190401077314,0.46186328846660635,9.344553974444903,1.177904848488565,1.177904848488565,,0
2024-12-11,2024-12,151.85,151.91,151.43,151.67,5384.0,80.18,0.07255219129054805,0.31647656095469756,8.73253311716103,0.1103043682515889,0.1103043682515889,,0
2024-12-12,2024-12,152.25,152.76,151.96,152.58,4604.0,80.2,0.5981940598777823,0.5243151133831321,8.857253819803477,0.9227759769120546,0.9227759769120546,,0
2024-12-13,2024-12,152.6,153.09,152.47,152.8,6426.0,79.71,0.14408280703368773,0.4057591623036679,8.899240608185632,0.23063846912680241,0.23063846912680241,,0
2024-12-16,2024-12,153.47,153.97,153.33,153.51,4491.0,79.47,0.46358347526899346,0.4169109504266734,8.725956926254044,0.7441228103979973,0.7441228103979973,,0
2024-12-17,2024-12,154.1,154.34,153.8,154.07,5821.0,79.92,0.3641333108573583,0.35049003699616543,8.840160083027117,0.5908046545917605,0.5908046545917605,,0
2024-12-18,2024-12,153.58,153.79,153.34,153.58,3906.0,79.62,-0.3185440691286032,0.2930069019403494,8.45219026468509,-0.5173337795353758,0.5173337795353758,,0
2024-12-19,2024-12,154.68,156.77,154.45,156.48,7108.0,78.33,1.8706602384109539,1.4826175869120792,10.737041530743129,3.0548510616469065,3.0548510616469065,,1
2024-12-20,2024-12,157.66,157.93,156.78,156.83,7074.0,78.71,0.2234209859826124,0.7332780717974913,10.734803478428686,0.3434022736105091,0.3434022736105091,,0
2024-12-23,2024-12,156.59,156.8,156.34,156.8,3943.0,78.36,-0.0191308230025859,0.2933673469387805,10.716716185580392,-0.029564792172853852,0.029564792172853852,,0
2024-12-24,2024-12,157.18,157.41,156.9,157.15,3284.0,78.38,0.22296553272690683,0.324530703149851,10.623685894297124,0.34727646758168806,0.34727646758168806,,0
2024-12-25,2024-12,157.1,157.5,156.98,157.15,1475.0,78.3,0.0,0.33089405027044877,9.138896667585959,0.0,0.0,,0
2024-12-26,2024-12,157.12,157.47,157.07,157.36,2736.0,77.97,0.13354108372271348,0.2541942043721439,9.074794256408204,0.2194970736052792,0.2194970736052792,,0
2024-12-27,2024-12,157.77,157.96,157.51,157.82,4738.0,78.05,0.29189690120852485,0.2851349638829154,7.518356591332307,0.49367671133757235,0.49367671133757235,,0
2024-12-30,2024-12,157.9,158.06,157.7,157.89,4672.0,78.66,0.044344494090839584,0.22800684020521483,7.550664918727754,0.07505359730359358,0.07505359730359358,,0
2025-01-06,2025-01,157.52,157.82,157.21,157.67,4485.0,78.42,-0.1394346784406894,0.38688399822412967,7.541119576446305,-0.25012501335201054,0.25012501335201054,,0
2025-01-07,2025-01,157.74,158.41,157.46,157.5,6252.0,78.26,-0.1078782983702597,0.6031746031745959,7.646143184839972,-0.1934217125645317,0.1934217125645317,,0
2025-01-08,2025-01,158.23,158.26,157.9,158.12,4108.0,78.24,0.3928780162796976,0.22767518340499948,7.2644214184202065,0.734045305978957,0.734045305978957,,0
2025-01-09,2025-01,158.21,158.39,157.77,158.19,3721.0,78.36,0.044260378200335994,0.39193375055311724,7.30687613932327,0.08328980236317422,0.08328980236317422,,0
2025-01-10,2025-01,158.04,158.45,157.94,158.39,3893.0,78.76,0.12635038638408752,0.32199002462276083,7.314065104402776,0.23983381932219397,0.23983381932219397,,0
2025-01-14,2025-01,157.33,158.02,157.13,157.53,4165.0,78.5,-0.5444429756451222,0.5649717514124387,7.543729237520886,-1.0346802688540837,1.0346802688540837,,0
2025-01-15,2025-01,158.06,158.07,156.85,156.88,5187.0,79.23,-0.41347344297867705,0.7776644569097393,7.838323613081108,-0.7775104255891079,0.7775104255891079,,0
2025-01-16,2025-01,156.2,156.52,155.21,156.19,4894.0,79.9,-0.4407967018459779,0.838722069274603,7.95038505586785,-0.8238558185128725,0.8238558185128725,,0
2025-01-17,2025-01,155.36,155.76,154.98,155.61,4533.0,79.33,-0.37203378382124047,0.5012531328320808,8.13591412606431,-0.6899322270166773,0.6899322270166773,,0
2025-01-20,2025-01,156.32,156.58,155.71,155.99,2314.0,79.03,0.24390255993587892,0.5577280594909959,8.039320616270034,0.4500496950183803,0.4500496950183803,,0
2025-01-21,2025-01,155.29,156.23,154.78,155.69,4964.0,79.0,-0.19250519291942758,0.9313379150876668,8.021301927836818,-0.3551291473136111,0.3551291473136111,,0
2025-01-22,2025-01,155.77,156.07,155.36,156.05,4252.0,78.53,0.23096180152054696,0.45498237744311404,7.920883424089547,0.4259569250160674,0.4259569250160674,,0
2025-01-23,2025-01,156.44,156.74,156.29,156.61,3902.0,78.8,0.35821697615540665,0.2873379733095058,4.439951326759557,0.6701204792809452,0.6701204792809452,,0
2025-01-24,2025-01,156.16,156.4,154.85,155.38,5876.0,78.36,-0.7884908956067909,0.997554382803457,5.170053844765744,-1.5024846382131791,1.5024846382131791,,0
2025-01-27,2025-01,155.74,156.25,155.3,155.88,4889.0,79.23,0.3212750948233659,0.6094431614062026,5.33255303017224,0.6002964243013457,0.6002964243013457,,0
2025-01-28,2025-01,154.91,155.96,154.5,155.86,5514.0,78.86,-0.012831205509352146,0.9367380982933451,5.249575003660792,-0.023935945427447352,0.023935945427447352,,0
2025-01-29,2025-01,155.58,155.79,155.0,155.3,4887.0,79.02,-0.3599438260773554,0.5086928525434591,5.366282451372963,-0.6871304044450882,0.6871304044450882,,0
2025-01-30,2025-01,155.19,155.25,154.29,154.54,5824.0,79.55,-0.4905767649203695,0.6211983952374841,5.523936628600561,-0.9327774684758675,0.9327774684758675,,0
2025-01-31,2025-01,154.1,154.93,153.94,154.66,7126.0,79.23,0.07761966754514979,0.6401137980085407,5.377670515151306,0.14646206465675277,0.14646206465675277,,0
2025-02-03,2025-02,155.37,155.87,154.8,155.63,3922.0,79.57,0.6252236036029337,0.6875281115466125,5.95083132885827,1.1988699142275951,1.1988699142275951,,0
2025-02-04,2025-02,155.27,155.4,154.8,155.33,5056.0,79.61,-0.19295092171026768,0.3862743835704592,5.96188621457314,-0.36627502511136617,0.36627502511136617,,0
2025-02-05,2025-02,154.14,154.44,153.08,153.34,5698.0,80.46,-1.2894207869067553,0.8869179600886821,7.360174024356754,-2.447167289320971,2.447167289320971,,0
2025-02-06,2025-02,152.65,152.72,151.82,152.58,5152.0,81.2,-0.49686294686650334,0.5898545025560398,7.191347391913698,-0.9275396965143509,0.9275396965143509,,0
2025-02-07,2025-02,151.17,151.88,150.96,151.84,4931.0,81.38,-0.48617138004656113,0.6059009483666935,7.220021294647397,-0.9013836393311516,0.9013836393311516,,0
2025-02-10,2025-02,151.88,152.2,151.26,152.18,3750.0,81.14,0.2236695886759011,0.6176895781311589,7.287183026652189,0.4213848972745082,0.4213848972745082,,0
2025-02-12,2025-02,152.75,153.8,152.4,153.7,5561.0,79.76,0.9938619796173337,0.9108653220559568,8.298404066023178,1.8945799501142024,1.8945799501142024,,0
2025-02-13,2025-02,154.23,154.66,153.98,154.28,5082.0,80.22,0.37664827954768654,0.44075706507648876,8.404935779390492,0.697077242087062,0.697077242087062,,0
2025-02-14,2025-02,153.01,153.15,152.39,152.74,6165.0,80.28,-1.0032003879788975,0.49757758282049186,8.941908655059509,-1.8876150446294941,1.8876150446294941,,0
2025-02-17,2025-02,152.02,152.39,151.48,151.88,3548.0,80.75,-0.5646394096636538,0.5991572293916227,9.041865272625984,-1.0400850813504103,1.0400850813504103,,0
2025-02-18,2025-02,151.44,152.21,151.24,152.06,4235.0,80.57,0.11844444366890709,0.6379060897014329,8.985446003774571,0.2164584193316252,0.2164584193316252,,0
2025-02-19,2025-02,151.92,152.31,151.59,151.66,4317.0,80.96,-0.2634006527501199,0.4747461426875899,8.99575793364183,-0.4887769307958722,0.4887769307958722,,0
2025-02-20,2025-02,151.21,151.45,149.95,150.17,4592.0,81.59,-0.9873187580600135,0.9988679496570554,9.376736631745361,-1.8291914808081553,1.8291914808081553,,0
2025-02-21,2025-02,149.47,150.73,149.29,150.57,5726.0,81.88,0.26601066427627246,0.9563658099222938,9.310447846731392,0.48862456906442303,0.48862456906442303,,0
2025-02-25,2025-02,149.92,150.3,149.19,149.28,5018.0,81.93,-0.8604355235918243,0.7435691318328066,9.374387253225485,-1.5842290227195532,1.5842290227195532,,0
2025-02-26,2025-02,149.06,149.62,148.63,149.54,4924.0,81.98,0.1740178472735836,0.6620302260264874,9.279826852860397,0.3146052948091704,0.3146052948091704,,0
2025-02-27,2025-02,148.89,149.42,148.76,149.27,4206.0,82.0,-0.1807168926621076,0.44215180545320326,9.252182810417658,-0.32627208338139857,0.32627208338139857,,0
2025-02-28,2025-02,150.09,150.56,149.11,150.44,9333.0,81.68,0.7807586956987134,0.9638394044137123,9.88143240560949,1.4118310645877263,1.4118310645877263,,0
2025-03-03,2025-03,150.83,151.01,150.12,150.18,3817.0,82.08,-0.17297589303977046,0.592622186709273,9.804079490959541,-0.3226931264784523,0.3226931264784523,,0
2025-03-04,2025-03,149.33,149.62,148.6,149.35,6530.0,81.54,-0.5542030009619081,0.6829594911282292,9.87171629727379,-1.033502057119372,1.033502057119372,,0
2025-03-05,2025-03,149.83,150.18,149.43,149.46,3700.0,81.54,0.07362538400253131,0.5018065034122842,9.464688944374965,0.14184239405566365,0.14184239405566365,,0
2025-03-06,2025-03,148.88,149.33,148.28,148.37,5681.0,82.08,-0.7319644539441833,0.7076902338747801,9.649245616066187,-1.41132203047446,1.41132203047446,,0
2025-03-07,2025-03,148.15,148.16,147.4,147.68,4412.0,81.97,-0.46613832081602485,0.5146262188515648,8.859720791869679,-0.8850358763393106,0.8850358763393106,,0
2025-03-10,2025-03,147.58,147.85,147.1,147.59,4669.0,82.58,-0.06096115608575518,0.5081645097906362,8.793066263781952,-0.11534199538571288,0.11534199538571288,,0
2025-03-11,2025-03,147.07,147.4,146.55,146.92,6625.0,81.98,-0.454993824221809,0.5785461475632959,8.778706197421924,-0.8648903888393676,0.8648903888393676,,0
2025-03-12,2025-03,148.06,148.6,147.83,148.6,6204.0,81.82,1.1369911332192209,0.5181695827725316,9.848096034004413,2.1533105976801306,2.1533105976801306,,0
2025-03-13,2025-03,148.29,148.38,147.58,147.82,4302.0,82.15,-0.5262814926918085,0.5411987552428514,9.012519721797661,-0.9589445409424951,0.9589445409424951,,0
2025-03-14,2025-03,147.94,149.02,147.81,148.74,5239.0,81.59,0.6204497918413655,0.8135000672314158,9.255896555278946,1.1453766590179608,1.1453766590179608,,0
2025-03-17,2025-03,148.6,149.1,148.48,148.87,4636.0,81.1,0.08736266138117546,0.41647074628871134,8.770715349004986,0.15935239226816672,0.15935239226816672,,0
2025-03-18,2025-03,149.39,149.88,149.17,149.84,4498.0,81.04,0.6494616246867185,0.47383876134544045,9.024764690803307,1.1978081050119753,1.1978081050119753,,0
2025-03-19,2025-03,149.44,150.02,149.15,149.28,5754.0,81.49,-0.3744321036799411,0.5827974276527361,9.059509065548514,-0.6820065223959219,0.6820065223959219,,0
2025-03-21,2025-03,148.63,149.66,148.59,149.32,3757.0,81.44,0.02679169473493018,0.7165818376640727,9.045349855314106,0.04899422549422925,0.04899422549422925,,0
2025-03-24,2025-03,149.67,149.95,149.38,149.64,3866.0,80.75,0.2140755433562249,0.38091419406575333,8.427206821861333,0.3933277119235996,0.3933277119235996,,0
2025-03-25,2025-03,150.8,150.95,150.42,150.73,4847.0,81.15,0.7257747342492521,0.3516221057520077,8.782998502084038,1.3336708010095513,1.3336708010095513,,0
2025-03-26,2025-03,149.95,150.62,149.86,150.41,5745.0,80.94,-0.21252581553158853,0.5052855528222797,8.218947706659927,-0.4305003999813155,0.4305003999813155,,0
2025-03-27,2025-03,150.47,150.62,150.07,150.55,4093.0,80.57,0.09303562606210937,0.36532713384258475,8.206150964475126,0.1888662443128955,0.1888662443128955,,0
2025-03-28,2025-03,150.87,151.21,150.39,150.39,3550.0,81.24,-0.10633349842212828,0.5452490192167176,8.184597961836664,-0.21568298075853998,0.21568298075853998,,0
2025-03-31,2025-03,149.62,149.69,148.71,149.14,7617.0,81.19,-0.8346457827872935,0.6571007107415783,8.247014364315806,-1.6979965927349632,1.6979965927349632,,0
2025-04-01,2025-04,149.94,150.12,149.53,149.63,4404.0,81.5,0.3280118079679371,0.39430595468823326,8.33388551863681,0.6545120852275013,0.6545120852275013,,0
2025-04-02,2025-04,149.76,150.0,149.62,149.66,4088.0,81.57,0.020047445688439025,0.2539088600828514,8.089875042659362,0.03983745913188076,0.03983745913188076,,0
2025-04-03,2025-04,147.9,148.63,146.83,147.26,6128.0,83.02,-1.616632271164175,1.2223278554936732,9.930139188799009,-3.226755338861485,3.226755338861485,,1
2025-04-04,2025-04,146.26,146.4,145.3,146.28,5085.0,82.88,-0.6677138659390243,0.7519824993163756,9.876160036840663,-1.2409587515094231,1.2409587515094231,,0
2025-04-07,2025-04,145.44,146.85,144.83,145.8,4862.0,82.77,-0.3286773706622586,1.3854595336076692,9.815068506323684,-0.6055756260666803,0.6055756260666803,,0
2025-04-08,2025-04,147.77,148.12,146.98,147.4,3180.0,83.74,1.0914160180678332,0.7734056987788431,10.637798197282152,2.0085601073188273,2.0085601073188273,,0
2025-04-09,2025-04,145.86,146.2,144.58,145.54,4873.0,82.62,-1.2699016836295902,1.1130960560670442,11.455402175399852,-2.2599611107562887,2.2599611107562887,,0
2025-04-10,2025-04,147.38,147.71,146.24,146.27,3703.0,83.9,0.5003265980056628,1.004990770492923,10.785857630666277,0.8614218626315884,0.8614218626315884,,0
2025-04-11,2025-04,143.76,144.39,142.62,142.84,6795.0,83.84,-2.3729106172749295,1.2391486978437285,13.461427040423576,-4.051438561538698,4.051438561538698,警戒,1
2025-04-14,2025-04,143.72,144.02,142.24,143.07,3880.0,84.13,0.16088982519948655,1.2441462221290287,13.19919260870014,0.24700210251853777,0.24700210251853777,警戒,0
2025-04-15,2025-04,143.23,143.6,142.86,143.31,3994.0,84.21,0.16760950917374742,0.5163631288814323,13.224955490942882,0.25712917770522825,0.25712917770522825,警戒,0
2025-04-16,2025-04,143.17,143.26,142.05,142.11,4182.0,84.62,-0.8408710466210023,0.8514530997114766,13.026366228382805,-1.2896045622588186,1.2896045622588186,警戒,0
2025-04-17,2025-04,141.92,142.92,141.63,142.9,4567.0,84.35,0.5543679332051477,0.9027291812456206,13.336251189740247,0.8430050888084814,0.8430050888084814,警戒,0
2025-04-18,2025-04,142.37,142.45,142.21,142.4,1610.0,84.51,-0.3505085957946349,0.16853932584268305,13.311475101403412,-0.5294866380617568,0.5294866380617568,警戒,0
2025-04-21,2025-04,141.59,142.15,140.55,140.56,3773.0,84.94,-1.3005555099033683,1.1383039271485447,13.71012834008612,-1.9631617023883559,1.9631617023883559,警戒,0
2025-04-22,2025-04,140.88,141.17,139.89,140.29,4863.0,84.82,-0.19227351481608596,0.9123957516572822,13.163989074405904,-0.2840291500807769,0.2840291500807769,警戒,0
2025-04-23,2025-04,142.71,143.21,141.54,141.87,4692.0,83.82,1.119943659321329,1.1771339959117615,14.171626140622722,1.6632860654815653,1.6632860654815653,警戒,0
2025-04-24,2025-04,143.19,143.33,142.57,142.58,4265.0,84.17,0.4992100365588426,0.5330340861271001,14.389756603747525,0.7243805694324413,0.7243805694324413,警戒,0
2025-04-25,2025-04,142.87,143.85,142.68,143.4,5026.0,83.63,0.5734682476037434,0.8158995815899495,14.692672375820434,0.8291879259534561,0.8291879259534561,警戒,0
2025-04-28,2025-04,143.85,143.89,143.3,143.62,3389.0,84.42,0.15329945166515313,0.41080629438795085,14.578609647884525,0.21973094521304276,0.21973094521304276,警戒,0
2025-04-30,2025-04,142.24,142.89,142.16,142.81,4738.0,83.65,-0.5655847217329664,0.5111686856662627,14.503520853943504,-0.810225179287321,0.810225179287321,警戒,0
2025-05-01,2025-05,143.02,144.74,142.88,144.37,4260.0,82.47,1.0864373176881506,1.2883563067119301,15.226485938813994,1.554759492816147,1.554759492816147,無秩序,0
2025-05-02,2025-05,145.41,145.91,145.05,145.14,4303.0,82.24,0.5319345208267661,0.5925313490422938,14.426681619993792,0.7431028449364574,0.7431028449364574,警戒,0
2025-05-07,2025-05,143.09,143.33,142.49,143.19,3499.0,82.61,-1.3526374164075952,0.586633144772682,14.995136375300117,-1.8936701368198339,1.8936701368198339,警戒,0
2025-05-08,2025-05,143.87,144.5,143.45,144.32,3256.0,81.71,0.7860636628398574,0.7275498891352629,15.29539517950452,1.0740381799372316,1.0740381799372316,無秩序,0
2025-05-09,2025-05,145.95,146.17,145.13,145.16,3357.0,81.88,0.5803526030556092,0.7164508128961091,14.891358464604012,0.8000014478684393,0.8000014478684393,警戒,0
2025-05-12,2025-05,145.84,147.99,145.71,147.92,6708.0,80.46,1.8835004733999863,1.5413737155219047,15.723423180600768,2.584388166288469,2.584388166288469,無秩序,0
2025-05-13,2025-05,148.26,148.46,147.65,147.86,3495.0,80.8,-0.040570694991520856,0.5478155011497376,15.649197850790191,-0.05271328110412533,0.05271328110412533,無秩序,0
2025-05-14,2025-05,147.53,147.66,146.84,146.99,4780.0,81.21,-0.5901322875057741,0.5578610789849603,13.044971616736966,-0.7675530956970538,0.7675530956970538,警戒,0
2025-05-15,2025-05,146.64,146.74,145.48,145.89,4394.0,81.67,-0.7511644170092378,0.8636644046884773,13.42477036775377,-0.9888850087389339,0.9888850087389339,警戒,0
2025-05-16,2025-05,145.59,145.66,144.93,145.25,3333.0,81.74,-0.4396517351783434,0.5025817555937968,13.555186576653625,-0.5768143639083122,0.5768143639083122,警戒,0
2025-05-19,2025-05,145.24,145.43,144.67,144.85,3319.0,82.03,-0.27576715166612736,0.524680704176748,13.196750695862292,-0.36562578756005043,0.36562578756005043,警戒,0
2025-05-20,2025-05,144.99,145.51,144.11,144.13,4068.0,82.15,-0.49830541203480594,0.9713453132588477,13.24020247867085,-0.6626131179315083,0.6626131179315083,警戒,0
2025-05-21,2025-05,144.31,144.45,143.46,143.89,4600.0,82.37,-0.16665513196852533,0.6880255750920709,13.183719567420729,-0.22117470178278878,0.22117470178278878,警戒,0
2025-05-22,2025-05,143.69,144.4,143.0,143.05,3633.0,82.32,-0.5854899279206797,0.978678783642087,12.433698786926008,-0.7773113296819062,0.7773113296819062,警戒,0
2025-05-23,2025-05,143.86,144.02,143.24,143.32,4502.0,82.72,0.18856729406336825,0.5442366731789012,12.393344572193964,0.25248378661677906,0.25248378661677906,警戒,0
2025-05-26,2025-05,142.82,143.08,142.24,142.9,2836.0,82.56,-0.2934807500931207,0.5878236529041311,11.865187357271635,-0.39324450445552256,0.39324450445552256,,0
2025-05-27,2025-05,142.62,143.86,142.11,143.74,5007.0,81.93,0.5861027104474842,1.2174759983303185,11.914070950995727,0.7921940705913988,0.7921940705913988,,0
2025-05-28,2025-05,144.14,144.77,143.86,144.15,4801.0,81.66,0.2848312044114621,0.631286853971555,11.78618937378757,0.3827974824103456,0.3827974824103456,,0
2025-05-29,2025-05,145.75,146.29,144.81,145.27,4983.0,81.79,0.7739655800381056,1.0187925931024917,12.077359460870975,1.0384797343979186,1.0384797343979186,警戒,0
2025-05-30,2025-05,143.76,144.14,143.46,144.04,6839.0,82.13,-0.8503041104117774,0.47209108580948234,12.312067775294258,-1.1411057469954269,1.1411057469954269,警戒,0
2025-06-02,2025-06,143.8,143.97,142.83,142.91,2485.0,82.66,-0.7875977286971099,0.7977048492057843,11.998406665389783,-1.0473039975428196,1.0473039975428196,,0
2025-06-03,2025-06,142.43,143.26,142.4,142.83,4059.0,82.05,-0.0559949619166209,0.6021144017363195,11.799519213141465,-0.07414878563261965,0.07414878563261965,,0
2025-06-04,2025-06,143.82,144.38,143.69,144.09,3078.0,82.54,0.8782992470305623,0.47886737455756656,11.253441897618712,1.1634215620055444,1.1634215620055444,,0
2025-06-05,2025-06,142.72,143.39,142.54,143.35,2819.0,82.0,-0.5148912015463882,0.5929543076386428,11.041724583677572,-0.6776613724064069,0.6776613724064069,,0
2025-06-06,2025-06,143.57,144.13,143.47,143.91,2869.0,81.46,0.389891185270337,0.4586199708150904,10.921278092618298,0.5128218409058274,0.5128218409058274,,0
2025-06-09,2025-06,144.69,144.95,144.12,144.13,2567.0,81.47,0.15275659129291252,0.5758690071463152,8.280098366477704,0.2003636642685516,0.2003636642685516,,0
2025-06-10,2025-06,144.57,145.29,144.41,144.75,4776.0,81.36,0.4292446358093221,0.6079447322970608,8.511929585312663,0.5641620094682179,0.5641620094682179,,0
2025-06-11,2025-06,144.83,145.24,144.67,145.13,2596.0,81.49,0.26217760291668885,0.39275132639703825,8.406363476912317,0.3505995086104514,0.3505995086104514,,0
2025-06-12,2025-06,144.18,144.53,143.65,143.88,2885.0,81.71,-0.8650273654848255,0.6116207951070305,8.53854652338862,-1.1593977488704055,1.1593977488704055,,0
2025-06-13,2025-06,143.1,143.87,142.8,143.8,4407.0,81.58,-0.05561735404767448,0.7440890125173805,8.425731580636421,-0.07427810249668622,0.07427810249668622,,0
2025-06-16,2025-06,144.57,144.71,143.98,144.19,2726.0,81.08,0.27084290316091625,0.5062764408072808,8.45496773172038,0.36182947915545677,0.36182947915545677,,0
2025-06-17,2025-06,144.72,145.1,144.41,144.54,3795.0,81.09,0.24244115362793173,0.47737650477376353,8.310084451597179,0.3258368274753653,0.3258368274753653,,0
2025-06-18,2025-06,145.39,145.44,144.86,144.95,2971.0,81.2,0.2832569512829466,0.400137978613304,8.333639816403329,0.3807434545052098,0.3807434545052098,,0
2025-06-19,2025-06,144.96,145.4,144.75,145.4,2103.0,81.06,0.30997097317546013,0.4470426409903753,8.048220050968077,0.41597681694643623,0.41597681694643623,,0
2025-06-20,2025-06,145.24,145.55,145.14,145.41,3228.0,80.62,0.006877342597518533,0.28196135066365796,8.04199188936641,0.009220916918771744,0.009220916918771744,,0
2025-06-23,2025-06,146.21,147.39,146.15,147.33,2841.0,80.51,1.3117630193868624,0.8416480010859843,9.031185414610844,1.7751847760345771,1.7751847760345771,,0
2025-06-24,2025-06,145.9,146.11,145.0,145.31,3967.0,80.92,-1.380557738665844,0.763884109834157,10.377066036281482,-1.817662372569813,1.817662372569813,,0
2025-06-25,2025-06,144.94,145.36,144.62,145.32,4163.0,80.63,0.0068816020396681166,0.5092210294522497,10.34201837489003,0.008834935042048565,0.008834935042048565,,0
2025-06-26,2025-06,144.91,145.23,143.95,144.06,5025.0,80.93,-0.8708327891784308,0.8885186727752334,10.442218958657229,-1.1179878349385002,1.1179878349385002,,0
2025-06-27,2025-06,144.68,144.79,144.2,144.48,4633.0,80.83,0.2911210207458313,0.4083610188261375,10.048719862246333,0.37344530335908427,0.37344530335908427,,0
2025-06-30,2025-06,144.51,144.77,143.8,144.13,5574.0,80.97,-0.24254195736639084,0.6730035384722118,9.649467218770996,-0.3112466257737226,0.3112466257737226,,0
2025-07-01,2025-07,143.81,143.97,143.03,143.08,3504.0,81.29,-0.7311755704194236,0.6569751188146475,10.030965544671801,-0.9379467292751203,0.9379467292751203,,0
2025-07-02,2025-07,143.37,144.05,143.34,143.9,3003.0,81.15,0.5714699502505138,0.49339819318972056,9.732889224342006,0.7542072500757886,0.7542072500757886,,0
2025-07-03,2025-07,143.53,143.92,143.45,143.87,3295.0,80.5,-0.020849984438049033,0.3266838117745179,9.546898048617097,-0.027527655002957608,0.027527655002957608,,0
2025-07-04,2025-07,144.72,144.93,144.19,144.41,2648.0,80.72,0.37463620895321126,0.5124298871269366,9.539169147242392,0.49529786484932853,0.49529786484932853,,0
2025-07-07,2025-07,144.5,145.2,144.23,145.2,3139.0,80.15,0.545562625222186,0.6680440771349855,9.713437362206665,0.7332250000214284,0.7332250000214284,,0
2025-07-08,2025-07,145.88,146.44,145.83,146.04,3714.0,79.81,0.5768454396740448,0.4176937825253254,9.80618153982871,0.7904912651712964,0.7904912651712964,,0
2025-07-09,2025-07,146.86,147.19,146.58,146.85,3210.0,80.0,0.553110085719298,0.4153898535920907,9.94528246471399,0.7569667716483062,0.7569667716483062,,0
2025-07-10,2025-07,146.11,146.48,145.76,146.27,3863.0,80.0,-0.3957428745632062,0.49224037738428855,9.496420299880304,-0.5955884503998846,0.5955884503998846,,0
2025-07-11,2025-07,146.28,147.19,146.17,146.86,3229.0,79.43,0.4025523124467573,0.6945390167506538,9.547246187691321,0.6037894491570418,0.6037894491570418,,0
2025-07-14,2025-07,147.3,147.57,146.86,147.38,3504.0,79.37,0.35345333153886316,0.48174786266791936,9.570721039246372,0.5289800432786341,0.5289800432786341,,0
2025-07-15,2025-07,147.78,147.89,147.56,147.74,2982.0,78.91,0.2439686761738475,0.22336537159874376,9.571004173521755,0.37009908067171843,0.37009908067171843,,0
2025-07-16,2025-07,148.78,149.19,148.62,148.89,3849.0,79.36,0.7753806166867211,0.38283296393310046,9.845002517674233,1.1811353116046055,1.1811353116046055,,0
2025-07-17,2025-07,148.0,148.8,147.77,148.73,3762.0,79.13,-0.10751966629525794,0.6925300880790703,9.857610974422759,-0.16272478576574467,0.16272478576574467,,0
2025-07-18,2025-07,148.44,148.88,148.3,148.78,3415.0,78.9,0.03361231586888987,0.3898373437289851,9.85424192432091,0.052835846795922924,0.052835846795922924,,0
2025-07-22,2025-07,147.4,147.93,147.38,147.72,3425.0,79.77,-0.7150114778832886,0.37232602220417776,9.192351280794373,-1.1258096828611033,1.1258096828611033,,0
2025-07-23,2025-07,146.78,147.2,146.2,146.74,5787.0,79.69,-0.6656276698514194,0.6814774430966335,8.03164303070536,-1.0578728006168867,1.0578728006168867,,0
2025-07-24,2025-07,146.35,146.5,145.86,146.42,3318.0,79.49,-0.21831090673517023,0.43709875700040046,8.086880781400088,-0.34454692829051003,0.34454692829051003,,0
2025-07-25,2025-07,147.01,147.48,146.81,147.38,4275.0,79.3,0.6535081120356782,0.4546071380105764,7.6117233685116945,1.0361219845879375,1.0361219845879375,,0
2025-07-28,2025-07,147.78,148.32,147.53,148.29,3631.0,79.2,0.6155530648124302,0.532739901544266,7.7967642220408875,0.9684510779109987,0.9684510779109987,,0
2025-07-29,2025-07,148.46,148.75,148.18,148.58,3360.0,79.31,0.19537177366827055,0.3836317135549826,7.673109549302937,0.30780518807493895,0.30780518807493895,,0
2025-07-30,2025-07,148.43,148.51,147.81,148.09,3369.0,79.15,-0.33033366742482223,0.4726855290701524,7.17704717692313,-0.5322504363668488,0.5322504363668488,,0
2025-07-31,2025-07,149.23,149.72,148.59,149.39,6242.0,78.56,0.8740139004813838,0.7564093982194227,7.474527631314755,1.4114768756110911,1.4114768756110911,,0
2025-08-01,2025-08,150.81,150.91,150.44,150.54,4751.0,80.01,0.7668493552160035,0.31220937956689176,7.70319114044135,1.2755378037218883,1.2755378037218883,,0
2025-08-04,2025-08,147.35,148.03,147.11,147.88,3972.0,80.08,-1.7827695537954724,0.6221260481471379,10.464817313085147,-2.967255319458692,2.967255319458692,,0
2025-08-05,2025-08,146.78,147.47,146.62,147.37,2953.0,79.8,-0.3454702843259481,0.5767795345049836,10.460752510503124,-0.537444439492278,0.537444439492278,,0
2025-08-06,2025-08,147.53,147.74,147.33,147.56,2408.0,79.79,0.1288441503303191,0.27785307671455445,10.294782236176555,0.21593628133729081,0.21593628133729081,,0
2025-08-07,2025-08,147.19,147.71,146.7,146.81,3661.0,79.81,-0.5095638977105909,0.6879640351474827,10.299479359777994,-0.8536664827853471,0.8536664827853471,,0
2025-08-08,2025-08,146.81,147.45,146.75,147.32,3610.0,79.55,0.3467857825495422,0.4751561227260308,10.259548232048761,0.5821882923485522,0.5821882923485522,,0
2025-08-12,2025-08,148.16,148.45,148.13,148.27,2429.0,79.44,0.6427844453070242,0.21582248600525605,10.407825965044085,1.0911590413029901,1.0911590413029901,,0
2025-08-13,2025-08,147.77,148.17,147.42,147.53,4203.0,79.55,-0.5003391100459241,0.5083711787433064,10.515930031499028,-0.8459458133166983,0.8459458133166983,,0
2025-08-14,2025-08,147.12,147.29,146.22,146.56,3828.0,79.55,-0.6596644003655451,0.7300764192139692,10.730672152654023,-1.110256230580698,1.110256230580698,,0
2025-08-15,2025-08,147.7,147.86,146.96,147.01,2974.0,79.79,0.30657107500545855,0.6122032514794951,10.381497724982607,0.513564071344653,0.513564071344653,,0
2025-08-18,2025-08,147.23,147.57,147.09,147.46,2427.0,79.49,0.3056340885629819,0.3255120032551131,10.461559465094668,0.5115553734582067,0.5115553734582067,,0
2025-08-19,2025-08,147.92,148.1,147.54,147.71,2244.0,79.67,0.16939394910038585,0.3791212511001302,10.485801379228876,0.28574580773575325,0.28574580773575325,,0
2025-08-20,2025-08,147.74,147.81,147.15,147.63,2904.0,79.87,-0.054174850651200084,0.44706360495833947,10.176114300243,-0.09139687009217594,0.09139687009217594,,0
2025-08-21,2025-08,147.31,147.63,147.26,147.59,2507.0,79.48,-0.0270984352311948,0.25069449149671696,9.87258301740775,-0.04583681179400878,0.04583681179400878,,0
2025-08-22,2025-08,148.39,148.76,148.29,148.61,2725.0,79.89,0.6887265576793533,0.31626404683399423,10.093891466647653,1.17303853094336,1.17303853094336,,0
2025-08-25,2025-08,147.27,147.51,146.91,147.34,2538.0,79.54,-0.8582583515810569,0.4072213926971591,10.365964978518702,-1.44919533184595,1.44919533184595,,0
2025-08-26,2025-08,147.82,147.9,147.0,147.69,3756.0,79.75,0.23726411835512934,0.6093845216331544,10.152136050711663,0.3981441570393592,0.3981441570393592,,0
2025-08-27,2025-08,147.49,147.97,147.41,147.76,3375.0,79.74,0.0473853452765614,0.37899296155928686,10.123995770386449,0.0809535405376559,0.0809535405376559,,0
2025-08-28,2025-08,147.34,147.48,147.0,147.17,3464.0,79.81,-0.40009547149630004,0.32615342800841873,10.1546391043015,-0.6956659096766844,0.6956659096766844,,0
2025-08-29,2025-08,146.83,147.19,146.78,147.01,3348.0,79.78,-0.10877695001465407,0.27889259234065483,9.575440421010581,-0.18820635283969483,0.18820635283969483,,0
2025-09-01,2025-09,147.13,147.38,146.8,147.07,2183.0,79.72,0.04080522363475455,0.39437002787787045,9.056244676909408,0.07184674786753008,0.07184674786753008,,0
2025-09-02,2025-09,147.1,148.73,147.06,148.65,4830.0,79.25,1.0685885531884407,1.1234443323242431,7.64422983768081,1.896788367320551,1.896788367320551,,0
2025-09-03,2025-09,148.59,149.11,148.33,148.74,4039.0,79.33,0.060526583104737255,0.5244050020169431,7.517374484624935,0.10488007352672582,0.10488007352672582,,0
2025-09-04,2025-09,147.97,148.41,147.8,148.38,4105.0,79.17,-0.24232645137744355,0.4111066181425969,7.578505997118337,-0.42000699859863677,0.42000699859863677,,0
2025-09-05,2025-09,148.43,148.49,148.09,148.22,3675.0,79.48,-0.10788942381669768,0.26986911347996606,7.330897698546199,-0.18729554142025498,0.18729554142025498,,0
2025-09-08,2025-09,148.31,148.56,147.51,147.53,2314.0,79.3,-0.4666111593737237,0.7117196502406368,7.458363803627539,-0.8106318335071323,0.8106318335071323,,0
2025-09-09,2025-09,147.38,147.45,146.83,147.23,5306.0,79.4,-0.20355550521584873,0.4211098281600056,7.0980044208847,-0.3588195904386834,0.3588195904386834,,0
2025-09-10,2025-09,147.4,147.58,147.28,147.51,3521.0,79.4,0.18999802146405317,0.20337604230222453,6.918715162239127,0.33447798147217433,0.33447798147217433,,0
2025-09-11,2025-09,147.36,147.82,147.28,147.78,3536.0,79.43,0.1828711268543813,0.3654080389768521,6.487295519124069,0.3221941312797847,0.3221941312797847,,0
2025-09-12,2025-09,147.24,147.55,147.13,147.46,3821.0,79.19,-0.21677287989970165,0.2848230028482408,6.469580714530449,-0.38213432774519634,0.38213432774519634,,0
2025-09-16,2025-09,147.41,147.54,146.7,146.89,3185.0,79.49,-0.38729452181811347,0.5718564912519596,6.524449688564592,-0.6827437600794398,0.6827437600794398,,0
2025-09-17,2025-09,146.41,146.67,146.22,146.67,2648.0,79.28,-0.14988420846596398,0.3068112088361551,6.500324651229206,-0.2636295586811315,0.2636295586811315,,0
2025-09-18,2025-09,146.88,147.53,146.79,147.12,3444.0,78.88,0.3063415037401918,0.5029907558455744,6.6114778008667985,0.5384346921620491,0.5384346921620491,,0
2025-09-19,2025-09,147.96,148.11,147.2,147.94,4597.0,79.06,0.5558205863655905,0.6151142355008956,6.916761079606698,1.0210452148751794,1.0210452148751794,,0
2025-09-22,2025-09,148.11,148.37,147.89,148.12,2485.0,79.06,0.12159698856903729,0.32406157169863503,6.458425400486225,0.23472681328122513,0.23472681328122513,,0
2025-09-24,2025-09,147.59,148.1,147.53,148.05,3271.0,78.74,-0.04727014978116052,0.38500506585612504,5.647144244575177,-0.09122667187977651,0.09122667187977651,,0
2025-09-25,2025-09,148.8,148.86,148.56,148.82,4185.0,78.48,0.5187467421514791,0.20158580835909914,5.872024902713526,1.0280858433999096,1.0280858433999096,,0
2025-09-26,2025-09,149.88,149.95,149.62,149.84,4119.0,78.57,0.6830536166718056,0.22023491724505076,6.30304749479478,1.3464451438833571,1.3464451438833571,,0
2025-09-29,2025-09,149.42,149.5,148.55,148.57,3828.0,78.89,-0.8511830486571557,0.6394292252810047,6.922138407461414,-1.6614156202223251,1.6614156202223251,,0
2025-09-30,2025-09,148.64,148.85,147.95,148.07,6322.0,79.28,-0.3371092728634059,0.6078206253798918,7.036936563582804,-0.6536836600428114,0.6536836600428114,,0
2025-10-01,2025-10,148.03,148.22,147.03,147.12,2820.0,79.69,-0.6436554624561791,0.8088635127786825,7.43859903020753,-1.2526077274656893,1.2526077274656893,,0
2025-10-02,2025-10,147.11,147.38,146.9,147.08,3386.0,79.64,-0.027192386299437793,0.3263530051672489,6.280981802753419,-0.05214339209361417,0.05214339209361417,,0
2025-10-03,2025-10,147.16,147.81,147.1,147.41,3434.0,79.45,0.22411636261154064,0.4816498202292978,6.346728143469307,0.4312725329650419,0.4312725329650419,,0
2025-10-06,2025-10,149.58,150.44,149.05,150.02,6153.0,78.02,1.7550798482303485,0.9265431275829797,8.94932619657728,3.401932677183589,3.401932677183589,,1
2025-10-07,2025-10,150.37,150.7,150.25,150.63,3504.0,77.32,0.40578801732335307,0.29874526986655286,9.010890425431898,0.7272575092116823,0.7272575092116823,,0
2025-10-08,2025-10,152.07,152.64,151.75,152.57,4224.0,76.98,1.279700841038694,0.5833387953070632,9.709301930293526,2.301553005285151,2.301553005285151,,0
2025-10-09,2025-10,152.73,153.2,152.41,153.07,3714.0,76.98,0.32718259785050186,0.516103743385374,9.622336551466267,0.5686414611378369,0.5686414611378369,,0
2025-10-10,2025-10,153.03,153.27,152.38,152.85,4070.0,77.97,-0.14382847667722554,0.5822701995420444,9.69707910360436,-0.25025830201838706,0.25025830201838706,,0
2025-10-14,2025-10,152.46,152.61,151.63,151.97,3460.0,77.64,-0.5773915391329746,0.6448641179180221,10.060515596317405,-1.0056734700843022,1.0056734700843022,,0
2025-10-15,2025-10,151.72,151.87,150.9,151.25,4029.0,77.83,-0.47490360345629773,0.6413223140495861,10.222280751312423,-0.8195642737520757,0.8195642737520757,,0
2025-10-16,2025-10,151.0,151.38,150.52,151.24,3659.0,78.08,-0.006611788821867351,0.5686326368685435,10.05627956167524,-0.011492989213284724,0.011492989213284724,,0
2025-10-17,2025-10,150.14,150.41,149.38,149.71,4438.0,78.09,-1.0167889560986907,0.68799679380135,10.835137606884397,-1.7682094767783996,1.7682094767783996,,0
2025-10-20,2025-10,150.92,151.2,150.5,150.75,3649.0,77.96,0.6922746145549424,0.4643449419568747,11.016485179473094,1.1720765364740497,1.1720765364740497,,0
2025-10-21,2025-10,150.83,151.6,150.48,151.16,4722.0,77.52,0.27160428739933956,0.7409367557554939,10.913712675704051,0.46090420522226083,0.46090420522226083,,0
2025-10-22,2025-10,151.87,151.95,151.5,151.83,3550.0,77.49,0.44225954128082023,0.2963841138114922,10.97830846571814,0.7588313147774483,0.7588313147774483,,0
2025-10-23,2025-10,152.0,152.65,151.83,152.5,3796.0,77.18,0.4403122153369983,0.5377049180327824,11.013969894734986,0.7540744499613916,0.7540744499613916,,0
2025-10-24,2025-10,152.61,153.06,152.48,152.83,4422.0,77.02,0.21615964922788042,0.3795066413662321,10.93096302962613,0.37212338993357574,0.37212338993357574,,0
2025-10-27,2025-10,153.08,153.25,152.66,153.03,2861.0,76.88,0.1307788063199858,0.38554531791152286,10.736388250794352,0.22679278812143422,0.22679278812143422,,0
2025-10-28,2025-10,152.7,152.8,151.77,152.16,3745.0,77.16,-0.5701381805864744,0.6769190325972668,10.446739965213846,-0.9890861916136112,0.9890861916136112,,0
2025-10-29,2025-10,151.75,152.53,151.54,152.06,5162.0,76.94,-0.06574189967895853,0.6510587925818816,10.33325931115567,-0.11336256598827106,0.11336256598827106,,0
2025-10-30,2025-10,152.72,153.56,152.16,153.44,5559.0,76.38,0.9034431334837403,0.9124087591240914,10.250050713605768,1.5856469998445024,1.5856469998445024,,0
2025-10-31,2025-10,153.91,154.38,153.66,154.31,5754.0,76.54,0.5653954947985329,0.46659322143736565,10.283719932103693,0.9866895833386948,0.9866895833386948,,0
2025-11-04,2025-11,154.22,154.48,153.33,153.59,3545.0,76.97,-0.4676851655576475,0.7487466631942036,10.586566968305029,-0.8905215672722658,0.8905215672722658,,0
2025-11-05,2025-11,153.55,153.74,152.96,153.55,3886.0,76.69,-0.02604675407054902,0.5079778573754484,8.878505912191335,-0.0494192129015724,0.0494192129015724,,0
2025-11-06,2025-11,154.09,154.13,153.78,153.87,3096.0,77.12,0.20818431824554626,0.22746474296483676,8.82056638057468,0.3949332525831755,0.3949332525831755,,0
2025-11-07,2025-11,152.94,153.53,152.83,153.39,4383.0,76.91,-0.31243923092692855,0.45635308690265897,7.758212610350106,-0.598581024633256,0.598581024633256,,0
2025-11-10,2025-11,153.83,154.12,153.43,154.05,3413.0,76.52,0.42935272826596244,0.4479065238558894,7.818918368337181,0.8206979146557083,0.8206979146557083,,0
2025-11-11,2025-11,154.15,154.48,154.07,154.19,3782.0,76.47,0.09083831405841984,0.2659057007588019,7.793292378720396,0.17472545927754013,0.17472545927754013,,0
2025-11-12,2025-11,154.09,154.79,154.06,154.62,4452.0,76.14,0.27848857090673346,0.47212521019272397,7.474338512638573,0.54117993071239,0.54117993071239,,0
2025-11-13,2025-11,154.71,155.01,154.63,154.72,4617.0,76.11,0.06465378126553788,0.24560496380558136,7.176329705953657,0.12774378669223635,0.12774378669223635,,0
2025-11-14,2025-11,154.64,154.74,154.32,154.68,5579.0,76.11,-0.025856496588786592,0.27152831652444787,7.180922435288245,-0.05116826365689153,0.05116826365689153,,0
2025-11-17,2025-11,154.61,154.8,154.45,154.68,2603.0,75.92,0.0,0.22627359710371267,5.842496018893476,0.0,0.0,,0
2025-11-18,2025-11,155.29,155.36,154.84,155.0,4090.0,75.81,0.2066650180150204,0.3354838709677485,5.503816317980046,0.4095238870744447,0.4095238870744447,,0
2025-11-19,2025-11,155.52,155.58,155.22,155.52,4635.0,75.14,0.3349223792882471,0.23148148148149023,5.528581388768525,0.6637084629417207,0.6637084629417207,,0
2025-11-20,2025-11,157.01,157.78,156.89,157.46,5931.0,75.05,1.2397117044192203,0.5652229137558838,6.7026643506840085,2.452594180548515,2.452594180548515,,0
2025-11-21,2025-11,157.39,157.54,156.62,156.74,5753.0,75.55,-0.45830761316026125,0.5869592956488372,6.996014137845366,-0.8790981635529624,0.8790981635529624,,0
2025-11-25,2025-11,156.91,156.97,156.53,156.63,3257.0,75.51,-0.07020455341479168,0.28091681031730686,7.026881374283523,-0.13728263446165517,0.13728263446165517,,0
2025-11-26,2025-11,156.18,156.46,155.67,156.38,4925.0,75.21,-0.15973933942027418,0.5051796904975192,7.097818657112032,-0.31225922198575506,0.31225922198575506,,0
2025-11-27,2025-11,156.22,156.44,155.72,156.11,3842.0,75.26,-0.17280557277925604,0.4612132470693734,6.72442673982028,-0.33711264738109425,0.33711264738109425,,0
2025-11-28,2025-11,156.3,156.58,156.1,156.32,3474.0,75.3,0.13443013258972245,0.30706243602867084,6.6853044423917884,0.26373353168703983,0.26373353168703983,,0
2025-12-01,2025-12,155.91,156.15,155.31,155.38,4551.0,75.62,-0.603145877219792,0.5406101171321943,6.535176984788806,-1.1849356132188218,1.1849356132188218,,0
2025-12-02,2025-12,155.57,155.83,155.42,155.77,4525.0,75.4,0.25068308162397746,0.2632085767477852,6.305625684239356,0.48482745576372493,0.48482745576372493,,0
2025-12-03,2025-12,155.76,155.99,155.52,155.69,2936.0,75.54,-0.051370963693144776,0.3018819448904868,6.02162471227167,-0.10245355370249411,0.10245355370249411,,0
2025-12-04,2025-12,155.1,155.53,155.04,155.25,5158.0,75.72,-0.28301298879949827,0.31561996779388674,6.142665802164346,-0.5641289617378518,0.5641289617378518,,0
2025-12-05,2025-12,155.13,155.23,154.34,154.63,4795.0,75.58,-0.40015543262490355,0.575567483670689,6.318561892884933,-0.7968900257662319,0.7968900257662319,,0
2025-12-08,2025-12,155.31,155.37,154.91,155.36,2498.0,75.32,0.47098380556758,0.2960865087538671,6.375942089271554,0.9319729088150911,0.9319729088150911,,0
2025-12-09,2025-12,155.86,156.2,155.75,156.2,4433.0,74.83,0.5392232862570646,0.2880921895006329,6.470711637339581,1.0720984916034755,1.0720984916034755,,0
2025-12-10,2025-12,156.8,156.93,156.57,156.66,3594.0,75.13,0.2940614533506965,0.22979701263884442,6.519707983197527,0.5824778266835806,0.5824778266835806,,0
2025-12-11,2025-12,155.75,156.16,155.5,156.05,3945.0,75.24,-0.390138322230396,0.4229413649471301,6.6790404901278615,-0.7720257227253754,0.7720257227253754,,0
2025-12-12,2025-12,155.49,155.82,155.46,155.65,4249.0,75.13,-0.2566571829171289,0.23128814648248328,6.763998811787346,-0.5040826814850928,0.5040826814850928,,0
2025-12-15,2025-12,155.87,155.99,154.96,155.26,4679.0,75.36,-0.2508765910082936,0.663403323457427,6.835412262089759,-0.4923096335396918,0.4923096335396918,,0
2025-12-16,2025-12,155.03,155.18,154.7,154.89,4273.0,75.6,-0.23859434178669162,0.3098973465039823,6.896273009219662,-0.46992741224038526,0.46992741224038526,,0
2025-12-17,2025-12,154.78,155.56,154.51,155.5,4290.0,75.19,0.3930544059621501,0.6752411575562774,6.998898235013259,0.7728592428347958,0.7728592428347958,,0
2025-12-18,2025-12,155.49,155.94,155.43,155.93,3283.0,75.24,0.2761456977505396,0.32706983903032827,6.966421271783524,0.5421881586053178,0.5421881586053178,,0
2025-12-19,2025-12,155.58,156.8,155.52,156.74,5649.0,74.21,0.5181193027924468,0.8166390200331766,5.622651892570743,1.0233969481193375,1.0233969481193375,,0
2025-12-22,2025-12,157.65,157.69,157.23,157.49,3474.0,74.41,0.47735825617708105,0.2920820369547323,5.6425889239268905,0.9372767761237442,0.9372767761237442,,0
2025-12-23,2025-12,156.91,157.03,155.92,156.08,5500.0,74.69,-0.8993267871633481,0.7111737570476766,6.524537406929912,-1.7587938627913153,1.7587938627913153,,0
2025-12-24,2025-12,156.11,156.27,155.57,155.83,2606.0,74.69,-0.1603026857332625,0.44920746967850667,6.524700499565705,-0.30569001778967475,0.30569001778967475,,0
2025-12-25,2025-12,155.95,156.09,155.65,156.0,556.0,74.68,0.1090337792013792,0.2820512820512806,6.512477133959527,0.20999601670724985,0.20999601670724985,,0
2025-12-26,2025-12,156.13,156.48,155.77,156.37,3352.0,74.32,0.23689866058819378,0.45405128861033417,6.551307642809123,0.4690167219242929,0.4690167219242929,,0
2025-12-29,2025-12,156.48,156.53,156.06,156.08,2459.0,74.63,-0.18562975405630996,0.3011276268580208,6.198258698525091,-0.36943765405166334,0.36943765405166334,,0
2025-12-30,2025-12,155.98,156.33,155.9,155.98,4315.0,74.45,-0.06409024125039793,0.27567636876523066,6.145027200920613,-0.1295973844779874,0.1295973844779874,,0
2026-01-05,2026-01,157.0,157.29,156.75,156.98,5053.0,74.47,0.639061479631558,0.3439928653331584,6.534793831762431,1.2917761334519715,1.2917761334519715,,0
2026-01-06,2026-01,156.61,156.8,156.23,156.33,4881.0,74.34,-0.4149251109434547,0.36461331798120744,6.637578647576641,-0.8308677882347842,0.8308677882347842,,0
2026-01-07,2026-01,156.66,156.8,156.3,156.49,2843.0,74.38,0.10229525858475941,0.3195092338168573,6.437630266065398,0.22512189741806257,0.22512189741806257,,0
2026-01-08,2026-01,156.7,156.95,156.46,156.47,3548.0,74.38,-0.012781186111477454,0.3131590720265742,6.254208974411828,-0.028260248747220842,0.028260248747220842,,0
2026-01-09,2026-01,156.87,157.55,156.83,157.49,4173.0,73.93,0.6497665872523509,0.4571718839291376,6.383250570107453,1.5353278389140663,1.5353278389140663,,0
2026-01-13,2026-01,158.0,158.98,157.93,158.95,4565.0,73.39,0.9227723170322182,0.660585089650823,7.067158079424512,2.1514634268502757,2.1514634268502757,,0
2026-01-14,2026-01,159.2,159.45,159.09,159.18,5158.0,73.62,0.14459500208916168,0.22615906520918783,6.854518866441596,0.32660346348642694,0.32660346348642694,,0
2026-01-15,2026-01,158.44,158.73,158.2,158.59,4014.0,73.57,-0.37133818671937985,0.33419509426823957,6.9449962414760975,-0.8542394554295736,0.8542394554295736,,0
2026-01-16,2026-01,158.6,158.71,157.97,158.17,5185.0,73.86,-0.2651851535112181,0.4678510463425486,6.954587351579603,-0.6129017121746755,0.6129017121746755,,0
2026-01-19,2026-01,157.57,158.12,157.43,158.07,2827.0,73.74,-0.06324310860933215,0.43651546783070644,6.87110180879584,-0.14544632083970402,0.14544632083970402,,0
2026-01-20,2026-01,158.16,158.6,157.86,158.37,5215.0,73.6,0.18960946143304783,0.46726021342424745,6.79417039523139,0.4613061202985203,0.4613061202985203,,0
2026-01-21,2026-01,158.21,158.26,157.86,157.92,2855.0,73.55,-0.2845491818463243,0.25329280648428143,6.8829346520130885,-0.705008406418842,0.705008406418842,,0
2026-01-22,2026-01,158.46,158.89,158.18,158.78,3171.0,73.35,0.5431020611795992,0.44715959188813426,6.9053596355304485,1.3391124916984642,1.3391124916984642,,0
2026-01-23,2026-01,158.49,159.22,157.37,158.39,5984.0,74.38,-0.2459250222638454,1.1680030304943458,6.808628237133956,-0.6037483897307541,0.6037483897307541,,0
2026-01-26,2026-01,155.17,155.33,153.82,154.26,6201.0,74.99,-2.6420855568475776,0.9788668481784126,11.29240200751406,-6.499260050647716,6.499260050647716,,1
2026-01-27,2026-01,154.4,154.76,154.1,154.72,4513.0,75.57,0.2977541199131227,0.4265770423991705,11.354595541664319,0.5561907624449726,0.5561907624449726,,0
2026-01-28,2026-01,152.5,153.06,152.25,152.64,3823.0,75.06,-1.353482400500793,0.5306603773584921,12.258099708418094,-2.523329011597963,2.523329011597963,警戒,0
2026-01-29,2026-01,153.09,153.44,152.78,153.33,3616.0,75.22,0.45102537483215543,0.4304441400899997,12.361338092310376,0.8054482460083757,0.8054482460083757,警戒,0
2026-01-30,2026-01,153.14,154.1,152.88,153.8,4902.0,74.77,0.3060595623245788,0.7932379713914165,12.438168172855,0.5437920596886405,0.5437920596886405,警戒,0
2026-02-02,2026-02,155.2,155.51,154.55,154.89,3392.0,74.42,0.7062130488123609,0.6197946930079279,12.742775365077097,1.2793692170670268,1.2793692170670268,警戒,0
2026-02-03,2026-02,155.47,155.61,155.3,155.41,3071.0,74.24,0.33515983678532296,0.19947236342577845,12.574085692378024,0.6041949021795636,0.6041949021795636,警戒,0
2026-02-04,2026-02,155.81,156.47,155.7,156.43,3527.0,73.83,0.6541839646158317,0.4922329476443203,12.734503339780778,1.183454266304873,1.183454266304873,警戒,0
2026-02-05,2026-02,156.9,157.2,156.69,157.12,2322.0,73.86,0.4401219032476897,0.3245926680244341,12.825506591392532,0.7876684584013557,0.7876684584013557,警戒,0
2026-02-06,2026-02,156.81,157.06,156.56,156.89,2451.0,73.63,-0.14649217612916732,0.318694626808592,12.838826848006441,-0.2612149947321575,0.2612149947321575,警戒,0
2026-02-09,2026-02,157.24,157.66,156.23,156.6,4625.0,73.94,-0.1850139288161366,0.9131545338441934,12.630300123839492,-0.33069106010136917,0.33069106010136917,警戒,0
2026-02-10,2026-02,156.13,156.3,155.1,155.57,4904.0,74.67,-0.6598992457672581,0.7713569454265071,12.294540776943164,-1.1830287695215884,1.1830287695215884,警戒,0
2026-02-12,2026-02,153.27,153.54,152.28,153.01,5653.0,75.35,-1.6592512365308083,0.8234755898307241,13.419882699844997,-2.9381116179034117,2.9381116179034117,警戒,0
2026-02-13,2026-02,152.78,153.59,152.7,153.4,4101.0,75.4,0.25456101994338176,0.5801825293350813,13.49613963113582,0.42182209353434597,0.42182209353434597,警戒,0
2026-02-16,2026-02,152.79,153.38,152.64,153.35,2623.0,75.04,-0.032599837289534736,0.48255624388654,13.498804429441707,-0.05393620338721152,0.05393620338721152,警戒,0
2026-02-17,2026-02,153.55,153.75,152.84,153.09,3626.0,75.16,-0.1696906816270709,0.5944215820759009,13.494522714257231,-0.2807507410008139,0.2807507410008139,警戒,0
2026-02-18,2026-02,153.14,153.7,153.07,153.68,2836.0,74.58,0.3846534716311385,0.40994273815720683,13.579049812405477,0.6360578975445543,0.6360578975445543,警戒,0
2026-02-19,2026-02,154.7,155.32,154.63,154.97,3212.0,74.52,0.8359031338942378,0.44524746725172465,14.007817440671285,1.3787014862649134,1.3787014862649134,警戒,0
2026-02-20,2026-02,155.2,155.5,154.9,155.5,3837.0,74.46,0.3414181820045194,0.3858520900321507,13.904010029663707,0.5555302743974592,0.5555302743974592,警戒,0
2026-02-24,2026-02,154.67,156.16,154.53,156.11,5668.0,73.91,0.391515534928661,1.0441355454487191,14.001703488671094,0.6587507764457146,0.6587507764457146,警戒,0
2026-02-25,2026-02,155.91,156.04,155.35,155.92,5132.0,73.46,-0.12178317692700762,0.44253463314520125,10.212434821030993,-0.20507222957313023,0.20507222957313023,,0
2026-02-26,2026-02,156.18,156.32,155.71,156.04,3356.0,73.57,0.07693294391504192,0.39092540374262064,10.172393735900986,0.12951983181793392,0.12951983181793392,,0
2026-02-27,2026-02,155.87,156.15,155.54,156.09,4436.0,73.67,0.03203793318662431,0.39080017938369765,8.738424076580836,0.05395917127225634,0.05395917127225634,,0
2026-03-02,2026-03,156.65,157.04,156.0,156.99,4435.0,73.6,0.5749345081904448,0.6624625772342136,8.812981798471482,0.9689741297648252,0.9689741297648252,,0
2026-03-03,2026-03,157.28,157.59,157.16,157.42,5141.0,73.72,0.27352836620778004,0.2731546182187821,8.804524692668721,0.4575991143707953,0.4575991143707953,,0
2026-03-04,2026-03,157.77,157.86,157.19,157.46,2441.0,73.87,0.025406504201726795,0.425504890130837,8.526822692899565,0.04282420879108947,0.04282420879108947,,0
2026-03-05,2026-03,156.98,157.27,156.46,157.26,3516.0,73.84,-0.12709711929512435,0.5150705837466631,8.502840856871877,-0.21450511216243073,0.21450511216243073,,0
2026-03-06,2026-03,157.55,157.91,157.38,157.54,3354.0,73.69,0.17789077118083801,0.3364224958740645,8.224297672971808,0.3001139539617002,0.3001139539617002,,0
2026-03-09,2026-03,158.42,158.9,158.07,158.46,3030.0,73.65,0.5822801261917635,0.5237914931213004,8.331870061264695,0.9839476629123878,0.9839476629123878,,0
2026-03-10,2026-03,157.87,157.95,157.29,157.32,3346.0,73.35,-0.7220247973487132,0.41952707856597804,8.745191209855047,-1.2167127924267267,1.2167127924267267,,0
2026-03-11,2026-03,158.11,158.38,157.87,158.23,3539.0,73.07,0.5767723167283042,0.32231561650760976,8.931695914941388,0.963331698383082,0.963331698383082,,0
2026-03-12,2026-03,159.08,159.23,158.78,158.8,3334.0,73.16,0.3595878082143748,0.2833753148614538,8.580506480947962,0.6000161118395958,0.6000161118395958,,0
2026-03-13,2026-03,159.24,159.68,159.02,159.43,4578.0,73.31,0.3959405606238595,0.41397478517217373,5.548582827082588,0.6600533718569646,0.6600533718569646,,0
2026-03-16,2026-03,159.56,159.68,159.18,159.29,2331.0,73.38,-0.08785141127271238,0.3138928997426078,5.640791807534332,-0.14659546083936853,0.14659546083936853,,0
2026-03-17,2026-03,159.14,159.5,159.08,159.23,2942.0,73.3,-0.03767424382121818,0.26376939019028295,5.643456632647024,-0.0629711974950348,0.0629711974950348,,0
2026-03-18,2026-03,158.91,159.14,158.57,158.77,3319.0,73.2,-0.28930837789144276,0.35900988851797766,5.758842970294818,-0.48447259769884404,0.48447259769884404,,0
2026-03-19,2026-03,159.82,159.83,159.21,159.22,3394.0,73.94,0.2830279571012027,0.3893983167943754,5.722631528355815,0.47360672198659337,0.47360672198659337,,0
2026-03-23,2026-03,159.15,159.65,159.04,159.59,3804.0,73.53,0.23211327506629514,0.3822294629989433,5.17590018158289,0.3890135508893898,0.3890135508893898,,0
2026-03-24,2026-03,158.49,158.79,158.29,158.5,3689.0,73.52,-0.6853433093759762,0.31545741324921134,5.897028087622033,-1.149129143418185,1.149129143418185,,0
2026-03-25,2026-03,158.7,159.16,158.57,159.14,3129.0,73.31,0.4029724632053415,0.3707427422395397,5.904789818584623,0.6713643252690409,0.6713643252690409,,0
2026-03-26,2026-03,159.4,159.53,159.29,159.5,3407.0,73.31,0.22596042755106566,0.15047021943574238,5.863464433704299,0.37701432468445173,0.37701432468445173,,0
2026-03-27,2026-03,159.73,159.98,159.46,159.95,4735.0,73.16,0.2817344170627664,0.32510159424819124,5.8915215596780115,0.47941525245164424,0.47941525245164424,,0
2026-03-30,2026-03,160.23,160.44,159.59,159.78,3172.0,73.56,-0.10633973416310488,0.5319814745274717,5.940363474456386,-0.1808717004633689,0.1808717004633689,,0
2026-03-31,2026-03,159.84,159.97,159.5,159.63,6719.0,73.78,-0.0939231777508265,0.29443087139008883,5.7268548944181,-0.15968452899531946,0.15968452899531946,,0
2026-04-01,2026-04,158.59,159.0,158.28,158.8,3599.0,73.52,-0.5213088463352141,0.45340050377833685,6.062018558018293,-0.8868027280601477,0.8868027280601477,,0
2026-04-02,2026-04,158.72,159.73,158.56,159.57,3846.0,73.3,0.4837148609300503,0.7332205301748371,6.258831935350171,0.817683782871314,0.817683782871314,,0
2026-04-03,2026-04,159.49,159.71,159.44,159.6,2439.0,73.29,0.018798759337250812,0.1691729323308335,6.220267035095588,0.03163016162694654,0.03163016162694654,,0
2026-04-06,2026-04,159.79,159.82,159.35,159.38,2142.0,73.2,-0.13793970461063507,0.2948927092483366,6.251154418570737,-0.2341660367448179,0.2341660367448179,,0
2026-04-07,2026-04,159.7,159.92,159.67,159.87,1988.0,73.05,0.306969700719849,0.1563770563582911,6.016941965530514,0.523284065914135,0.523284065914135,,0
2026-04-08,2026-04,158.71,159.72,158.06,158.21,3068.0,73.1,-1.043772051582805,1.0492383540863388,6.636890281853393,-1.7762394574866633,1.7762394574866633,,0
2026-04-09,2026-04,158.65,159.0,158.55,158.97,3047.0,72.82,0.47922407118077004,0.2830722777882548,6.538252341072067,0.7935256582488887,0.7935256582488887,,0
2026-04-10,2026-04,159.1,159.36,159.03,159.35,2560.0,72.67,0.23875356905648856,0.20709130844054754,6.469537053498045,0.3970679962935653,0.3970679962935653,,0
2026-04-13,2026-04,159.68,159.85,159.56,159.61,2473.0,72.5,0.16302988311217886,0.18169287638618634,6.340268810618873,0.2762367619047968,0.2762367619047968,,0
2026-04-14,2026-04,159.23,159.39,158.96,159.07,2659.0,72.62,-0.33889827841980497,0.27032124222039255,6.451024909131823,-0.5741500364092428,0.5741500364092428,,0
2026-04-15,2026-04,158.81,159.06,158.74,158.94,2793.0,72.55,-0.08175843982357403,0.20133383666792073,6.4557094401534805,-0.1385911259631779,0.1385911259631779,,0
2026-04-16,2026-04,158.82,158.95,158.27,158.87,3310.0,72.51,-0.044051478010117794,0.4280229118146776,6.372692716214674,-0.07479334077294729,0.07479334077294729,,0
2026-04-17,2026-04,159.22,159.54,159.05,159.27,2664.0,72.68,0.2514617531757727,0.30765366986876413,6.355266657335281,0.42697219773823125,0.42697219773823125,,0
2026-04-20,2026-04,159.17,159.2,158.74,158.97,2324.0,72.58,-0.18853700909094964,0.28936277285021045,6.3282280019442565,-0.3199239011799514,0.3199239011799514,,0
2026-04-21,2026-04,158.84,159.06,158.79,159.02,1844.0,72.49,0.03144753005571711,0.16978996352660686,5.81887243883782,0.05342436920126049,0.05342436920126049,,0
2026-04-22,2026-04,159.37,159.45,159.11,159.22,3712.0,72.5,0.12569131870947245,0.21354101243560797,5.6554858045337175,0.21504463620362074,0.21504463620362074,,0
2026-04-23,2026-04,159.49,159.7,159.3,159.6,3024.0,72.54,0.23837913552761975,0.2506265664160259,5.662161387429339,0.40833680255208915,0.40833680255208915,,0
2026-04-24,2026-04,159.76,159.84,159.61,159.68,3793.0,72.56,0.05011275474454863,0.14403807615229822,5.569946358687418,0.10677934329663193,0.10677934329663193,,0
2026-04-27,2026-04,159.58,159.6,159.15,159.24,2347.0,72.52,-0.2759314431037382,0.28259231348906594,5.641549316882148,-0.5892907031470506,0.5892907031470506,,0
2026-04-28,2026-04,159.36,159.6,158.96,159.53,4148.0,72.53,0.18194941807895942,0.40117846173132726,5.6764918962226645,0.42048145552589244,0.42048145552589244,,0
2026-04-30,2026-04,160.19,160.72,159.8,160.14,30773.0,73.9,0.3816440331581511,0.574497314849499,5.484914956612556,0.8873518642398518,0.8873518642398518,,0
2026-05-01,2026-05,156.98,157.32,155.5,156.62,7592.0,73.7,-2.2225943321696047,1.1620482696973522,9.521507113689466,-5.157812801343785,5.157812801343785,,1
2026-05-07,2026-05,156.53,156.52,156.02,156.27,2822.0,73.48,-0.22372088975816926,0.319959045242209,9.522553302852547,-0.4344088746982921,0.4344088746982921,,0
2026-05-08,2026-05,156.86,156.99,156.71,156.84,3133.0,73.47,0.3640896998920892,0.1785258862535075,9.665488747180891,0.7080287181042594,0.7080287181042594,,0
2026-05-11,2026-05,156.86,157.17,156.82,157.12,2616.0,73.28,0.17836671820249111,0.22275967413441594,9.60774978127863,0.350147745141446,0.350147745141446,,0
2026-05-12,2026-05,157.25,157.75,156.76,157.51,4053.0,73.28,0.24791037074882544,0.628531521808145,8.974432652590588,0.4892425670486353,0.4892425670486353,,0
2026-05-13,2026-05,157.68,157.85,157.57,157.85,3039.0,73.16,0.21562666903566474,0.1773835920177391,8.82666652466882,0.4250073994715316,0.4250073994715316,,0
2026-05-14,2026-05,157.86,157.99,157.53,157.93,2793.0,73.0,0.050668187796274335,0.29126828341670863,8.774292724620555,0.09985448915272885,0.09985448915272885,,0
2026-05-15,2026-05,158.39,158.66,158.33,158.45,3024.0,73.09,0.3287189254966372,0.20826759230040018,8.84575386660027,0.6578640138273343,0.6578640138273343,,0
2026-05-18,2026-05,158.85,159.08,158.79,158.93,2000.0,72.92,0.30247675717985784,0.1824702699301708,8.847894401776761,0.6729398372734501,0.6729398372734501,,0
2026-05-19,2026-05,158.88,159.13,158.79,159.04,2660.0,73.03,0.06918891995356108,0.21378269617706452,8.846614526032196,0.15379323940973091,0.15379323940973091,,0
2026-05-20,2026-05,159.05,159.09,158.83,159.07,2585.0,72.92,0.018861400200520417,0.1634500534355887,8.844981419171397,0.04194001690299277,0.04194001690299277,,0
2026-05-21,2026-05,158.89,159.08,158.82,159.03,2309.0,72.92,-0.025149324244468935,0.16349116518897022,8.797660561016132,-0.05604386131205343,0.05604386131205343,,0
2026-05-22,2026-05,159.03,159.14,159.0,159.13,3597.0,72.86,0.06286145542680285,0.0879783824545883,8.774289513207547,0.14066327114279845,0.14066327114279845,,0
2026-05-25,2026-05,158.95,159.04,158.76,158.97,1743.0,72.78,-0.10059730493120717,0.17613386173491924,8.781532659460467,-0.23123478206019987,0.23123478206019987,,0
2026-05-26,2026-05,158.97,159.21,158.9,159.2,2142.0,72.68,0.144576823750228,0.1947236180904537,8.78541770095366,0.33338356518548456,0.33338356518548456,,0
2026-05-27,2026-05,159.25,159.37,159.18,159.36,3368.0,72.54,0.10045204260057121,0.11922690763052064,8.749217673398517,0.2328472826185417,0.2328472826185417,,0
