所管,項名,目名,元額_億円,分類,残存率,残す額_億円,理由
皇室費,内廷費,(内廷費),3,①,100%,3,国家元首・象徴は国家の秩序・正統性の基盤
皇室費,宮廷費,報償費,3,①,100%,3,国家元首・象徴は国家の秩序・正統性の基盤
皇室費,宮廷費,宮廷庁費,26,①,100%,26,国家元首・象徴は国家の秩序・正統性の基盤
皇室費,宮廷費,施設施工庁費,2,①,100%,2,国家元首・象徴は国家の秩序・正統性の基盤
皇室費,宮廷費,各所修繕,15,①,100%,15,国家元首・象徴は国家の秩序・正統性の基盤
皇室費,宮廷費,招宴費,1,①,100%,1,国家元首・象徴は国家の秩序・正統性の基盤
皇室費,宮廷費,施設整備費,73,①,100%,73,国家元首・象徴は国家の秩序・正統性の基盤
皇室費,皇族費,(皇族費),3,①,100%,3,国家元首・象徴は国家の秩序・正統性の基盤
国会,衆議院,議員歳費,102,①/③,100%,102,立法機関は法秩序の基盤（①）かつ経済ルールを修正する手段（③）
国会,衆議院,職員基本給,92,①/③,100%,92,立法機関は法秩序の基盤（①）かつ経済ルールを修正する手段（③）
国会,衆議院,職員諸手当,51,①/③,100%,51,立法機関は法秩序の基盤（①）かつ経済ルールを修正する手段（③）
国会,衆議院,超過勤務手当,14,①/③,100%,14,立法機関は法秩序の基盤（①）かつ経済ルールを修正する手段（③）
国会,衆議院,議員秘書手当,140,①/③,100%,140,立法機関は法秩序の基盤（①）かつ経済ルールを修正する手段（③）
国会,衆議院,非常勤職員手当,3,①/③,100%,3,立法機関は法秩序の基盤（①）かつ経済ルールを修正する手段（③）
国会,衆議院,休職者給与,1,①/③,100%,1,立法機関は法秩序の基盤（①）かつ経済ルールを修正する手段（③）
国会,衆議院,短時間勤務職員給与,2,①/③,100%,2,立法機関は法秩序の基盤（①）かつ経済ルールを修正する手段（③）
国会,衆議院,退職手当,17,①/③,100%,17,立法機関は法秩序の基盤（①）かつ経済ルールを修正する手段（③）
国会,衆議院,議員秘書退職手当,4,①/③,100%,4,立法機関は法秩序の基盤（①）かつ経済ルールを修正する手段（③）
国会,衆議院,児童手当,1,①/③,100%,1,立法機関は法秩序の基盤（①）かつ経済ルールを修正する手段（③）
国会,衆議院,議員旅費,3,①/③,100%,3,立法機関は法秩序の基盤（①）かつ経済ルールを修正する手段（③）
国会,衆議院,議員調査研究広報滞在費,56,①/③,100%,56,立法機関は法秩序の基盤（①）かつ経済ルールを修正する手段（③）
国会,衆議院,職員旅費,1,①/③,100%,1,立法機関は法秩序の基盤（①）かつ経済ルールを修正する手段（③）
国会,衆議院,庁費,10,①/③,100%,10,立法機関は法秩序の基盤（①）かつ経済ルールを修正する手段（③）
国会,衆議院,情報処理業務庁費,22,①/③,100%,22,立法機関は法秩序の基盤（①）かつ経済ルールを修正する手段（③）
国会,衆議院,国会運営事務処理等庁費,40,①/③,100%,40,立法機関は法秩序の基盤（①）かつ経済ルールを修正する手段（③）
国会,衆議院,議員特殊乗車券等購入費,10,①/③,100%,10,立法機関は法秩序の基盤（①）かつ経済ルールを修正する手段（③）
国会,衆議院,議案類印刷費,3,①/③,100%,3,立法機関は法秩序の基盤（①）かつ経済ルールを修正する手段（③）
国会,衆議院,招へい外国人滞在費,1,①/③,100%,1,立法機関は法秩序の基盤（①）かつ経済ルールを修正する手段（③）
国会,衆議院,各所修繕,1,①/③,100%,1,立法機関は法秩序の基盤（①）かつ経済ルールを修正する手段（③）
国会,衆議院,国政調査活動費,4,①/③,100%,4,立法機関は法秩序の基盤（①）かつ経済ルールを修正する手段（③）
国会,衆議院,公共施設等維持管理運営費,40,①/③,100%,40,立法機関は法秩序の基盤（①）かつ経済ルールを修正する手段（③）
国会,衆議院,立法事務費,36,①/③,100%,36,立法機関は法秩序の基盤（①）かつ経済ルールを修正する手段（③）
国会,衆議院,国家公務員共済組合負担金,24,①/③,100%,24,立法機関は法秩序の基盤（①）かつ経済ルールを修正する手段（③）
国会,衆議院,基礎年金等国家公務員共済組合負担金,6,①/③,100%,6,立法機関は法秩序の基盤（①）かつ経済ルールを修正する手段（③）
国会,衆議院,国有資産所在市町村交付金,6,①/③,100%,6,立法機関は法秩序の基盤（①）かつ経済ルールを修正する手段（③）
国会,衆議院,列国議会同盟分担金,2,①/③,100%,2,立法機関は法秩序の基盤（①）かつ経済ルールを修正する手段（③）
国会,衆議院,交際費,1,①/③,100%,1,立法機関は法秩序の基盤（①）かつ経済ルールを修正する手段（③）
国会,衆議院施設費,施設施工庁費,2,①/③,100%,2,立法機関は法秩序の基盤（①）かつ経済ルールを修正する手段（③）
国会,衆議院施設費,施設整備費,13,①/③,100%,13,立法機関は法秩序の基盤（①）かつ経済ルールを修正する手段（③）
国会,衆議院施設費,不動産購入費,7,①/③,100%,7,立法機関は法秩序の基盤（①）かつ経済ルールを修正する手段（③）
国会,参議院,議員歳費,55,①/③,100%,55,立法機関は法秩序の基盤（①）かつ経済ルールを修正する手段（③）
国会,参議院,職員基本給,69,①/③,100%,69,立法機関は法秩序の基盤（①）かつ経済ルールを修正する手段（③）
国会,参議院,職員諸手当,38,①/③,100%,38,立法機関は法秩序の基盤（①）かつ経済ルールを修正する手段（③）
国会,参議院,超過勤務手当,10,①/③,100%,10,立法機関は法秩序の基盤（①）かつ経済ルールを修正する手段（③）
国会,参議院,議員秘書手当,75,①/③,100%,75,立法機関は法秩序の基盤（①）かつ経済ルールを修正する手段（③）
国会,参議院,非常勤職員手当,3,①/③,100%,3,立法機関は法秩序の基盤（①）かつ経済ルールを修正する手段（③）
国会,参議院,休職者給与,1,①/③,100%,1,立法機関は法秩序の基盤（①）かつ経済ルールを修正する手段（③）
国会,参議院,短時間勤務職員給与,1,①/③,100%,1,立法機関は法秩序の基盤（①）かつ経済ルールを修正する手段（③）
国会,参議院,退職手当,13,①/③,100%,13,立法機関は法秩序の基盤（①）かつ経済ルールを修正する手段（③）
国会,参議院,議員秘書退職手当,2,①/③,100%,2,立法機関は法秩序の基盤（①）かつ経済ルールを修正する手段（③）
国会,参議院,児童手当,1,①/③,100%,1,立法機関は法秩序の基盤（①）かつ経済ルールを修正する手段（③）
国会,参議院,議員旅費,2,①/③,100%,2,立法機関は法秩序の基盤（①）かつ経済ルールを修正する手段（③）
国会,参議院,議員調査研究広報滞在費,30,①/③,100%,30,立法機関は法秩序の基盤（①）かつ経済ルールを修正する手段（③）
国会,参議院,職員旅費,1,①/③,100%,1,立法機関は法秩序の基盤（①）かつ経済ルールを修正する手段（③）
国会,参議院,庁費,6,①/③,100%,6,立法機関は法秩序の基盤（①）かつ経済ルールを修正する手段（③）
国会,参議院,情報処理業務庁費,13,①/③,100%,13,立法機関は法秩序の基盤（①）かつ経済ルールを修正する手段（③）
国会,参議院,国会運営事務処理等庁費,32,①/③,100%,32,立法機関は法秩序の基盤（①）かつ経済ルールを修正する手段（③）
国会,参議院,議員特殊乗車券等購入費,6,①/③,100%,6,立法機関は法秩序の基盤（①）かつ経済ルールを修正する手段（③）
国会,参議院,議案類印刷費,2,①/③,100%,2,立法機関は法秩序の基盤（①）かつ経済ルールを修正する手段（③）
国会,参議院,招へい外国人滞在費,1,①/③,100%,1,立法機関は法秩序の基盤（①）かつ経済ルールを修正する手段（③）
国会,参議院,各所修繕,1,①/③,100%,1,立法機関は法秩序の基盤（①）かつ経済ルールを修正する手段（③）
国会,参議院,国政調査活動費,2,①/③,100%,2,立法機関は法秩序の基盤（①）かつ経済ルールを修正する手段（③）
国会,参議院,公共施設等維持管理運営費,21,①/③,100%,21,立法機関は法秩序の基盤（①）かつ経済ルールを修正する手段（③）
国会,参議院,立法事務費,19,①/③,100%,19,立法機関は法秩序の基盤（①）かつ経済ルールを修正する手段（③）
国会,参議院,国家公務員共済組合負担金,18,①/③,100%,18,立法機関は法秩序の基盤（①）かつ経済ルールを修正する手段（③）
国会,参議院,基礎年金等国家公務員共済組合負担金,4,①/③,100%,4,立法機関は法秩序の基盤（①）かつ経済ルールを修正する手段（③）
国会,参議院,国有資産所在市町村交付金,5,①/③,100%,5,立法機関は法秩序の基盤（①）かつ経済ルールを修正する手段（③）
国会,参議院施設費,施設施工庁費,2,①/③,100%,2,立法機関は法秩序の基盤（①）かつ経済ルールを修正する手段（③）
国会,参議院施設費,施設整備費,9,①/③,100%,9,立法機関は法秩序の基盤（①）かつ経済ルールを修正する手段（③）
国会,国立国会図書館,職員基本給,51,①/③,100%,51,立法機関は法秩序の基盤（①）かつ経済ルールを修正する手段（③）
国会,国立国会図書館,職員諸手当,29,①/③,100%,29,立法機関は法秩序の基盤（①）かつ経済ルールを修正する手段（③）
国会,国立国会図書館,超過勤務手当,4,①/③,100%,4,立法機関は法秩序の基盤（①）かつ経済ルールを修正する手段（③）
国会,国立国会図書館,非常勤職員手当,3,①/③,100%,3,立法機関は法秩序の基盤（①）かつ経済ルールを修正する手段（③）
国会,国立国会図書館,短時間勤務職員給与,1,①/③,100%,1,立法機関は法秩序の基盤（①）かつ経済ルールを修正する手段（③）
国会,国立国会図書館,退職手当,6,①/③,100%,6,立法機関は法秩序の基盤（①）かつ経済ルールを修正する手段（③）
国会,国立国会図書館,職員旅費,1,①/③,100%,1,立法機関は法秩序の基盤（①）かつ経済ルールを修正する手段（③）
国会,国立国会図書館,庁費,1,①/③,100%,1,立法機関は法秩序の基盤（①）かつ経済ルールを修正する手段（③）
国会,国立国会図書館,国立国会図書館業務庁費,44,①/③,100%,44,立法機関は法秩序の基盤（①）かつ経済ルールを修正する手段（③）
国会,国立国会図書館,図書館資料購入費,7,①/③,100%,7,立法機関は法秩序の基盤（①）かつ経済ルールを修正する手段（③）
国会,国立国会図書館,立法資料購入費,1,①/③,100%,1,立法機関は法秩序の基盤（①）かつ経済ルールを修正する手段（③）
国会,国立国会図書館,科学技術関係資料費,11,①/③,100%,11,立法機関は法秩序の基盤（①）かつ経済ルールを修正する手段（③）
国会,国立国会図書館,特殊文書関係資料整備費,1,①/③,100%,1,立法機関は法秩序の基盤（①）かつ経済ルールを修正する手段（③）
国会,国立国会図書館,電子計算機等借料,21,①/③,100%,21,立法機関は法秩序の基盤（①）かつ経済ルールを修正する手段（③）
国会,国立国会図書館,各所修繕,1,①/③,100%,1,立法機関は法秩序の基盤（①）かつ経済ルールを修正する手段（③）
国会,国立国会図書館,国家公務員共済組合負担金,13,①/③,100%,13,立法機関は法秩序の基盤（①）かつ経済ルールを修正する手段（③）
国会,国立国会図書館,基礎年金等国家公務員共済組合負担金,3,①/③,100%,3,立法機関は法秩序の基盤（①）かつ経済ルールを修正する手段（③）
国会,国立国会図書館,納入出版物代償金,3,①/③,100%,3,立法機関は法秩序の基盤（①）かつ経済ルールを修正する手段（③）
国会,国立国会図書館施設費,施設施工庁費,1,①/③,100%,1,立法機関は法秩序の基盤（①）かつ経済ルールを修正する手段（③）
国会,国立国会図書館施設費,施設整備費,7,①/③,100%,7,立法機関は法秩序の基盤（①）かつ経済ルールを修正する手段（③）
国会,裁判官訴追委員会,職員基本給,1,①/③,100%,1,立法機関は法秩序の基盤（①）かつ経済ルールを修正する手段（③）
国会,裁判官弾劾裁判所,職員基本給,1,①/③,100%,1,立法機関は法秩序の基盤（①）かつ経済ルールを修正する手段（③）
裁判所,最高裁判所,職員基本給,62,①/④,100%,62,司法は法秩序の核心（①）かつルール解釈の意見対立を裁定する機関（④）
裁判所,最高裁判所,職員諸手当,35,①/④,100%,35,司法は法秩序の核心（①）かつルール解釈の意見対立を裁定する機関（④）
裁判所,最高裁判所,超過勤務手当,8,①/④,100%,8,司法は法秩序の核心（①）かつルール解釈の意見対立を裁定する機関（④）
裁判所,最高裁判所,非常勤職員手当,1,①/④,100%,1,司法は法秩序の核心（①）かつルール解釈の意見対立を裁定する機関（④）
裁判所,最高裁判所,休職者給与,9,①/④,100%,9,司法は法秩序の核心（①）かつルール解釈の意見対立を裁定する機関（④）
裁判所,最高裁判所,公務災害補償費,1,①/④,100%,1,司法は法秩序の核心（①）かつルール解釈の意見対立を裁定する機関（④）
裁判所,最高裁判所,退職手当,173,①/④,100%,173,司法は法秩序の核心（①）かつルール解釈の意見対立を裁定する機関（④）
裁判所,最高裁判所,児童手当,13,①/④,100%,13,司法は法秩序の核心（①）かつルール解釈の意見対立を裁定する機関（④）
裁判所,最高裁判所,諸謝金,2,①/④,100%,2,司法は法秩序の核心（①）かつルール解釈の意見対立を裁定する機関（④）
裁判所,最高裁判所,修習給付金,34,①/④,100%,34,司法は法秩序の核心（①）かつルール解釈の意見対立を裁定する機関（④）
裁判所,最高裁判所,職員旅費,6,①/④,100%,6,司法は法秩序の核心（①）かつルール解釈の意見対立を裁定する機関（④）
裁判所,最高裁判所,外国留学旅費,1,①/④,100%,1,司法は法秩序の核心（①）かつルール解釈の意見対立を裁定する機関（④）
裁判所,最高裁判所,赴任旅費,6,①/④,100%,6,司法は法秩序の核心（①）かつルール解釈の意見対立を裁定する機関（④）
裁判所,最高裁判所,司法修習生旅費,1,①/④,100%,1,司法は法秩序の核心（①）かつルール解釈の意見対立を裁定する機関（④）
裁判所,最高裁判所,庁費,10,①/④,100%,10,司法は法秩序の核心（①）かつルール解釈の意見対立を裁定する機関（④）
裁判所,最高裁判所,情報処理業務庁費,56,①/④,100%,56,司法は法秩序の核心（①）かつルール解釈の意見対立を裁定する機関（④）
裁判所,最高裁判所,研修費,6,①/④,100%,6,司法は法秩序の核心（①）かつルール解釈の意見対立を裁定する機関（④）
裁判所,最高裁判所,裁判資料整備費,4,①/④,100%,4,司法は法秩序の核心（①）かつルール解釈の意見対立を裁定する機関（④）
裁判所,最高裁判所,各所修繕,14,①/④,100%,14,司法は法秩序の核心（①）かつルール解釈の意見対立を裁定する機関（④）
裁判所,最高裁判所,司法修習生研修委託費,1,①/④,100%,1,司法は法秩序の核心（①）かつルール解釈の意見対立を裁定する機関（④）
裁判所,最高裁判所,国家公務員共済組合負担金,319,①/④,100%,319,司法は法秩序の核心（①）かつルール解釈の意見対立を裁定する機関（④）
裁判所,最高裁判所,基礎年金等国家公務員共済組合負担金,82,①/④,100%,82,司法は法秩序の核心（①）かつルール解釈の意見対立を裁定する機関（④）
裁判所,最高裁判所,育児休業手当金等国家公務員共済組合負担金,2,①/④,100%,2,司法は法秩序の核心（①）かつルール解釈の意見対立を裁定する機関（④）
裁判所,最高裁判所,国有資産所在市町村交付金,2,①/④,100%,2,司法は法秩序の核心（①）かつルール解釈の意見対立を裁定する機関（④）
裁判所,最高裁判所,修習資金貸与金,13,①/④,100%,13,司法は法秩序の核心（①）かつルール解釈の意見対立を裁定する機関（④）
裁判所,下級裁判所,職員基本給,1308,①/④,100%,1308,司法は法秩序の核心（①）かつルール解釈の意見対立を裁定する機関（④）
裁判所,下級裁判所,職員諸手当,667,①/④,100%,667,司法は法秩序の核心（①）かつルール解釈の意見対立を裁定する機関（④）
裁判所,下級裁判所,超過勤務手当,36,①/④,100%,36,司法は法秩序の核心（①）かつルール解釈の意見対立を裁定する機関（④）
裁判所,下級裁判所,委員手当,67,①/④,100%,67,司法は法秩序の核心（①）かつルール解釈の意見対立を裁定する機関（④）
裁判所,下級裁判所,非常勤職員手当,5,①/④,100%,5,司法は法秩序の核心（①）かつルール解釈の意見対立を裁定する機関（④）
裁判所,下級裁判所,短時間勤務職員給与,8,①/④,100%,8,司法は法秩序の核心（①）かつルール解釈の意見対立を裁定する機関（④）
裁判所,下級裁判所,職員旅費,1,①/④,100%,1,司法は法秩序の核心（①）かつルール解釈の意見対立を裁定する機関（④）
裁判所,下級裁判所,委員等旅費,4,①/④,100%,4,司法は法秩序の核心（①）かつルール解釈の意見対立を裁定する機関（④）
裁判所,下級裁判所,庁費,63,①/④,100%,63,司法は法秩序の核心（①）かつルール解釈の意見対立を裁定する機関（④）
裁判所,下級裁判所,情報処理業務庁費,9,①/④,100%,9,司法は法秩序の核心（①）かつルール解釈の意見対立を裁定する機関（④）
裁判所,下級裁判所,法廷等器具整備費,10,①/④,100%,10,司法は法秩序の核心（①）かつルール解釈の意見対立を裁定する機関（④）
裁判所,検察審査費,検察審査員旅費,2,①/④,100%,2,司法は法秩序の核心（①）かつルール解釈の意見対立を裁定する機関（④）
裁判所,裁判費,諸謝金,18,①/④,100%,18,司法は法秩序の核心（①）かつルール解釈の意見対立を裁定する機関（④）
裁判所,裁判費,裁判旅費,1,①/④,100%,1,司法は法秩序の核心（①）かつルール解釈の意見対立を裁定する機関（④）
裁判所,裁判費,委員等旅費,11,①/④,100%,11,司法は法秩序の核心（①）かつルール解釈の意見対立を裁定する機関（④）
裁判所,裁判費,証人等旅費,2,①/④,100%,2,司法は法秩序の核心（①）かつルール解釈の意見対立を裁定する機関（④）
裁判所,裁判費,裁判庁費,262,①/④,100%,262,司法は法秩序の核心（①）かつルール解釈の意見対立を裁定する機関（④）
裁判所,裁判費,民事裁判発送料,20,①/④,100%,20,司法は法秩序の核心（①）かつルール解釈の意見対立を裁定する機関（④）
裁判所,裁判費,刑事裁判等特別送達料,7,①/④,100%,7,司法は法秩序の核心（①）かつルール解釈の意見対立を裁定する機関（④）
裁判所,裁判費,少年補導委託費,1,①/④,100%,1,司法は法秩序の核心（①）かつルール解釈の意見対立を裁定する機関（④）
裁判所,裁判費,賠償償還及払戻金,3,①/④,100%,3,司法は法秩序の核心（①）かつルール解釈の意見対立を裁定する機関（④）
裁判所,裁判費,刑事補償金,4,①/④,100%,4,司法は法秩序の核心（①）かつルール解釈の意見対立を裁定する機関（④）
裁判所,裁判所施設費,施設施工旅費,1,①/④,100%,1,司法は法秩序の核心（①）かつルール解釈の意見対立を裁定する機関（④）
裁判所,裁判所施設費,施設施工庁費,2,①/④,100%,2,司法は法秩序の核心（①）かつルール解釈の意見対立を裁定する機関（④）
裁判所,裁判所施設費,施設整備費,117,①/④,100%,117,司法は法秩序の核心（①）かつルール解釈の意見対立を裁定する機関（④）
会計検査院,会計検査院,職員基本給,65,一部①,50%,32,歳出の適正チェックは政府の法的責務（①）の透明性確保
会計検査院,会計検査院,職員諸手当,37,一部①,50%,18,歳出の適正チェックは政府の法的責務（①）の透明性確保
会計検査院,会計検査院,超過勤務手当,9,一部①,50%,4,歳出の適正チェックは政府の法的責務（①）の透明性確保
会計検査院,会計検査院,非常勤職員手当,1,一部①,50%,0,歳出の適正チェックは政府の法的責務（①）の透明性確保
会計検査院,会計検査院,短時間勤務職員給与,1,一部①,50%,0,歳出の適正チェックは政府の法的責務（①）の透明性確保
会計検査院,会計検査院,退職手当,7,一部①,50%,3,歳出の適正チェックは政府の法的責務（①）の透明性確保
会計検査院,会計検査院,児童手当,1,一部①,50%,0,歳出の適正チェックは政府の法的責務（①）の透明性確保
会計検査院,会計検査院,検査旅費,4,一部①,50%,2,歳出の適正チェックは政府の法的責務（①）の透明性確保
会計検査院,会計検査院,庁費,2,一部①,50%,1,歳出の適正チェックは政府の法的責務（①）の透明性確保
会計検査院,会計検査院,研修所庁費,1,一部①,50%,0,歳出の適正チェックは政府の法的責務（①）の透明性確保
会計検査院,会計検査院,会計検査情報処理業務庁費,4,一部①,50%,2,歳出の適正チェックは政府の法的責務（①）の透明性確保
会計検査院,会計検査院,会計検査活動費,2,一部①,50%,1,歳出の適正チェックは政府の法的責務（①）の透明性確保
会計検査院,会計検査院,公共施設等維持管理運営費,8,一部①,50%,4,歳出の適正チェックは政府の法的責務（①）の透明性確保
会計検査院,会計検査院,官民区分所有施設維持管理運営費,5,一部①,50%,2,歳出の適正チェックは政府の法的責務（①）の透明性確保
会計検査院,会計検査院,国家公務員共済組合負担金,17,一部①,50%,8,歳出の適正チェックは政府の法的責務（①）の透明性確保
会計検査院,会計検査院,基礎年金等国家公務員共済組合負担金,4,一部①,50%,2,歳出の適正チェックは政府の法的責務（①）の透明性確保
内閣,内閣官房共通費,職員基本給,81,一部①,50%,40,内閣官房機能は政府中枢調整。法秩序維持の基盤
内閣,内閣官房共通費,職員諸手当,48,一部①,50%,24,内閣官房機能は政府中枢調整。法秩序維持の基盤
内閣,内閣官房共通費,超過勤務手当,18,一部①,50%,9,内閣官房機能は政府中枢調整。法秩序維持の基盤
内閣,内閣官房共通費,非常勤職員手当,6,一部①,50%,3,内閣官房機能は政府中枢調整。法秩序維持の基盤
内閣,内閣官房共通費,短時間勤務職員給与,3,一部①,50%,1,内閣官房機能は政府中枢調整。法秩序維持の基盤
内閣,内閣官房共通費,退職手当,10,一部①,50%,5,内閣官房機能は政府中枢調整。法秩序維持の基盤
内閣,内閣官房共通費,児童手当,1,一部①,50%,0,内閣官房機能は政府中枢調整。法秩序維持の基盤
内閣,内閣官房共通費,諸謝金,15,一部①,50%,7,内閣官房機能は政府中枢調整。法秩序維持の基盤
内閣,内閣官房共通費,報償費,15,一部①,50%,7,内閣官房機能は政府中枢調整。法秩序維持の基盤
内閣,内閣官房共通費,職員旅費,8,一部①,50%,4,内閣官房機能は政府中枢調整。法秩序維持の基盤
内閣,内閣官房共通費,安全保障業務旅費,1,一部①,50%,0,内閣官房機能は政府中枢調整。法秩序維持の基盤
内閣,内閣官房共通費,委員等旅費,1,一部①,50%,0,内閣官房機能は政府中枢調整。法秩序維持の基盤
内閣,内閣官房共通費,庁費,27,一部①,50%,13,内閣官房機能は政府中枢調整。法秩序維持の基盤
内閣,内閣官房共通費,情報処理業務庁費,128,一部①,50%,64,内閣官房機能は政府中枢調整。法秩序維持の基盤
内閣,内閣官房共通費,総理大臣官邸業務庁費,21,一部①,50%,10,内閣官房機能は政府中枢調整。法秩序維持の基盤
内閣,内閣官房共通費,拉致問題対策庁費,6,一部①,50%,3,内閣官房機能は政府中枢調整。法秩序維持の基盤
内閣,内閣官房共通費,サイバーセキュリティ研究開発等推進業務庁費,10,一部①,50%,5,内閣官房機能は政府中枢調整。法秩序維持の基盤
内閣,内閣官房共通費,電子計算機等借料,5,一部①,50%,2,内閣官房機能は政府中枢調整。法秩序維持の基盤
内閣,内閣官房共通費,土地建物借料,6,一部①,50%,3,内閣官房機能は政府中枢調整。法秩序維持の基盤
内閣,内閣官房共通費,拉致問題対策情報収集等活動費,6,一部①,50%,3,内閣官房機能は政府中枢調整。法秩序維持の基盤
内閣,内閣官房共通費,国家安全保障政策活動費,2,一部①,50%,1,内閣官房機能は政府中枢調整。法秩序維持の基盤
内閣,内閣官房共通費,国際テロ情報収集等活動費,4,一部①,50%,2,内閣官房機能は政府中枢調整。法秩序維持の基盤
内閣,内閣官房共通費,情報調査委託費,8,一部①,50%,4,内閣官房機能は政府中枢調整。法秩序維持の基盤
内閣,内閣官房共通費,サイバーセキュリティ研究開発推進委託費,10,一部①,50%,5,内閣官房機能は政府中枢調整。法秩序維持の基盤
内閣,内閣官房共通費,サイバーセキュリティ推進調整事務委託費,19,一部①,50%,9,内閣官房機能は政府中枢調整。法秩序維持の基盤
内閣,内閣官房共通費,国家公務員共済組合負担金,26,一部①,50%,13,内閣官房機能は政府中枢調整。法秩序維持の基盤
内閣,内閣官房共通費,基礎年金等国家公務員共済組合負担金,5,一部①,50%,2,内閣官房機能は政府中枢調整。法秩序維持の基盤
内閣,内閣官房施設費,施設整備費,24,一部①,50%,12,内閣官房機能は政府中枢調整。法秩序維持の基盤
内閣,情報収集衛星業務費,諸謝金,1,①,100%,1,情報収集衛星は国防・安全保障の目的。法秩序維持（外敵情報）
内閣,情報収集衛星業務費,職員旅費,1,①,100%,1,情報収集衛星は国防・安全保障の目的。法秩序維持（外敵情報）
内閣,情報収集衛星業務費,情報収集衛星業務庁費,225,①,100%,225,情報収集衛星は国防・安全保障の目的。法秩序維持（外敵情報）
内閣,情報収集衛星業務費,通信専用料,9,①,100%,9,情報収集衛星は国防・安全保障の目的。法秩序維持（外敵情報）
内閣,情報収集衛星業務費,情報収集衛星システム開発等委託費,365,①,100%,365,情報収集衛星は国防・安全保障の目的。法秩序維持（外敵情報）
内閣,情報収集衛星業務費,情報収集衛星システム研究開発委託費,7,①,100%,7,情報収集衛星は国防・安全保障の目的。法秩序維持（外敵情報）
内閣,情報収集衛星施設費,施設施工庁費,1,①,100%,1,情報収集衛星は国防・安全保障の目的。法秩序維持（外敵情報）
内閣,情報収集衛星施設費,施設整備費,13,①,100%,13,情報収集衛星は国防・安全保障の目的。法秩序維持（外敵情報）
内閣,内閣法制局,職員基本給,6,一部①,50%,3,内閣機能全般は政府中枢として法秩序維持に一部該当
内閣,内閣法制局,職員諸手当,3,一部①,50%,1,内閣機能全般は政府中枢として法秩序維持に一部該当
内閣,内閣法制局,超過勤務手当,1,一部①,50%,0,内閣機能全般は政府中枢として法秩序維持に一部該当
内閣,内閣法制局,庁費,1,一部①,50%,0,内閣機能全般は政府中枢として法秩序維持に一部該当
内閣,人事院,職員基本給,34,一部①,50%,17,内閣機能全般は政府中枢として法秩序維持に一部該当
内閣,人事院,職員諸手当,19,一部①,50%,9,内閣機能全般は政府中枢として法秩序維持に一部該当
内閣,人事院,超過勤務手当,3,一部①,50%,1,内閣機能全般は政府中枢として法秩序維持に一部該当
内閣,人事院,短時間勤務職員給与,1,一部①,50%,0,内閣機能全般は政府中枢として法秩序維持に一部該当
内閣,人事院,退職手当,6,一部①,50%,3,内閣機能全般は政府中枢として法秩序維持に一部該当
内閣,人事院,諸謝金,1,一部①,50%,0,内閣機能全般は政府中枢として法秩序維持に一部該当
内閣,人事院,職員旅費,1,一部①,50%,0,内閣機能全般は政府中枢として法秩序維持に一部該当
内閣,人事院,外国留学旅費,1,一部①,50%,0,内閣機能全般は政府中枢として法秩序維持に一部該当
内閣,人事院,庁費,8,一部①,50%,4,内閣機能全般は政府中枢として法秩序維持に一部該当
内閣,人事院,研修所庁費,2,一部①,50%,1,内閣機能全般は政府中枢として法秩序維持に一部該当
内閣,人事院,任用試験費,6,一部①,50%,3,内閣機能全般は政府中枢として法秩序維持に一部該当
内閣,人事院,国家公務員共済組合負担金,8,一部①,50%,4,内閣機能全般は政府中枢として法秩序維持に一部該当
内閣,人事院,基礎年金等国家公務員共済組合負担金,2,一部①,50%,1,内閣機能全般は政府中枢として法秩序維持に一部該当
内閣府,内閣本府共通費,職員基本給,68,該当なし,0%,0,上記以外の内閣府支出は各種補助・政策調整でフリードマン役割外
内閣府,内閣本府共通費,職員諸手当,39,該当なし,0%,0,上記以外の内閣府支出は各種補助・政策調整でフリードマン役割外
内閣府,内閣本府共通費,超過勤務手当,15,該当なし,0%,0,上記以外の内閣府支出は各種補助・政策調整でフリードマン役割外
内閣府,内閣本府共通費,委員手当,2,該当なし,0%,0,上記以外の内閣府支出は各種補助・政策調整でフリードマン役割外
内閣府,内閣本府共通費,非常勤職員手当,8,該当なし,0%,0,上記以外の内閣府支出は各種補助・政策調整でフリードマン役割外
内閣府,内閣本府共通費,休職者給与,2,該当なし,0%,0,上記以外の内閣府支出は各種補助・政策調整でフリードマン役割外
内閣府,内閣本府共通費,短時間勤務職員給与,3,該当なし,0%,0,上記以外の内閣府支出は各種補助・政策調整でフリードマン役割外
内閣府,内閣本府共通費,退職手当,18,該当なし,0%,0,上記以外の内閣府支出は各種補助・政策調整でフリードマン役割外
内閣府,内閣本府共通費,児童手当,1,該当なし,0%,0,上記以外の内閣府支出は各種補助・政策調整でフリードマン役割外
内閣府,内閣本府共通費,諸謝金,1,該当なし,0%,0,上記以外の内閣府支出は各種補助・政策調整でフリードマン役割外
内閣府,内閣本府共通費,拉致被害者等給付金及滞在援助金,3,該当なし,0%,0,上記以外の内閣府支出は各種補助・政策調整でフリードマン役割外
内閣府,内閣本府共通費,職員旅費,2,該当なし,0%,0,上記以外の内閣府支出は各種補助・政策調整でフリードマン役割外
内閣府,内閣本府共通費,委員等旅費,1,該当なし,0%,0,上記以外の内閣府支出は各種補助・政策調整でフリードマン役割外
内閣府,内閣本府共通費,庁費,36,該当なし,0%,0,上記以外の内閣府支出は各種補助・政策調整でフリードマン役割外
内閣府,内閣本府共通費,情報処理業務庁費,7,該当なし,0%,0,上記以外の内閣府支出は各種補助・政策調整でフリードマン役割外
内閣府,内閣本府共通費,移転費,2,該当なし,0%,0,上記以外の内閣府支出は各種補助・政策調整でフリードマン役割外
内閣府,内閣本府共通費,土地建物借料,11,該当なし,0%,0,上記以外の内閣府支出は各種補助・政策調整でフリードマン役割外
内閣府,内閣本府共通費,各所修繕,1,該当なし,0%,0,上記以外の内閣府支出は各種補助・政策調整でフリードマン役割外
内閣府,内閣本府共通費,公共施設等維持管理運営費,15,該当なし,0%,0,上記以外の内閣府支出は各種補助・政策調整でフリードマン役割外
内閣府,内閣本府共通費,拉致被害者等生活相談等事務委託費,1,該当なし,0%,0,上記以外の内閣府支出は各種補助・政策調整でフリードマン役割外
内閣府,内閣本府共通費,国家公務員共済組合負担金,45,該当なし,0%,0,上記以外の内閣府支出は各種補助・政策調整でフリードマン役割外
内閣府,内閣本府共通費,基礎年金等国家公務員共済組合負担金,12,該当なし,0%,0,上記以外の内閣府支出は各種補助・政策調整でフリードマン役割外
内閣府,内閣本府共通費,国有資産所在市町村交付金,1,該当なし,0%,0,上記以外の内閣府支出は各種補助・政策調整でフリードマン役割外
内閣府,内閣本府施設費,施設施工庁費,5,該当なし,0%,0,上記以外の内閣府支出は各種補助・政策調整でフリードマン役割外
内閣府,内閣本府施設費,施設整備費,96,該当なし,0%,0,上記以外の内閣府支出は各種補助・政策調整でフリードマン役割外
内閣府,独立行政法人国立公文書館運営費,独立行政法人国立公文書館運営費交付金,28,該当なし,0%,0,上記以外の内閣府支出は各種補助・政策調整でフリードマン役割外
内閣府,政府広報費,啓発広報費,73,該当なし,0%,0,上記以外の内閣府支出は各種補助・政策調整でフリードマン役割外
内閣府,政府広報費,国際機関等拠出金,5,該当なし,0%,0,上記以外の内閣府支出は各種補助・政策調整でフリードマン役割外
内閣府,アイヌ政策推進費,アイヌ政策推進交付金,20,該当なし,0%,0,上記以外の内閣府支出は各種補助・政策調整でフリードマン役割外
内閣府,遺棄化学兵器廃棄処理事業費,非常勤職員手当,1,該当なし,0%,0,上記以外の内閣府支出は各種補助・政策調整でフリードマン役割外
内閣府,遺棄化学兵器廃棄処理事業費,遺棄化学兵器廃棄処理業務旅費,1,該当なし,0%,0,上記以外の内閣府支出は各種補助・政策調整でフリードマン役割外
内閣府,遺棄化学兵器廃棄処理事業費,遺棄化学兵器廃棄処理業務庁費,4,該当なし,0%,0,上記以外の内閣府支出は各種補助・政策調整でフリードマン役割外
内閣府,遺棄化学兵器廃棄処理事業費,遺棄化学兵器廃棄処理事業等委託費,435,該当なし,0%,0,上記以外の内閣府支出は各種補助・政策調整でフリードマン役割外
内閣府,経済財政政策費,職員旅費,1,該当なし,0%,0,上記以外の内閣府支出は各種補助・政策調整でフリードマン役割外
内閣府,経済財政政策費,情報処理業務庁費,1,該当なし,0%,0,上記以外の内閣府支出は各種補助・政策調整でフリードマン役割外
内閣府,経済財政政策費,経済新生政策調査費,1,該当なし,0%,0,上記以外の内閣府支出は各種補助・政策調整でフリードマン役割外
内閣府,経済財政政策費,民間資金等活用事業調査費,2,該当なし,0%,0,上記以外の内閣府支出は各種補助・政策調整でフリードマン役割外
内閣府,経済財政政策費,景気動向調査費,2,該当なし,0%,0,上記以外の内閣府支出は各種補助・政策調整でフリードマン役割外
内閣府,経済財政政策費,経済財政政策効果分析調査費,1,該当なし,0%,0,上記以外の内閣府支出は各種補助・政策調整でフリードマン役割外
内閣府,経済財政政策費,経済協力開発機構拠出金,1,該当なし,0%,0,上記以外の内閣府支出は各種補助・政策調整でフリードマン役割外
内閣府,地方創生支援費,地方創生支援委託費,6,該当なし,0%,0,上記以外の内閣府支出は各種補助・政策調整でフリードマン役割外
内閣府,地方創生支援費,地方創生支援事業費補助金,2,該当なし,0%,0,上記以外の内閣府支出は各種補助・政策調整でフリードマン役割外
内閣府,地方創生支援費,新しい地方経済・生活環境創生交付金,1042,該当なし,0%,0,上記以外の内閣府支出は各種補助・政策調整でフリードマン役割外
内閣府,地方創生基盤整備事業推進費,新しい地方経済・生活環境創生基盤整備交付金,558,該当なし,0%,0,上記以外の内閣府支出は各種補助・政策調整でフリードマン役割外
内閣府,防災政策費,職員旅費,1,該当なし,0%,0,上記以外の内閣府支出は各種補助・政策調整でフリードマン役割外
内閣府,防災政策費,庁費,1,該当なし,0%,0,上記以外の内閣府支出は各種補助・政策調整でフリードマン役割外
内閣府,防災政策費,災害支援物資供給業務庁費,7,該当なし,0%,0,上記以外の内閣府支出は各種補助・政策調整でフリードマン役割外
内閣府,防災政策費,災害関係調査費,25,該当なし,0%,0,上記以外の内閣府支出は各種補助・政策調整でフリードマン役割外
内閣府,防災政策費,中央防災通信維持費,8,該当なし,0%,0,上記以外の内閣府支出は各種補助・政策調整でフリードマン役割外
内閣府,防災政策費,土地建物借料,2,該当なし,0%,0,上記以外の内閣府支出は各種補助・政策調整でフリードマン役割外
内閣府,防災政策費,無線通信機器等整備費,4,該当なし,0%,0,上記以外の内閣府支出は各種補助・政策調整でフリードマン役割外
内閣府,防災政策費,被災者生活再建支援金補助金,6,該当なし,0%,0,上記以外の内閣府支出は各種補助・政策調整でフリードマン役割外
内閣府,防災政策費,特定地震防災対策施設運営費補助金,3,該当なし,0%,0,上記以外の内閣府支出は各種補助・政策調整でフリードマン役割外
内閣府,防災政策費,特定非営利活動法人等被災者支援活動費補助金,1,該当なし,0%,0,上記以外の内閣府支出は各種補助・政策調整でフリードマン役割外
内閣府,防災政策費,災害救助費等負担金,28,該当なし,0%,0,上記以外の内閣府支出は各種補助・政策調整でフリードマン役割外
内閣府,防災政策費,災害弔慰金等負担金,1,該当なし,0%,0,上記以外の内閣府支出は各種補助・政策調整でフリードマン役割外
内閣府,防災政策費,防災力強化総合交付金,35,該当なし,0%,0,上記以外の内閣府支出は各種補助・政策調整でフリードマン役割外
内閣府,防災政策費,国際防災戦略事務局拠出金,1,該当なし,0%,0,上記以外の内閣府支出は各種補助・政策調整でフリードマン役割外
内閣府,防災政策費,災害援護貸付金,2,該当なし,0%,0,上記以外の内閣府支出は各種補助・政策調整でフリードマン役割外
内閣府,事前防災対策総合推進費,(事前防災対策総合推進費),17,該当なし,0%,0,上記以外の内閣府支出は各種補助・政策調整でフリードマン役割外
内閣府,電源開発促進税財源原子力安全規制対策費エネルギー対策特別会計へ繰入,電源開発促進税財源のエネルギー対策特別会計へ繰入,97,該当なし,0%,0,上記以外の内閣府支出は各種補助・政策調整でフリードマン役割外
内閣府,沖縄政策費,沖縄安全対策業務庁費,5,該当なし,0%,0,沖縄振興は地域産業政策。フリードマンは地域補助を批判
内閣府,沖縄政策費,沖縄振興開発調査委託費,8,該当なし,0%,0,沖縄振興は地域産業政策。フリードマンは地域補助を批判
内閣府,沖縄政策費,鉄軌道等導入課題詳細調査委託費,1,該当なし,0%,0,沖縄振興は地域産業政策。フリードマンは地域補助を批判
内閣府,沖縄政策費,沖縄産業技術開発事業委託費,1,該当なし,0%,0,沖縄振興は地域産業政策。フリードマンは地域補助を批判
内閣府,沖縄政策費,沖縄こども政策調査研究等事業委託費,1,該当なし,0%,0,沖縄振興は地域産業政策。フリードマンは地域補助を批判
内閣府,沖縄政策費,沖縄離島無電柱化緊急対策事業費補助金,3,該当なし,0%,0,沖縄振興は地域産業政策。フリードマンは地域補助を批判
内閣府,沖縄政策費,駐留軍用地跡地利用推進事業費補助金,3,該当なし,0%,0,沖縄振興は地域産業政策。フリードマンは地域補助を批判
内閣府,沖縄政策費,駐留軍用地跡地先行取得事業費補助金,50,該当なし,0%,0,沖縄振興は地域産業政策。フリードマンは地域補助を批判
内閣府,沖縄政策費,沖縄離島活性化推進事業費補助金,61,該当なし,0%,0,沖縄振興は地域産業政策。フリードマンは地域補助を批判
内閣府,沖縄政策費,沖縄離島生活環境基盤整備推進費補助金,7,該当なし,0%,0,沖縄振興は地域産業政策。フリードマンは地域補助を批判
内閣府,沖縄政策費,沖縄観光景観形成支援事業費補助金,3,該当なし,0%,0,沖縄振興は地域産業政策。フリードマンは地域補助を批判
内閣府,沖縄政策費,沖縄農林水産物条件不利解消事業費補助金,19,該当なし,0%,0,沖縄振興は地域産業政策。フリードマンは地域補助を批判
内閣府,沖縄政策費,沖縄産業創出支援事業費補助金,19,該当なし,0%,0,沖縄振興は地域産業政策。フリードマンは地域補助を批判
内閣府,沖縄政策費,沖縄産業技術開発事業費補助金,9,該当なし,0%,0,沖縄振興は地域産業政策。フリードマンは地域補助を批判
内閣府,沖縄政策費,沖縄こどもの貧困緊急対策事業費補助金,22,該当なし,0%,0,沖縄振興は地域産業政策。フリードマンは地域補助を批判
内閣府,沖縄政策費,沖縄雇用促進・人材育成等推進事業費補助金,1,該当なし,0%,0,沖縄振興は地域産業政策。フリードマンは地域補助を批判
内閣府,沖縄政策費,沖縄こども政策調査研究等事業費補助金,1,該当なし,0%,0,沖縄振興は地域産業政策。フリードマンは地域補助を批判
内閣府,沖縄政策費,沖縄科学技術大学院大学学園補助金,192,該当なし,0%,0,沖縄振興は地域産業政策。フリードマンは地域補助を批判
内閣府,沖縄政策費,沖縄科学技術大学院大学学園施設整備費補助金,8,該当なし,0%,0,沖縄振興は地域産業政策。フリードマンは地域補助を批判
内閣府,沖縄政策費,不発弾等処理交付金,27,該当なし,0%,0,沖縄振興は地域産業政策。フリードマンは地域補助を批判
内閣府,沖縄政策費,沖縄振興開発金融公庫補給金,10,該当なし,0%,0,沖縄振興は地域産業政策。フリードマンは地域補助を批判
内閣府,沖縄政策費,沖縄振興開発金融公庫出資金,1,該当なし,0%,0,沖縄振興は地域産業政策。フリードマンは地域補助を批判
内閣府,沖縄振興交付金事業推進費,沖縄振興特別推進交付金,347,該当なし,0%,0,沖縄振興は地域産業政策。フリードマンは地域補助を批判
内閣府,沖縄振興交付金事業推進費,沖縄振興公共投資交付金,390,該当なし,0%,0,沖縄振興は地域産業政策。フリードマンは地域補助を批判
内閣府,沖縄振興特定事業推進費,沖縄振興特定事業推進費補助金,95,該当なし,0%,0,沖縄振興は地域産業政策。フリードマンは地域補助を批判
内閣府,沖縄北部連携促進特別振興事業費,沖縄北部連携促進特別振興事業費補助金,50,該当なし,0%,0,沖縄振興は地域産業政策。フリードマンは地域補助を批判
内閣府,沖縄教育振興事業費,公立学校施設整備費負担金,29,該当なし,0%,0,沖縄振興は地域産業政策。フリードマンは地域補助を批判
内閣府,沖縄教育振興事業費,学校施設環境改善交付金,2,該当なし,0%,0,沖縄振興は地域産業政策。フリードマンは地域補助を批判
内閣府,沖縄開発事業費,堰堤維持費,26,該当なし,0%,0,沖縄振興は地域産業政策。フリードマンは地域補助を批判
内閣府,沖縄開発事業費,地域連携道路事業費,19,該当なし,0%,0,沖縄振興は地域産業政策。フリードマンは地域補助を批判
内閣府,沖縄開発事業費,道路交通円滑化事業費,216,該当なし,0%,0,沖縄振興は地域産業政策。フリードマンは地域補助を批判
内閣府,沖縄開発事業費,道路維持管理費,61,該当なし,0%,0,沖縄振興は地域産業政策。フリードマンは地域補助を批判
内閣府,沖縄開発事業費,港湾改修費,137,該当なし,0%,0,沖縄振興は地域産業政策。フリードマンは地域補助を批判
内閣府,沖縄開発事業費,道路交通安全施設等整備事業費,15,該当なし,0%,0,沖縄振興は地域産業政策。フリードマンは地域補助を批判
内閣府,沖縄開発事業費,交通事故重点対策道路事業費,31,該当なし,0%,0,沖縄振興は地域産業政策。フリードマンは地域補助を批判
内閣府,沖縄開発事業費,無電柱化推進事業費,10,該当なし,0%,0,沖縄振興は地域産業政策。フリードマンは地域補助を批判
内閣府,沖縄開発事業費,国営公園整備費,32,該当なし,0%,0,沖縄振興は地域産業政策。フリードマンは地域補助を批判
内閣府,沖縄開発事業費,国営公園維持管理費,17,該当なし,0%,0,沖縄振興は地域産業政策。フリードマンは地域補助を批判
内閣府,沖縄開発事業費,かんがい排水事業費,55,該当なし,0%,0,沖縄振興は地域産業政策。フリードマンは地域補助を批判
内閣府,沖縄開発事業費,国営造成施設管理費,1,該当なし,0%,0,沖縄振興は地域産業政策。フリードマンは地域補助を批判
内閣府,沖縄開発事業費,農業農村整備営繕宿舎費,1,該当なし,0%,0,沖縄振興は地域産業政策。フリードマンは地域補助を批判
内閣府,沖縄開発事業費,特定漁港漁場整備費,11,該当なし,0%,0,沖縄振興は地域産業政策。フリードマンは地域補助を批判
内閣府,沖縄開発事業費,海岸保全施設整備事業費補助,1,該当なし,0%,0,沖縄振興は地域産業政策。フリードマンは地域補助を批判
内閣府,沖縄開発事業費,治山事業費補助,3,該当なし,0%,0,沖縄振興は地域産業政策。フリードマンは地域補助を批判
内閣府,沖縄開発事業費,特定土砂災害対策推進事業費補助,1,該当なし,0%,0,沖縄振興は地域産業政策。フリードマンは地域補助を批判
内閣府,沖縄開発事業費,地域連携道路事業費補助,37,該当なし,0%,0,沖縄振興は地域産業政策。フリードマンは地域補助を批判
内閣府,沖縄開発事業費,道路更新防災等対策事業費補助,15,該当なし,0%,0,沖縄振興は地域産業政策。フリードマンは地域補助を批判
内閣府,沖縄開発事業費,港湾改修費補助,4,該当なし,0%,0,沖縄振興は地域産業政策。フリードマンは地域補助を批判
内閣府,沖縄開発事業費,道路交通安全施設等整備事業費補助,7,該当なし,0%,0,沖縄振興は地域産業政策。フリードマンは地域補助を批判
内閣府,沖縄開発事業費,無電柱化推進事業費補助,9,該当なし,0%,0,沖縄振興は地域産業政策。フリードマンは地域補助を批判
内閣府,沖縄開発事業費,水道施設整備費補助,33,該当なし,0%,0,沖縄振興は地域産業政策。フリードマンは地域補助を批判
内閣府,沖縄開発事業費,農業農村整備事業費補助,69,該当なし,0%,0,沖縄振興は地域産業政策。フリードマンは地域補助を批判
内閣府,沖縄開発事業費,森林環境保全整備事業費補助,3,該当なし,0%,0,沖縄振興は地域産業政策。フリードマンは地域補助を批判
内閣府,沖縄開発事業費,水産基盤整備事業費補助,33,該当なし,0%,0,沖縄振興は地域産業政策。フリードマンは地域補助を批判
内閣府,沖縄開発事業費,循環型社会形成推進交付金,12,該当なし,0%,0,沖縄振興は地域産業政策。フリードマンは地域補助を批判
内閣府,沖縄開発事業費,社会資本整備総合交付金,102,該当なし,0%,0,沖縄振興は地域産業政策。フリードマンは地域補助を批判
内閣府,沖縄開発事業費,防災・安全交付金,65,該当なし,0%,0,沖縄振興は地域産業政策。フリードマンは地域補助を批判
内閣府,沖縄北部連携促進特別振興対策特定開発事業推進費,(沖縄北部連携促進特別振興対策特定開発事業推進費),26,該当なし,0%,0,沖縄振興は地域産業政策。フリードマンは地域補助を批判
内閣府,共生・共助政策費,諸謝金,7,該当なし,0%,0,上記以外の内閣府支出は各種補助・政策調整でフリードマン役割外
内閣府,共生・共助政策費,庁費,1,該当なし,0%,0,上記以外の内閣府支出は各種補助・政策調整でフリードマン役割外
内閣府,共生・共助政策費,青年の船運航費,10,該当なし,0%,0,上記以外の内閣府支出は各種補助・政策調整でフリードマン役割外
内閣府,孤独・孤立対策推進費,諸謝金,1,該当なし,0%,0,上記以外の内閣府支出は各種補助・政策調整でフリードマン役割外
内閣府,孤独・孤立対策推進費,孤独・孤立対策推進交付金,1,該当なし,0%,0,上記以外の内閣府支出は各種補助・政策調整でフリードマン役割外
内閣府,重要土地等調査費,重要土地等調査委託費,6,該当なし,0%,0,上記以外の内閣府支出は各種補助・政策調整でフリードマン役割外
内閣府,経済安全保障確保推進費,諸謝金,3,該当なし,0%,0,上記以外の内閣府支出は各種補助・政策調整でフリードマン役割外
内閣府,経済安全保障確保推進費,職員旅費,1,該当なし,0%,0,上記以外の内閣府支出は各種補助・政策調整でフリードマン役割外
内閣府,経済安全保障確保推進費,情報処理業務庁費,2,該当なし,0%,0,上記以外の内閣府支出は各種補助・政策調整でフリードマン役割外
内閣府,経済安全保障確保推進費,特定重要技術調査研究委託費,1,該当なし,0%,0,上記以外の内閣府支出は各種補助・政策調整でフリードマン役割外
内閣府,栄典行政費,褒賞品製造費,29,該当なし,0%,0,上記以外の内閣府支出は各種補助・政策調整でフリードマン役割外
内閣府,男女共同参画社会形成促進費,諸謝金,2,該当なし,0%,0,上記以外の内閣府支出は各種補助・政策調整でフリードマン役割外
内閣府,男女共同参画社会形成促進費,地域女性活躍推進交付金,3,該当なし,0%,0,上記以外の内閣府支出は各種補助・政策調整でフリードマン役割外
内閣府,男女共同参画社会形成促進費,性暴力・配偶者暴力被害者等支援交付金,8,該当なし,0%,0,上記以外の内閣府支出は各種補助・政策調整でフリードマン役割外
内閣府,独立行政法人男女共同参画機構運営費,独立行政法人男女共同参画機構運営費交付金,7,該当なし,0%,0,上記以外の内閣府支出は各種補助・政策調整でフリードマン役割外
内閣府,食品安全政策費,食品健康影響評価技術研究委託費,2,該当なし,0%,0,上記以外の内閣府支出は各種補助・政策調整でフリードマン役割外
内閣府,経済社会総合研究所,職員基本給,7,該当なし,0%,0,上記以外の内閣府支出は各種補助・政策調整でフリードマン役割外
内閣府,経済社会総合研究所,職員諸手当,4,該当なし,0%,0,上記以外の内閣府支出は各種補助・政策調整でフリードマン役割外
内閣府,経済社会総合研究所,超過勤務手当,1,該当なし,0%,0,上記以外の内閣府支出は各種補助・政策調整でフリードマン役割外
内閣府,経済社会総合研究所,短時間勤務職員給与,1,該当なし,0%,0,上記以外の内閣府支出は各種補助・政策調整でフリードマン役割外
内閣府,経済社会総合研究所,景気動向調査費,1,該当なし,0%,0,上記以外の内閣府支出は各種補助・政策調整でフリードマン役割外
内閣府,経済社会総合研究所,試験研究費,3,該当なし,0%,0,上記以外の内閣府支出は各種補助・政策調整でフリードマン役割外
内閣府,経済社会総合研究所,経済調査等委託費,1,該当なし,0%,0,上記以外の内閣府支出は各種補助・政策調整でフリードマン役割外
内閣府,迎賓施設運営費,迎賓施設業務庁費,22,該当なし,0%,0,上記以外の内閣府支出は各種補助・政策調整でフリードマン役割外
内閣府,日本学術会議運営費,日本学術会議補助金,7,該当なし,0%,0,上記以外の内閣府支出は各種補助・政策調整でフリードマン役割外
内閣府,航空機燃料税財源沖縄空港整備事業費自動車安全特別会計へ繰入,航空機燃料税財源の自動車安全特別会計へ繰入,17,該当なし,0%,0,沖縄振興は地域産業政策。フリードマンは地域補助を批判
内閣府,地方創生推進事務局,職員基本給,1,該当なし,0%,0,上記以外の内閣府支出は各種補助・政策調整でフリードマン役割外
内閣府,地方創生推進事務局,庁費,1,該当なし,0%,0,上記以外の内閣府支出は各種補助・政策調整でフリードマン役割外
内閣府,地方創生推進事務局,地方創生推進委託費,9,該当なし,0%,0,上記以外の内閣府支出は各種補助・政策調整でフリードマン役割外
内閣府,地方創生推進事務局,地域再生支援利子補給金,3,該当なし,0%,0,上記以外の内閣府支出は各種補助・政策調整でフリードマン役割外
内閣府,地方創生推進事務局,総合特区支援利子補給金,3,該当なし,0%,0,上記以外の内閣府支出は各種補助・政策調整でフリードマン役割外
内閣府,地方創生推進費,地方大学・地域産業創生交付金,5,該当なし,0%,0,上記以外の内閣府支出は各種補助・政策調整でフリードマン役割外
内閣府,特定地域づくり事業推進費,特定地域づくり事業推進交付金,6,該当なし,0%,0,上記以外の内閣府支出は各種補助・政策調整でフリードマン役割外
内閣府,知的財産戦略推進事務局,諸謝金,1,該当なし,0%,0,上記以外の内閣府支出は各種補助・政策調整でフリードマン役割外
内閣府,科学技術・イノベーション推進事務局,職員基本給,4,一部⑨,50%,2,科学技術振興は正の知識外部効果を持つ。ただし産業政策的要素も
内閣府,科学技術・イノベーション推進事務局,職員諸手当,2,一部⑨,50%,1,科学技術振興は正の知識外部効果を持つ。ただし産業政策的要素も
内閣府,科学技術・イノベーション推進事務局,超過勤務手当,1,一部⑨,50%,0,科学技術振興は正の知識外部効果を持つ。ただし産業政策的要素も
内閣府,科学技術・イノベーション推進事務局,非常勤職員手当,1,一部⑨,50%,0,科学技術振興は正の知識外部効果を持つ。ただし産業政策的要素も
内閣府,科学技術・イノベーション推進事務局,庁費,1,一部⑨,50%,0,科学技術振興は正の知識外部効果を持つ。ただし産業政策的要素も
内閣府,科学技術・イノベーション推進事務局,科学技術振興調査等委託費,4,一部⑨,50%,2,科学技術振興は正の知識外部効果を持つ。ただし産業政策的要素も
内閣府,科学技術・イノベーション推進事務局,科学技術基礎調査等委託費,6,一部⑨,50%,3,科学技術振興は正の知識外部効果を持つ。ただし産業政策的要素も
内閣府,科学技術・イノベーション推進事務局,国際連合開発計画等拠出金,13,一部⑨,50%,6,科学技術振興は正の知識外部効果を持つ。ただし産業政策的要素も
内閣府,科学技術イノベーション創造推進費,(科学技術イノベーション創造推進費),594,一部⑨,50%,297,科学技術振興は正の知識外部効果を持つ。ただし産業政策的要素も
内閣府,健康・医療戦略推進事務局,諸謝金,1,該当なし,0%,0,上記以外の内閣府支出は各種補助・政策調整でフリードマン役割外
内閣府,健康・医療戦略推進事務局,庁費,1,該当なし,0%,0,上記以外の内閣府支出は各種補助・政策調整でフリードマン役割外
内閣府,宇宙開発戦略推進事務局,職員基本給,3,該当なし,0%,0,上記以外の内閣府支出は各種補助・政策調整でフリードマン役割外
内閣府,宇宙開発戦略推進事務局,職員諸手当,2,該当なし,0%,0,上記以外の内閣府支出は各種補助・政策調整でフリードマン役割外
内閣府,宇宙開発戦略推進事務局,超過勤務手当,1,該当なし,0%,0,上記以外の内閣府支出は各種補助・政策調整でフリードマン役割外
内閣府,宇宙開発戦略推進事務局,非常勤職員手当,1,該当なし,0%,0,上記以外の内閣府支出は各種補助・政策調整でフリードマン役割外
内閣府,宇宙開発戦略推進事務局,職員旅費,1,該当なし,0%,0,上記以外の内閣府支出は各種補助・政策調整でフリードマン役割外
内閣府,宇宙開発戦略推進事務局,庁費,1,該当なし,0%,0,上記以外の内閣府支出は各種補助・政策調整でフリードマン役割外
内閣府,宇宙開発戦略推進事務局,実用準天頂衛星業務庁費,4,該当なし,0%,0,上記以外の内閣府支出は各種補助・政策調整でフリードマン役割外
内閣府,宇宙開発戦略推進事務局,土地建物借料,1,該当なし,0%,0,上記以外の内閣府支出は各種補助・政策調整でフリードマン役割外
内閣府,宇宙開発戦略推進事務局,公共施設等維持管理運営費,133,該当なし,0%,0,上記以外の内閣府支出は各種補助・政策調整でフリードマン役割外
内閣府,宇宙開発戦略推進事務局,宇宙開発利用推進調査委託費,7,該当なし,0%,0,上記以外の内閣府支出は各種補助・政策調整でフリードマン役割外
内閣府,宇宙開発戦略推進事務局,実用準天頂衛星システム開発等委託費,31,該当なし,0%,0,上記以外の内閣府支出は各種補助・政策調整でフリードマン役割外
内閣府,宇宙開発利用推進費,宇宙開発利用推進研究開発委託費,21,該当なし,0%,0,上記以外の内閣府支出は各種補助・政策調整でフリードマン役割外
内閣府,北方対策本部,職員基本給,1,該当なし,0%,0,上記以外の内閣府支出は各種補助・政策調整でフリードマン役割外
内閣府,北方対策本部,諸謝金,1,該当なし,0%,0,上記以外の内閣府支出は各種補助・政策調整でフリードマン役割外
内閣府,北方対策本部,北方地域旧漁業権者等貸付事業費補助金,2,該当なし,0%,0,上記以外の内閣府支出は各種補助・政策調整でフリードマン役割外
内閣府,独立行政法人北方領土問題対策協会運営費,独立行政法人北方領土問題対策協会一般業務勘定運営費交付金,13,該当なし,0%,0,上記以外の内閣府支出は各種補助・政策調整でフリードマン役割外
内閣府,総合海洋政策推進事務局,職員基本給,1,該当なし,0%,0,上記以外の内閣府支出は各種補助・政策調整でフリードマン役割外
内閣府,総合海洋政策推進事務局,職員諸手当,1,該当なし,0%,0,上記以外の内閣府支出は各種補助・政策調整でフリードマン役割外
内閣府,海洋開発等重点戦略推進費,海洋開発等重点戦略推進調査費,6,該当なし,0%,0,上記以外の内閣府支出は各種補助・政策調整でフリードマン役割外
内閣府,有人国境離島政策推進費,特定有人国境離島地域社会維持推進交付金,55,該当なし,0%,0,上記以外の内閣府支出は各種補助・政策調整でフリードマン役割外
内閣府,国際平和協力本部,職員基本給,1,該当なし,0%,0,上記以外の内閣府支出は各種補助・政策調整でフリードマン役割外
内閣府,国際平和協力本部,職員諸手当,1,該当なし,0%,0,上記以外の内閣府支出は各種補助・政策調整でフリードマン役割外
内閣府,国際平和協力本部,国際平和協力業務旅費,1,該当なし,0%,0,上記以外の内閣府支出は各種補助・政策調整でフリードマン役割外
内閣府,国際平和協力本部,庁費,1,該当なし,0%,0,上記以外の内閣府支出は各種補助・政策調整でフリードマン役割外
内閣府,国際平和協力本部,国際平和協力業務庁費,3,該当なし,0%,0,上記以外の内閣府支出は各種補助・政策調整でフリードマン役割外
内閣府,日本学術会議,職員基本給,1,該当なし,0%,0,上記以外の内閣府支出は各種補助・政策調整でフリードマン役割外
内閣府,日本学術会議,職員諸手当,1,該当なし,0%,0,上記以外の内閣府支出は各種補助・政策調整でフリードマン役割外
内閣府,日本学術会議,委員手当,1,該当なし,0%,0,上記以外の内閣府支出は各種補助・政策調整でフリードマン役割外
内閣府,日本学術会議,会員手当,1,該当なし,0%,0,上記以外の内閣府支出は各種補助・政策調整でフリードマン役割外
内閣府,日本学術会議,国際学術連合会議等分担金,2,該当なし,0%,0,上記以外の内閣府支出は各種補助・政策調整でフリードマン役割外
内閣府,官民人材交流センター,職員基本給,1,該当なし,0%,0,上記以外の内閣府支出は各種補助・政策調整でフリードマン役割外
内閣府,官民人材交流センター,職員諸手当,1,該当なし,0%,0,上記以外の内閣府支出は各種補助・政策調整でフリードマン役割外
内閣府,沖縄総合事務局,職員基本給,26,該当なし,0%,0,沖縄振興は地域産業政策。フリードマンは地域補助を批判
内閣府,沖縄総合事務局,職員諸手当,14,該当なし,0%,0,沖縄振興は地域産業政策。フリードマンは地域補助を批判
内閣府,沖縄総合事務局,超過勤務手当,2,該当なし,0%,0,沖縄振興は地域産業政策。フリードマンは地域補助を批判
内閣府,沖縄総合事務局,非常勤職員手当,2,該当なし,0%,0,沖縄振興は地域産業政策。フリードマンは地域補助を批判
内閣府,沖縄総合事務局,短時間勤務職員給与,1,該当なし,0%,0,沖縄振興は地域産業政策。フリードマンは地域補助を批判
内閣府,沖縄総合事務局,児童手当,1,該当なし,0%,0,沖縄振興は地域産業政策。フリードマンは地域補助を批判
内閣府,沖縄総合事務局,職員旅費,1,該当なし,0%,0,沖縄振興は地域産業政策。フリードマンは地域補助を批判
内閣府,沖縄総合事務局,庁費,7,該当なし,0%,0,沖縄振興は地域産業政策。フリードマンは地域補助を批判
内閣府,沖縄総合事務局,情報処理業務庁費,1,該当なし,0%,0,沖縄振興は地域産業政策。フリードマンは地域補助を批判
内閣府,沖縄総合事務局,各所修繕,1,該当なし,0%,0,沖縄振興は地域産業政策。フリードマンは地域補助を批判
内閣府,沖縄総合事務局,国有資産所在市町村交付金,1,該当なし,0%,0,沖縄振興は地域産業政策。フリードマンは地域補助を批判
内閣府,沖縄治水事業工事諸費,職員基本給,1,該当なし,0%,0,沖縄振興は地域産業政策。フリードマンは地域補助を批判
内閣府,沖縄治水事業工事諸費,職員諸手当,1,該当なし,0%,0,沖縄振興は地域産業政策。フリードマンは地域補助を批判
内閣府,沖縄治水事業工事諸費,工事雑費,1,該当なし,0%,0,沖縄振興は地域産業政策。フリードマンは地域補助を批判
内閣府,沖縄治水事業工事諸費,国有資産所在市町村交付金,13,該当なし,0%,0,沖縄振興は地域産業政策。フリードマンは地域補助を批判
内閣府,沖縄治水事業工事諸費,精算還付金,2,該当なし,0%,0,沖縄振興は地域産業政策。フリードマンは地域補助を批判
内閣府,沖縄道路整備事業工事諸費,職員基本給,4,該当なし,0%,0,沖縄振興は地域産業政策。フリードマンは地域補助を批判
内閣府,沖縄道路整備事業工事諸費,職員諸手当,2,該当なし,0%,0,沖縄振興は地域産業政策。フリードマンは地域補助を批判
内閣府,沖縄道路整備事業工事諸費,超過勤務手当,1,該当なし,0%,0,沖縄振興は地域産業政策。フリードマンは地域補助を批判
内閣府,沖縄道路整備事業工事諸費,退職手当,1,該当なし,0%,0,沖縄振興は地域産業政策。フリードマンは地域補助を批判
内閣府,沖縄道路整備事業工事諸費,庁費,1,該当なし,0%,0,沖縄振興は地域産業政策。フリードマンは地域補助を批判
内閣府,沖縄道路整備事業工事諸費,工事雑費,3,該当なし,0%,0,沖縄振興は地域産業政策。フリードマンは地域補助を批判
内閣府,沖縄道路整備事業工事諸費,国家公務員共済組合負担金,1,該当なし,0%,0,沖縄振興は地域産業政策。フリードマンは地域補助を批判
内閣府,沖縄港湾空港整備事業工事諸費,職員基本給,3,該当なし,0%,0,沖縄振興は地域産業政策。フリードマンは地域補助を批判
内閣府,沖縄港湾空港整備事業工事諸費,職員諸手当,2,該当なし,0%,0,沖縄振興は地域産業政策。フリードマンは地域補助を批判
内閣府,沖縄港湾空港整備事業工事諸費,退職手当,1,該当なし,0%,0,沖縄振興は地域産業政策。フリードマンは地域補助を批判
内閣府,沖縄港湾空港整備事業工事諸費,庁費,1,該当なし,0%,0,沖縄振興は地域産業政策。フリードマンは地域補助を批判
内閣府,沖縄港湾空港整備事業工事諸費,工事雑費,2,該当なし,0%,0,沖縄振興は地域産業政策。フリードマンは地域補助を批判
内閣府,沖縄港湾空港整備事業工事諸費,国家公務員共済組合負担金,1,該当なし,0%,0,沖縄振興は地域産業政策。フリードマンは地域補助を批判
内閣府,沖縄国営公園事業工事諸費,職員基本給,1,該当なし,0%,0,沖縄振興は地域産業政策。フリードマンは地域補助を批判
内閣府,沖縄農業農村整備事業工事諸費,職員基本給,3,該当なし,0%,0,沖縄振興は地域産業政策。フリードマンは地域補助を批判
内閣府,沖縄農業農村整備事業工事諸費,職員諸手当,2,該当なし,0%,0,沖縄振興は地域産業政策。フリードマンは地域補助を批判
内閣府,沖縄農業農村整備事業工事諸費,退職手当,1,該当なし,0%,0,沖縄振興は地域産業政策。フリードマンは地域補助を批判
内閣府,沖縄農業農村整備事業工事諸費,工事雑費,1,該当なし,0%,0,沖縄振興は地域産業政策。フリードマンは地域補助を批判
内閣府,沖縄農業農村整備事業工事諸費,国家公務員共済組合負担金,1,該当なし,0%,0,沖縄振興は地域産業政策。フリードマンは地域補助を批判
内閣府,宮内庁,職員基本給,53,該当なし,0%,0,上記以外の内閣府支出は各種補助・政策調整でフリードマン役割外
内閣府,宮内庁,職員諸手当,30,該当なし,0%,0,上記以外の内閣府支出は各種補助・政策調整でフリードマン役割外
内閣府,宮内庁,超過勤務手当,7,該当なし,0%,0,上記以外の内閣府支出は各種補助・政策調整でフリードマン役割外
内閣府,宮内庁,非常勤職員手当,5,該当なし,0%,0,上記以外の内閣府支出は各種補助・政策調整でフリードマン役割外
内閣府,宮内庁,短時間勤務職員給与,3,該当なし,0%,0,上記以外の内閣府支出は各種補助・政策調整でフリードマン役割外
内閣府,宮内庁,退職手当,8,該当なし,0%,0,上記以外の内閣府支出は各種補助・政策調整でフリードマン役割外
内閣府,宮内庁,児童手当,1,該当なし,0%,0,上記以外の内閣府支出は各種補助・政策調整でフリードマン役割外
内閣府,宮内庁,皇室活動随伴等旅費,1,該当なし,0%,0,上記以外の内閣府支出は各種補助・政策調整でフリードマン役割外
内閣府,宮内庁,庁費,5,該当なし,0%,0,上記以外の内閣府支出は各種補助・政策調整でフリードマン役割外
内閣府,宮内庁,病院費,1,該当なし,0%,0,上記以外の内閣府支出は各種補助・政策調整でフリードマン役割外
内閣府,宮内庁,国家公務員共済組合負担金,14,該当なし,0%,0,上記以外の内閣府支出は各種補助・政策調整でフリードマン役割外
内閣府,宮内庁,基礎年金等国家公務員共済組合負担金,3,該当なし,0%,0,上記以外の内閣府支出は各種補助・政策調整でフリードマン役割外
内閣府,公正取引委員会,職員基本給,49,⑥,100%,49,公正な競争秩序の維持は競争促進に直結
内閣府,公正取引委員会,職員諸手当,26,⑥,100%,26,公正な競争秩序の維持は競争促進に直結
内閣府,公正取引委員会,超過勤務手当,6,⑥,100%,6,公正な競争秩序の維持は競争促進に直結
内閣府,公正取引委員会,非常勤職員手当,8,⑥,100%,8,公正な競争秩序の維持は競争促進に直結
内閣府,公正取引委員会,退職手当,5,⑥,100%,5,公正な競争秩序の維持は競争促進に直結
内閣府,公正取引委員会,児童手当,1,⑥,100%,1,公正な競争秩序の維持は競争促進に直結
内閣府,公正取引委員会,職員旅費,1,⑥,100%,1,公正な競争秩序の維持は競争促進に直結
内閣府,公正取引委員会,審査活動旅費,1,⑥,100%,1,公正な競争秩序の維持は競争促進に直結
内閣府,公正取引委員会,庁費,7,⑥,100%,7,公正な競争秩序の維持は競争促進に直結
内閣府,公正取引委員会,経済実態等調査費,2,⑥,100%,2,公正な競争秩序の維持は競争促進に直結
内閣府,公正取引委員会,審査活動費,3,⑥,100%,3,公正な競争秩序の維持は競争促進に直結
内閣府,公正取引委員会,競争政策推進委託費,1,⑥,100%,1,公正な競争秩序の維持は競争促進に直結
内閣府,公正取引委員会,国家公務員共済組合負担金,13,⑥,100%,13,公正な競争秩序の維持は競争促進に直結
内閣府,公正取引委員会,基礎年金等国家公務員共済組合負担金,3,⑥,100%,3,公正な競争秩序の維持は競争促進に直結
内閣府,公正取引委員会施設費,施設整備費,1,⑥,100%,1,公正な競争秩序の維持は競争促進に直結
内閣府,警察庁共通費,職員基本給,403,①,100%,403,警察は国内の法と秩序の維持の中心機関
内閣府,警察庁共通費,職員諸手当,223,①,100%,223,警察は国内の法と秩序の維持の中心機関
内閣府,警察庁共通費,超過勤務手当,49,①,100%,49,警察は国内の法と秩序の維持の中心機関
内閣府,警察庁共通費,非常勤職員手当,7,①,100%,7,警察は国内の法と秩序の維持の中心機関
内閣府,警察庁共通費,休職者給与,2,①,100%,2,警察は国内の法と秩序の維持の中心機関
内閣府,警察庁共通費,国際機関等派遣職員給与,1,①,100%,1,警察は国内の法と秩序の維持の中心機関
内閣府,警察庁共通費,短時間勤務職員給与,7,①,100%,7,警察は国内の法と秩序の維持の中心機関
内閣府,警察庁共通費,公務災害補償費,2,①,100%,2,警察は国内の法と秩序の維持の中心機関
内閣府,警察庁共通費,退職手当,89,①,100%,89,警察は国内の法と秩序の維持の中心機関
内閣府,警察庁共通費,児童手当,7,①,100%,7,警察は国内の法と秩序の維持の中心機関
内閣府,警察庁共通費,報償費,1,①,100%,1,警察は国内の法と秩序の維持の中心機関
内閣府,警察庁共通費,職員旅費,3,①,100%,3,警察は国内の法と秩序の維持の中心機関
内閣府,警察庁共通費,外国留学旅費,1,①,100%,1,警察は国内の法と秩序の維持の中心機関
内閣府,警察庁共通費,赴任旅費,3,①,100%,3,警察は国内の法と秩序の維持の中心機関
内閣府,警察庁共通費,外国人招へい旅費,1,①,100%,1,警察は国内の法と秩序の維持の中心機関
内閣府,警察庁共通費,庁費,52,①,100%,52,警察は国内の法と秩序の維持の中心機関
内閣府,警察庁共通費,土地建物借料,1,①,100%,1,警察は国内の法と秩序の維持の中心機関
内閣府,警察庁共通費,各所修繕,5,①,100%,5,警察は国内の法と秩序の維持の中心機関
内閣府,警察庁共通費,国家公務員共済組合負担金,156,①,100%,156,警察は国内の法と秩序の維持の中心機関
内閣府,警察庁共通費,国有資産所在市町村交付金,1,①,100%,1,警察は国内の法と秩序の維持の中心機関
内閣府,警察庁共通費,国際刑事警察会議等分担金,14,①,100%,14,警察は国内の法と秩序の維持の中心機関
内閣府,警察庁施設費,施設施工庁費,5,①,100%,5,警察は国内の法と秩序の維持の中心機関
内閣府,警察庁施設費,警察庁施設費,89,①,100%,89,警察は国内の法と秩序の維持の中心機関
内閣府,警察庁施設費,通信施設整備費,1,①,100%,1,警察は国内の法と秩序の維持の中心機関
内閣府,匿名・流動型犯罪グループ対策費,警察装備費,3,該当なし,0%,0,上記以外の内閣府支出は各種補助・政策調整でフリードマン役割外
内閣府,犯罪被害者等支援推進費,犯罪被害給付金,18,該当なし,0%,0,上記以外の内閣府支出は各種補助・政策調整でフリードマン役割外
内閣府,犯罪被害者等支援推進費,警察装備費,1,該当なし,0%,0,上記以外の内閣府支出は各種補助・政策調整でフリードマン役割外
内閣府,犯罪被害者等支援推進費,犯罪被害者等支援補助金,1,該当なし,0%,0,上記以外の内閣府支出は各種補助・政策調整でフリードマン役割外
内閣府,警察情報通信基盤費,警察通信機器整備費,57,①,100%,57,警察は国内の法と秩序の維持の中心機関
内閣府,警察情報通信基盤費,警察通信維持費,138,①,100%,138,警察は国内の法と秩序の維持の中心機関
内閣府,生活安全警察費,警察装備費,1,①,100%,1,警察は国内の法と秩序の維持の中心機関
内閣府,刑事警察費,警察装備費,1,①,100%,1,警察は国内の法と秩序の維持の中心機関
内閣府,組織犯罪対策費,警察装備費,1,該当なし,0%,0,上記以外の内閣府支出は各種補助・政策調整でフリードマン役割外
内閣府,交通警察費,警察装備費,1,①,100%,1,警察は国内の法と秩序の維持の中心機関
内閣府,交通警察費,都道府県警察施設整備費補助金,165,①,100%,165,警察は国内の法と秩序の維持の中心機関
内閣府,交通反則者納金財源交通安全対策特別交付金等交付税及び譲与税配付金特別会計へ繰入,交通反則者納金財源の交付税及び譲与税配付金特別会計へ繰入,433,該当なし,0%,0,上記以外の内閣府支出は各種補助・政策調整でフリードマン役割外
内閣府,警備警察費,活動旅費,1,①,100%,1,警察は国内の法と秩序の維持の中心機関
内閣府,警備警察費,警察装備費,8,①,100%,8,警察は国内の法と秩序の維持の中心機関
内閣府,警備警察費,千葉県警察成田国際空港警備隊費補助金,73,①,100%,73,警察は国内の法と秩序の維持の中心機関
内閣府,警備警察費,福岡県警察及沖縄県警察国境離島警備隊費補助金,27,①,100%,27,警察は国内の法と秩序の維持の中心機関
内閣府,皇宮警察本部,職員基本給,47,①,100%,47,警察は国内の法と秩序の維持の中心機関
内閣府,皇宮警察本部,職員諸手当,21,①,100%,21,警察は国内の法と秩序の維持の中心機関
内閣府,皇宮警察本部,超過勤務手当,12,①,100%,12,警察は国内の法と秩序の維持の中心機関
内閣府,皇宮警察本部,短時間勤務職員給与,1,①,100%,1,警察は国内の法と秩序の維持の中心機関
内閣府,皇宮警察本部,児童手当,1,①,100%,1,警察は国内の法と秩序の維持の中心機関
内閣府,皇宮警察本部,活動旅費,2,①,100%,2,警察は国内の法と秩序の維持の中心機関
内閣府,皇宮警察本部,庁費,1,①,100%,1,警察は国内の法と秩序の維持の中心機関
内閣府,皇宮警察本部,警察装備費,4,①,100%,4,警察は国内の法と秩序の維持の中心機関
内閣府,皇宮警察本部,電子計算機等借料,1,①,100%,1,警察は国内の法と秩序の維持の中心機関
内閣府,サイバー警察費,警察装備費,29,①,100%,29,警察は国内の法と秩序の維持の中心機関
内閣府,科学警察研究所,職員基本給,7,①,100%,7,警察は国内の法と秩序の維持の中心機関
内閣府,科学警察研究所,職員諸手当,4,①,100%,4,警察は国内の法と秩序の維持の中心機関
内閣府,科学警察研究所,庁費,1,①,100%,1,警察は国内の法と秩序の維持の中心機関
内閣府,科学警察研究所,試験研究費,7,①,100%,7,警察は国内の法と秩序の維持の中心機関
内閣府,警察活動基盤整備費,諸謝金,20,①,100%,20,警察は国内の法と秩序の維持の中心機関
内閣府,警察活動基盤整備費,活動旅費,64,①,100%,64,警察は国内の法と秩序の維持の中心機関
内閣府,警察活動基盤整備費,入校生旅費,27,①,100%,27,警察は国内の法と秩序の維持の中心機関
内閣府,警察活動基盤整備費,校費,26,①,100%,26,警察は国内の法と秩序の維持の中心機関
内閣府,警察活動基盤整備費,情報処理業務庁費,12,①,100%,12,警察は国内の法と秩序の維持の中心機関
内閣府,警察活動基盤整備費,警察装備費,134,①,100%,134,警察は国内の法と秩序の維持の中心機関
内閣府,警察活動基盤整備費,車両購入費,4,①,100%,4,警察は国内の法と秩序の維持の中心機関
内閣府,警察活動基盤整備費,捜査費,29,①,100%,29,警察は国内の法と秩序の維持の中心機関
内閣府,警察活動基盤整備費,航空機購入費,5,①,100%,5,警察は国内の法と秩序の維持の中心機関
内閣府,警察活動基盤整備費,都道府県警察費補助金,309,①,100%,309,警察は国内の法と秩序の維持の中心機関
内閣府,警察活動基盤整備費,都道府県警察施設整備費補助金,57,①,100%,57,警察は国内の法と秩序の維持の中心機関
内閣府,個人情報保護委員会,職員基本給,14,該当なし,0%,0,上記以外の内閣府支出は各種補助・政策調整でフリードマン役割外
内閣府,個人情報保護委員会,職員諸手当,7,該当なし,0%,0,上記以外の内閣府支出は各種補助・政策調整でフリードマン役割外
内閣府,個人情報保護委員会,超過勤務手当,2,該当なし,0%,0,上記以外の内閣府支出は各種補助・政策調整でフリードマン役割外
内閣府,個人情報保護委員会,非常勤職員手当,1,該当なし,0%,0,上記以外の内閣府支出は各種補助・政策調整でフリードマン役割外
内閣府,個人情報保護委員会,退職手当,1,該当なし,0%,0,上記以外の内閣府支出は各種補助・政策調整でフリードマン役割外
内閣府,個人情報保護委員会,職員旅費,1,該当なし,0%,0,上記以外の内閣府支出は各種補助・政策調整でフリードマン役割外
内閣府,個人情報保護委員会,庁費,1,該当なし,0%,0,上記以外の内閣府支出は各種補助・政策調整でフリードマン役割外
内閣府,個人情報保護委員会,個人情報保護業務庁費,8,該当なし,0%,0,上記以外の内閣府支出は各種補助・政策調整でフリードマン役割外
内閣府,カジノ管理委員会,職員基本給,10,該当なし,0%,0,上記以外の内閣府支出は各種補助・政策調整でフリードマン役割外
内閣府,カジノ管理委員会,職員諸手当,6,該当なし,0%,0,上記以外の内閣府支出は各種補助・政策調整でフリードマン役割外
内閣府,カジノ管理委員会,超過勤務手当,1,該当なし,0%,0,上記以外の内閣府支出は各種補助・政策調整でフリードマン役割外
内閣府,カジノ管理委員会,非常勤職員手当,1,該当なし,0%,0,上記以外の内閣府支出は各種補助・政策調整でフリードマン役割外
内閣府,カジノ管理委員会,退職手当,1,該当なし,0%,0,上記以外の内閣府支出は各種補助・政策調整でフリードマン役割外
内閣府,カジノ管理委員会,カジノ事業監督等業務旅費,2,該当なし,0%,0,上記以外の内閣府支出は各種補助・政策調整でフリードマン役割外
内閣府,カジノ管理委員会,庁費,3,該当なし,0%,0,上記以外の内閣府支出は各種補助・政策調整でフリードマン役割外
内閣府,カジノ管理委員会,情報処理業務庁費,2,該当なし,0%,0,上記以外の内閣府支出は各種補助・政策調整でフリードマン役割外
内閣府,カジノ管理委員会,カジノ事業監督等業務庁費,3,該当なし,0%,0,上記以外の内閣府支出は各種補助・政策調整でフリードマン役割外
内閣府,カジノ管理委員会,カジノ事業免許等審査業務庁費,2,該当なし,0%,0,上記以外の内閣府支出は各種補助・政策調整でフリードマン役割外
内閣府,カジノ管理委員会,土地建物借料,4,該当なし,0%,0,上記以外の内閣府支出は各種補助・政策調整でフリードマン役割外
内閣府,カジノ管理委員会,国家公務員共済組合負担金,2,該当なし,0%,0,上記以外の内閣府支出は各種補助・政策調整でフリードマン役割外
内閣府,カジノ管理委員会,基礎年金等国家公務員共済組合負担金,1,該当なし,0%,0,上記以外の内閣府支出は各種補助・政策調整でフリードマン役割外
内閣府,サイバー通信情報監理委員会,職員基本給,4,該当なし,0%,0,上記以外の内閣府支出は各種補助・政策調整でフリードマン役割外
内閣府,サイバー通信情報監理委員会,職員諸手当,2,該当なし,0%,0,上記以外の内閣府支出は各種補助・政策調整でフリードマン役割外
内閣府,サイバー通信情報監理委員会,超過勤務手当,1,該当なし,0%,0,上記以外の内閣府支出は各種補助・政策調整でフリードマン役割外
内閣府,サイバー通信情報監理委員会,安全保障業務旅費,1,該当なし,0%,0,上記以外の内閣府支出は各種補助・政策調整でフリードマン役割外
内閣府,サイバー通信情報監理委員会,情報処理業務庁費,3,該当なし,0%,0,上記以外の内閣府支出は各種補助・政策調整でフリードマン役割外
内閣府,サイバー通信情報監理委員会,土地建物借料,2,該当なし,0%,0,上記以外の内閣府支出は各種補助・政策調整でフリードマン役割外
内閣府,サイバー通信情報監理委員会,国家公務員共済組合負担金,1,該当なし,0%,0,上記以外の内閣府支出は各種補助・政策調整でフリードマン役割外
内閣府,金融庁共通費,職員基本給,86,該当なし,0%,0,上記以外の内閣府支出は各種補助・政策調整でフリードマン役割外
内閣府,金融庁共通費,職員諸手当,46,該当なし,0%,0,上記以外の内閣府支出は各種補助・政策調整でフリードマン役割外
内閣府,金融庁共通費,超過勤務手当,18,該当なし,0%,0,上記以外の内閣府支出は各種補助・政策調整でフリードマン役割外
内閣府,金融庁共通費,非常勤職員手当,8,該当なし,0%,0,上記以外の内閣府支出は各種補助・政策調整でフリードマン役割外
内閣府,金融庁共通費,短時間勤務職員給与,1,該当なし,0%,0,上記以外の内閣府支出は各種補助・政策調整でフリードマン役割外
内閣府,金融庁共通費,退職手当,9,該当なし,0%,0,上記以外の内閣府支出は各種補助・政策調整でフリードマン役割外
内閣府,金融庁共通費,児童手当,1,該当なし,0%,0,上記以外の内閣府支出は各種補助・政策調整でフリードマン役割外
内閣府,金融庁共通費,職員旅費,4,該当なし,0%,0,上記以外の内閣府支出は各種補助・政策調整でフリードマン役割外
内閣府,金融庁共通費,外国留学旅費,1,該当なし,0%,0,上記以外の内閣府支出は各種補助・政策調整でフリードマン役割外
内閣府,金融庁共通費,庁費,8,該当なし,0%,0,上記以外の内閣府支出は各種補助・政策調整でフリードマン役割外
内閣府,金融庁共通費,公共施設等維持管理運営費,9,該当なし,0%,0,上記以外の内閣府支出は各種補助・政策調整でフリードマン役割外
内閣府,金融庁共通費,官民区分所有施設維持管理運営費,6,該当なし,0%,0,上記以外の内閣府支出は各種補助・政策調整でフリードマン役割外
内閣府,金融庁共通費,国家公務員共済組合負担金,23,該当なし,0%,0,上記以外の内閣府支出は各種補助・政策調整でフリードマン役割外
内閣府,金融庁共通費,基礎年金等国家公務員共済組合負担金,6,該当なし,0%,0,上記以外の内閣府支出は各種補助・政策調整でフリードマン役割外
内閣府,金融庁共通費,証券監督者国際機構等分担金,1,該当なし,0%,0,上記以外の内閣府支出は各種補助・政策調整でフリードマン役割外
内閣府,金融庁共通費,監査監督機関国際フォーラム拠出金,1,該当なし,0%,0,上記以外の内閣府支出は各種補助・政策調整でフリードマン役割外
内閣府,金融政策費,非常勤職員手当,1,該当なし,0%,0,上記以外の内閣府支出は各種補助・政策調整でフリードマン役割外
内閣府,金融政策費,金融政策業務旅費,3,該当なし,0%,0,上記以外の内閣府支出は各種補助・政策調整でフリードマン役割外
内閣府,金融政策費,金融政策業務庁費,5,該当なし,0%,0,上記以外の内閣府支出は各種補助・政策調整でフリードマン役割外
内閣府,金融政策費,金融経済教育推進事業費補助金,2,該当なし,0%,0,上記以外の内閣府支出は各種補助・政策調整でフリードマン役割外
内閣府,金融政策費,政府開発援助経済協力開発機構等拠出金,2,該当なし,0%,0,上記以外の内閣府支出は各種補助・政策調整でフリードマン役割外
内閣府,消費者庁共通費,職員基本給,25,一部⑥,50%,12,消費者保護の一部は市場の公正競争促進だが、規制的側面も含む
内閣府,消費者庁共通費,職員諸手当,13,一部⑥,50%,6,消費者保護の一部は市場の公正競争促進だが、規制的側面も含む
内閣府,消費者庁共通費,超過勤務手当,5,一部⑥,50%,2,消費者保護の一部は市場の公正競争促進だが、規制的側面も含む
内閣府,消費者庁共通費,非常勤職員手当,3,一部⑥,50%,1,消費者保護の一部は市場の公正競争促進だが、規制的側面も含む
内閣府,消費者庁共通費,退職手当,3,一部⑥,50%,1,消費者保護の一部は市場の公正競争促進だが、規制的側面も含む
内閣府,消費者庁共通費,庁費,4,一部⑥,50%,2,消費者保護の一部は市場の公正競争促進だが、規制的側面も含む
内閣府,消費者庁共通費,情報処理業務庁費,1,一部⑥,50%,0,消費者保護の一部は市場の公正競争促進だが、規制的側面も含む
内閣府,消費者政策費,非常勤職員手当,6,一部⑥,50%,3,消費者保護の一部は市場の公正競争促進だが、規制的側面も含む
内閣府,消費者政策費,職員旅費,1,一部⑥,50%,0,消費者保護の一部は市場の公正競争促進だが、規制的側面も含む
内閣府,消費者政策費,情報処理業務庁費,1,一部⑥,50%,0,消費者保護の一部は市場の公正競争促進だが、規制的側面も含む
内閣府,消費者政策費,消費者政策調査費,12,一部⑥,50%,6,消費者保護の一部は市場の公正競争促進だが、規制的側面も含む
内閣府,消費者政策費,消費者政策委託費,2,一部⑥,50%,1,消費者保護の一部は市場の公正競争促進だが、規制的側面も含む
内閣府,消費者政策費,地方消費者行政強化交付金,15,一部⑥,50%,7,消費者保護の一部は市場の公正競争促進だが、規制的側面も含む
内閣府,食品衛生基準政策費,食品等試験検査費,6,該当なし,0%,0,上記以外の内閣府支出は各種補助・政策調整でフリードマン役割外
内閣府,食品衛生基準政策費,食品衛生基準調査研究費,9,該当なし,0%,0,上記以外の内閣府支出は各種補助・政策調整でフリードマン役割外
内閣府,食品衛生基準政策費,食品衛生基準科学研究費補助金,2,該当なし,0%,0,上記以外の内閣府支出は各種補助・政策調整でフリードマン役割外
内閣府,食品衛生基準政策費,食品衛生基準行政推進調査事業費補助金,1,該当なし,0%,0,上記以外の内閣府支出は各種補助・政策調整でフリードマン役割外
内閣府,独立行政法人国民生活センター運営費,独立行政法人国民生活センター運営費交付金,32,該当なし,0%,0,上記以外の内閣府支出は各種補助・政策調整でフリードマン役割外
内閣府,こども家庭庁共通費,職員基本給,22,該当なし,0%,0,上記以外の内閣府支出は各種補助・政策調整でフリードマン役割外
内閣府,こども家庭庁共通費,職員諸手当,12,該当なし,0%,0,上記以外の内閣府支出は各種補助・政策調整でフリードマン役割外
内閣府,こども家庭庁共通費,超過勤務手当,7,該当なし,0%,0,上記以外の内閣府支出は各種補助・政策調整でフリードマン役割外
内閣府,こども家庭庁共通費,非常勤職員手当,1,該当なし,0%,0,上記以外の内閣府支出は各種補助・政策調整でフリードマン役割外
内閣府,こども家庭庁共通費,退職手当,1,該当なし,0%,0,上記以外の内閣府支出は各種補助・政策調整でフリードマン役割外
内閣府,こども家庭庁共通費,職員旅費,1,該当なし,0%,0,上記以外の内閣府支出は各種補助・政策調整でフリードマン役割外
内閣府,こども家庭庁共通費,委員等旅費,1,該当なし,0%,0,上記以外の内閣府支出は各種補助・政策調整でフリードマン役割外
内閣府,こども家庭庁共通費,庁費,15,該当なし,0%,0,上記以外の内閣府支出は各種補助・政策調整でフリードマン役割外
内閣府,こども家庭庁共通費,情報処理業務庁費,2,該当なし,0%,0,上記以外の内閣府支出は各種補助・政策調整でフリードマン役割外
内閣府,こども家庭庁共通費,土地建物借料,10,該当なし,0%,0,上記以外の内閣府支出は各種補助・政策調整でフリードマン役割外
内閣府,こども家庭庁共通費,国家公務員共済組合負担金,7,該当なし,0%,0,上記以外の内閣府支出は各種補助・政策調整でフリードマン役割外
内閣府,こども家庭庁共通費,基礎年金等国家公務員共済組合負担金,2,該当なし,0%,0,上記以外の内閣府支出は各種補助・政策調整でフリードマン役割外
内閣府,こども家庭庁共通費,賠償償還及払戻金,4,該当なし,0%,0,上記以外の内閣府支出は各種補助・政策調整でフリードマン役割外
内閣府,母子保健衛生対策費,旧優生保護補償金等支給等業務庁費,2,該当なし,0%,0,上記以外の内閣府支出は各種補助・政策調整でフリードマン役割外
内閣府,母子保健衛生対策費,母子保健衛生対策推進事業委託費,3,該当なし,0%,0,上記以外の内閣府支出は各種補助・政策調整でフリードマン役割外
内閣府,母子保健衛生対策費,母子保健衛生費補助金,56,該当なし,0%,0,上記以外の内閣府支出は各種補助・政策調整でフリードマン役割外
内閣府,母子保健衛生対策費,母子保健衛生医療費負担金,34,該当なし,0%,0,上記以外の内閣府支出は各種補助・政策調整でフリードマン役割外
内閣府,母子保健衛生対策費,旧優生保護補償金等支給等業務都道府県事務取扱交付金,4,該当なし,0%,0,上記以外の内閣府支出は各種補助・政策調整でフリードマン役割外
内閣府,保育対策費,保育対策事業費補助金,463,該当なし,0%,0,保育は市場で供給可能。政府補助は市場歪曲
内閣府,保育対策費,社会福祉施設職員等退職手当共済事業給付費補助金,206,該当なし,0%,0,保育は市場で供給可能。政府補助は市場歪曲
内閣府,児童手当等子ども・子育て支援特別会計へ繰入,児童手当子ども・子育て支援特別会計へ繰入,10108,該当なし,0%,0,普遍的な児童手当は所得再分配政策。負の所得税で代替可能
内閣府,児童手当等子ども・子育て支援特別会計へ繰入,妊婦のための支援給付事業子ども・子育て支援特別会計へ繰入,16,該当なし,0%,0,普遍的な児童手当は所得再分配政策。負の所得税で代替可能
内閣府,児童手当等子ども・子育て支援特別会計へ繰入,子どものための教育・保育給付等子ども・子育て支援特別会計へ繰入,15275,該当なし,0%,0,普遍的な児童手当は所得再分配政策。負の所得税で代替可能
内閣府,児童手当等子ども・子育て支援特別会計へ繰入,乳児等のための支援給付子ども・子育て支援特別会計へ繰入,116,該当なし,0%,0,普遍的な児童手当は所得再分配政策。負の所得税で代替可能
内閣府,児童手当等子ども・子育て支援特別会計へ繰入,地域子ども・子育て支援事業子ども・子育て支援特別会計へ繰入,535,該当なし,0%,0,普遍的な児童手当は所得再分配政策。負の所得税で代替可能
内閣府,児童手当等子ども・子育て支援特別会計へ繰入,子ども・子育て支援特別会計へ繰入,29,該当なし,0%,0,普遍的な児童手当は所得再分配政策。負の所得税で代替可能
内閣府,こども安全対策費,児童対象性暴力等防止等業務委託費,22,該当なし,0%,0,上記以外の内閣府支出は各種補助・政策調整でフリードマン役割外
内閣府,こども安全対策費,災害共済給付補助金,17,該当なし,0%,0,上記以外の内閣府支出は各種補助・政策調整でフリードマン役割外
内閣府,児童虐待防止等対策費,児童相談支援事業委託費,1,⑩,100%,1,被虐待児は意思決定能力がなく自衛不可能。保護の典型
内閣府,児童虐待防止等対策費,児童虐待防止対策推進事業委託費,2,⑩,100%,2,被虐待児は意思決定能力がなく自衛不可能。保護の典型
内閣府,児童虐待防止等対策費,児童福祉事業対策費等補助金,208,⑩,100%,208,被虐待児は意思決定能力がなく自衛不可能。保護の典型
内閣府,児童虐待防止等対策費,児童保護費負担金,1621,⑩,100%,1621,被虐待児は意思決定能力がなく自衛不可能。保護の典型
内閣府,児童虐待防止等対策費,児童保護医療費負担金,51,⑩,100%,51,被虐待児は意思決定能力がなく自衛不可能。保護の典型
内閣府,国立児童自立支援施設,職員基本給,4,該当なし,0%,0,上記以外の内閣府支出は各種補助・政策調整でフリードマン役割外
内閣府,国立児童自立支援施設,職員諸手当,2,該当なし,0%,0,上記以外の内閣府支出は各種補助・政策調整でフリードマン役割外
内閣府,国立児童自立支援施設,超過勤務手当,1,該当なし,0%,0,上記以外の内閣府支出は各種補助・政策調整でフリードマン役割外
内閣府,国立児童自立支援施設,庁費,1,該当なし,0%,0,上記以外の内閣府支出は各種補助・政策調整でフリードマン役割外
内閣府,国立児童自立支援施設,児童自立支援庁費,1,該当なし,0%,0,上記以外の内閣府支出は各種補助・政策調整でフリードマン役割外
内閣府,母子家庭等対策費,養育費確保支援事業委託費,1,一部⑩,50%,0,経済的に困窮した母子家庭への支援。一部は民間補完として正当化可能
内閣府,母子家庭等対策費,母子家庭等対策費補助金,204,一部⑩,50%,102,経済的に困窮した母子家庭への支援。一部は民間補完として正当化可能
内閣府,母子家庭等対策費,児童扶養手当給付費負担金,1532,一部⑩,50%,766,経済的に困窮した母子家庭への支援。一部は民間補完として正当化可能
内閣府,母子家庭等対策費,母子父子寡婦福祉貸付金,11,一部⑩,50%,5,経済的に困窮した母子家庭への支援。一部は民間補完として正当化可能
内閣府,障害児支援等対策費,障害児入所給付費等負担金,5148,⑩,100%,5148,障害児は責任能力外。民間慈善の対象にならない場合の補足
内閣府,障害児支援等対策費,障害児入所医療費等負担金,54,⑩,100%,54,障害児は責任能力外。民間慈善の対象にならない場合の補足
内閣府,こども政策推進費,こども政策推進業務庁費,2,該当なし,0%,0,上記以外の内閣府支出は各種補助・政策調整でフリードマン役割外
内閣府,こども政策推進費,こども家庭統計調査費,1,該当なし,0%,0,上記以外の内閣府支出は各種補助・政策調整でフリードマン役割外
内閣府,こども政策推進費,こども政策推進事業委託費,25,該当なし,0%,0,上記以外の内閣府支出は各種補助・政策調整でフリードマン役割外
内閣府,こども政策推進費,こども政策推進事業費補助金,61,該当なし,0%,0,上記以外の内閣府支出は各種補助・政策調整でフリードマン役割外
内閣府,こども政策推進費,こども家庭行政推進調査事業費補助金,8,該当なし,0%,0,上記以外の内閣府支出は各種補助・政策調整でフリードマン役割外
内閣府,こども政策推進費,こども家庭科学研究費補助金,3,該当なし,0%,0,上記以外の内閣府支出は各種補助・政策調整でフリードマン役割外
内閣府,こども政策推進費,地域少子化対策重点推進交付金,10,該当なし,0%,0,上記以外の内閣府支出は各種補助・政策調整でフリードマン役割外
内閣府,児童福祉施設等整備費,児童育成事業費補助金,5,該当なし,0%,0,上記以外の内閣府支出は各種補助・政策調整でフリードマン役割外
内閣府,児童福祉施設等整備費,就学前教育・保育施設整備交付金,229,該当なし,0%,0,上記以外の内閣府支出は各種補助・政策調整でフリードマン役割外
内閣府,児童福祉施設等整備費,次世代育成支援対策施設整備交付金,67,該当なし,0%,0,上記以外の内閣府支出は各種補助・政策調整でフリードマン役割外
内閣府,大学等修学支援費,学資支給金補助金,1955,該当なし,0%,0,高等教育補助は産業政策。バウチャー制・民間ローンで代替可能
内閣府,大学等修学支援費,授業料等減免費負担金,334,該当なし,0%,0,高等教育補助は産業政策。バウチャー制・民間ローンで代替可能
内閣府,大学等修学支援費,授業料等減免費交付金,4278,該当なし,0%,0,高等教育補助は産業政策。バウチャー制・民間ローンで代替可能
デジタル庁,デジタル庁共通費,職員基本給,31,一部①/一部⑧,50%,15,行政DXは政府機能の効率化（①の遂行基盤）かつ情報インフラの技術的独占対抗（⑧）
デジタル庁,デジタル庁共通費,職員諸手当,17,一部①/一部⑧,50%,8,行政DXは政府機能の効率化（①の遂行基盤）かつ情報インフラの技術的独占対抗（⑧）
デジタル庁,デジタル庁共通費,超過勤務手当,8,一部①/一部⑧,50%,4,行政DXは政府機能の効率化（①の遂行基盤）かつ情報インフラの技術的独占対抗（⑧）
デジタル庁,デジタル庁共通費,非常勤職員手当,76,一部①/一部⑧,50%,38,行政DXは政府機能の効率化（①の遂行基盤）かつ情報インフラの技術的独占対抗（⑧）
デジタル庁,デジタル庁共通費,退職手当,3,一部①/一部⑧,50%,1,行政DXは政府機能の効率化（①の遂行基盤）かつ情報インフラの技術的独占対抗（⑧）
デジタル庁,デジタル庁共通費,児童手当,1,一部①/一部⑧,50%,0,行政DXは政府機能の効率化（①の遂行基盤）かつ情報インフラの技術的独占対抗（⑧）
デジタル庁,デジタル庁共通費,職員旅費,1,一部①/一部⑧,50%,0,行政DXは政府機能の効率化（①の遂行基盤）かつ情報インフラの技術的独占対抗（⑧）
デジタル庁,デジタル庁共通費,委員等旅費,1,一部①/一部⑧,50%,0,行政DXは政府機能の効率化（①の遂行基盤）かつ情報インフラの技術的独占対抗（⑧）
デジタル庁,デジタル庁共通費,庁費,18,一部①/一部⑧,50%,9,行政DXは政府機能の効率化（①の遂行基盤）かつ情報インフラの技術的独占対抗（⑧）
デジタル庁,デジタル庁共通費,情報処理業務庁費,3,一部①/一部⑧,50%,1,行政DXは政府機能の効率化（①の遂行基盤）かつ情報インフラの技術的独占対抗（⑧）
デジタル庁,デジタル庁共通費,土地建物借料,13,一部①/一部⑧,50%,6,行政DXは政府機能の効率化（①の遂行基盤）かつ情報インフラの技術的独占対抗（⑧）
デジタル庁,デジタル庁共通費,国家公務員共済組合負担金,18,一部①/一部⑧,50%,9,行政DXは政府機能の効率化（①の遂行基盤）かつ情報インフラの技術的独占対抗（⑧）
デジタル庁,デジタル庁共通費,基礎年金等国家公務員共済組合負担金,2,一部①/一部⑧,50%,1,行政DXは政府機能の効率化（①の遂行基盤）かつ情報インフラの技術的独占対抗（⑧）
デジタル庁,デジタル社会形成推進費,情報処理業務庁費,12,一部①/一部⑧,50%,6,行政DXは政府機能の効率化（①の遂行基盤）かつ情報インフラの技術的独占対抗（⑧）
デジタル庁,デジタル社会形成推進費,経済協力開発機構拠出金,2,一部①/一部⑧,50%,1,行政DXは政府機能の効率化（①の遂行基盤）かつ情報インフラの技術的独占対抗（⑧）
デジタル庁,情報通信技術調達等適正・効率化推進費,情報処理業務庁費,4724,一部①/一部⑧,50%,2362,行政DXは政府機能の効率化（①の遂行基盤）かつ情報インフラの技術的独占対抗（⑧）
デジタル庁,情報通信技術調達等適正・効率化推進費,情報通信技術調達等適正・効率化推進委託費,33,一部①/一部⑧,50%,16,行政DXは政府機能の効率化（①の遂行基盤）かつ情報インフラの技術的独占対抗（⑧）
デジタル庁,情報通信技術調達等適正・効率化推進費,マイナンバーカード関係システム事業費補助金,233,一部①/一部⑧,50%,116,行政DXは政府機能の効率化（①の遂行基盤）かつ情報インフラの技術的独占対抗（⑧）
防災庁,防災庁,職員基本給,9,⑨,100%,9,自然災害対策は個人・民間では対処不可能な広域外部効果の克服
防災庁,防災庁,職員諸手当,6,⑨,100%,6,自然災害対策は個人・民間では対処不可能な広域外部効果の克服
防災庁,防災庁,超過勤務手当,3,⑨,100%,3,自然災害対策は個人・民間では対処不可能な広域外部効果の克服
防災庁,防災庁,退職手当,1,⑨,100%,1,自然災害対策は個人・民間では対処不可能な広域外部効果の克服
防災庁,防災庁,庁費,2,⑨,100%,2,自然災害対策は個人・民間では対処不可能な広域外部効果の克服
防災庁,防災庁,国家公務員共済組合負担金,2,⑨,100%,2,自然災害対策は個人・民間では対処不可能な広域外部効果の克服
総務省,総務本省共通費,職員基本給,141,該当なし,0%,0,上記以外の総務省支出（地方振興・通信政策等）はフリードマン役割外
総務省,総務本省共通費,職員諸手当,81,該当なし,0%,0,上記以外の総務省支出（地方振興・通信政策等）はフリードマン役割外
総務省,総務本省共通費,超過勤務手当,27,該当なし,0%,0,上記以外の総務省支出（地方振興・通信政策等）はフリードマン役割外
総務省,総務本省共通費,委員手当,1,該当なし,0%,0,上記以外の総務省支出（地方振興・通信政策等）はフリードマン役割外
総務省,総務本省共通費,非常勤職員手当,7,該当なし,0%,0,上記以外の総務省支出（地方振興・通信政策等）はフリードマン役割外
総務省,総務本省共通費,休職者給与,2,該当なし,0%,0,上記以外の総務省支出（地方振興・通信政策等）はフリードマン役割外
総務省,総務本省共通費,国際機関等派遣職員給与,1,該当なし,0%,0,上記以外の総務省支出（地方振興・通信政策等）はフリードマン役割外
総務省,総務本省共通費,短時間勤務職員給与,4,該当なし,0%,0,上記以外の総務省支出（地方振興・通信政策等）はフリードマン役割外
総務省,総務本省共通費,公務災害補償費,3,該当なし,0%,0,上記以外の総務省支出（地方振興・通信政策等）はフリードマン役割外
総務省,総務本省共通費,退職手当,44,該当なし,0%,0,上記以外の総務省支出（地方振興・通信政策等）はフリードマン役割外
総務省,総務本省共通費,児童手当,2,該当なし,0%,0,上記以外の総務省支出（地方振興・通信政策等）はフリードマン役割外
総務省,総務本省共通費,諸謝金,1,該当なし,0%,0,上記以外の総務省支出（地方振興・通信政策等）はフリードマン役割外
総務省,総務本省共通費,職員旅費,3,該当なし,0%,0,上記以外の総務省支出（地方振興・通信政策等）はフリードマン役割外
総務省,総務本省共通費,外国留学旅費,1,該当なし,0%,0,上記以外の総務省支出（地方振興・通信政策等）はフリードマン役割外
総務省,総務本省共通費,赴任旅費,1,該当なし,0%,0,上記以外の総務省支出（地方振興・通信政策等）はフリードマン役割外
総務省,総務本省共通費,庁費,33,該当なし,0%,0,上記以外の総務省支出（地方振興・通信政策等）はフリードマン役割外
総務省,総務本省共通費,校費,5,該当なし,0%,0,上記以外の総務省支出（地方振興・通信政策等）はフリードマン役割外
総務省,総務本省共通費,情報処理業務庁費,4,該当なし,0%,0,上記以外の総務省支出（地方振興・通信政策等）はフリードマン役割外
総務省,総務本省共通費,無線機器型式検定試験費,1,該当なし,0%,0,上記以外の総務省支出（地方振興・通信政策等）はフリードマン役割外
総務省,総務本省共通費,各所修繕,1,該当なし,0%,0,上記以外の総務省支出（地方振興・通信政策等）はフリードマン役割外
総務省,総務本省共通費,国家公務員共済組合負担金,65,該当なし,0%,0,上記以外の総務省支出（地方振興・通信政策等）はフリードマン役割外
総務省,総務本省共通費,基礎年金等国家公務員共済組合負担金,20,該当なし,0%,0,上記以外の総務省支出（地方振興・通信政策等）はフリードマン役割外
総務省,総務本省施設費,施設整備費,11,該当なし,0%,0,上記以外の総務省支出（地方振興・通信政策等）はフリードマン役割外
総務省,行政管理実施費,情報処理業務庁費,1,一部①,50%,0,行政の効率化・管理は政府機能全体の基盤。一部①として位置付け
総務省,行政評価等実施費,行政評価等業務庁費,2,該当なし,0%,0,上記以外の総務省支出（地方振興・通信政策等）はフリードマン役割外
総務省,地方行政制度整備費,庁費,1,該当なし,0%,0,上記以外の総務省支出（地方振興・通信政策等）はフリードマン役割外
総務省,地方行政制度整備費,地方行政体制整備業務庁費,3,該当なし,0%,0,上記以外の総務省支出（地方振興・通信政策等）はフリードマン役割外
総務省,地域振興費,庁費,1,該当なし,0%,0,上記以外の総務省支出（地方振興・通信政策等）はフリードマン役割外
総務省,地域振興費,地方振興対策調査費,5,該当なし,0%,0,上記以外の総務省支出（地方振興・通信政策等）はフリードマン役割外
総務省,地域振興費,土地建物借料,1,該当なし,0%,0,上記以外の総務省支出（地方振興・通信政策等）はフリードマン役割外
総務省,地域振興費,地域経済循環創造事業交付金,7,該当なし,0%,0,上記以外の総務省支出（地方振興・通信政策等）はフリードマン役割外
総務省,地域振興費,過疎地域持続的発展支援交付金,8,該当なし,0%,0,上記以外の総務省支出（地方振興・通信政策等）はフリードマン役割外
総務省,地方交付税交付金,交付税及び譲与税配付金特別会計へ繰入,200622,一部①,50%,100311,地方自治体への財政移転。地方の法秩序・公共サービスの維持を補助
総務省,地方特例交付金,交付税及び譲与税配付金特別会計へ繰入,8156,該当なし,0%,0,特定政策目的の交付金。フリードマンの役割に直接対応しない
総務省,選挙制度等整備費,庁費,1,該当なし,0%,0,上記以外の総務省支出（地方振興・通信政策等）はフリードマン役割外
総務省,電子政府・電子自治体推進費,情報処理業務庁費,6,該当なし,0%,0,上記以外の総務省支出（地方振興・通信政策等）はフリードマン役割外
総務省,電子政府・電子自治体推進費,社会保障・税番号制度システム開発等委託費,75,該当なし,0%,0,上記以外の総務省支出（地方振興・通信政策等）はフリードマン役割外
総務省,電子政府・電子自治体推進費,マイナンバーカード交付事業費補助金,125,該当なし,0%,0,上記以外の総務省支出（地方振興・通信政策等）はフリードマン役割外
総務省,電子政府・電子自治体推進費,マイナンバーカード交付事務費補助金,98,該当なし,0%,0,上記以外の総務省支出（地方振興・通信政策等）はフリードマン役割外
総務省,情報通信技術研究開発推進費,情報通信技術研究開発推進業務庁費,19,該当なし,0%,0,上記以外の総務省支出（地方振興・通信政策等）はフリードマン役割外
総務省,情報通信技術研究開発推進費,情報通信技術研究開発調査費,1,該当なし,0%,0,上記以外の総務省支出（地方振興・通信政策等）はフリードマン役割外
総務省,情報通信技術研究開発推進費,情報通信技術研究開発推進委託費,36,該当なし,0%,0,上記以外の総務省支出（地方振興・通信政策等）はフリードマン役割外
総務省,情報通信技術研究開発推進費,医療研究開発推進事業費補助金,2,該当なし,0%,0,上記以外の総務省支出（地方振興・通信政策等）はフリードマン役割外
総務省,情報通信技術研究開発推進費,情報通信技術研究開発推進事業費補助金,39,該当なし,0%,0,上記以外の総務省支出（地方振興・通信政策等）はフリードマン役割外
総務省,国立研究開発法人情報通信研究機構運営費,国立研究開発法人情報通信研究機構運営費交付金,301,該当なし,0%,0,上記以外の総務省支出（地方振興・通信政策等）はフリードマン役割外
総務省,国立研究開発法人情報通信研究機構施設整備費,国立研究開発法人情報通信研究機構施設整備費補助金,3,該当なし,0%,0,上記以外の総務省支出（地方振興・通信政策等）はフリードマン役割外
総務省,情報通信技術高度利活用推進費,情報通信技術研究開発調査費,7,該当なし,0%,0,上記以外の総務省支出（地方振興・通信政策等）はフリードマン役割外
総務省,情報通信技術高度利活用推進費,情報通信利用促進支援事業費補助金,6,該当なし,0%,0,上記以外の総務省支出（地方振興・通信政策等）はフリードマン役割外
総務省,情報通信技術利用環境整備費,情報通信技術研究開発調査費,10,該当なし,0%,0,上記以外の総務省支出（地方振興・通信政策等）はフリードマン役割外
総務省,情報通信技術利用環境整備費,電気通信利用環境整備推進委託費,1,該当なし,0%,0,上記以外の総務省支出（地方振興・通信政策等）はフリードマン役割外
総務省,情報通信技術利用環境整備費,放送ネットワーク整備支援事業費補助金,9,該当なし,0%,0,上記以外の総務省支出（地方振興・通信政策等）はフリードマン役割外
総務省,情報通信技術利用環境整備費,日本放送協会交付金,36,該当なし,0%,0,上記以外の総務省支出（地方振興・通信政策等）はフリードマン役割外
総務省,電波利用料財源電波監視等実施費,職員基本給,1,⑧,100%,1,電波は物理的に希少な自然独占資源。割当・管理は独占対抗
総務省,電波利用料財源電波監視等実施費,職員諸手当,1,⑧,100%,1,電波は物理的に希少な自然独占資源。割当・管理は独占対抗
総務省,電波利用料財源電波監視等実施費,退職手当,3,⑧,100%,3,電波は物理的に希少な自然独占資源。割当・管理は独占対抗
総務省,電波利用料財源電波監視等実施費,電波監視等業務旅費,1,⑧,100%,1,電波は物理的に希少な自然独占資源。割当・管理は独占対抗
総務省,電波利用料財源電波監視等実施費,電波監視等業務庁費,165,⑧,100%,165,電波は物理的に希少な自然独占資源。割当・管理は独占対抗
総務省,電波利用料財源電波監視等実施費,電波利用技術研究開発等業務庁費,89,⑧,100%,89,電波は物理的に希少な自然独占資源。割当・管理は独占対抗
総務省,電波利用料財源電波監視等実施費,通信専用料,11,⑧,100%,11,電波は物理的に希少な自然独占資源。割当・管理は独占対抗
総務省,電波利用料財源電波監視等実施費,電子計算機等借料,37,⑧,100%,37,電波は物理的に希少な自然独占資源。割当・管理は独占対抗
総務省,電波利用料財源電波監視等実施費,土地建物借料,2,⑧,100%,2,電波は物理的に希少な自然独占資源。割当・管理は独占対抗
総務省,電波利用料財源電波監視等実施費,電波利用技術研究開発等委託費,144,⑧,100%,144,電波は物理的に希少な自然独占資源。割当・管理は独占対抗
総務省,電波利用料財源電波監視等実施費,施設整備費,50,⑧,100%,50,電波は物理的に希少な自然独占資源。割当・管理は独占対抗
総務省,電波利用料財源電波監視等実施費,情報通信技術研究開発推進基金補助金,115,⑧,100%,115,電波は物理的に希少な自然独占資源。割当・管理は独占対抗
総務省,電波利用料財源電波監視等実施費,無線システム普及支援事業費等補助金,65,⑧,100%,65,電波は物理的に希少な自然独占資源。割当・管理は独占対抗
総務省,電波利用料財源電波監視等実施費,電波利用技術調査費補助金,3,⑧,100%,3,電波は物理的に希少な自然独占資源。割当・管理は独占対抗
総務省,電波利用料財源電波監視等実施費,国家公務員共済組合負担金,4,⑧,100%,4,電波は物理的に希少な自然独占資源。割当・管理は独占対抗
総務省,電波利用料財源電波監視等実施費,特定周波数対策交付金,4,⑧,100%,4,電波は物理的に希少な自然独占資源。割当・管理は独占対抗
総務省,電波利用料財源電波監視等実施費,国際電気通信連合分担金,12,⑧,100%,12,電波は物理的に希少な自然独占資源。割当・管理は独占対抗
総務省,電波利用料財源電波監視等実施費,政府開発援助アジア・太平洋電気通信共同体等拠出金,1,⑧,100%,1,電波は物理的に希少な自然独占資源。割当・管理は独占対抗
総務省,電波利用料財源電波監視等実施費,国際電気通信連合等拠出金,1,⑧,100%,1,電波は物理的に希少な自然独占資源。割当・管理は独占対抗
総務省,特定高周波数無線局開設価額競争落札金財源特定高周波数対策費,特定高周波数対策補助金,4,該当なし,0%,0,上記以外の総務省支出（地方振興・通信政策等）はフリードマン役割外
総務省,情報通信国際戦略推進費,職員旅費,1,該当なし,0%,0,上記以外の総務省支出（地方振興・通信政策等）はフリードマン役割外
総務省,情報通信国際戦略推進費,情報通信国際戦略推進業務庁費,2,該当なし,0%,0,上記以外の総務省支出（地方振興・通信政策等）はフリードマン役割外
総務省,情報通信国際戦略推進費,情報通信技術研究開発調査費,1,該当なし,0%,0,上記以外の総務省支出（地方振興・通信政策等）はフリードマン役割外
総務省,情報通信国際戦略推進費,政府開発援助国際電気通信連合等分担金,3,該当なし,0%,0,上記以外の総務省支出（地方振興・通信政策等）はフリードマン役割外
総務省,情報通信国際戦略推進費,国際電気通信連合分担金,2,該当なし,0%,0,上記以外の総務省支出（地方振興・通信政策等）はフリードマン役割外
総務省,情報通信国際戦略推進費,政府開発援助アジア・太平洋電気通信共同体等拠出金,2,該当なし,0%,0,上記以外の総務省支出（地方振興・通信政策等）はフリードマン役割外
総務省,情報通信国際戦略推進費,国際電気通信連合等拠出金,4,該当なし,0%,0,上記以外の総務省支出（地方振興・通信政策等）はフリードマン役割外
総務省,情報通信国際戦略推進費,経済協力開発機構拠出金,1,該当なし,0%,0,上記以外の総務省支出（地方振興・通信政策等）はフリードマン役割外
総務省,郵政行政推進費,庁費,1,該当なし,0%,0,上記以外の総務省支出（地方振興・通信政策等）はフリードマン役割外
総務省,郵政行政推進費,郵政行政推進調査費,2,該当なし,0%,0,上記以外の総務省支出（地方振興・通信政策等）はフリードマン役割外
総務省,郵政行政推進費,政府開発援助万国郵便連合分担金,1,該当なし,0%,0,上記以外の総務省支出（地方振興・通信政策等）はフリードマン役割外
総務省,郵政行政推進費,万国郵便連合等分担金,4,該当なし,0%,0,上記以外の総務省支出（地方振興・通信政策等）はフリードマン役割外
総務省,郵政行政推進費,万国郵便連合拠出金,4,該当なし,0%,0,上記以外の総務省支出（地方振興・通信政策等）はフリードマン役割外
総務省,一般戦災死没者追悼等事業費,平和祈念事業委託費,4,該当なし,0%,0,上記以外の総務省支出（地方振興・通信政策等）はフリードマン役割外
総務省,一般戦災死没者追悼等事業費,旧日本赤十字社救護看護婦処遇費等補助金,1,該当なし,0%,0,上記以外の総務省支出（地方振興・通信政策等）はフリードマン役割外
総務省,恩給費,職員基本給,2,該当なし,0%,0,上記以外の総務省支出（地方振興・通信政策等）はフリードマン役割外
総務省,恩給費,職員諸手当,1,該当なし,0%,0,上記以外の総務省支出（地方振興・通信政策等）はフリードマン役割外
総務省,恩給費,短時間勤務職員給与,1,該当なし,0%,0,上記以外の総務省支出（地方振興・通信政策等）はフリードマン役割外
総務省,恩給費,国会議員互助年金,14,該当なし,0%,0,上記以外の総務省支出（地方振興・通信政策等）はフリードマン役割外
総務省,恩給費,文官等恩給費,12,該当なし,0%,0,上記以外の総務省支出（地方振興・通信政策等）はフリードマン役割外
総務省,恩給費,旧軍人遺族等恩給費,400,該当なし,0%,0,上記以外の総務省支出（地方振興・通信政策等）はフリードマン役割外
総務省,統計調査費,統計調査費,118,一部①/一部③,50%,59,政府統計は政策立案の基礎（①）かつ経済ルール修正の情報基盤（③）
総務省,統計調査費,政府開発援助建物借料,1,一部①/一部③,50%,0,政府統計は政策立案の基礎（①）かつ経済ルール修正の情報基盤（③）
総務省,統計調査費,統計調査地方公共団体委託費,123,一部①/一部③,50%,61,政府統計は政策立案の基礎（①）かつ経済ルール修正の情報基盤（③）
総務省,統計調査費,統計調査業務地方公共団体委託費,1,一部①/一部③,50%,0,政府統計は政策立案の基礎（①）かつ経済ルール修正の情報基盤（③）
総務省,統計調査費,統計調査事務地方公共団体委託費,101,一部①/一部③,50%,50,政府統計は政策立案の基礎（①）かつ経済ルール修正の情報基盤（③）
総務省,統計調査費,政府開発援助国連アジア統計研修援助計画分担金,3,一部①/一部③,50%,1,政府統計は政策立案の基礎（①）かつ経済ルール修正の情報基盤（③）
総務省,独立行政法人統計センター運営費,独立行政法人統計センター運営費交付金,107,一部①/一部③,50%,53,政府統計は政策立案の基礎（①）かつ経済ルール修正の情報基盤（③）
総務省,政党助成費,政党交付金,315,該当なし,0%,0,上記以外の総務省支出（地方振興・通信政策等）はフリードマン役割外
総務省,国有提供施設等所在市町村助成交付金,国有提供施設等所在市町村助成交付金,307,該当なし,0%,0,上記以外の総務省支出（地方振興・通信政策等）はフリードマン役割外
総務省,施設等所在市町村調整交付金,施設等所在市町村調整交付金,78,該当なし,0%,0,上記以外の総務省支出（地方振興・通信政策等）はフリードマン役割外
総務省,管区行政評価局共通費,職員基本給,33,該当なし,0%,0,上記以外の総務省支出（地方振興・通信政策等）はフリードマン役割外
総務省,管区行政評価局共通費,職員諸手当,19,該当なし,0%,0,上記以外の総務省支出（地方振興・通信政策等）はフリードマン役割外
総務省,管区行政評価局共通費,超過勤務手当,1,該当なし,0%,0,上記以外の総務省支出（地方振興・通信政策等）はフリードマン役割外
総務省,管区行政評価局共通費,非常勤職員手当,3,該当なし,0%,0,上記以外の総務省支出（地方振興・通信政策等）はフリードマン役割外
総務省,管区行政評価局共通費,短時間勤務職員給与,5,該当なし,0%,0,上記以外の総務省支出（地方振興・通信政策等）はフリードマン役割外
総務省,管区行政評価局共通費,庁費,6,該当なし,0%,0,上記以外の総務省支出（地方振興・通信政策等）はフリードマン役割外
総務省,行政評価等実施費,非常勤職員手当,1,該当なし,0%,0,上記以外の総務省支出（地方振興・通信政策等）はフリードマン役割外
総務省,行政評価等実施費,職員旅費,1,該当なし,0%,0,上記以外の総務省支出（地方振興・通信政策等）はフリードマン役割外
総務省,行政評価等実施費,情報処理業務庁費,1,該当なし,0%,0,上記以外の総務省支出（地方振興・通信政策等）はフリードマン役割外
総務省,行政評価等実施費,行政評価等業務庁費,2,該当なし,0%,0,上記以外の総務省支出（地方振興・通信政策等）はフリードマン役割外
総務省,行政評価等実施費,行政相談委員実費弁償金,3,該当なし,0%,0,上記以外の総務省支出（地方振興・通信政策等）はフリードマン役割外
総務省,総合通信局共通費,職員基本給,41,該当なし,0%,0,上記以外の総務省支出（地方振興・通信政策等）はフリードマン役割外
総務省,総合通信局共通費,職員諸手当,21,該当なし,0%,0,上記以外の総務省支出（地方振興・通信政策等）はフリードマン役割外
総務省,総合通信局共通費,超過勤務手当,3,該当なし,0%,0,上記以外の総務省支出（地方振興・通信政策等）はフリードマン役割外
総務省,総合通信局共通費,短時間勤務職員給与,6,該当なし,0%,0,上記以外の総務省支出（地方振興・通信政策等）はフリードマン役割外
総務省,総合通信局共通費,職員旅費,1,該当なし,0%,0,上記以外の総務省支出（地方振興・通信政策等）はフリードマン役割外
総務省,総合通信局共通費,庁費,9,該当なし,0%,0,上記以外の総務省支出（地方振興・通信政策等）はフリードマン役割外
総務省,総合通信局共通費,各所修繕,1,該当なし,0%,0,上記以外の総務省支出（地方振興・通信政策等）はフリードマン役割外
総務省,電波利用料財源電波監視等実施費,職員基本給,12,⑧,100%,12,電波は物理的に希少な自然独占資源。割当・管理は独占対抗
総務省,電波利用料財源電波監視等実施費,職員諸手当,6,⑧,100%,6,電波は物理的に希少な自然独占資源。割当・管理は独占対抗
総務省,電波利用料財源電波監視等実施費,超過勤務手当,1,⑧,100%,1,電波は物理的に希少な自然独占資源。割当・管理は独占対抗
総務省,電波利用料財源電波監視等実施費,短時間勤務職員給与,1,⑧,100%,1,電波は物理的に希少な自然独占資源。割当・管理は独占対抗
総務省,電波利用料財源電波監視等実施費,電波監視等業務旅費,1,⑧,100%,1,電波は物理的に希少な自然独占資源。割当・管理は独占対抗
総務省,電波利用料財源電波監視等実施費,電波監視等業務庁費,12,⑧,100%,12,電波は物理的に希少な自然独占資源。割当・管理は独占対抗
総務省,電波利用料財源電波監視等実施費,土地建物借料,2,⑧,100%,2,電波は物理的に希少な自然独占資源。割当・管理は独占対抗
総務省,電波利用料財源電波監視等実施費,各所修繕,1,⑧,100%,1,電波は物理的に希少な自然独占資源。割当・管理は独占対抗
総務省,公害等調整委員会,職員基本給,3,該当なし,0%,0,上記以外の総務省支出（地方振興・通信政策等）はフリードマン役割外
総務省,公害等調整委員会,職員諸手当,2,該当なし,0%,0,上記以外の総務省支出（地方振興・通信政策等）はフリードマン役割外
総務省,公害等調整委員会,庁費,1,該当なし,0%,0,上記以外の総務省支出（地方振興・通信政策等）はフリードマン役割外
総務省,消防庁共通費,職員基本給,10,該当なし,0%,0,上記以外の総務省支出（地方振興・通信政策等）はフリードマン役割外
総務省,消防庁共通費,職員諸手当,6,該当なし,0%,0,上記以外の総務省支出（地方振興・通信政策等）はフリードマン役割外
総務省,消防庁共通費,超過勤務手当,2,該当なし,0%,0,上記以外の総務省支出（地方振興・通信政策等）はフリードマン役割外
総務省,消防庁共通費,報償費,1,該当なし,0%,0,上記以外の総務省支出（地方振興・通信政策等）はフリードマン役割外
総務省,消防庁共通費,退職消防団員褒賞品費,1,該当なし,0%,0,上記以外の総務省支出（地方振興・通信政策等）はフリードマン役割外
総務省,消防庁共通費,庁費,2,該当なし,0%,0,上記以外の総務省支出（地方振興・通信政策等）はフリードマン役割外
総務省,消防庁共通費,校費,3,該当なし,0%,0,上記以外の総務省支出（地方振興・通信政策等）はフリードマン役割外
総務省,消防防災体制等整備費,校費,1,該当なし,0%,0,上記以外の総務省支出（地方振興・通信政策等）はフリードマン役割外
総務省,消防防災体制等整備費,消防防災等業務庁費,15,該当なし,0%,0,上記以外の総務省支出（地方振興・通信政策等）はフリードマン役割外
総務省,消防防災体制等整備費,消防防災技術研究開発業務庁費,4,該当なし,0%,0,上記以外の総務省支出（地方振興・通信政策等）はフリードマン役割外
総務省,消防防災体制等整備費,情報処理業務庁費,1,該当なし,0%,0,上記以外の総務省支出（地方振興・通信政策等）はフリードマン役割外
総務省,消防防災体制等整備費,消防防災通信維持費,2,該当なし,0%,0,上記以外の総務省支出（地方振興・通信政策等）はフリードマン役割外
総務省,消防防災体制等整備費,消防防災技術研究開発委託費,1,該当なし,0%,0,上記以外の総務省支出（地方振興・通信政策等）はフリードマン役割外
総務省,消防防災体制等整備費,緊急消防援助隊設備整備費補助金,55,該当なし,0%,0,上記以外の総務省支出（地方振興・通信政策等）はフリードマン役割外
総務省,消防防災体制等整備費,消防防災施設整備費補助金,14,該当なし,0%,0,上記以外の総務省支出（地方振興・通信政策等）はフリードマン役割外
総務省,消防防災体制等整備費,国民保護訓練費負担金,1,該当なし,0%,0,上記以外の総務省支出（地方振興・通信政策等）はフリードマン役割外
法務省,法務本省共通費,職員基本給,56,①,100%,56,法務行政全般は法秩序の維持・執行に直結
法務省,法務本省共通費,職員諸手当,30,①,100%,30,法務行政全般は法秩序の維持・執行に直結
法務省,法務本省共通費,超過勤務手当,8,①,100%,8,法務行政全般は法秩序の維持・執行に直結
法務省,法務本省共通費,休職者給与,11,①,100%,11,法務行政全般は法秩序の維持・執行に直結
法務省,法務本省共通費,国際機関等派遣職員給与,2,①,100%,2,法務行政全般は法秩序の維持・執行に直結
法務省,法務本省共通費,公務災害補償費,5,①,100%,5,法務行政全般は法秩序の維持・執行に直結
法務省,法務本省共通費,退職手当,313,①,100%,313,法務行政全般は法秩序の維持・執行に直結
法務省,法務本省共通費,児童手当,1,①,100%,1,法務行政全般は法秩序の維持・執行に直結
法務省,法務本省共通費,職員旅費,3,①,100%,3,法務行政全般は法秩序の維持・執行に直結
法務省,法務本省共通費,外国留学旅費,1,①,100%,1,法務行政全般は法秩序の維持・執行に直結
法務省,法務本省共通費,庁費,15,①,100%,15,法務行政全般は法秩序の維持・執行に直結
法務省,法務本省共通費,情報処理業務庁費,3,①,100%,3,法務行政全般は法秩序の維持・執行に直結
法務省,法務本省共通費,司法国際化業務庁費,3,①,100%,3,法務行政全般は法秩序の維持・執行に直結
法務省,法務本省共通費,各所修繕,14,①,100%,14,法務行政全般は法秩序の維持・執行に直結
法務省,法務本省共通費,国家公務員共済組合負担金,699,①,100%,699,法務行政全般は法秩序の維持・執行に直結
法務省,法務本省共通費,基礎年金等国家公務員共済組合負担金,171,①,100%,171,法務行政全般は法秩序の維持・執行に直結
法務省,法務本省共通費,育児休業手当金等国家公務員共済組合負担金,3,①,100%,3,法務行政全般は法秩序の維持・執行に直結
法務省,法務本省共通費,国有資産所在市町村交付金,2,①,100%,2,法務行政全般は法秩序の維持・執行に直結
法務省,法務本省共通費,国際私法会議等分担金,1,①,100%,1,法務行政全般は法秩序の維持・執行に直結
法務省,法務本省共通費,政府開発援助国際連合薬物犯罪事務所拠出金,1,①,100%,1,法務行政全般は法秩序の維持・執行に直結
法務省,法務本省共通費,国際機関拠出金,1,①,100%,1,法務行政全般は法秩序の維持・執行に直結
法務省,法務本省共通費,賠償償還及払戻金,3,①,100%,3,法務行政全般は法秩序の維持・執行に直結
法務省,基本法制整備費,庁費,1,①,100%,1,法務行政全般は法秩序の維持・執行に直結
法務省,司法制度改革推進費,委員手当,1,①,100%,1,法務行政全般は法秩序の維持・執行に直結
法務省,司法制度改革推進費,諸謝金,1,①,100%,1,法務行政全般は法秩序の維持・執行に直結
法務省,司法制度改革推進費,司法試験業務庁費,6,①,100%,6,法務行政全般は法秩序の維持・執行に直結
法務省,司法制度改革推進費,国選弁護人確保業務等委託費,171,①,100%,171,法務行政全般は法秩序の維持・執行に直結
法務省,日本司法支援センター運営費,日本司法支援センター運営費交付金,165,①,100%,165,法務行政全般は法秩序の維持・執行に直結
法務省,矯正企画調整費,委員手当,1,①,100%,1,受刑者の収容・更生は刑事司法制度の一部
法務省,人権擁護推進費,人権啓発活動等委託費,11,①,100%,11,法務行政全般は法秩序の維持・執行に直結
法務省,訟務費,諸謝金,3,①/②,100%,3,国の訴訟活動は法秩序の執行（①）かつ財産権を含む権利の解釈・維持（②）
法務省,訟務費,訟務旅費,1,①/②,100%,1,国の訴訟活動は法秩序の執行（①）かつ財産権を含む権利の解釈・維持（②）
法務省,訟務費,訟務庁費,6,①/②,100%,6,国の訴訟活動は法秩序の執行（①）かつ財産権を含む権利の解釈・維持（②）
法務省,訟務費,保証金,7,①/②,100%,7,国の訴訟活動は法秩序の執行（①）かつ財産権を含む権利の解釈・維持（②）
法務省,法務省施設費,施設施工庁費,1,①,100%,1,法務行政全般は法秩序の維持・執行に直結
法務省,法務省施設費,施設整備費,195,①,100%,195,法務行政全般は法秩序の維持・執行に直結
法務省,法務省施設費,不動産購入費,2,①,100%,2,法務行政全般は法秩序の維持・執行に直結
法務省,法務行政情報化推進費,情報処理業務庁費,4,①,100%,4,法務行政全般は法秩序の維持・執行に直結
法務省,法務総合研究所共通費,職員基本給,5,①,100%,5,法務行政全般は法秩序の維持・執行に直結
法務省,法務総合研究所共通費,職員諸手当,3,①,100%,3,法務行政全般は法秩序の維持・執行に直結
法務省,法務総合研究所共通費,職員旅費,2,①,100%,2,法務行政全般は法秩序の維持・執行に直結
法務省,法務総合研究所共通費,庁費,6,①,100%,6,法務行政全般は法秩序の維持・執行に直結
法務省,法務総合研究所共通費,研修所庁費,1,①,100%,1,法務行政全般は法秩序の維持・執行に直結
法務省,法務総合研究所共通費,公共施設等維持管理運営費,1,①,100%,1,法務行政全般は法秩序の維持・執行に直結
法務省,国際協力推進費,政府開発援助職員旅費,1,①,100%,1,法務行政全般は法秩序の維持・執行に直結
法務省,国際協力推進費,政府開発援助庁費,1,①,100%,1,法務行政全般は法秩序の維持・執行に直結
法務省,検察官署共通費,職員基本給,661,①,100%,661,刑事訴追は犯罪抑止と法秩序の執行
法務省,検察官署共通費,職員諸手当,353,①,100%,353,刑事訴追は犯罪抑止と法秩序の執行
法務省,検察官署共通費,超過勤務手当,29,①,100%,29,刑事訴追は犯罪抑止と法秩序の執行
法務省,検察官署共通費,非常勤職員手当,1,①,100%,1,刑事訴追は犯罪抑止と法秩序の執行
法務省,検察官署共通費,短時間勤務職員給与,34,①,100%,34,刑事訴追は犯罪抑止と法秩序の執行
法務省,検察官署共通費,児童手当,8,①,100%,8,刑事訴追は犯罪抑止と法秩序の執行
法務省,検察官署共通費,赴任旅費,4,①,100%,4,刑事訴追は犯罪抑止と法秩序の執行
法務省,検察官署共通費,庁費,54,①,100%,54,刑事訴追は犯罪抑止と法秩序の執行
法務省,検察官署共通費,土地建物借料,1,①,100%,1,刑事訴追は犯罪抑止と法秩序の執行
法務省,検察費,諸謝金,9,①,100%,9,刑事訴追は犯罪抑止と法秩序の執行
法務省,検察費,検察旅費,5,①,100%,5,刑事訴追は犯罪抑止と法秩序の執行
法務省,検察費,参考人等旅費,3,①,100%,3,刑事訴追は犯罪抑止と法秩序の執行
法務省,検察費,検察業務庁費,34,①,100%,34,刑事訴追は犯罪抑止と法秩序の執行
法務省,検察運営費,職員旅費,1,①,100%,1,刑事訴追は犯罪抑止と法秩序の執行
法務省,検察運営費,検察業務庁費,17,①,100%,17,刑事訴追は犯罪抑止と法秩序の執行
法務省,矯正官署共通費,職員基本給,1055,①,100%,1055,受刑者の収容・更生は刑事司法制度の一部
法務省,矯正官署共通費,職員諸手当,502,①,100%,502,受刑者の収容・更生は刑事司法制度の一部
法務省,矯正官署共通費,超過勤務手当,193,①,100%,193,受刑者の収容・更生は刑事司法制度の一部
法務省,矯正官署共通費,非常勤職員手当,11,①,100%,11,受刑者の収容・更生は刑事司法制度の一部
法務省,矯正官署共通費,短時間勤務職員給与,16,①,100%,16,受刑者の収容・更生は刑事司法制度の一部
法務省,矯正官署共通費,児童手当,27,①,100%,27,受刑者の収容・更生は刑事司法制度の一部
法務省,矯正官署共通費,職員旅費,2,①,100%,2,受刑者の収容・更生は刑事司法制度の一部
法務省,矯正官署共通費,赴任旅費,4,①,100%,4,受刑者の収容・更生は刑事司法制度の一部
法務省,矯正官署共通費,庁費,25,①,100%,25,受刑者の収容・更生は刑事司法制度の一部
法務省,矯正管理業務費,職員旅費,2,①,100%,2,受刑者の収容・更生は刑事司法制度の一部
法務省,矯正管理業務費,赴任旅費,3,①,100%,3,受刑者の収容・更生は刑事司法制度の一部
法務省,矯正管理業務費,矯正管理業務庁費,50,①,100%,50,受刑者の収容・更生は刑事司法制度の一部
法務省,矯正管理業務費,看守等被服費,8,①,100%,8,受刑者の収容・更生は刑事司法制度の一部
法務省,矯正収容費,諸謝金,9,①,100%,9,受刑者の収容・更生は刑事司法制度の一部
法務省,矯正収容費,被収容者作業報奨金,13,①,100%,13,受刑者の収容・更生は刑事司法制度の一部
法務省,矯正収容費,収容業務旅費,4,①,100%,4,受刑者の収容・更生は刑事司法制度の一部
法務省,矯正収容費,作業業務旅費,1,①,100%,1,受刑者の収容・更生は刑事司法制度の一部
法務省,矯正収容費,護送旅費,4,①,100%,4,受刑者の収容・更生は刑事司法制度の一部
法務省,矯正収容費,被収容者旅費,1,①,100%,1,受刑者の収容・更生は刑事司法制度の一部
法務省,矯正収容費,収容諸費,251,①,100%,251,受刑者の収容・更生は刑事司法制度の一部
法務省,矯正収容費,作業諸費,26,①,100%,26,受刑者の収容・更生は刑事司法制度の一部
法務省,矯正収容費,被収容者被服費,4,①,100%,4,受刑者の収容・更生は刑事司法制度の一部
法務省,矯正収容費,被収容者食糧費,116,①,100%,116,受刑者の収容・更生は刑事司法制度の一部
法務省,矯正収容費,原材料費,2,①,100%,2,受刑者の収容・更生は刑事司法制度の一部
法務省,矯正収容費,都道府県警察実費弁償金,54,①,100%,54,受刑者の収容・更生は刑事司法制度の一部
法務省,矯正施設民間開放推進費,矯正管理業務庁費,22,①,100%,22,受刑者の収容・更生は刑事司法制度の一部
法務省,矯正施設民間開放推進費,公共施設等維持管理運営費,124,①,100%,124,受刑者の収容・更生は刑事司法制度の一部
法務省,更生保護官署共通費,職員基本給,89,①,100%,89,法務行政全般は法秩序の維持・執行に直結
法務省,更生保護官署共通費,職員諸手当,49,①,100%,49,法務行政全般は法秩序の維持・執行に直結
法務省,更生保護官署共通費,超過勤務手当,4,①,100%,4,法務行政全般は法秩序の維持・執行に直結
法務省,更生保護官署共通費,短時間勤務職員給与,4,①,100%,4,法務行政全般は法秩序の維持・執行に直結
法務省,更生保護官署共通費,児童手当,1,①,100%,1,法務行政全般は法秩序の維持・執行に直結
法務省,更生保護官署共通費,赴任旅費,1,①,100%,1,法務行政全般は法秩序の維持・執行に直結
法務省,更生保護官署共通費,庁費,9,①,100%,9,法務行政全般は法秩序の維持・執行に直結
法務省,更生保護活動費,諸謝金,1,①,100%,1,法務行政全般は法秩序の維持・執行に直結
法務省,更生保護活動費,保護観察対象者等職業補導給付金,4,①,100%,4,法務行政全般は法秩序の維持・執行に直結
法務省,更生保護活動費,更生保護業務旅費,1,①,100%,1,法務行政全般は法秩序の維持・執行に直結
法務省,更生保護活動費,更生保護業務庁費,23,①,100%,23,法務行政全般は法秩序の維持・執行に直結
法務省,更生保護活動費,更生保護委託費,56,①,100%,56,法務行政全般は法秩序の維持・執行に直結
法務省,更生保護活動費,保護司実費弁償金,44,①,100%,44,法務行政全般は法秩序の維持・執行に直結
法務省,法務局共通費,職員基本給,390,①,100%,390,法務行政全般は法秩序の維持・執行に直結
法務省,法務局共通費,職員諸手当,211,①,100%,211,法務行政全般は法秩序の維持・執行に直結
法務省,法務局共通費,超過勤務手当,34,①,100%,34,法務行政全般は法秩序の維持・執行に直結
法務省,法務局共通費,非常勤職員手当,2,①,100%,2,法務行政全般は法秩序の維持・執行に直結
法務省,法務局共通費,短時間勤務職員給与,24,①,100%,24,法務行政全般は法秩序の維持・執行に直結
法務省,法務局共通費,児童手当,4,①,100%,4,法務行政全般は法秩序の維持・執行に直結
法務省,法務局共通費,職員旅費,2,①,100%,2,法務行政全般は法秩序の維持・執行に直結
法務省,法務局共通費,赴任旅費,3,①,100%,3,法務行政全般は法秩序の維持・執行に直結
法務省,法務局共通費,庁費,51,①,100%,51,法務行政全般は法秩序の維持・執行に直結
法務省,法務局共通費,情報処理業務庁費,6,①,100%,6,法務行政全般は法秩序の維持・執行に直結
法務省,法務局共通費,土地建物借料,2,①,100%,2,法務行政全般は法秩序の維持・執行に直結
法務省,法務局共通費,公共施設等維持管理運営費,1,①,100%,1,法務行政全般は法秩序の維持・執行に直結
法務省,登記事務処理費,委員手当,4,②,100%,4,不動産・法人の登記は財産権を公示・確定する制度
法務省,登記事務処理費,登記業務旅費,1,②,100%,1,不動産・法人の登記は財産権を公示・確定する制度
法務省,登記事務処理費,登記業務庁費,157,②,100%,157,不動産・法人の登記は財産権を公示・確定する制度
法務省,登記事務処理費,土地建物借料,1,②,100%,1,不動産・法人の登記は財産権を公示・確定する制度
法務省,登記事務処理費,登記事項証明書交付事務等委託費,83,②,100%,83,不動産・法人の登記は財産権を公示・確定する制度
法務省,国籍等事務処理費,民事業務庁費,8,①,100%,8,法務行政全般は法秩序の維持・執行に直結
法務省,人権擁護活動費,人権擁護業務庁費,10,①,100%,10,法務行政全般は法秩序の維持・執行に直結
法務省,人権擁護活動費,人権擁護委員実費弁償金,13,①,100%,13,法務行政全般は法秩序の維持・執行に直結
法務省,出入国在留管理庁共通費,職員基本給,282,①,100%,282,出入国管理は国境の秩序維持
法務省,出入国在留管理庁共通費,職員諸手当,141,①,100%,141,出入国管理は国境の秩序維持
法務省,出入国在留管理庁共通費,超過勤務手当,50,①,100%,50,出入国管理は国境の秩序維持
法務省,出入国在留管理庁共通費,短時間勤務職員給与,1,①,100%,1,出入国管理は国境の秩序維持
法務省,出入国在留管理庁共通費,児童手当,3,①,100%,3,出入国管理は国境の秩序維持
法務省,出入国在留管理庁共通費,職員旅費,1,①,100%,1,出入国管理は国境の秩序維持
法務省,出入国在留管理庁共通費,赴任旅費,2,①,100%,2,出入国管理は国境の秩序維持
法務省,出入国在留管理庁共通費,庁費,11,①,100%,11,出入国管理は国境の秩序維持
法務省,出入国在留管理庁共通費,情報処理業務庁費,21,①,100%,21,出入国管理は国境の秩序維持
法務省,出入国管理企画調整推進費,委員手当,1,①,100%,1,出入国管理は国境の秩序維持
法務省,出入国管理企画調整推進費,諸謝金,1,①,100%,1,出入国管理は国境の秩序維持
法務省,出入国管理企画調整推進費,出入国管理業務庁費,8,①,100%,8,出入国管理は国境の秩序維持
法務省,出入国管理企画調整推進費,中長期在留者住居地届出等事務委託費,25,①,100%,25,出入国管理は国境の秩序維持
法務省,出入国管理企画調整推進費,政府開発援助難民等救援業務委託費,11,①,100%,11,出入国管理は国境の秩序維持
法務省,出入国管理企画調整推進費,難民救援業務委託費,2,①,100%,2,出入国管理は国境の秩序維持
法務省,出入国管理企画調整推進費,外国人受入環境整備交付金,10,①,100%,10,出入国管理は国境の秩序維持
法務省,出入国管理業務費,諸謝金,5,①,100%,5,出入国管理は国境の秩序維持
法務省,出入国管理業務費,出入国管理業務旅費,2,①,100%,2,出入国管理は国境の秩序維持
法務省,出入国管理業務費,護送旅費,4,①,100%,4,出入国管理は国境の秩序維持
法務省,出入国管理業務費,被収容者旅費,1,①,100%,1,出入国管理は国境の秩序維持
法務省,出入国管理業務費,出入国管理業務庁費,94,①,100%,94,出入国管理は国境の秩序維持
法務省,出入国管理業務費,収容諸費,13,①,100%,13,出入国管理は国境の秩序維持
法務省,出入国管理業務費,審査官等被服費,1,①,100%,1,出入国管理は国境の秩序維持
法務省,出入国管理業務費,土地建物借料,11,①,100%,11,出入国管理は国境の秩序維持
法務省,出入国管理業務費,被護送収容者食糧費,4,①,100%,4,出入国管理は国境の秩序維持
法務省,公安調査庁共通費,職員基本給,92,①,100%,92,破壊活動団体の調査は内部治安維持
法務省,公安調査庁共通費,職員諸手当,47,①,100%,47,破壊活動団体の調査は内部治安維持
法務省,公安調査庁共通費,超過勤務手当,7,①,100%,7,破壊活動団体の調査は内部治安維持
法務省,公安調査庁共通費,短時間勤務職員給与,1,①,100%,1,破壊活動団体の調査は内部治安維持
法務省,公安調査庁共通費,児童手当,1,①,100%,1,破壊活動団体の調査は内部治安維持
法務省,公安調査庁共通費,庁費,5,①,100%,5,破壊活動団体の調査は内部治安維持
法務省,公安調査庁共通費,公共施設等維持管理運営費,1,①,100%,1,破壊活動団体の調査は内部治安維持
法務省,破壊的団体等調査費,団体等調査旅費,1,①,100%,1,法務行政全般は法秩序の維持・執行に直結
法務省,破壊的団体等調査費,団体等調査業務庁費,7,①,100%,7,法務行政全般は法秩序の維持・執行に直結
法務省,破壊的団体等調査費,公安調査官調査活動費,18,①,100%,18,法務行政全般は法秩序の維持・執行に直結
外務省,外務本省共通費,職員基本給,152,一部①/一部⑨,50%,76,外交・領事機能は主権・国境秩序（①）かつ国際的外部効果の防止（⑨）
外務省,外務本省共通費,職員諸手当,86,一部①/一部⑨,50%,43,外交・領事機能は主権・国境秩序（①）かつ国際的外部効果の防止（⑨）
外務省,外務本省共通費,超過勤務手当,39,一部①/一部⑨,50%,19,外交・領事機能は主権・国境秩序（①）かつ国際的外部効果の防止（⑨）
外務省,外務本省共通費,待命職員給与,2,一部①/一部⑨,50%,1,外交・領事機能は主権・国境秩序（①）かつ国際的外部効果の防止（⑨）
外務省,外務本省共通費,非常勤職員手当,1,一部①/一部⑨,50%,0,外交・領事機能は主権・国境秩序（①）かつ国際的外部効果の防止（⑨）
外務省,外務本省共通費,休職者給与,2,一部①/一部⑨,50%,1,外交・領事機能は主権・国境秩序（①）かつ国際的外部効果の防止（⑨）
外務省,外務本省共通費,国際機関等派遣職員給与,1,一部①/一部⑨,50%,0,外交・領事機能は主権・国境秩序（①）かつ国際的外部効果の防止（⑨）
外務省,外務本省共通費,短時間勤務職員給与,6,一部①/一部⑨,50%,3,外交・領事機能は主権・国境秩序（①）かつ国際的外部効果の防止（⑨）
外務省,外務本省共通費,公務災害補償費,2,一部①/一部⑨,50%,1,外交・領事機能は主権・国境秩序（①）かつ国際的外部効果の防止（⑨）
外務省,外務本省共通費,退職手当,52,一部①/一部⑨,50%,26,外交・領事機能は主権・国境秩序（①）かつ国際的外部効果の防止（⑨）
外務省,外務本省共通費,児童手当,1,一部①/一部⑨,50%,0,外交・領事機能は主権・国境秩序（①）かつ国際的外部効果の防止（⑨）
外務省,外務本省共通費,諸謝金,12,一部①/一部⑨,50%,6,外交・領事機能は主権・国境秩序（①）かつ国際的外部効果の防止（⑨）
外務省,外務本省共通費,報償費,11,一部①/一部⑨,50%,5,外交・領事機能は主権・国境秩序（①）かつ国際的外部効果の防止（⑨）
外務省,外務本省共通費,職員旅費,27,一部①/一部⑨,50%,13,外交・領事機能は主権・国境秩序（①）かつ国際的外部効果の防止（⑨）
外務省,外務本省共通費,政府開発援助職員旅費,4,一部①/一部⑨,50%,2,外交・領事機能は主権・国境秩序（①）かつ国際的外部効果の防止（⑨）
外務省,外務本省共通費,文化人等派遣旅費,3,一部①/一部⑨,50%,1,外交・領事機能は主権・国境秩序（①）かつ国際的外部効果の防止（⑨）
外務省,外務本省共通費,庁費,46,一部①/一部⑨,50%,23,外交・領事機能は主権・国境秩序（①）かつ国際的外部効果の防止（⑨）
外務省,外務本省共通費,政府開発援助庁費,2,一部①/一部⑨,50%,1,外交・領事機能は主権・国境秩序（①）かつ国際的外部効果の防止（⑨）
外務省,外務本省共通費,情報処理業務庁費,176,一部①/一部⑨,50%,88,外交・領事機能は主権・国境秩序（①）かつ国際的外部効果の防止（⑨）
外務省,外務本省共通費,在外公館連絡庁費,7,一部①/一部⑨,50%,3,外交・領事機能は主権・国境秩序（①）かつ国際的外部効果の防止（⑨）
外務省,外務本省共通費,外交等業務庁費,3,一部①/一部⑨,50%,1,外交・領事機能は主権・国境秩序（①）かつ国際的外部効果の防止（⑨）
外務省,外務本省共通費,庁舎管理改善設備整備費,3,一部①/一部⑨,50%,1,外交・領事機能は主権・国境秩序（①）かつ国際的外部効果の防止（⑨）
外務省,外務本省共通費,航空機借料,9,一部①/一部⑨,50%,4,外交・領事機能は主権・国境秩序（①）かつ国際的外部効果の防止（⑨）
外務省,外務本省共通費,招へい外国人滞在費,5,一部①/一部⑨,50%,2,外交・領事機能は主権・国境秩序（①）かつ国際的外部効果の防止（⑨）
外務省,外務本省共通費,文化人等招へい費,1,一部①/一部⑨,50%,0,外交・領事機能は主権・国境秩序（①）かつ国際的外部効果の防止（⑨）
外務省,外務本省共通費,各所修繕,2,一部①/一部⑨,50%,1,外交・領事機能は主権・国境秩序（①）かつ国際的外部効果の防止（⑨）
外務省,外務本省共通費,国家公務員共済組合負担金,102,一部①/一部⑨,50%,51,外交・領事機能は主権・国境秩序（①）かつ国際的外部効果の防止（⑨）
外務省,外務本省共通費,基礎年金等国家公務員共済組合負担金,26,一部①/一部⑨,50%,13,外交・領事機能は主権・国境秩序（①）かつ国際的外部効果の防止（⑨）
外務省,外務本省施設費,施設整備費,10,一部①/一部⑨,50%,5,外交・領事機能は主権・国境秩序（①）かつ国際的外部効果の防止（⑨）
外務省,地域別外交費,諸謝金,8,一部①/一部⑨,50%,4,外交・領事機能は主権・国境秩序（①）かつ国際的外部効果の防止（⑨）
外務省,地域別外交費,政府開発援助諸謝金,1,一部①/一部⑨,50%,0,外交・領事機能は主権・国境秩序（①）かつ国際的外部効果の防止（⑨）
外務省,地域別外交費,職員旅費,2,一部①/一部⑨,50%,1,外交・領事機能は主権・国境秩序（①）かつ国際的外部効果の防止（⑨）
外務省,地域別外交費,政府開発援助職員旅費,1,一部①/一部⑨,50%,0,外交・領事機能は主権・国境秩序（①）かつ国際的外部効果の防止（⑨）
外務省,地域別外交費,庁費,1,一部①/一部⑨,50%,0,外交・領事機能は主権・国境秩序（①）かつ国際的外部効果の防止（⑨）
外務省,地域別外交費,政府開発援助文化人等招へい費,1,一部①/一部⑨,50%,0,外交・領事機能は主権・国境秩序（①）かつ国際的外部効果の防止（⑨）
外務省,地域別外交費,国際交流事業委託費,3,一部①/一部⑨,50%,1,外交・領事機能は主権・国境秩序（①）かつ国際的外部効果の防止（⑨）
外務省,地域別外交費,遺棄化学兵器調査事業等委託費,4,一部①/一部⑨,50%,2,外交・領事機能は主権・国境秩序（①）かつ国際的外部効果の防止（⑨）
外務省,地域別外交費,国際友好団体補助金,26,一部①/一部⑨,50%,13,外交・領事機能は主権・国境秩序（①）かつ国際的外部効果の防止（⑨）
外務省,地域別外交費,サハリン州経済改革促進等特別援助費,2,一部①/一部⑨,50%,1,外交・領事機能は主権・国境秩序（①）かつ国際的外部効果の防止（⑨）
外務省,地域別外交費,経済協力国際機関分担金,1,一部①/一部⑨,50%,0,外交・領事機能は主権・国境秩序（①）かつ国際的外部効果の防止（⑨）
外務省,地域別外交費,政府開発援助経済協力国際機関等拠出金,4,一部①/一部⑨,50%,2,外交・領事機能は主権・国境秩序（①）かつ国際的外部効果の防止（⑨）
外務省,地域別外交費,経済協力国際機関等拠出金,3,一部①/一部⑨,50%,1,外交・領事機能は主権・国境秩序（①）かつ国際的外部効果の防止（⑨）
外務省,地域別外交費,国際機関等拠出金,3,一部①/一部⑨,50%,1,外交・領事機能は主権・国境秩序（①）かつ国際的外部効果の防止（⑨）
外務省,分野別外交費,諸謝金,6,一部①/一部⑨,50%,3,外交・領事機能は主権・国境秩序（①）かつ国際的外部効果の防止（⑨）
外務省,分野別外交費,職員旅費,4,一部①/一部⑨,50%,2,外交・領事機能は主権・国境秩序（①）かつ国際的外部効果の防止（⑨）
外務省,分野別外交費,文化人等派遣旅費,1,一部①/一部⑨,50%,0,外交・領事機能は主権・国境秩序（①）かつ国際的外部効果の防止（⑨）
外務省,分野別外交費,庁費,1,一部①/一部⑨,50%,0,外交・領事機能は主権・国境秩序（①）かつ国際的外部効果の防止（⑨）
外務省,分野別外交費,情報処理業務庁費,14,一部①/一部⑨,50%,7,外交・領事機能は主権・国境秩序（①）かつ国際的外部効果の防止（⑨）
外務省,分野別外交費,外国要人招へい等業務庁費,1,一部①/一部⑨,50%,0,外交・領事機能は主権・国境秩序（①）かつ国際的外部効果の防止（⑨）
外務省,分野別外交費,啓発宣伝費,1,一部①/一部⑨,50%,0,外交・領事機能は主権・国境秩序（①）かつ国際的外部効果の防止（⑨）
外務省,分野別外交費,文化人等招へい費,1,一部①/一部⑨,50%,0,外交・領事機能は主権・国境秩序（①）かつ国際的外部効果の防止（⑨）
外務省,分野別外交費,国際テロ情報収集等活動費,1,一部①/一部⑨,50%,0,外交・領事機能は主権・国境秩序（①）かつ国際的外部効果の防止（⑨）
外務省,分野別外交費,政府開発援助平和構築人材育成事業等委託費,1,一部①/一部⑨,50%,0,外交・領事機能は主権・国境秩序（①）かつ国際的外部効果の防止（⑨）
外務省,分野別外交費,包括的核実験禁止条約国内運用体制整備事業等委託費,1,一部①/一部⑨,50%,0,外交・領事機能は主権・国境秩序（①）かつ国際的外部効果の防止（⑨）
外務省,分野別外交費,外交・安全保障調査研究事業費補助金,5,一部①/一部⑨,50%,2,外交・領事機能は主権・国境秩序（①）かつ国際的外部効果の防止（⑨）
外務省,分野別外交費,国際共同研究支援事業費補助金,5,一部①/一部⑨,50%,2,外交・領事機能は主権・国境秩序（①）かつ国際的外部効果の防止（⑨）
外務省,分野別外交費,安全保障能力強化等援助費,180,一部①/一部⑨,50%,90,外交・領事機能は主権・国境秩序（①）かつ国際的外部効果の防止（⑨）
外務省,分野別外交費,政府開発援助経済協力国際機関分担金,218,一部①/一部⑨,50%,109,外交・領事機能は主権・国境秩序（①）かつ国際的外部効果の防止（⑨）
外務省,分野別外交費,経済協力国際機関分担金,207,一部①/一部⑨,50%,103,外交・領事機能は主権・国境秩序（①）かつ国際的外部効果の防止（⑨）
外務省,分野別外交費,国際原子力機関分担金,48,一部①/一部⑨,50%,24,外交・領事機能は主権・国境秩序（①）かつ国際的外部効果の防止（⑨）
外務省,分野別外交費,政府開発援助国際機関分担金,47,一部①/一部⑨,50%,23,外交・領事機能は主権・国境秩序（①）かつ国際的外部効果の防止（⑨）
外務省,分野別外交費,国際機関分担金,437,一部①/一部⑨,50%,218,外交・領事機能は主権・国境秩序（①）かつ国際的外部効果の防止（⑨）
外務省,分野別外交費,政府開発援助経済協力国際機関等拠出金,27,一部①/一部⑨,50%,13,外交・領事機能は主権・国境秩序（①）かつ国際的外部効果の防止（⑨）
外務省,分野別外交費,経済協力国際機関等拠出金,1,一部①/一部⑨,50%,0,外交・領事機能は主権・国境秩序（①）かつ国際的外部効果の防止（⑨）
外務省,分野別外交費,政府開発援助国際原子力機関拠出金,11,一部①/一部⑨,50%,5,外交・領事機能は主権・国境秩序（①）かつ国際的外部効果の防止（⑨）
外務省,分野別外交費,政府開発援助国際機関等拠出金,2,一部①/一部⑨,50%,1,外交・領事機能は主権・国境秩序（①）かつ国際的外部効果の防止（⑨）
外務省,分野別外交費,国際機関等拠出金,3,一部①/一部⑨,50%,1,外交・領事機能は主権・国境秩序（①）かつ国際的外部効果の防止（⑨）
外務省,広報文化交流及報道対策費,諸謝金,2,一部①/一部⑨,50%,1,外交・領事機能は主権・国境秩序（①）かつ国際的外部効果の防止（⑨）
外務省,広報文化交流及報道対策費,戦略的対外発信謝金,11,一部①/一部⑨,50%,5,外交・領事機能は主権・国境秩序（①）かつ国際的外部効果の防止（⑨）
外務省,広報文化交流及報道対策費,職員旅費,1,一部①/一部⑨,50%,0,外交・領事機能は主権・国境秩序（①）かつ国際的外部効果の防止（⑨）
外務省,広報文化交流及報道対策費,情報処理業務庁費,1,一部①/一部⑨,50%,0,外交・領事機能は主権・国境秩序（①）かつ国際的外部効果の防止（⑨）
外務省,広報文化交流及報道対策費,戦略的対外発信庁費,1,一部①/一部⑨,50%,0,外交・領事機能は主権・国境秩序（①）かつ国際的外部効果の防止（⑨）
外務省,広報文化交流及報道対策費,在外公館連絡庁費,3,一部①/一部⑨,50%,1,外交・領事機能は主権・国境秩序（①）かつ国際的外部効果の防止（⑨）
外務省,広報文化交流及報道対策費,啓発宣伝費,2,一部①/一部⑨,50%,1,外交・領事機能は主権・国境秩序（①）かつ国際的外部効果の防止（⑨）
外務省,広報文化交流及報道対策費,文化人等招へい費,3,一部①/一部⑨,50%,1,外交・領事機能は主権・国境秩序（①）かつ国際的外部効果の防止（⑨）
外務省,広報文化交流及報道対策費,政府開発援助戦略的対外発信事業委託費,13,一部①/一部⑨,50%,6,外交・領事機能は主権・国境秩序（①）かつ国際的外部効果の防止（⑨）
外務省,広報文化交流及報道対策費,戦略的対外発信事業委託費,30,一部①/一部⑨,50%,15,外交・領事機能は主権・国境秩序（①）かつ国際的外部効果の防止（⑨）
外務省,広報文化交流及報道対策費,領土保全対策事業委託費,1,一部①/一部⑨,50%,0,外交・領事機能は主権・国境秩序（①）かつ国際的外部効果の防止（⑨）
外務省,広報文化交流及報道対策費,啓発宣伝事業等委託費,2,一部①/一部⑨,50%,1,外交・領事機能は主権・国境秩序（①）かつ国際的外部効果の防止（⑨）
外務省,広報文化交流及報道対策費,政府開発援助経済協力国際機関分担金,22,一部①/一部⑨,50%,11,外交・領事機能は主権・国境秩序（①）かつ国際的外部効果の防止（⑨）
外務省,広報文化交流及報道対策費,経済協力国際機関分担金,14,一部①/一部⑨,50%,7,外交・領事機能は主権・国境秩序（①）かつ国際的外部効果の防止（⑨）
外務省,広報文化交流及報道対策費,政府開発援助経済協力国際機関等拠出金,5,一部①/一部⑨,50%,2,外交・領事機能は主権・国境秩序（①）かつ国際的外部効果の防止（⑨）
外務省,広報文化交流及報道対策費,経済協力国際機関等拠出金,3,一部①/一部⑨,50%,1,外交・領事機能は主権・国境秩序（①）かつ国際的外部効果の防止（⑨）
外務省,広報文化交流及報道対策費,政府開発援助国際機関等拠出金,6,一部①/一部⑨,50%,3,外交・領事機能は主権・国境秩序（①）かつ国際的外部効果の防止（⑨）
外務省,独立行政法人国際交流基金運営費,政府開発援助独立行政法人国際交流基金運営費交付金,66,一部①/一部⑨,50%,33,外交・領事機能は主権・国境秩序（①）かつ国際的外部効果の防止（⑨）
外務省,独立行政法人国際交流基金運営費,独立行政法人国際交流基金運営費交付金,57,一部①/一部⑨,50%,28,外交・領事機能は主権・国境秩序（①）かつ国際的外部効果の防止（⑨）
外務省,領事政策費,諸謝金,2,一部①/一部⑨,50%,1,外交・領事機能は主権・国境秩序（①）かつ国際的外部効果の防止（⑨）
外務省,領事政策費,情報処理業務庁費,3,一部①/一部⑨,50%,1,外交・領事機能は主権・国境秩序（①）かつ国際的外部効果の防止（⑨）
外務省,領事政策費,領事事務庁費,1,一部①/一部⑨,50%,0,外交・領事機能は主権・国境秩序（①）かつ国際的外部効果の防止（⑨）
外務省,領事政策費,渡航事務庁費,122,一部①/一部⑨,50%,61,外交・領事機能は主権・国境秩序（①）かつ国際的外部効果の防止（⑨）
外務省,経済協力費,政府開発援助諸謝金,3,一部①/一部⑨,50%,1,外交・領事機能は主権・国境秩序（①）かつ国際的外部効果の防止（⑨）
外務省,経済協力費,政府開発援助経済協力評価等調査謝金,1,一部①/一部⑨,50%,0,外交・領事機能は主権・国境秩序（①）かつ国際的外部効果の防止（⑨）
外務省,経済協力費,政府開発援助職員旅費,1,一部①/一部⑨,50%,0,外交・領事機能は主権・国境秩序（①）かつ国際的外部効果の防止（⑨）
外務省,経済協力費,政府開発援助庁費,2,一部①/一部⑨,50%,1,外交・領事機能は主権・国境秩序（①）かつ国際的外部効果の防止（⑨）
外務省,経済協力費,政府開発援助啓発宣伝費,1,一部①/一部⑨,50%,0,外交・領事機能は主権・国境秩序（①）かつ国際的外部効果の防止（⑨）
外務省,経済協力費,政府開発援助海外経済協力事業委託費,5,一部①/一部⑨,50%,2,外交・領事機能は主権・国境秩序（①）かつ国際的外部効果の防止（⑨）
外務省,経済協力費,政府開発援助経済開発等援助費,1531,一部①/一部⑨,50%,765,外交・領事機能は主権・国境秩序（①）かつ国際的外部効果の防止（⑨）
外務省,経済協力費,政府開発援助経済協力国際機関分担金,39,一部①/一部⑨,50%,19,外交・領事機能は主権・国境秩序（①）かつ国際的外部効果の防止（⑨）
外務省,経済協力費,政府開発援助経済協力国際機関等拠出金,195,一部①/一部⑨,50%,97,外交・領事機能は主権・国境秩序（①）かつ国際的外部効果の防止（⑨）
外務省,独立行政法人国際協力機構運営費,政府開発援助独立行政法人国際協力機構運営費交付金,1481,一部①/一部⑨,50%,740,外交・領事機能は主権・国境秩序（①）かつ国際的外部効果の防止（⑨）
外務省,独立行政法人国際協力機構施設整備費,政府開発援助独立行政法人国際協力機構施設整備費補助金,20,一部①/一部⑨,50%,10,外交・領事機能は主権・国境秩序（①）かつ国際的外部効果の防止（⑨）
外務省,在外公館共通費,職員基本給,115,一部①/一部⑨,50%,57,外交・領事機能は主権・国境秩序（①）かつ国際的外部効果の防止（⑨）
外務省,在外公館共通費,政府開発援助職員基本給,68,一部①/一部⑨,50%,34,外交・領事機能は主権・国境秩序（①）かつ国際的外部効果の防止（⑨）
外務省,在外公館共通費,職員諸手当,353,一部①/一部⑨,50%,176,外交・領事機能は主権・国境秩序（①）かつ国際的外部効果の防止（⑨）
外務省,在外公館共通費,政府開発援助職員諸手当,210,一部①/一部⑨,50%,105,外交・領事機能は主権・国境秩序（①）かつ国際的外部効果の防止（⑨）
外務省,在外公館共通費,現地補助員給与,294,一部①/一部⑨,50%,147,外交・領事機能は主権・国境秩序（①）かつ国際的外部効果の防止（⑨）
外務省,在外公館共通費,政府開発援助現地補助員給与,174,一部①/一部⑨,50%,87,外交・領事機能は主権・国境秩序（①）かつ国際的外部効果の防止（⑨）
外務省,在外公館共通費,諸謝金,127,一部①/一部⑨,50%,63,外交・領事機能は主権・国境秩序（①）かつ国際的外部効果の防止（⑨）
外務省,在外公館共通費,政府開発援助諸謝金,76,一部①/一部⑨,50%,38,外交・領事機能は主権・国境秩序（①）かつ国際的外部効果の防止（⑨）
外務省,在外公館共通費,報償費,21,一部①/一部⑨,50%,10,外交・領事機能は主権・国境秩序（①）かつ国際的外部効果の防止（⑨）
外務省,在外公館共通費,赴任帰朝旅費,30,一部①/一部⑨,50%,15,外交・領事機能は主権・国境秩序（①）かつ国際的外部効果の防止（⑨）
外務省,在外公館共通費,政府開発援助赴任帰朝旅費,18,一部①/一部⑨,50%,9,外交・領事機能は主権・国境秩序（①）かつ国際的外部効果の防止（⑨）
外務省,在外公館共通費,在外職員等旅費,25,一部①/一部⑨,50%,12,外交・領事機能は主権・国境秩序（①）かつ国際的外部効果の防止（⑨）
外務省,在外公館共通費,政府開発援助在外職員等旅費,15,一部①/一部⑨,50%,7,外交・領事機能は主権・国境秩序（①）かつ国際的外部効果の防止（⑨）
外務省,在外公館共通費,庁費,67,一部①/一部⑨,50%,33,外交・領事機能は主権・国境秩序（①）かつ国際的外部効果の防止（⑨）
外務省,在外公館共通費,政府開発援助庁費,40,一部①/一部⑨,50%,20,外交・領事機能は主権・国境秩序（①）かつ国際的外部効果の防止（⑨）
外務省,在外公館共通費,在外公館連絡庁費,14,一部①/一部⑨,50%,7,外交・領事機能は主権・国境秩序（①）かつ国際的外部効果の防止（⑨）
外務省,在外公館共通費,政府開発援助在外公館連絡庁費,8,一部①/一部⑨,50%,4,外交・領事機能は主権・国境秩序（①）かつ国際的外部効果の防止（⑨）
外務省,在外公館共通費,情報処理業務庁費,1,一部①/一部⑨,50%,0,外交・領事機能は主権・国境秩序（①）かつ国際的外部効果の防止（⑨）
外務省,在外公館共通費,政府開発援助情報処理業務庁費,1,一部①/一部⑨,50%,0,外交・領事機能は主権・国境秩序（①）かつ国際的外部効果の防止（⑨）
外務省,在外公館共通費,在外公館交流諸費,24,一部①/一部⑨,50%,12,外交・領事機能は主権・国境秩序（①）かつ国際的外部効果の防止（⑨）
外務省,在外公館共通費,政府開発援助在外公館交流諸費,14,一部①/一部⑨,50%,7,外交・領事機能は主権・国境秩序（①）かつ国際的外部効果の防止（⑨）
外務省,在外公館共通費,車両購入費,6,一部①/一部⑨,50%,3,外交・領事機能は主権・国境秩序（①）かつ国際的外部効果の防止（⑨）
外務省,在外公館共通費,政府開発援助車両購入費,3,一部①/一部⑨,50%,1,外交・領事機能は主権・国境秩序（①）かつ国際的外部効果の防止（⑨）
外務省,在外公館共通費,在外公館設備整備費,16,一部①/一部⑨,50%,8,外交・領事機能は主権・国境秩序（①）かつ国際的外部効果の防止（⑨）
外務省,在外公館共通費,政府開発援助在外公館設備整備費,9,一部①/一部⑨,50%,4,外交・領事機能は主権・国境秩序（①）かつ国際的外部効果の防止（⑨）
外務省,在外公館共通費,在外公館等借料,90,一部①/一部⑨,50%,45,外交・領事機能は主権・国境秩序（①）かつ国際的外部効果の防止（⑨）
外務省,在外公館共通費,政府開発援助在外公館等借料,53,一部①/一部⑨,50%,26,外交・領事機能は主権・国境秩序（①）かつ国際的外部効果の防止（⑨）
外務省,在外公館共通費,各所修繕,6,一部①/一部⑨,50%,3,外交・領事機能は主権・国境秩序（①）かつ国際的外部効果の防止（⑨）
外務省,在外公館共通費,政府開発援助各所修繕,4,一部①/一部⑨,50%,2,外交・領事機能は主権・国境秩序（①）かつ国際的外部効果の防止（⑨）
外務省,在外公館共通費,交際費,2,一部①/一部⑨,50%,1,外交・領事機能は主権・国境秩序（①）かつ国際的外部効果の防止（⑨）
外務省,在外公館共通費,政府開発援助交際費,1,一部①/一部⑨,50%,0,外交・領事機能は主権・国境秩序（①）かつ国際的外部効果の防止（⑨）
外務省,在外公館施設費,施設施工庁費,4,一部①/一部⑨,50%,2,外交・領事機能は主権・国境秩序（①）かつ国際的外部効果の防止（⑨）
外務省,在外公館施設費,政府開発援助施設施工庁費,2,一部①/一部⑨,50%,1,外交・領事機能は主権・国境秩序（①）かつ国際的外部効果の防止（⑨）
外務省,在外公館施設費,施設整備費,20,一部①/一部⑨,50%,10,外交・領事機能は主権・国境秩序（①）かつ国際的外部効果の防止（⑨）
外務省,在外公館施設費,政府開発援助施設整備費,12,一部①/一部⑨,50%,6,外交・領事機能は主権・国境秩序（①）かつ国際的外部効果の防止（⑨）
外務省,地域別外交費,諸謝金,4,一部①/一部⑨,50%,2,外交・領事機能は主権・国境秩序（①）かつ国際的外部効果の防止（⑨）
外務省,地域別外交費,経済改革促進支援事業等委託費,3,一部①/一部⑨,50%,1,外交・領事機能は主権・国境秩序（①）かつ国際的外部効果の防止（⑨）
外務省,分野別外交費,諸謝金,3,一部①/一部⑨,50%,1,外交・領事機能は主権・国境秩序（①）かつ国際的外部効果の防止（⑨）
外務省,分野別外交費,在外職員等旅費,1,一部①/一部⑨,50%,0,外交・領事機能は主権・国境秩序（①）かつ国際的外部効果の防止（⑨）
外務省,分野別外交費,国際テロ情報収集等活動費,1,一部①/一部⑨,50%,0,外交・領事機能は主権・国境秩序（①）かつ国際的外部効果の防止（⑨）
外務省,広報文化交流及報道対策費,諸謝金,4,一部①/一部⑨,50%,2,外交・領事機能は主権・国境秩序（①）かつ国際的外部効果の防止（⑨）
外務省,広報文化交流及報道対策費,戦略的対外発信謝金,11,一部①/一部⑨,50%,5,外交・領事機能は主権・国境秩序（①）かつ国際的外部効果の防止（⑨）
外務省,広報文化交流及報道対策費,啓発宣伝費,4,一部①/一部⑨,50%,2,外交・領事機能は主権・国境秩序（①）かつ国際的外部効果の防止（⑨）
外務省,領事政策費,領事事務謝金,38,一部①/一部⑨,50%,19,外交・領事機能は主権・国境秩序（①）かつ国際的外部効果の防止（⑨）
外務省,領事政策費,領事事務庁費,1,一部①/一部⑨,50%,0,外交・領事機能は主権・国境秩序（①）かつ国際的外部効果の防止（⑨）
外務省,領事政策費,在外公館等借料,21,一部①/一部⑨,50%,10,外交・領事機能は主権・国境秩序（①）かつ国際的外部効果の防止（⑨）
外務省,経済協力費,政府開発援助諸謝金,12,一部①/一部⑨,50%,6,外交・領事機能は主権・国境秩序（①）かつ国際的外部効果の防止（⑨）
財務省,財務本省共通費,職員基本給,104,一部⑦,50%,52,財政・税制の企画立案は貨幣制度の枠組に関連するが行政コストも含む
財務省,財務本省共通費,職員諸手当,59,一部⑦,50%,29,財政・税制の企画立案は貨幣制度の枠組に関連するが行政コストも含む
財務省,財務本省共通費,超過勤務手当,29,一部⑦,50%,14,財政・税制の企画立案は貨幣制度の枠組に関連するが行政コストも含む
財務省,財務本省共通費,非常勤職員手当,3,一部⑦,50%,1,財政・税制の企画立案は貨幣制度の枠組に関連するが行政コストも含む
財務省,財務本省共通費,休職者給与,1,一部⑦,50%,0,財政・税制の企画立案は貨幣制度の枠組に関連するが行政コストも含む
財務省,財務本省共通費,国際機関等派遣職員給与,2,一部⑦,50%,1,財政・税制の企画立案は貨幣制度の枠組に関連するが行政コストも含む
財務省,財務本省共通費,短時間勤務職員給与,2,一部⑦,50%,1,財政・税制の企画立案は貨幣制度の枠組に関連するが行政コストも含む
財務省,財務本省共通費,公務災害補償費,2,一部⑦,50%,1,財政・税制の企画立案は貨幣制度の枠組に関連するが行政コストも含む
財務省,財務本省共通費,退職手当,94,一部⑦,50%,47,財政・税制の企画立案は貨幣制度の枠組に関連するが行政コストも含む
財務省,財務本省共通費,児童手当,2,一部⑦,50%,1,財政・税制の企画立案は貨幣制度の枠組に関連するが行政コストも含む
財務省,財務本省共通費,諸謝金,1,一部⑦,50%,0,財政・税制の企画立案は貨幣制度の枠組に関連するが行政コストも含む
財務省,財務本省共通費,職員旅費,6,一部⑦,50%,3,財政・税制の企画立案は貨幣制度の枠組に関連するが行政コストも含む
財務省,財務本省共通費,外国留学旅費,2,一部⑦,50%,1,財政・税制の企画立案は貨幣制度の枠組に関連するが行政コストも含む
財務省,財務本省共通費,赴任旅費,3,一部⑦,50%,1,財政・税制の企画立案は貨幣制度の枠組に関連するが行政コストも含む
財務省,財務本省共通費,庁費,26,一部⑦,50%,13,財政・税制の企画立案は貨幣制度の枠組に関連するが行政コストも含む
財務省,財務本省共通費,情報処理業務庁費,2,一部⑦,50%,1,財政・税制の企画立案は貨幣制度の枠組に関連するが行政コストも含む
財務省,財務本省共通費,庁舎管理改善設備整備費,18,一部⑦,50%,9,財政・税制の企画立案は貨幣制度の枠組に関連するが行政コストも含む
財務省,財務本省共通費,印紙製造費,9,一部⑦,50%,4,財政・税制の企画立案は貨幣制度の枠組に関連するが行政コストも含む
財務省,財務本省共通費,各所修繕,5,一部⑦,50%,2,財政・税制の企画立案は貨幣制度の枠組に関連するが行政コストも含む
財務省,財務本省共通費,国家公務員共済組合負担金,217,一部⑦,50%,108,財政・税制の企画立案は貨幣制度の枠組に関連するが行政コストも含む
財務省,財務本省共通費,基礎年金等国家公務員共済組合負担金,52,一部⑦,50%,26,財政・税制の企画立案は貨幣制度の枠組に関連するが行政コストも含む
財務省,財務本省共通費,育児休業手当金等国家公務員共済組合負担金,1,一部⑦,50%,0,財政・税制の企画立案は貨幣制度の枠組に関連するが行政コストも含む
財務省,財務本省共通費,関税協力理事会等分担金,2,一部⑦,50%,1,財政・税制の企画立案は貨幣制度の枠組に関連するが行政コストも含む
財務省,財務本省共通費,貨幣交換差減補填金,1345,一部⑦,50%,672,財政・税制の企画立案は貨幣制度の枠組に関連するが行政コストも含む
財務省,財務本省施設費,施設整備費,1,一部⑦,50%,0,財政・税制の企画立案は貨幣制度の枠組に関連するが行政コストも含む
財務省,財政健全化推進費,職員旅費,1,一部⑦,50%,0,財政・税制の企画立案は貨幣制度の枠組に関連するが行政コストも含む
財務省,財政健全化推進費,庁費,4,一部⑦,50%,2,財政・税制の企画立案は貨幣制度の枠組に関連するが行政コストも含む
財務省,財政健全化推進費,歳入歳出関係事務機械化庁費,4,一部⑦,50%,2,財政・税制の企画立案は貨幣制度の枠組に関連するが行政コストも含む
財務省,税制企画立案費,庁費,1,一部⑦,50%,0,財政・税制の企画立案は貨幣制度の枠組に関連するが行政コストも含む
財務省,資産債務管理費,非常勤職員手当,1,一部⑦,50%,0,財政・税制の企画立案は貨幣制度の枠組に関連するが行政コストも含む
財務省,国債費,庁費,8,⑦,100%,8,国債費全般は貨幣・財政制度の枠組管理
財務省,国債費,出資国債等償還財源国債整理基金特別会計へ繰入,1954,⑦,100%,1954,国債費全般は貨幣・財政制度の枠組管理
財務省,国債費,普通国債等償還財源等国債整理基金特別会計へ繰入,307919,⑦,100%,307919,国債費全般は貨幣・財政制度の枠組管理
財務省,国債費,年金特例公債償還財源等国債整理基金特別会計へ繰入,2876,⑦,100%,2876,国債費全般は貨幣・財政制度の枠組管理
財務省,公務員宿舎施設費,施設施工庁費,5,一部⑦,50%,2,財政・税制の企画立案は貨幣制度の枠組に関連するが行政コストも含む
財務省,公務員宿舎施設費,合同宿舎施設改修費,64,一部⑦,50%,32,財政・税制の企画立案は貨幣制度の枠組に関連するが行政コストも含む
財務省,特定国有財産整備費,施設施工庁費,3,一部⑦,50%,1,財政・税制の企画立案は貨幣制度の枠組に関連するが行政コストも含む
財務省,特定国有財産整備費,特定施設整備費,60,一部⑦,50%,30,財政・税制の企画立案は貨幣制度の枠組に関連するが行政コストも含む
財務省,特定国有財産整備諸費,庁費,5,一部⑦,50%,2,財政・税制の企画立案は貨幣制度の枠組に関連するが行政コストも含む
財務省,貨幣製造及信用秩序制度等企画立案費,貨幣製造費,174,一部⑦,50%,87,財政・税制の企画立案は貨幣制度の枠組に関連するが行政コストも含む
財務省,関税制度等企画立案費,諸謝金,1,一部①/一部⑦,50%,0,関税は国境管理（①）と財政・貿易制度の枠組（⑦）の両側面を持つ
財務省,関税制度等企画立案費,職員旅費,1,一部①/一部⑦,50%,0,関税は国境管理（①）と財政・貿易制度の枠組（⑦）の両側面を持つ
財務省,関税制度等企画立案費,庁費,2,一部①/一部⑦,50%,1,関税は国境管理（①）と財政・貿易制度の枠組（⑦）の両側面を持つ
財務省,関税制度等企画立案費,研修所庁費,3,一部①/一部⑦,50%,1,関税は国境管理（①）と財政・貿易制度の枠組（⑦）の両側面を持つ
財務省,関税制度等企画立案費,輸出入貨物分析機器整備費,2,一部①/一部⑦,50%,1,関税は国境管理（①）と財政・貿易制度の枠組（⑦）の両側面を持つ
財務省,関税制度等企画立案費,国際機関拠出金,2,一部①/一部⑦,50%,1,関税は国境管理（①）と財政・貿易制度の枠組（⑦）の両側面を持つ
財務省,経済協力費,政府開発援助職員旅費,2,一部⑦,50%,1,財政・税制の企画立案は貨幣制度の枠組に関連するが行政コストも含む
財務省,経済協力費,政府開発援助庁費,1,一部⑦,50%,0,財政・税制の企画立案は貨幣制度の枠組に関連するが行政コストも含む
財務省,経済協力費,政府開発援助アジア開発銀行等拠出金,362,一部⑦,50%,181,財政・税制の企画立案は貨幣制度の枠組に関連するが行政コストも含む
財務省,経済協力費,政府開発援助独立行政法人国際協力機構有償資金協力部門出資金,503,一部⑦,50%,251,財政・税制の企画立案は貨幣制度の枠組に関連するが行政コストも含む
財務省,政策金融費,危機対応円滑化業務補助金,1,一部⑦,50%,0,財政・税制の企画立案は貨幣制度の枠組に関連するが行政コストも含む
財務省,政策金融費,株式会社日本政策金融公庫補給金,152,一部⑦,50%,76,財政・税制の企画立案は貨幣制度の枠組に関連するが行政コストも含む
財務省,政策金融費,株式会社日本政策金融公庫出資金,447,一部⑦,50%,223,財政・税制の企画立案は貨幣制度の枠組に関連するが行政コストも含む
財務省,国家公務員共済組合連合会等助成費,国家公務員共済組合連合会補助金,20,一部⑦,50%,10,財政・税制の企画立案は貨幣制度の枠組に関連するが行政コストも含む
財務省,国家公務員共済組合連合会等助成費,日本郵政共済組合等補助金,1,一部⑦,50%,0,財政・税制の企画立案は貨幣制度の枠組に関連するが行政コストも含む
財務省,国家公務員共済組合連合会等助成費,基礎年金等国家公務員共済組合連合会職員共済組合負担金,37,一部⑦,50%,18,財政・税制の企画立案は貨幣制度の枠組に関連するが行政コストも含む
財務省,国家公務員共済組合連合会等助成費,基礎年金等日本郵政共済組合等負担金,781,一部⑦,50%,390,財政・税制の企画立案は貨幣制度の枠組に関連するが行政コストも含む
財務省,国家公務員共済組合連合会等助成費,旧令共済組合年金等交付金,5,一部⑦,50%,2,財政・税制の企画立案は貨幣制度の枠組に関連するが行政コストも含む
財務省,復興事業費等東日本大震災復興特別会計へ繰入,東日本大震災復興特別会計へ繰入,688,一部⑦,50%,344,財政・税制の企画立案は貨幣制度の枠組に関連するが行政コストも含む
財務省,予備費,(予備費),10000,一部⑦,50%,5000,財政・税制の企画立案は貨幣制度の枠組に関連するが行政コストも含む
財務省,財務局共通費,職員基本給,203,一部⑦,50%,101,財政・税制の企画立案は貨幣制度の枠組に関連するが行政コストも含む
財務省,財務局共通費,職員諸手当,106,一部⑦,50%,53,財政・税制の企画立案は貨幣制度の枠組に関連するが行政コストも含む
財務省,財務局共通費,超過勤務手当,8,一部⑦,50%,4,財政・税制の企画立案は貨幣制度の枠組に関連するが行政コストも含む
財務省,財務局共通費,非常勤職員手当,13,一部⑦,50%,6,財政・税制の企画立案は貨幣制度の枠組に関連するが行政コストも含む
財務省,財務局共通費,休職者給与,1,一部⑦,50%,0,財政・税制の企画立案は貨幣制度の枠組に関連するが行政コストも含む
財務省,財務局共通費,短時間勤務職員給与,5,一部⑦,50%,2,財政・税制の企画立案は貨幣制度の枠組に関連するが行政コストも含む
財務省,財務局共通費,児童手当,3,一部⑦,50%,1,財政・税制の企画立案は貨幣制度の枠組に関連するが行政コストも含む
財務省,財務局共通費,職員旅費,1,一部⑦,50%,0,財政・税制の企画立案は貨幣制度の枠組に関連するが行政コストも含む
財務省,財務局共通費,庁費,36,一部⑦,50%,18,財政・税制の企画立案は貨幣制度の枠組に関連するが行政コストも含む
財務省,財務局共通費,各所修繕,1,一部⑦,50%,0,財政・税制の企画立案は貨幣制度の枠組に関連するが行政コストも含む
財務省,財務局共通費,国有資産所在市町村交付金,66,一部⑦,50%,33,財政・税制の企画立案は貨幣制度の枠組に関連するが行政コストも含む
財務省,財務局共通費,賠償償還及払戻金,2,一部⑦,50%,1,財政・税制の企画立案は貨幣制度の枠組に関連するが行政コストも含む
財務省,財務局施設費,施設整備費,1,一部⑦,50%,0,財政・税制の企画立案は貨幣制度の枠組に関連するが行政コストも含む
財務省,財務局業務費,非常勤職員手当,22,一部⑦,50%,11,財政・税制の企画立案は貨幣制度の枠組に関連するが行政コストも含む
財務省,財務局業務費,職員旅費,1,一部⑦,50%,0,財政・税制の企画立案は貨幣制度の枠組に関連するが行政コストも含む
財務省,財務局業務費,立会検査旅費,1,一部⑦,50%,0,財政・税制の企画立案は貨幣制度の枠組に関連するが行政コストも含む
財務省,財務局業務費,金融政策業務旅費,3,一部⑦,50%,1,財政・税制の企画立案は貨幣制度の枠組に関連するが行政コストも含む
財務省,財務局業務費,庁費,6,一部⑦,50%,3,財政・税制の企画立案は貨幣制度の枠組に関連するが行政コストも含む
財務省,財務局業務費,国有財産管理処分庁費,57,一部⑦,50%,28,財政・税制の企画立案は貨幣制度の枠組に関連するが行政コストも含む
財務省,財務局業務費,国有財産評価等手数料,3,一部⑦,50%,1,財政・税制の企画立案は貨幣制度の枠組に関連するが行政コストも含む
財務省,財務局業務費,合同宿舎管理費,25,一部⑦,50%,12,財政・税制の企画立案は貨幣制度の枠組に関連するが行政コストも含む
財務省,財務局業務費,各所修繕,17,一部⑦,50%,8,財政・税制の企画立案は貨幣制度の枠組に関連するが行政コストも含む
財務省,財務局業務費,普通財産維持費,6,一部⑦,50%,3,財政・税制の企画立案は貨幣制度の枠組に関連するが行政コストも含む
財務省,税関共通費,職員基本給,470,一部⑦,50%,235,財政・税制の企画立案は貨幣制度の枠組に関連するが行政コストも含む
財務省,税関共通費,職員諸手当,245,一部⑦,50%,122,財政・税制の企画立案は貨幣制度の枠組に関連するが行政コストも含む
財務省,税関共通費,超過勤務手当,53,一部⑦,50%,26,財政・税制の企画立案は貨幣制度の枠組に関連するが行政コストも含む
財務省,税関共通費,非常勤職員手当,11,一部⑦,50%,5,財政・税制の企画立案は貨幣制度の枠組に関連するが行政コストも含む
財務省,税関共通費,休職者給与,3,一部⑦,50%,1,財政・税制の企画立案は貨幣制度の枠組に関連するが行政コストも含む
財務省,税関共通費,短時間勤務職員給与,6,一部⑦,50%,3,財政・税制の企画立案は貨幣制度の枠組に関連するが行政コストも含む
財務省,税関共通費,児童手当,8,一部⑦,50%,4,財政・税制の企画立案は貨幣制度の枠組に関連するが行政コストも含む
財務省,税関共通費,職員旅費,1,一部⑦,50%,0,財政・税制の企画立案は貨幣制度の枠組に関連するが行政コストも含む
財務省,税関共通費,庁費,27,一部⑦,50%,13,財政・税制の企画立案は貨幣制度の枠組に関連するが行政コストも含む
財務省,税関共通費,被服費,1,一部⑦,50%,0,財政・税制の企画立案は貨幣制度の枠組に関連するが行政コストも含む
財務省,税関共通費,各所修繕,3,一部⑦,50%,1,財政・税制の企画立案は貨幣制度の枠組に関連するが行政コストも含む
財務省,税関共通費,公共施設等維持管理運営費,1,一部⑦,50%,0,財政・税制の企画立案は貨幣制度の枠組に関連するが行政コストも含む
財務省,税関施設費,施設整備費,13,一部⑦,50%,6,財政・税制の企画立案は貨幣制度の枠組に関連するが行政コストも含む
財務省,税関業務費,輸出入調査旅費,2,一部⑦,50%,1,財政・税制の企画立案は貨幣制度の枠組に関連するが行政コストも含む
財務省,税関業務費,監視取締旅費,3,一部⑦,50%,1,財政・税制の企画立案は貨幣制度の枠組に関連するが行政コストも含む
財務省,税関業務費,税関業務特別庁費,152,一部⑦,50%,76,財政・税制の企画立案は貨幣制度の枠組に関連するが行政コストも含む
財務省,税関業務費,船舶運航費,20,一部⑦,50%,10,財政・税制の企画立案は貨幣制度の枠組に関連するが行政コストも含む
財務省,税関業務費,土地建物借料,28,一部⑦,50%,14,財政・税制の企画立案は貨幣制度の枠組に関連するが行政コストも含む
財務省,船舶建造費,船舶建造費,3,一部⑦,50%,1,財政・税制の企画立案は貨幣制度の枠組に関連するが行政コストも含む
財務省,国税庁共通費,職員基本給,2696,一部⑦,50%,1348,財政・税制の企画立案は貨幣制度の枠組に関連するが行政コストも含む
財務省,国税庁共通費,職員諸手当,1384,一部⑦,50%,692,財政・税制の企画立案は貨幣制度の枠組に関連するが行政コストも含む
財務省,国税庁共通費,超過勤務手当,171,一部⑦,50%,85,財政・税制の企画立案は貨幣制度の枠組に関連するが行政コストも含む
財務省,国税庁共通費,非常勤職員手当,56,一部⑦,50%,28,財政・税制の企画立案は貨幣制度の枠組に関連するが行政コストも含む
財務省,国税庁共通費,休職者給与,19,一部⑦,50%,9,財政・税制の企画立案は貨幣制度の枠組に関連するが行政コストも含む
財務省,国税庁共通費,短時間勤務職員給与,55,一部⑦,50%,27,財政・税制の企画立案は貨幣制度の枠組に関連するが行政コストも含む
財務省,国税庁共通費,公務災害補償費,3,一部⑦,50%,1,財政・税制の企画立案は貨幣制度の枠組に関連するが行政コストも含む
財務省,国税庁共通費,退職手当,227,一部⑦,50%,113,財政・税制の企画立案は貨幣制度の枠組に関連するが行政コストも含む
財務省,国税庁共通費,児童手当,38,一部⑦,50%,19,財政・税制の企画立案は貨幣制度の枠組に関連するが行政コストも含む
財務省,国税庁共通費,諸謝金,2,一部⑦,50%,1,財政・税制の企画立案は貨幣制度の枠組に関連するが行政コストも含む
財務省,国税庁共通費,職員旅費,3,一部⑦,50%,1,財政・税制の企画立案は貨幣制度の枠組に関連するが行政コストも含む
財務省,国税庁共通費,赴任旅費,7,一部⑦,50%,3,財政・税制の企画立案は貨幣制度の枠組に関連するが行政コストも含む
財務省,国税庁共通費,庁費,98,一部⑦,50%,49,財政・税制の企画立案は貨幣制度の枠組に関連するが行政コストも含む
財務省,国税庁共通費,各所修繕,27,一部⑦,50%,13,財政・税制の企画立案は貨幣制度の枠組に関連するが行政コストも含む
財務省,国税庁共通費,公共施設等維持管理運営費,1,一部⑦,50%,0,財政・税制の企画立案は貨幣制度の枠組に関連するが行政コストも含む
財務省,国税庁共通費,国家公務員共済組合負担金,707,一部⑦,50%,353,財政・税制の企画立案は貨幣制度の枠組に関連するが行政コストも含む
財務省,国税庁共通費,基礎年金等国家公務員共済組合負担金,175,一部⑦,50%,87,財政・税制の企画立案は貨幣制度の枠組に関連するが行政コストも含む
財務省,国税庁共通費,育児休業手当金等国家公務員共済組合負担金,4,一部⑦,50%,2,財政・税制の企画立案は貨幣制度の枠組に関連するが行政コストも含む
財務省,国税庁共通費,国有資産所在市町村交付金,1,一部⑦,50%,0,財政・税制の企画立案は貨幣制度の枠組に関連するが行政コストも含む
財務省,国税庁共通費,賠償償還及払戻金,1,一部⑦,50%,0,財政・税制の企画立案は貨幣制度の枠組に関連するが行政コストも含む
財務省,国税庁施設費,施設施工庁費,2,一部⑦,50%,1,財政・税制の企画立案は貨幣制度の枠組に関連するが行政コストも含む
財務省,国税庁施設費,施設整備費,24,一部⑦,50%,12,財政・税制の企画立案は貨幣制度の枠組に関連するが行政コストも含む
財務省,税務業務費,非常勤職員手当,1,一部①,50%,0,税収確保は政府機能全体の基盤。法秩序維持の財源確保として一部①
財務省,税務業務費,諸謝金,1,一部①,50%,0,税収確保は政府機能全体の基盤。法秩序維持の財源確保として一部①
財務省,税務業務費,職員旅費,6,一部①,50%,3,税収確保は政府機能全体の基盤。法秩序維持の財源確保として一部①
財務省,税務業務費,税務調査旅費,48,一部①,50%,24,税収確保は政府機能全体の基盤。法秩序維持の財源確保として一部①
財務省,税務業務費,校費,10,一部①,50%,5,税収確保は政府機能全体の基盤。法秩序維持の財源確保として一部①
財務省,税務業務費,税務特別庁費,526,一部①,50%,263,税収確保は政府機能全体の基盤。法秩序維持の財源確保として一部①
財務省,税務業務費,土地建物借料,17,一部①,50%,8,税収確保は政府機能全体の基盤。法秩序維持の財源確保として一部①
財務省,税務業務費,捜査費,4,一部①,50%,2,税収確保は政府機能全体の基盤。法秩序維持の財源確保として一部①
財務省,税務業務費,清酒製造業近代化事業費等補助金,8,一部①,50%,4,税収確保は政府機能全体の基盤。法秩序維持の財源確保として一部①
財務省,税務業務費,酒類業振興支援事業費補助金,6,一部①,50%,3,税収確保は政府機能全体の基盤。法秩序維持の財源確保として一部①
財務省,国税不服審判所,職員基本給,30,一部⑦,50%,15,財政・税制の企画立案は貨幣制度の枠組に関連するが行政コストも含む
財務省,国税不服審判所,職員諸手当,17,一部⑦,50%,8,財政・税制の企画立案は貨幣制度の枠組に関連するが行政コストも含む
財務省,国税不服審判所,超過勤務手当,1,一部⑦,50%,0,財政・税制の企画立案は貨幣制度の枠組に関連するが行政コストも含む
財務省,国税不服審判所,庁費,1,一部⑦,50%,0,財政・税制の企画立案は貨幣制度の枠組に関連するが行政コストも含む
財務省,独立行政法人酒類総合研究所運営費,独立行政法人酒類総合研究所運営費交付金,10,一部⑦,50%,5,財政・税制の企画立案は貨幣制度の枠組に関連するが行政コストも含む
文部科学省,文部科学本省共通費,職員基本給,91,該当なし,0%,0,上記以外の文科省支出（文化政策等）はフリードマン役割外
文部科学省,文部科学本省共通費,職員諸手当,53,該当なし,0%,0,上記以外の文科省支出（文化政策等）はフリードマン役割外
文部科学省,文部科学本省共通費,超過勤務手当,19,該当なし,0%,0,上記以外の文科省支出（文化政策等）はフリードマン役割外
文部科学省,文部科学本省共通費,委員手当,2,該当なし,0%,0,上記以外の文科省支出（文化政策等）はフリードマン役割外
文部科学省,文部科学本省共通費,非常勤職員手当,1,該当なし,0%,0,上記以外の文科省支出（文化政策等）はフリードマン役割外
文部科学省,文部科学本省共通費,休職者給与,1,該当なし,0%,0,上記以外の文科省支出（文化政策等）はフリードマン役割外
文部科学省,文部科学本省共通費,短時間勤務職員給与,2,該当なし,0%,0,上記以外の文科省支出（文化政策等）はフリードマン役割外
文部科学省,文部科学本省共通費,公務災害補償費,5,該当なし,0%,0,上記以外の文科省支出（文化政策等）はフリードマン役割外
文部科学省,文部科学本省共通費,退職手当,21,該当なし,0%,0,上記以外の文科省支出（文化政策等）はフリードマン役割外
文部科学省,文部科学本省共通費,児童手当,1,該当なし,0%,0,上記以外の文科省支出（文化政策等）はフリードマン役割外
文部科学省,文部科学本省共通費,諸謝金,1,該当なし,0%,0,上記以外の文科省支出（文化政策等）はフリードマン役割外
文部科学省,文部科学本省共通費,職員旅費,1,該当なし,0%,0,上記以外の文科省支出（文化政策等）はフリードマン役割外
文部科学省,文部科学本省共通費,外国留学旅費,1,該当なし,0%,0,上記以外の文科省支出（文化政策等）はフリードマン役割外
文部科学省,文部科学本省共通費,委員等旅費,1,該当なし,0%,0,上記以外の文科省支出（文化政策等）はフリードマン役割外
文部科学省,文部科学本省共通費,庁費,19,該当なし,0%,0,上記以外の文科省支出（文化政策等）はフリードマン役割外
文部科学省,文部科学本省共通費,情報処理業務庁費,3,該当なし,0%,0,上記以外の文科省支出（文化政策等）はフリードマン役割外
文部科学省,文部科学本省共通費,各所修繕,1,該当なし,0%,0,上記以外の文科省支出（文化政策等）はフリードマン役割外
文部科学省,文部科学本省共通費,公共施設等維持管理運営費,13,該当なし,0%,0,上記以外の文科省支出（文化政策等）はフリードマン役割外
文部科学省,文部科学本省共通費,官民区分所有施設維持管理運営費,6,該当なし,0%,0,上記以外の文科省支出（文化政策等）はフリードマン役割外
文部科学省,文部科学本省共通費,国家公務員共済組合負担金,170,該当なし,0%,0,上記以外の文科省支出（文化政策等）はフリードマン役割外
文部科学省,文部科学本省共通費,基礎年金等国家公務員共済組合負担金,544,該当なし,0%,0,上記以外の文科省支出（文化政策等）はフリードマン役割外
文部科学省,文部科学本省共通費,国有資産所在市町村交付金,3,該当なし,0%,0,上記以外の文科省支出（文化政策等）はフリードマン役割外
文部科学省,教育政策推進費,諸謝金,1,該当なし,0%,0,上記以外の文科省支出（文化政策等）はフリードマン役割外
文部科学省,教育政策推進費,在外教育施設派遣教員等謝金,106,該当なし,0%,0,上記以外の文科省支出（文化政策等）はフリードマン役割外
文部科学省,教育政策推進費,委員等旅費,1,該当なし,0%,0,上記以外の文科省支出（文化政策等）はフリードマン役割外
文部科学省,教育政策推進費,在外教育施設派遣教員等旅費,17,該当なし,0%,0,上記以外の文科省支出（文化政策等）はフリードマン役割外
文部科学省,教育政策推進費,庁費,3,該当なし,0%,0,上記以外の文科省支出（文化政策等）はフリードマン役割外
文部科学省,教育政策推進費,高等学校卒業程度認定試験業務庁費,3,該当なし,0%,0,上記以外の文科省支出（文化政策等）はフリードマン役割外
文部科学省,教育政策推進費,教職員研修費,1,該当なし,0%,0,上記以外の文科省支出（文化政策等）はフリードマン役割外
文部科学省,教育政策推進費,教育政策推進事業委託費,72,該当なし,0%,0,上記以外の文科省支出（文化政策等）はフリードマン役割外
文部科学省,教育政策推進費,在外教育施設派遣教員委託費,66,該当なし,0%,0,上記以外の文科省支出（文化政策等）はフリードマン役割外
文部科学省,教育政策推進費,政府開発援助難民救援業務委託費,2,該当なし,0%,0,上記以外の文科省支出（文化政策等）はフリードマン役割外
文部科学省,教育政策推進費,教育統計調査委託費,1,該当なし,0%,0,上記以外の文科省支出（文化政策等）はフリードマン役割外
文部科学省,教育政策推進費,国際文化交流促進費補助金,1,該当なし,0%,0,上記以外の文科省支出（文化政策等）はフリードマン役割外
文部科学省,教育政策推進費,健康教育振興事業費補助金,1,該当なし,0%,0,上記以外の文科省支出（文化政策等）はフリードマン役割外
文部科学省,教育政策推進費,放送大学学園補助金,71,該当なし,0%,0,上記以外の文科省支出（文化政策等）はフリードマン役割外
文部科学省,教育政策推進費,学校・家庭・地域連携協力推進事業費補助金,74,該当なし,0%,0,上記以外の文科省支出（文化政策等）はフリードマン役割外
文部科学省,教育政策推進費,教育支援体制整備事業費補助金,21,該当なし,0%,0,上記以外の文科省支出（文化政策等）はフリードマン役割外
文部科学省,教育政策推進費,給食費負担軽減交付金,1649,該当なし,0%,0,上記以外の文科省支出（文化政策等）はフリードマン役割外
文部科学省,独立行政法人国立青少年教育振興機構運営費,独立行政法人国立青少年教育振興機構運営費交付金,77,該当なし,0%,0,上記以外の文科省支出（文化政策等）はフリードマン役割外
文部科学省,初等中等教育振興費,諸謝金,1,該当なし,0%,0,教育振興補助は①外。義務教育費国庫負担（一部⑩）と区別
文部科学省,初等中等教育振興費,学習指導要領改訂等業務謝金,1,該当なし,0%,0,教育振興補助は①外。義務教育費国庫負担（一部⑩）と区別
文部科学省,初等中等教育振興費,委員等旅費,1,該当なし,0%,0,教育振興補助は①外。義務教育費国庫負担（一部⑩）と区別
文部科学省,初等中等教育振興費,学習指導要領改訂等業務委員等旅費,1,該当なし,0%,0,教育振興補助は①外。義務教育費国庫負担（一部⑩）と区別
文部科学省,初等中等教育振興費,庁費,1,該当なし,0%,0,教育振興補助は①外。義務教育費国庫負担（一部⑩）と区別
文部科学省,初等中等教育振興費,学習指導要領改訂等業務庁費,1,該当なし,0%,0,教育振興補助は①外。義務教育費国庫負担（一部⑩）と区別
文部科学省,初等中等教育振興費,教職員研修費,4,該当なし,0%,0,教育振興補助は①外。義務教育費国庫負担（一部⑩）と区別
文部科学省,初等中等教育振興費,教科書購入費,470,該当なし,0%,0,教育振興補助は①外。義務教育費国庫負担（一部⑩）と区別
文部科学省,初等中等教育振興費,デジタル教科書購入費,15,該当なし,0%,0,教育振興補助は①外。義務教育費国庫負担（一部⑩）と区別
文部科学省,初等中等教育振興費,初等中等教育振興事業委託費,18,該当なし,0%,0,教育振興補助は①外。義務教育費国庫負担（一部⑩）と区別
文部科学省,初等中等教育振興費,先端技術活用教育推進事業委託費,3,該当なし,0%,0,教育振興補助は①外。義務教育費国庫負担（一部⑩）と区別
文部科学省,初等中等教育振興費,要保護児童生徒援助費補助金,5,該当なし,0%,0,教育振興補助は①外。義務教育費国庫負担（一部⑩）と区別
文部科学省,初等中等教育振興費,へき地児童生徒援助費等補助金,22,該当なし,0%,0,教育振興補助は①外。義務教育費国庫負担（一部⑩）と区別
文部科学省,初等中等教育振興費,教育支援体制整備事業費補助金,267,該当なし,0%,0,教育振興補助は①外。義務教育費国庫負担（一部⑩）と区別
文部科学省,初等中等教育振興費,高等学校等修学支援事業費補助金,351,該当なし,0%,0,教育振興補助は①外。義務教育費国庫負担（一部⑩）と区別
文部科学省,初等中等教育振興費,特別支援教育就学奨励費補助金,54,該当なし,0%,0,教育振興補助は①外。義務教育費国庫負担（一部⑩）と区別
文部科学省,初等中等教育振興費,公立学校情報機器活用支援体制整備費補助金,3,該当なし,0%,0,教育振興補助は①外。義務教育費国庫負担（一部⑩）と区別
文部科学省,初等中等教育振興費,特別支援教育就学奨励費負担金,54,該当なし,0%,0,教育振興補助は①外。義務教育費国庫負担（一部⑩）と区別
文部科学省,初等中等教育振興費,公立文教施設整備等都道府県事務費交付金,1,該当なし,0%,0,教育振興補助は①外。義務教育費国庫負担（一部⑩）と区別
文部科学省,初等中等教育振興費,被災児童生徒就学支援等事業交付金,1,該当なし,0%,0,教育振興補助は①外。義務教育費国庫負担（一部⑩）と区別
文部科学省,初等中等教育振興費,教育支援体制整備事業費交付金,12,該当なし,0%,0,教育振興補助は①外。義務教育費国庫負担（一部⑩）と区別
文部科学省,初等中等教育振興費,高等学校等就学支援金交付金,5800,該当なし,0%,0,教育振興補助は①外。義務教育費国庫負担（一部⑩）と区別
文部科学省,初等中等教育振興費,高等学校等就学支援金事務費交付金,24,該当なし,0%,0,教育振興補助は①外。義務教育費国庫負担（一部⑩）と区別
文部科学省,初等中等教育振興費,特別支援教育就学奨励費交付金,5,該当なし,0%,0,教育振興補助は①外。義務教育費国庫負担（一部⑩）と区別
文部科学省,独立行政法人教職員支援機構運営費,独立行政法人教職員支援機構運営費交付金,12,該当なし,0%,0,上記以外の文科省支出（文化政策等）はフリードマン役割外
文部科学省,独立行政法人国立特別支援教育総合研究所運営費,独立行政法人国立特別支援教育総合研究所運営費交付金,11,該当なし,0%,0,上記以外の文科省支出（文化政策等）はフリードマン役割外
文部科学省,義務教育費国庫負担金,義務教育費国庫負担金,17118,一部⑩/一部③,50%,8559,子供は自ら教育選択できない（⑩補足）かつ教育ルール維持の手段（③）
文部科学省,高等教育振興費,情報処理業務庁費,1,該当なし,0%,0,上記以外の文科省支出（文化政策等）はフリードマン役割外
文部科学省,高等教育振興費,大学改革推進委託費,2,該当なし,0%,0,上記以外の文科省支出（文化政策等）はフリードマン役割外
文部科学省,高等教育振興費,研究拠点形成費等補助金,71,該当なし,0%,0,上記以外の文科省支出（文化政策等）はフリードマン役割外
文部科学省,高等教育振興費,大学改革推進等補助金,5,該当なし,0%,0,上記以外の文科省支出（文化政策等）はフリードマン役割外
文部科学省,高等教育振興費,人材育成連携拠点形成費等補助金,14,該当なし,0%,0,上記以外の文科省支出（文化政策等）はフリードマン役割外
文部科学省,高等教育振興費,国際化拠点整備事業費補助金,29,該当なし,0%,0,上記以外の文科省支出（文化政策等）はフリードマン役割外
文部科学省,高等教育振興費,国立大学法人先端研究推進費補助金,117,該当なし,0%,0,上記以外の文科省支出（文化政策等）はフリードマン役割外
文部科学省,独立行政法人大学改革支援・学位授与機構運営費,独立行政法人大学改革支援・学位授与機構一般勘定運営費交付金,18,該当なし,0%,0,上記以外の文科省支出（文化政策等）はフリードマン役割外
文部科学省,独立行政法人国立高等専門学校機構運営費,独立行政法人国立高等専門学校機構運営費交付金,631,該当なし,0%,0,上記以外の文科省支出（文化政策等）はフリードマン役割外
文部科学省,独立行政法人国立高等専門学校機構施設整備費,独立行政法人国立高等専門学校機構施設整備費補助金,25,該当なし,0%,0,上記以外の文科省支出（文化政策等）はフリードマン役割外
文部科学省,育英事業費,育英資金返還免除等補助金,39,該当なし,0%,0,上記以外の文科省支出（文化政策等）はフリードマン役割外
文部科学省,育英事業費,育英資金利子補給金,90,該当なし,0%,0,上記以外の文科省支出（文化政策等）はフリードマン役割外
文部科学省,育英事業費,育英資金貸付金,919,該当なし,0%,0,上記以外の文科省支出（文化政策等）はフリードマン役割外
文部科学省,私立学校振興費,日本私立学校振興・共済事業団補助金,3,該当なし,0%,0,私学補助は市場歪曲。バウチャー制で代替可能
文部科学省,私立学校振興費,基礎年金等日本私立学校振興・共済事業団補助金,1579,該当なし,0%,0,私学補助は市場歪曲。バウチャー制で代替可能
文部科学省,私立学校振興費,私立大学等研究設備整備費等補助金,31,該当なし,0%,0,私学補助は市場歪曲。バウチャー制で代替可能
文部科学省,私立学校振興費,私立大学等経常費補助金,2899,該当なし,0%,0,私学補助は市場歪曲。バウチャー制で代替可能
文部科学省,私立学校振興費,私立高等学校等経常費助成費補助金,960,該当なし,0%,0,私学補助は市場歪曲。バウチャー制で代替可能
文部科学省,私立学校振興費,私立学校施設整備費補助金,43,該当なし,0%,0,私学補助は市場歪曲。バウチャー制で代替可能
文部科学省,私立学校振興費,私立学校施設高度化推進事業費補助金,16,該当なし,0%,0,私学補助は市場歪曲。バウチャー制で代替可能
文部科学省,私立学校振興費,私立大学等研究推進費補助金,121,該当なし,0%,0,私学補助は市場歪曲。バウチャー制で代替可能
文部科学省,科学技術・学術政策推進費,非常勤職員手当,1,該当なし,0%,0,上記以外の文科省支出（文化政策等）はフリードマン役割外
文部科学省,科学技術・学術政策推進費,職員旅費,1,該当なし,0%,0,上記以外の文科省支出（文化政策等）はフリードマン役割外
文部科学省,科学技術・学術政策推進費,委員等旅費,1,該当なし,0%,0,上記以外の文科省支出（文化政策等）はフリードマン役割外
文部科学省,科学技術・学術政策推進費,庁費,1,該当なし,0%,0,上記以外の文科省支出（文化政策等）はフリードマン役割外
文部科学省,科学技術・学術政策推進費,科学技術基礎調査等委託費,1,該当なし,0%,0,上記以外の文科省支出（文化政策等）はフリードマン役割外
文部科学省,科学技術・学術政策推進費,科学技術調査資料作成委託費,1,該当なし,0%,0,上記以外の文科省支出（文化政策等）はフリードマン役割外
文部科学省,科学技術・学術政策推進費,産学官連携支援事業委託費,2,該当なし,0%,0,上記以外の文科省支出（文化政策等）はフリードマン役割外
文部科学省,科学技術・学術政策推進費,地域産学官連携科学技術振興事業費補助金,1,該当なし,0%,0,上記以外の文科省支出（文化政策等）はフリードマン役割外
文部科学省,科学技術・学術政策推進費,国際科学技術センター拠出金,1,該当なし,0%,0,上記以外の文科省支出（文化政策等）はフリードマン役割外
文部科学省,科学技術・学術政策推進費,経済協力開発機構拠出金,1,該当なし,0%,0,上記以外の文科省支出（文化政策等）はフリードマン役割外
文部科学省,研究振興費,非常勤職員手当,1,一部⑨,50%,0,基礎研究は知識という正の外部効果を生む。ただし民間委託可能な部分も
文部科学省,研究振興費,庁費,1,一部⑨,50%,0,基礎研究は知識という正の外部効果を生む。ただし民間委託可能な部分も
文部科学省,研究振興費,科学技術人材養成等委託費,5,一部⑨,50%,2,基礎研究は知識という正の外部効果を生む。ただし民間委託可能な部分も
文部科学省,研究振興費,大学研究基盤強化委託費,1,一部⑨,50%,0,基礎研究は知識という正の外部効果を生む。ただし民間委託可能な部分も
文部科学省,研究振興費,科学技術試験研究委託費,26,一部⑨,50%,13,基礎研究は知識という正の外部効果を生む。ただし民間委託可能な部分も
文部科学省,研究振興費,理科教育設備整備費等補助金,19,一部⑨,50%,9,基礎研究は知識という正の外部効果を生む。ただし民間委託可能な部分も
文部科学省,研究振興費,科学技術人材育成費補助金,21,一部⑨,50%,10,基礎研究は知識という正の外部効果を生む。ただし民間委託可能な部分も
文部科学省,研究振興費,特定先端大型研究施設運営費等補助金,422,一部⑨,50%,211,基礎研究は知識という正の外部効果を生む。ただし民間委託可能な部分も
文部科学省,研究振興費,国際研究拠点形成促進事業費補助金,71,一部⑨,50%,35,基礎研究は知識という正の外部効果を生む。ただし民間委託可能な部分も
文部科学省,研究振興費,共同利用・共同研究拠点形成事業費補助金,8,一部⑨,50%,4,基礎研究は知識という正の外部効果を生む。ただし民間委託可能な部分も
文部科学省,研究振興費,科学研究費補助金,604,一部⑨,50%,302,基礎研究は知識という正の外部効果を生む。ただし民間委託可能な部分も
文部科学省,研究振興費,学術研究助成基金補助金,1875,一部⑨,50%,937,基礎研究は知識という正の外部効果を生む。ただし民間委託可能な部分も
文部科学省,研究振興費,高性能汎用計算機高度利用事業費補助金,6,一部⑨,50%,3,基礎研究は知識という正の外部効果を生む。ただし民間委託可能な部分も
文部科学省,研究振興費,次世代人工知能技術等研究開発拠点形成事業費補助金,8,一部⑨,50%,4,基礎研究は知識という正の外部効果を生む。ただし民間委託可能な部分も
文部科学省,研究振興費,人工知能等社会実装研究拠点事業費補助金,19,一部⑨,50%,9,基礎研究は知識という正の外部効果を生む。ただし民間委託可能な部分も
文部科学省,研究振興費,特定先端大型研究施設利用促進交付金,39,一部⑨,50%,19,基礎研究は知識という正の外部効果を生む。ただし民間委託可能な部分も
文部科学省,国立大学法人施設整備費,国立大学法人施設整備費補助金,255,該当なし,0%,0,国立大学への補助は産業・教育政策。私立化・バウチャー制で代替可能
文部科学省,国立大学法人施設整備費,国立大学法人先端研究等施設整備費補助金,98,該当なし,0%,0,国立大学への補助は産業・教育政策。私立化・バウチャー制で代替可能
文部科学省,国立大学法人運営費,国立大学法人運営費交付金,10971,該当なし,0%,0,国立大学への補助は産業・教育政策。私立化・バウチャー制で代替可能
文部科学省,独立行政法人日本学術振興会運営費,独立行政法人日本学術振興会一般勘定運営費交付金,271,該当なし,0%,0,上記以外の文科省支出（文化政策等）はフリードマン役割外
文部科学省,研究開発推進費,非常勤職員手当,1,一部⑨,50%,0,研究開発は正の技術外部効果を持つが、産業政策的色彩も含む
文部科学省,研究開発推進費,職員旅費,1,一部⑨,50%,0,研究開発は正の技術外部効果を持つが、産業政策的色彩も含む
文部科学省,研究開発推進費,委員等旅費,1,一部⑨,50%,0,研究開発は正の技術外部効果を持つが、産業政策的色彩も含む
文部科学省,研究開発推進費,在外研究員旅費,1,一部⑨,50%,0,研究開発は正の技術外部効果を持つが、産業政策的色彩も含む
文部科学省,研究開発推進費,庁費,1,一部⑨,50%,0,研究開発は正の技術外部効果を持つが、産業政策的色彩も含む
文部科学省,研究開発推進費,科学技術試験研究委託費,111,一部⑨,50%,55,研究開発は正の技術外部効果を持つが、産業政策的色彩も含む
文部科学省,研究開発推進費,科学技術基礎調査等委託費,9,一部⑨,50%,4,研究開発は正の技術外部効果を持つが、産業政策的色彩も含む
文部科学省,研究開発推進費,地球観測技術等調査研究委託費,9,一部⑨,50%,4,研究開発は正の技術外部効果を持つが、産業政策的色彩も含む
文部科学省,研究開発推進費,革新的研究開発推進基金補助金,17,一部⑨,50%,8,研究開発は正の技術外部効果を持つが、産業政策的色彩も含む
文部科学省,研究開発推進費,先端加速器共通基盤技術研究開発費補助金,7,一部⑨,50%,3,研究開発は正の技術外部効果を持つが、産業政策的色彩も含む
文部科学省,研究開発推進費,研究開発施設共用等促進費補助金,18,一部⑨,50%,9,研究開発は正の技術外部効果を持つが、産業政策的色彩も含む
文部科学省,研究開発推進費,医療研究開発推進事業費補助金,514,一部⑨,50%,257,研究開発は正の技術外部効果を持つが、産業政策的色彩も含む
文部科学省,研究開発推進費,新産業創出等研究開発推進事業費補助金,3,一部⑨,50%,1,研究開発は正の技術外部効果を持つが、産業政策的色彩も含む
文部科学省,研究開発推進費,核セキュリティ強化等推進事業費補助金,6,一部⑨,50%,3,研究開発は正の技術外部効果を持つが、産業政策的色彩も含む
文部科学省,研究開発推進費,火山研究人材育成等支援事業費補助金,1,一部⑨,50%,0,研究開発は正の技術外部効果を持つが、産業政策的色彩も含む
文部科学省,研究開発推進費,環境技術等研究開発推進事業費補助金,8,一部⑨,50%,4,研究開発は正の技術外部効果を持つが、産業政策的色彩も含む
文部科学省,研究開発推進費,国際熱核融合実験炉研究開発費補助金,50,一部⑨,50%,25,研究開発は正の技術外部効果を持つが、産業政策的色彩も含む
文部科学省,研究開発推進費,地球観測システム研究開発費補助金,84,一部⑨,50%,42,研究開発は正の技術外部効果を持つが、産業政策的色彩も含む
文部科学省,研究開発推進費,先進的核融合研究開発費補助金,53,一部⑨,50%,26,研究開発は正の技術外部効果を持つが、産業政策的色彩も含む
文部科学省,研究開発推進費,国際宇宙ステーション開発費補助金,94,一部⑨,50%,47,研究開発は正の技術外部効果を持つが、産業政策的色彩も含む
文部科学省,研究開発推進費,基幹ロケット高度化推進費補助金,29,一部⑨,50%,14,研究開発は正の技術外部効果を持つが、産業政策的色彩も含む
文部科学省,研究開発推進費,月面探査システム開発費補助金,28,一部⑨,50%,14,研究開発は正の技術外部効果を持つが、産業政策的色彩も含む
文部科学省,研究開発推進費,原子力人材育成等推進事業費補助金,2,一部⑨,50%,1,研究開発は正の技術外部効果を持つが、産業政策的色彩も含む
文部科学省,研究開発推進費,核変換技術研究開発費補助金,1,一部⑨,50%,0,研究開発は正の技術外部効果を持つが、産業政策的色彩も含む
文部科学省,研究開発推進費,廃炉研究等推進事業費補助金,11,一部⑨,50%,5,研究開発は正の技術外部効果を持つが、産業政策的色彩も含む
文部科学省,研究開発推進費,試験研究炉整備等促進事業費補助金,8,一部⑨,50%,4,研究開発は正の技術外部効果を持つが、産業政策的色彩も含む
文部科学省,研究開発推進費,国際核融合エネルギー機構分担金,97,一部⑨,50%,48,研究開発は正の技術外部効果を持つが、産業政策的色彩も含む
文部科学省,研究開発推進費,経済協力開発機構国際機関分担金,1,一部⑨,50%,0,研究開発は正の技術外部効果を持つが、産業政策的色彩も含む
文部科学省,研究開発推進費,地球観測政府間会合拠出金,1,一部⑨,50%,0,研究開発は正の技術外部効果を持つが、産業政策的色彩も含む
文部科学省,国立研究開発法人物質・材料研究機構運営費,国立研究開発法人物質・材料研究機構運営費交付金,145,一部⑨,50%,72,基礎的研究開発は市場に委ねると過少供給になる外部効果領域
文部科学省,国立研究開発法人日本医療研究開発機構運営費,国立研究開発法人日本医療研究開発機構一般勘定運営費交付金,67,一部⑨,50%,33,基礎的研究開発は市場に委ねると過少供給になる外部効果領域
文部科学省,国立研究開発法人科学技術振興機構運営費,国立研究開発法人科学技術振興機構一般勘定運営費交付金,1010,一部⑨,50%,505,基礎的研究開発は市場に委ねると過少供給になる外部効果領域
文部科学省,国立研究開発法人科学技術振興機構施設整備費,国立研究開発法人科学技術振興機構施設整備費補助金,1,一部⑨,50%,0,基礎的研究開発は市場に委ねると過少供給になる外部効果領域
文部科学省,国立研究開発法人理化学研究所運営費,国立研究開発法人理化学研究所運営費交付金,588,一部⑨,50%,294,基礎的研究開発は市場に委ねると過少供給になる外部効果領域
文部科学省,国立研究開発法人量子科学技術研究開発機構運営費,国立研究開発法人量子科学技術研究開発機構運営費交付金,219,一部⑨,50%,109,基礎的研究開発は市場に委ねると過少供給になる外部効果領域
文部科学省,国立研究開発法人量子科学技術研究開発機構施設整備費,国立研究開発法人量子科学技術研究開発機構施設整備費補助金,6,一部⑨,50%,3,基礎的研究開発は市場に委ねると過少供給になる外部効果領域
文部科学省,国立研究開発法人防災科学技術研究所運営費,国立研究開発法人防災科学技術研究所運営費交付金,82,一部⑨,50%,41,基礎的研究開発は市場に委ねると過少供給になる外部効果領域
文部科学省,南極地域観測事業費,職員諸手当,1,該当なし,0%,0,上記以外の文科省支出（文化政策等）はフリードマン役割外
文部科学省,南極地域観測事業費,南極地域観測事業業務庁費,4,該当なし,0%,0,上記以外の文科省支出（文化政策等）はフリードマン役割外
文部科学省,南極地域観測事業費,糧食費,1,該当なし,0%,0,上記以外の文科省支出（文化政策等）はフリードマン役割外
文部科学省,南極地域観測事業費,航空機及船舶運航費,30,該当なし,0%,0,上記以外の文科省支出（文化政策等）はフリードマン役割外
文部科学省,南極地域観測事業費,南極地域観測委託費,1,該当なし,0%,0,上記以外の文科省支出（文化政策等）はフリードマン役割外
文部科学省,南極地域観測事業費,航空機購入費,21,該当なし,0%,0,上記以外の文科省支出（文化政策等）はフリードマン役割外
文部科学省,電源開発促進税財源電源立地対策及電源利用対策費エネルギー対策特別会計へ繰入,電源開発促進税財源のエネルギー対策特別会計へ繰入,1079,該当なし,0%,0,上記以外の文科省支出（文化政策等）はフリードマン役割外
文部科学省,国立研究開発法人海洋研究開発機構運営費,国立研究開発法人海洋研究開発機構運営費交付金,302,一部⑨,50%,151,基礎的研究開発は市場に委ねると過少供給になる外部効果領域
文部科学省,国立研究開発法人海洋研究開発機構船舶建造費,国立研究開発法人海洋研究開発機構船舶建造費補助金,30,一部⑨,50%,15,基礎的研究開発は市場に委ねると過少供給になる外部効果領域
文部科学省,国立研究開発法人宇宙航空研究開発機構運営費,国立研究開発法人宇宙航空研究開発機構一般勘定運営費交付金,1270,一部⑨,50%,635,基礎的研究開発は市場に委ねると過少供給になる外部効果領域
文部科学省,国立研究開発法人宇宙航空研究開発機構施設整備費,国立研究開発法人宇宙航空研究開発機構施設整備費補助金,65,一部⑨,50%,32,基礎的研究開発は市場に委ねると過少供給になる外部効果領域
文部科学省,国立研究開発法人日本原子力研究開発機構運営費,国立研究開発法人日本原子力研究開発機構一般勘定運営費交付金,365,一部⑨,50%,182,基礎的研究開発は市場に委ねると過少供給になる外部効果領域
文部科学省,公立文教施設整備費,公立学校施設整備費負担金,623,該当なし,0%,0,上記以外の文科省支出（文化政策等）はフリードマン役割外
文部科学省,公立文教施設整備費,公立諸学校建物其他災害復旧費負担金,4,該当なし,0%,0,上記以外の文科省支出（文化政策等）はフリードマン役割外
文部科学省,公立文教施設整備費,学校施設環境改善交付金,54,該当なし,0%,0,上記以外の文科省支出（文化政策等）はフリードマン役割外
文部科学省,文化振興費,文化功労者年金,10,該当なし,0%,0,上記以外の文科省支出（文化政策等）はフリードマン役割外
文部科学省,国際交流・協力推進費,政府開発援助留学生業務謝金,1,該当なし,0%,0,上記以外の文科省支出（文化政策等）はフリードマン役割外
文部科学省,国際交流・協力推進費,外国人留学生給与,36,該当なし,0%,0,上記以外の文科省支出（文化政策等）はフリードマン役割外
文部科学省,国際交流・協力推進費,政府開発援助外国人留学生給与,119,該当なし,0%,0,上記以外の文科省支出（文化政策等）はフリードマン役割外
文部科学省,国際交流・協力推進費,外国人留学生招致及帰国旅費,2,該当なし,0%,0,上記以外の文科省支出（文化政策等）はフリードマン役割外
文部科学省,国際交流・協力推進費,政府開発援助外国人留学生招致及帰国旅費,6,該当なし,0%,0,上記以外の文科省支出（文化政策等）はフリードマン役割外
文部科学省,国際交流・協力推進費,教員等派遣旅費,1,該当なし,0%,0,上記以外の文科省支出（文化政策等）はフリードマン役割外
文部科学省,国際交流・協力推進費,教職員研修費,1,該当なし,0%,0,上記以外の文科省支出（文化政策等）はフリードマン役割外
文部科学省,国際交流・協力推進費,外国人留学生教育費,3,該当なし,0%,0,上記以外の文科省支出（文化政策等）はフリードマン役割外
文部科学省,国際交流・協力推進費,政府開発援助外国人留学生教育費,9,該当なし,0%,0,上記以外の文科省支出（文化政策等）はフリードマン役割外
文部科学省,国際交流・協力推進費,国際交流推進事業委託費,2,該当なし,0%,0,上記以外の文科省支出（文化政策等）はフリードマン役割外
文部科学省,国際交流・協力推進費,政府開発援助外国人留学生受入推進事業委託費,6,該当なし,0%,0,上記以外の文科省支出（文化政策等）はフリードマン役割外
文部科学省,国際交流・協力推進費,国際協力推進事業委託費,2,該当なし,0%,0,上記以外の文科省支出（文化政策等）はフリードマン役割外
文部科学省,国際交流・協力推進費,国際文化交流促進費補助金,4,該当なし,0%,0,上記以外の文科省支出（文化政策等）はフリードマン役割外
文部科学省,国際交流・協力推進費,文化交流団体補助金,6,該当なし,0%,0,上記以外の文科省支出（文化政策等）はフリードマン役割外
文部科学省,国際交流・協力推進費,政府開発援助留学生交流支援事業費補助金,4,該当なし,0%,0,上記以外の文科省支出（文化政策等）はフリードマン役割外
文部科学省,国際交流・協力推進費,留学生交流支援事業費補助金,92,該当なし,0%,0,上記以外の文科省支出（文化政策等）はフリードマン役割外
文部科学省,国際交流・協力推進費,日米教育交流計画等分担金,4,該当なし,0%,0,上記以外の文科省支出（文化政策等）はフリードマン役割外
文部科学省,国際交流・協力推進費,政府開発援助ユネスコ事業等拠出金,2,該当なし,0%,0,上記以外の文科省支出（文化政策等）はフリードマン役割外
文部科学省,国際交流・協力推進費,ユネスコ事業等拠出金,5,該当なし,0%,0,上記以外の文科省支出（文化政策等）はフリードマン役割外
文部科学省,独立行政法人日本学生支援機構運営費,政府開発援助独立行政法人日本学生支援機構一般勘定運営費交付金,30,該当なし,0%,0,上記以外の文科省支出（文化政策等）はフリードマン役割外
文部科学省,独立行政法人日本学生支援機構運営費,独立行政法人日本学生支援機構一般勘定運営費交付金,137,該当なし,0%,0,上記以外の文科省支出（文化政策等）はフリードマン役割外
文部科学省,国立教育政策研究所,職員基本給,8,該当なし,0%,0,上記以外の文科省支出（文化政策等）はフリードマン役割外
文部科学省,国立教育政策研究所,職員諸手当,5,該当なし,0%,0,上記以外の文科省支出（文化政策等）はフリードマン役割外
文部科学省,国立教育政策研究所,非常勤職員手当,1,該当なし,0%,0,上記以外の文科省支出（文化政策等）はフリードマン役割外
文部科学省,国立教育政策研究所,諸謝金,1,該当なし,0%,0,上記以外の文科省支出（文化政策等）はフリードマン役割外
文部科学省,国立教育政策研究所,委員等旅費,2,該当なし,0%,0,上記以外の文科省支出（文化政策等）はフリードマン役割外
文部科学省,国立教育政策研究所,庁費,1,該当なし,0%,0,上記以外の文科省支出（文化政策等）はフリードマン役割外
文部科学省,国立教育政策研究所,試験研究費,7,該当なし,0%,0,上記以外の文科省支出（文化政策等）はフリードマン役割外
文部科学省,国立教育政策研究所,公共施設等維持管理運営費,1,該当なし,0%,0,上記以外の文科省支出（文化政策等）はフリードマン役割外
文部科学省,国立教育政策研究所,官民区分所有施設維持管理運営費,1,該当なし,0%,0,上記以外の文科省支出（文化政策等）はフリードマン役割外
文部科学省,科学技術・学術政策研究所,職員基本給,3,該当なし,0%,0,上記以外の文科省支出（文化政策等）はフリードマン役割外
文部科学省,科学技術・学術政策研究所,職員諸手当,1,該当なし,0%,0,上記以外の文科省支出（文化政策等）はフリードマン役割外
文部科学省,科学技術・学術政策研究所,非常勤職員手当,1,該当なし,0%,0,上記以外の文科省支出（文化政策等）はフリードマン役割外
文部科学省,科学技術・学術政策研究所,試験研究費,2,該当なし,0%,0,上記以外の文科省支出（文化政策等）はフリードマン役割外
文部科学省,科学技術・学術政策研究所,科学技術試験研究委託費,1,該当なし,0%,0,上記以外の文科省支出（文化政策等）はフリードマン役割外
文部科学省,日本学士院,職員基本給,1,該当なし,0%,0,上記以外の文科省支出（文化政策等）はフリードマン役割外
文部科学省,日本学士院,日本学士院会員年金,4,該当なし,0%,0,上記以外の文科省支出（文化政策等）はフリードマン役割外
文部科学省,日本学士院,土地借料,1,該当なし,0%,0,上記以外の文科省支出（文化政策等）はフリードマン役割外
文部科学省,スポーツ庁共通費,職員基本給,6,該当なし,0%,0,スポーツ振興は典型的な産業・文化政策。政府役割外
文部科学省,スポーツ庁共通費,職員諸手当,3,該当なし,0%,0,スポーツ振興は典型的な産業・文化政策。政府役割外
文部科学省,スポーツ庁共通費,超過勤務手当,1,該当なし,0%,0,スポーツ振興は典型的な産業・文化政策。政府役割外
文部科学省,スポーツ庁共通費,庁費,1,該当なし,0%,0,スポーツ振興は典型的な産業・文化政策。政府役割外
文部科学省,スポーツ庁共通費,公共施設等維持管理運営費,1,該当なし,0%,0,スポーツ振興は典型的な産業・文化政策。政府役割外
文部科学省,私立学校振興費,私立学校施設整備費補助金,1,該当なし,0%,0,私学補助は市場歪曲。バウチャー制で代替可能
文部科学省,スポーツ振興費,庁費,1,該当なし,0%,0,スポーツ振興は典型的な産業・文化政策。政府役割外
文部科学省,スポーツ振興費,スポーツ振興事業委託費,32,該当なし,0%,0,スポーツ振興は典型的な産業・文化政策。政府役割外
文部科学省,スポーツ振興費,スポーツ医・科学研究支援等委託費,19,該当なし,0%,0,スポーツ振興は典型的な産業・文化政策。政府役割外
文部科学省,スポーツ振興費,民間スポーツ振興費等補助金,24,該当なし,0%,0,スポーツ振興は典型的な産業・文化政策。政府役割外
文部科学省,スポーツ振興費,地方スポーツ振興費補助金,55,該当なし,0%,0,スポーツ振興は典型的な産業・文化政策。政府役割外
文部科学省,スポーツ振興費,世界ドーピング防止機構拠出金,2,該当なし,0%,0,スポーツ振興は典型的な産業・文化政策。政府役割外
文部科学省,独立行政法人日本スポーツ振興センター運営費,独立行政法人日本スポーツ振興センター一般勘定運営費交付金,191,該当なし,0%,0,スポーツ振興は典型的な産業・文化政策。政府役割外
文部科学省,文化庁共通費,職員基本給,17,該当なし,0%,0,上記以外の文科省支出（文化政策等）はフリードマン役割外
文部科学省,文化庁共通費,職員諸手当,10,該当なし,0%,0,上記以外の文科省支出（文化政策等）はフリードマン役割外
文部科学省,文化庁共通費,超過勤務手当,3,該当なし,0%,0,上記以外の文科省支出（文化政策等）はフリードマン役割外
文部科学省,文化庁共通費,庁費,6,該当なし,0%,0,上記以外の文科省支出（文化政策等）はフリードマン役割外
文部科学省,文化庁共通費,土地建物借料,2,該当なし,0%,0,上記以外の文科省支出（文化政策等）はフリードマン役割外
文部科学省,文化庁共通費,公共施設等維持管理運営費,2,該当なし,0%,0,上記以外の文科省支出（文化政策等）はフリードマン役割外
文部科学省,文化庁共通費,官民区分所有施設維持管理運営費,1,該当なし,0%,0,上記以外の文科省支出（文化政策等）はフリードマン役割外
文部科学省,文化庁施設費,施設施工庁費,2,該当なし,0%,0,上記以外の文科省支出（文化政策等）はフリードマン役割外
文部科学省,文化振興費,諸謝金,1,該当なし,0%,0,上記以外の文科省支出（文化政策等）はフリードマン役割外
文部科学省,文化振興費,芸能賞金,1,該当なし,0%,0,上記以外の文科省支出（文化政策等）はフリードマン役割外
文部科学省,文化振興費,委員等旅費,1,該当なし,0%,0,上記以外の文科省支出（文化政策等）はフリードマン役割外
文部科学省,文化振興費,庁費,1,該当なし,0%,0,上記以外の文科省支出（文化政策等）はフリードマン役割外
文部科学省,文化振興費,芸術祭等運営費,4,該当なし,0%,0,上記以外の文科省支出（文化政策等）はフリードマン役割外
文部科学省,文化振興費,文化芸術振興委託費,65,該当なし,0%,0,上記以外の文科省支出（文化政策等）はフリードマン役割外
文部科学省,文化振興費,先端技術活用文化芸術振興委託費,1,該当なし,0%,0,上記以外の文科省支出（文化政策等）はフリードマン役割外
文部科学省,文化振興費,文化芸術振興費補助金,163,該当なし,0%,0,上記以外の文科省支出（文化政策等）はフリードマン役割外
文部科学省,文化振興費,文化芸術活動基盤強化基金補助金,2,該当なし,0%,0,上記以外の文科省支出（文化政策等）はフリードマン役割外
文部科学省,文化財保存事業費,職員旅費,1,該当なし,0%,0,上記以外の文科省支出（文化政策等）はフリードマン役割外
文部科学省,文化財保存事業費,庁費,2,該当なし,0%,0,上記以外の文科省支出（文化政策等）はフリードマン役割外
文部科学省,文化財保存事業費,情報処理業務庁費,1,該当なし,0%,0,上記以外の文科省支出（文化政策等）はフリードマン役割外
文部科学省,文化財保存事業費,国有文化財施設等維持管理運営費,5,該当なし,0%,0,上記以外の文科省支出（文化政策等）はフリードマン役割外
文部科学省,文化財保存事業費,国宝重要文化財等買上費,10,該当なし,0%,0,上記以外の文科省支出（文化政策等）はフリードマン役割外
文部科学省,文化財保存事業費,文化芸術振興委託費,24,該当なし,0%,0,上記以外の文科省支出（文化政策等）はフリードマン役割外
文部科学省,文化財保存事業費,国有文化財保存整備費,2,該当なし,0%,0,上記以外の文科省支出（文化政策等）はフリードマン役割外
文部科学省,文化財保存事業費,国宝重要文化財等保存・活用事業費補助金,236,該当なし,0%,0,上記以外の文科省支出（文化政策等）はフリードマン役割外
文部科学省,文化財保存事業費,アイヌ文化振興等事業費補助金,2,該当なし,0%,0,上記以外の文科省支出（文化政策等）はフリードマン役割外
文部科学省,文化財保存事業費,史跡等購入費補助金,100,該当なし,0%,0,上記以外の文科省支出（文化政策等）はフリードマン役割外
文部科学省,文化財保存事業費,国宝重要文化財等防災施設整備費補助金,23,該当なし,0%,0,上記以外の文科省支出（文化政策等）はフリードマン役割外
文部科学省,文化財保存事業費,文化芸術振興費補助金,13,該当なし,0%,0,上記以外の文科省支出（文化政策等）はフリードマン役割外
文部科学省,文化財保存事業費,重要無形文化財保存特別助成金,3,該当なし,0%,0,上記以外の文科省支出（文化政策等）はフリードマン役割外
文部科学省,文化財保存施設整備費,平城宮跡地等整備費,1,該当なし,0%,0,上記以外の文科省支出（文化政策等）はフリードマン役割外
文部科学省,文化財保存施設整備費,平城及飛鳥・藤原宮跡地等購入費,4,該当なし,0%,0,上記以外の文科省支出（文化政策等）はフリードマン役割外
文部科学省,文化振興基盤整備費,庁費,1,該当なし,0%,0,上記以外の文科省支出（文化政策等）はフリードマン役割外
文部科学省,文化振興基盤整備費,文化政策調査業務庁費,1,該当なし,0%,0,上記以外の文科省支出（文化政策等）はフリードマン役割外
文部科学省,文化振興基盤整備費,文化芸術振興委託費,5,該当なし,0%,0,上記以外の文科省支出（文化政策等）はフリードマン役割外
文部科学省,文化振興基盤整備費,文化芸術振興費補助金,11,該当なし,0%,0,上記以外の文科省支出（文化政策等）はフリードマン役割外
文部科学省,文化振興基盤整備費,政府開発援助世界知的所有権機関拠出金,1,該当なし,0%,0,上記以外の文科省支出（文化政策等）はフリードマン役割外
文部科学省,日本芸術院,日本芸術院会員手当,3,該当なし,0%,0,上記以外の文科省支出（文化政策等）はフリードマン役割外
文部科学省,日本芸術院,庁費,1,該当なし,0%,0,上記以外の文科省支出（文化政策等）はフリードマン役割外
文部科学省,日本芸術院,土地借料,1,該当なし,0%,0,上記以外の文科省支出（文化政策等）はフリードマン役割外
文部科学省,独立行政法人国立科学博物館運営費,独立行政法人国立科学博物館運営費交付金,29,該当なし,0%,0,上記以外の文科省支出（文化政策等）はフリードマン役割外
文部科学省,独立行政法人日本芸術文化振興会運営費,独立行政法人日本芸術文化振興会運営費交付金,119,該当なし,0%,0,上記以外の文科省支出（文化政策等）はフリードマン役割外
文部科学省,独立行政法人国立文化財機構運営費,独立行政法人国立文化財機構運営費交付金,99,該当なし,0%,0,上記以外の文科省支出（文化政策等）はフリードマン役割外
文部科学省,独立行政法人国立美術館運営費,独立行政法人国立美術館運営費交付金,85,該当なし,0%,0,上記以外の文科省支出（文化政策等）はフリードマン役割外
文部科学省,独立行政法人国立美術館施設整備費,独立行政法人国立美術館施設整備費補助金,3,該当なし,0%,0,上記以外の文科省支出（文化政策等）はフリードマン役割外
厚生労働省,厚生労働本省共通費,職員基本給,211,該当なし,0%,0,上記以外の厚生労働省支出は社会保障・労働政策等でフリードマン役割外
厚生労働省,厚生労働本省共通費,職員諸手当,121,該当なし,0%,0,上記以外の厚生労働省支出は社会保障・労働政策等でフリードマン役割外
厚生労働省,厚生労働本省共通費,超過勤務手当,57,該当なし,0%,0,上記以外の厚生労働省支出は社会保障・労働政策等でフリードマン役割外
厚生労働省,厚生労働本省共通費,委員手当,4,該当なし,0%,0,上記以外の厚生労働省支出は社会保障・労働政策等でフリードマン役割外
厚生労働省,厚生労働本省共通費,非常勤職員手当,1,該当なし,0%,0,上記以外の厚生労働省支出は社会保障・労働政策等でフリードマン役割外
厚生労働省,厚生労働本省共通費,休職者給与,8,該当なし,0%,0,上記以外の厚生労働省支出は社会保障・労働政策等でフリードマン役割外
厚生労働省,厚生労働本省共通費,国際機関等派遣職員給与,1,該当なし,0%,0,上記以外の厚生労働省支出は社会保障・労働政策等でフリードマン役割外
厚生労働省,厚生労働本省共通費,短時間勤務職員給与,5,該当なし,0%,0,上記以外の厚生労働省支出は社会保障・労働政策等でフリードマン役割外
厚生労働省,厚生労働本省共通費,公務災害補償費,4,該当なし,0%,0,上記以外の厚生労働省支出は社会保障・労働政策等でフリードマン役割外
厚生労働省,厚生労働本省共通費,退職手当,157,該当なし,0%,0,上記以外の厚生労働省支出は社会保障・労働政策等でフリードマン役割外
厚生労働省,厚生労働本省共通費,政府職員等失業者退職手当,5,該当なし,0%,0,上記以外の厚生労働省支出は社会保障・労働政策等でフリードマン役割外
厚生労働省,厚生労働本省共通費,児童手当,3,該当なし,0%,0,上記以外の厚生労働省支出は社会保障・労働政策等でフリードマン役割外
厚生労働省,厚生労働本省共通費,諸謝金,1,該当なし,0%,0,上記以外の厚生労働省支出は社会保障・労働政策等でフリードマン役割外
厚生労働省,厚生労働本省共通費,職員旅費,3,該当なし,0%,0,上記以外の厚生労働省支出は社会保障・労働政策等でフリードマン役割外
厚生労働省,厚生労働本省共通費,外国留学旅費,1,該当なし,0%,0,上記以外の厚生労働省支出は社会保障・労働政策等でフリードマン役割外
厚生労働省,厚生労働本省共通費,赴任旅費,5,該当なし,0%,0,上記以外の厚生労働省支出は社会保障・労働政策等でフリードマン役割外
厚生労働省,厚生労働本省共通費,委員等旅費,2,該当なし,0%,0,上記以外の厚生労働省支出は社会保障・労働政策等でフリードマン役割外
厚生労働省,厚生労働本省共通費,庁費,35,該当なし,0%,0,上記以外の厚生労働省支出は社会保障・労働政策等でフリードマン役割外
厚生労働省,厚生労働本省共通費,情報処理業務庁費,1,該当なし,0%,0,上記以外の厚生労働省支出は社会保障・労働政策等でフリードマン役割外
厚生労働省,厚生労働本省共通費,医薬品審査等業務庁費,1,該当なし,0%,0,上記以外の厚生労働省支出は社会保障・労働政策等でフリードマン役割外
厚生労働省,厚生労働本省共通費,厚生労働統計調査費,1,該当なし,0%,0,上記以外の厚生労働省支出は社会保障・労働政策等でフリードマン役割外
厚生労働省,厚生労働本省共通費,各所修繕,1,該当なし,0%,0,上記以外の厚生労働省支出は社会保障・労働政策等でフリードマン役割外
厚生労働省,厚生労働本省共通費,保健福祉調査委託費,1,該当なし,0%,0,上記以外の厚生労働省支出は社会保障・労働政策等でフリードマン役割外
厚生労働省,厚生労働本省共通費,国家公務員共済組合負担金,309,該当なし,0%,0,上記以外の厚生労働省支出は社会保障・労働政策等でフリードマン役割外
厚生労働省,厚生労働本省共通費,基礎年金等国家公務員共済組合負担金,102,該当なし,0%,0,上記以外の厚生労働省支出は社会保障・労働政策等でフリードマン役割外
厚生労働省,厚生労働本省共通費,育児休業手当金等国家公務員共済組合負担金,1,該当なし,0%,0,上記以外の厚生労働省支出は社会保障・労働政策等でフリードマン役割外
厚生労働省,厚生労働本省共通費,賠償償還及払戻金,26,該当なし,0%,0,上記以外の厚生労働省支出は社会保障・労働政策等でフリードマン役割外
厚生労働省,厚生労働本省施設費,施設整備費,1,該当なし,0%,0,上記以外の厚生労働省支出は社会保障・労働政策等でフリードマン役割外
厚生労働省,医療提供体制確保対策費,医療提供体制確保対策等委託費,37,該当なし,0%,0,病院整備・医師偏在対策は市場歪曲。フリードマンは規制緩和を推奨
厚生労働省,医療提供体制確保対策費,医療施設運営費等補助金,122,該当なし,0%,0,病院整備・医師偏在対策は市場歪曲。フリードマンは規制緩和を推奨
厚生労働省,医療提供体制確保対策費,臨床研修費等補助金,122,該当なし,0%,0,病院整備・医師偏在対策は市場歪曲。フリードマンは規制緩和を推奨
厚生労働省,医療従事者等確保対策費,委員手当,1,該当なし,0%,0,上記以外の厚生労働省支出は社会保障・労働政策等でフリードマン役割外
厚生労働省,医療従事者等確保対策費,委員等旅費,1,該当なし,0%,0,上記以外の厚生労働省支出は社会保障・労働政策等でフリードマン役割外
厚生労働省,医療従事者等確保対策費,医師等国家試験業務庁費,5,該当なし,0%,0,上記以外の厚生労働省支出は社会保障・労働政策等でフリードマン役割外
厚生労働省,医療情報化等推進費,社会保障関係情報化業務庁費,7,該当なし,0%,0,上記以外の厚生労働省支出は社会保障・労働政策等でフリードマン役割外
厚生労働省,医療情報化等推進費,医療情報化基盤整備等委託費,7,該当なし,0%,0,上記以外の厚生労働省支出は社会保障・労働政策等でフリードマン役割外
厚生労働省,医療情報化等推進費,地域診療情報連携推進費補助金,2,該当なし,0%,0,上記以外の厚生労働省支出は社会保障・労働政策等でフリードマン役割外
厚生労働省,医療安全確保推進費,医療施設運営費等補助金,13,該当なし,0%,0,上記以外の厚生労働省支出は社会保障・労働政策等でフリードマン役割外
厚生労働省,国立研究開発法人国立がん研究センター運営費,国立研究開発法人国立がん研究センター運営費交付金,66,該当なし,0%,0,上記以外の厚生労働省支出は社会保障・労働政策等でフリードマン役割外
厚生労働省,国立研究開発法人国立循環器病研究センター運営費,国立研究開発法人国立循環器病研究センター運営費交付金,42,該当なし,0%,0,上記以外の厚生労働省支出は社会保障・労働政策等でフリードマン役割外
厚生労働省,国立研究開発法人国立精神・神経医療研究センター運営費,国立研究開発法人国立精神・神経医療研究センター運営費交付金,43,該当なし,0%,0,上記以外の厚生労働省支出は社会保障・労働政策等でフリードマン役割外
厚生労働省,国立研究開発法人国立精神・神経医療研究センター施設整備費,国立研究開発法人国立精神・神経医療研究センター施設整備費補助金,1,該当なし,0%,0,上記以外の厚生労働省支出は社会保障・労働政策等でフリードマン役割外
厚生労働省,国立研究開発法人国立成育医療研究センター運営費,国立研究開発法人国立成育医療研究センター運営費交付金,49,該当なし,0%,0,上記以外の厚生労働省支出は社会保障・労働政策等でフリードマン役割外
厚生労働省,国立研究開発法人国立成育医療研究センター施設整備費,国立研究開発法人国立成育医療研究センター施設整備費補助金,17,該当なし,0%,0,上記以外の厚生労働省支出は社会保障・労働政策等でフリードマン役割外
厚生労働省,国立研究開発法人国立長寿医療研究センター運営費,国立研究開発法人国立長寿医療研究センター運営費交付金,31,該当なし,0%,0,上記以外の厚生労働省支出は社会保障・労働政策等でフリードマン役割外
厚生労働省,国立研究開発法人国立長寿医療研究センター施設整備費,国立研究開発法人国立長寿医療研究センター施設整備費補助金,3,該当なし,0%,0,上記以外の厚生労働省支出は社会保障・労働政策等でフリードマン役割外
厚生労働省,感染症対策費,新型インフルエンザ予防接種健康被害給付金,1,⑨,100%,1,感染症対策は外部効果の典型例。一人の予防が他者を守る正の外部性
厚生労働省,感染症対策費,健康対策関係業務庁費,107,⑨,100%,107,感染症対策は外部効果の典型例。一人の予防が他者を守る正の外部性
厚生労働省,感染症対策費,医薬品製剤化等業務庁費,4,⑨,100%,4,感染症対策は外部効果の典型例。一人の予防が他者を守る正の外部性
厚生労働省,感染症対策費,感染症流行予測調査費,2,⑨,100%,2,感染症対策は外部効果の典型例。一人の予防が他者を守る正の外部性
厚生労働省,感染症対策費,ワクチン等購入費,11,⑨,100%,11,感染症対策は外部効果の典型例。一人の予防が他者を守る正の外部性
厚生労働省,感染症対策費,医薬品等保管料,2,⑨,100%,2,感染症対策は外部効果の典型例。一人の予防が他者を守る正の外部性
厚生労働省,感染症対策費,医薬品買上費,19,⑨,100%,19,感染症対策は外部効果の典型例。一人の予防が他者を守る正の外部性
厚生労働省,感染症対策費,エイズ予防対策事業委託費,3,⑨,100%,3,感染症対策は外部効果の典型例。一人の予防が他者を守る正の外部性
厚生労働省,感染症対策費,健康対策事業委託費,14,⑨,100%,14,感染症対策は外部効果の典型例。一人の予防が他者を守る正の外部性
厚生労働省,感染症対策費,疾病予防対策事業費等補助金,143,⑨,100%,143,感染症対策は外部効果の典型例。一人の予防が他者を守る正の外部性
厚生労働省,感染症対策費,結核研究所補助金,5,⑨,100%,5,感染症対策は外部効果の典型例。一人の予防が他者を守る正の外部性
厚生労働省,感染症対策費,結核医療費補助金,3,⑨,100%,3,感染症対策は外部効果の典型例。一人の予防が他者を守る正の外部性
厚生労働省,感染症対策費,医療施設運営費等補助金,10,⑨,100%,10,感染症対策は外部効果の典型例。一人の予防が他者を守る正の外部性
厚生労働省,感染症対策費,国立健康危機管理研究機構施設周辺安全対策等事業費補助金,2,⑨,100%,2,感染症対策は外部効果の典型例。一人の予防が他者を守る正の外部性
厚生労働省,感染症対策費,予防接種対策費補助金,2,⑨,100%,2,感染症対策は外部効果の典型例。一人の予防が他者を守る正の外部性
厚生労働省,感染症対策費,結核医療費負担金,27,⑨,100%,27,感染症対策は外部効果の典型例。一人の予防が他者を守る正の外部性
厚生労働省,感染症対策費,感染症予防事業費等負担金,25,⑨,100%,25,感染症対策は外部効果の典型例。一人の予防が他者を守る正の外部性
厚生労働省,感染症対策費,感染症医療費負担金,1,⑨,100%,1,感染症対策は外部効果の典型例。一人の予防が他者を守る正の外部性
厚生労働省,感染症対策費,予防接種対策費負担金,12,⑨,100%,12,感染症対策は外部効果の典型例。一人の予防が他者を守る正の外部性
厚生労働省,感染症対策費,新型コロナウイルス予防接種健康被害給付費負担金,4,⑨,100%,4,感染症対策は外部効果の典型例。一人の予防が他者を守る正の外部性
厚生労働省,感染症対策費,特定Ｂ型肝炎ウイルス感染者給付金等支給業務費交付金,572,⑨,100%,572,感染症対策は外部効果の典型例。一人の予防が他者を守る正の外部性
厚生労働省,国立健康危機管理研究機構運営費,国立健康危機管理研究機構運営費交付金,177,該当なし,0%,0,上記以外の厚生労働省支出は社会保障・労働政策等でフリードマン役割外
厚生労働省,特定疾患等対策費,国立ハンセン病療養所退所者等給与金及特定配偶者等支援金,19,一部⑩,50%,9,難治性疾患患者は市場による保護が困難。民間保険の補足
厚生労働省,特定疾患等対策費,ハンセン病名誉回復事業等庁費,2,一部⑩,50%,1,難治性疾患患者は市場による保護が困難。民間保険の補足
厚生労働省,特定疾患等対策費,健康対策関係業務庁費,1,一部⑩,50%,0,難治性疾患患者は市場による保護が困難。民間保険の補足
厚生労働省,特定疾患等対策費,ハンセン病対策事業委託費,9,一部⑩,50%,4,難治性疾患患者は市場による保護が困難。民間保険の補足
厚生労働省,特定疾患等対策費,ハンセン病療養所費補助金,1,一部⑩,50%,0,難治性疾患患者は市場による保護が困難。民間保険の補足
厚生労働省,特定疾患等対策費,厚生労働科学研究費補助金,6,一部⑩,50%,3,難治性疾患患者は市場による保護が困難。民間保険の補足
厚生労働省,特定疾患等対策費,難病等情報提供事業費補助金,3,一部⑩,50%,1,難治性疾患患者は市場による保護が困難。民間保険の補足
厚生労働省,特定疾患等対策費,疾病予防対策事業費等補助金,25,一部⑩,50%,12,難治性疾患患者は市場による保護が困難。民間保険の補足
厚生労働省,特定疾患等対策費,小児慢性特定疾病対策費補助金,9,一部⑩,50%,4,難治性疾患患者は市場による保護が困難。民間保険の補足
厚生労働省,特定疾患等対策費,難病医療費等負担金,1376,一部⑩,50%,688,難治性疾患患者は市場による保護が困難。民間保険の補足
厚生労働省,特定疾患等対策費,小児慢性特定疾病医療費負担金,181,一部⑩,50%,90,難治性疾患患者は市場による保護が困難。民間保険の補足
厚生労働省,特定疾患等対策費,小児慢性特定疾病児童等自立支援事業費負担金,9,一部⑩,50%,4,難治性疾患患者は市場による保護が困難。民間保険の補足
厚生労働省,移植医療推進費,移植対策事業費補助金,37,該当なし,0%,0,上記以外の厚生労働省支出は社会保障・労働政策等でフリードマン役割外
厚生労働省,原爆被爆者等援護対策費,原爆被爆者医療費,237,⑤,100%,237,国家の戦争行為による被害。国家が契約（国民保護義務）を履行する責務
厚生労働省,原爆被爆者等援護対策費,原爆被爆者医療費審査支払事務費,8,⑤,100%,8,国家の戦争行為による被害。国家が契約（国民保護義務）を履行する責務
厚生労働省,原爆被爆者等援護対策費,原爆症調査研究等委託費,33,⑤,100%,33,国家の戦争行為による被害。国家が契約（国民保護義務）を履行する責務
厚生労働省,原爆被爆者等援護対策費,特定疾患調査委託費,4,⑤,100%,4,国家の戦争行為による被害。国家が契約（国民保護義務）を履行する責務
厚生労働省,原爆被爆者等援護対策費,原爆死没者追悼平和祈念館運営委託費,5,⑤,100%,5,国家の戦争行為による被害。国家が契約（国民保護義務）を履行する責務
厚生労働省,原爆被爆者等援護対策費,原爆被爆者保健福祉施設運営費等補助金,68,⑤,100%,68,国家の戦争行為による被害。国家が契約（国民保護義務）を履行する責務
厚生労働省,原爆被爆者等援護対策費,放射線影響研究所補助金,18,⑤,100%,18,国家の戦争行為による被害。国家が契約（国民保護義務）を履行する責務
厚生労働省,原爆被爆者等援護対策費,老人保健事業推進費等補助金,6,⑤,100%,6,国家の戦争行為による被害。国家が契約（国民保護義務）を履行する責務
厚生労働省,原爆被爆者等援護対策費,原爆被爆者介護手当等負担金,12,⑤,100%,12,国家の戦争行為による被害。国家が契約（国民保護義務）を履行する責務
厚生労働省,原爆被爆者等援護対策費,原爆被爆者健康診断費交付金,23,⑤,100%,23,国家の戦争行為による被害。国家が契約（国民保護義務）を履行する責務
厚生労働省,原爆被爆者等援護対策費,原爆被爆者手当交付金,587,⑤,100%,587,国家の戦争行為による被害。国家が契約（国民保護義務）を履行する責務
厚生労働省,原爆被爆者等援護対策費,原爆被爆者葬祭料交付金,24,⑤,100%,24,国家の戦争行為による被害。国家が契約（国民保護義務）を履行する責務
厚生労働省,医薬品承認審査等推進費,医薬品審査等業務庁費,5,該当なし,0%,0,上記以外の厚生労働省支出は社会保障・労働政策等でフリードマン役割外
厚生労働省,医薬品承認審査等推進費,医薬品等審査迅速化事業費補助金,6,該当なし,0%,0,上記以外の厚生労働省支出は社会保障・労働政策等でフリードマン役割外
厚生労働省,医薬品承認審査等推進費,医薬品副作用等被害救済事務費等補助金,1,該当なし,0%,0,上記以外の厚生労働省支出は社会保障・労働政策等でフリードマン役割外
厚生労働省,医薬品安全対策等推進費,医薬品審査等業務庁費,3,該当なし,0%,0,上記以外の厚生労働省支出は社会保障・労働政策等でフリードマン役割外
厚生労働省,医薬品安全対策等推進費,検定検査事務等委託費,1,該当なし,0%,0,上記以外の厚生労働省支出は社会保障・労働政策等でフリードマン役割外
厚生労働省,医薬品安全対策等推進費,医薬品副作用等被害救済事業等補助金,3,該当なし,0%,0,上記以外の厚生労働省支出は社会保障・労働政策等でフリードマン役割外
厚生労働省,医薬品安全対策等推進費,医薬品等健康被害者等生活支援補助金,2,該当なし,0%,0,上記以外の厚生労働省支出は社会保障・労働政策等でフリードマン役割外
厚生労働省,医薬品安全対策等推進費,賠償償還及払戻金,1,該当なし,0%,0,上記以外の厚生労働省支出は社会保障・労働政策等でフリードマン役割外
厚生労働省,医薬品適正使用推進費,医療施設運営費等補助金,1,該当なし,0%,0,上記以外の厚生労働省支出は社会保障・労働政策等でフリードマン役割外
厚生労働省,血液製剤対策費,医薬品審査等業務庁費,1,該当なし,0%,0,上記以外の厚生労働省支出は社会保障・労働政策等でフリードマン役割外
厚生労働省,血液製剤対策費,医薬品等試験調査委託費,1,該当なし,0%,0,上記以外の厚生労働省支出は社会保障・労働政策等でフリードマン役割外
厚生労働省,血液製剤対策費,血液確保事業等補助金,5,該当なし,0%,0,上記以外の厚生労働省支出は社会保障・労働政策等でフリードマン役割外
厚生労働省,医療技術実用化等推進費,医薬品審査等業務庁費,2,該当なし,0%,0,上記以外の厚生労働省支出は社会保障・労働政策等でフリードマン役割外
厚生労働省,医療技術実用化等推進費,薬事経済調査委託費,1,該当なし,0%,0,上記以外の厚生労働省支出は社会保障・労働政策等でフリードマン役割外
厚生労働省,医療技術実用化等推進費,医薬品等開発支援事業委託費,32,該当なし,0%,0,上記以外の厚生労働省支出は社会保障・労働政策等でフリードマン役割外
厚生労働省,医療技術実用化等推進費,医薬品安定供給支援補助金,10,該当なし,0%,0,上記以外の厚生労働省支出は社会保障・労働政策等でフリードマン役割外
厚生労働省,医療技術実用化等推進費,医療施設運営費等補助金,4,該当なし,0%,0,上記以外の厚生労働省支出は社会保障・労働政策等でフリードマン役割外
厚生労働省,医療提供体制基盤整備費,医療提供体制推進事業費補助金,247,該当なし,0%,0,病院整備・医師偏在対策は市場歪曲。フリードマンは規制緩和を推奨
厚生労働省,医療提供体制基盤整備費,医療施設等設備整備費補助金,24,該当なし,0%,0,病院整備・医師偏在対策は市場歪曲。フリードマンは規制緩和を推奨
厚生労働省,医療提供体制基盤整備費,医療施設等施設整備費補助金,24,該当なし,0%,0,病院整備・医師偏在対策は市場歪曲。フリードマンは規制緩和を推奨
厚生労働省,医療提供体制基盤整備費,医療介護提供体制改革推進交付金,647,該当なし,0%,0,病院整備・医師偏在対策は市場歪曲。フリードマンは規制緩和を推奨
厚生労働省,医療提供体制基盤整備費,医療提供体制施設整備交付金,38,該当なし,0%,0,病院整備・医師偏在対策は市場歪曲。フリードマンは規制緩和を推奨
厚生労働省,独立行政法人医薬品医療機器総合機構運営費,独立行政法人医薬品医療機器総合機構審査等勘定運営費交付金,26,該当なし,0%,0,上記以外の厚生労働省支出は社会保障・労働政策等でフリードマン役割外
厚生労働省,医療保険給付諸費,庁費,1,該当なし,0%,0,公的医療保険はフリードマンが民間・負の所得税で代替を主張した領域
厚生労働省,医療保険給付諸費,医療給付適正化業務庁費,3,該当なし,0%,0,公的医療保険はフリードマンが民間・負の所得税で代替を主張した領域
厚生労働省,医療保険給付諸費,医療保険制度関係業務庁費,8,該当なし,0%,0,公的医療保険はフリードマンが民間・負の所得税で代替を主張した領域
厚生労働省,医療保険給付諸費,土地建物借料,1,該当なし,0%,0,公的医療保険はフリードマンが民間・負の所得税で代替を主張した領域
厚生労働省,医療保険給付諸費,後期高齢者医療制度事業費補助金,52,該当なし,0%,0,公的医療保険はフリードマンが民間・負の所得税で代替を主張した領域
厚生労働省,医療保険給付諸費,後期高齢者医療制度関係業務事業費補助金,9,該当なし,0%,0,公的医療保険はフリードマンが民間・負の所得税で代替を主張した領域
厚生労働省,医療保険給付諸費,高齢者医療運営円滑化等補助金,958,該当なし,0%,0,公的医療保険はフリードマンが民間・負の所得税で代替を主張した領域
厚生労働省,医療保険給付諸費,高齢者医療制度円滑運営事業費補助金,2,該当なし,0%,0,公的医療保険はフリードマンが民間・負の所得税で代替を主張した領域
厚生労働省,医療保険給付諸費,全国健康保険協会保険給付費等補助金,11764,該当なし,0%,0,公的医療保険はフリードマンが民間・負の所得税で代替を主張した領域
厚生労働省,医療保険給付諸費,全国健康保険協会後期高齢者医療費支援金等補助金,1,該当なし,0%,0,公的医療保険はフリードマンが民間・負の所得税で代替を主張した領域
厚生労働省,医療保険給付諸費,国民健康保険組合療養給付費補助金,1776,該当なし,0%,0,公的医療保険はフリードマンが民間・負の所得税で代替を主張した領域
厚生労働省,医療保険給付諸費,国民健康保険組合後期高齢者医療費支援金等補助金,644,該当なし,0%,0,公的医療保険はフリードマンが民間・負の所得税で代替を主張した領域
厚生労働省,医療保険給付諸費,国民健康保険組合高額医療費共同事業補助金,60,該当なし,0%,0,公的医療保険はフリードマンが民間・負の所得税で代替を主張した領域
厚生労働省,医療保険給付諸費,国民健康保険団体連合会等補助金,16,該当なし,0%,0,公的医療保険はフリードマンが民間・負の所得税で代替を主張した領域
厚生労働省,医療保険給付諸費,国民健康保険制度関係業務事業費補助金,9,該当なし,0%,0,公的医療保険はフリードマンが民間・負の所得税で代替を主張した領域
厚生労働省,医療保険給付諸費,後期高齢者医療給付費等負担金,47173,該当なし,0%,0,公的医療保険はフリードマンが民間・負の所得税で代替を主張した領域
厚生労働省,医療保険給付諸費,健康保険組合連合会交付金交付事業費負担金,300,該当なし,0%,0,公的医療保険はフリードマンが民間・負の所得税で代替を主張した領域
厚生労働省,医療保険給付諸費,全国健康保険協会事務費負担金,44,該当なし,0%,0,公的医療保険はフリードマンが民間・負の所得税で代替を主張した領域
厚生労働省,医療保険給付諸費,健康保険組合事務費負担金,38,該当なし,0%,0,公的医療保険はフリードマンが民間・負の所得税で代替を主張した領域
厚生労働省,医療保険給付諸費,国民健康保険療養給付費等負担金,16026,該当なし,0%,0,公的医療保険はフリードマンが民間・負の所得税で代替を主張した領域
厚生労働省,医療保険給付諸費,国民健康保険後期高齢者医療費支援金等負担金,5440,該当なし,0%,0,公的医療保険はフリードマンが民間・負の所得税で代替を主張した領域
厚生労働省,医療保険給付諸費,国民健康保険組合事務費負担金,22,該当なし,0%,0,公的医療保険はフリードマンが民間・負の所得税で代替を主張した領域
厚生労働省,医療保険給付諸費,後期高齢者医療等財政調整交付金,15258,該当なし,0%,0,公的医療保険はフリードマンが民間・負の所得税で代替を主張した領域
厚生労働省,医療保険給付諸費,高齢者医療特別負担調整交付金,200,該当なし,0%,0,公的医療保険はフリードマンが民間・負の所得税で代替を主張した領域
厚生労働省,医療保険給付諸費,国民健康保険財政調整交付金,5623,該当なし,0%,0,公的医療保険はフリードマンが民間・負の所得税で代替を主張した領域
厚生労働省,医療保険給付諸費,国民健康保険後期高齢者医療費支援金等財政調整交付金,1530,該当なし,0%,0,公的医療保険はフリードマンが民間・負の所得税で代替を主張した領域
厚生労働省,医療保険給付諸費,国民健康保険保険者努力支援交付金,1292,該当なし,0%,0,公的医療保険はフリードマンが民間・負の所得税で代替を主張した領域
厚生労働省,健康保険事業借入金諸費年金特別会計へ繰入,健康保険事業借入金諸費年金特別会計へ繰入,359,該当なし,0%,0,健康保険特別会計への資金繰り。制度自体がフリードマン役割外
厚生労働省,医療費適正化推進費,医療費適正化対策推進業務庁費,7,該当なし,0%,0,上記以外の厚生労働省支出は社会保障・労働政策等でフリードマン役割外
厚生労働省,医療費適正化推進費,医療費適正化対策推進業務委託費,21,該当なし,0%,0,上記以外の厚生労働省支出は社会保障・労働政策等でフリードマン役割外
厚生労働省,医療費適正化推進費,病床転換助成事業交付金,1,該当なし,0%,0,上記以外の厚生労働省支出は社会保障・労働政策等でフリードマン役割外
厚生労働省,地域保健対策費,保健衛生施設等設備整備費補助金,25,該当なし,0%,0,上記以外の厚生労働省支出は社会保障・労働政策等でフリードマン役割外
厚生労働省,地域保健対策費,地域保健活動推進費補助金,1,該当なし,0%,0,上記以外の厚生労働省支出は社会保障・労働政策等でフリードマン役割外
厚生労働省,地域保健対策費,疾病予防対策事業費等補助金,1,該当なし,0%,0,上記以外の厚生労働省支出は社会保障・労働政策等でフリードマン役割外
厚生労働省,保健衛生施設整備費,保健衛生施設等施設整備費補助金,37,該当なし,0%,0,上記以外の厚生労働省支出は社会保障・労働政策等でフリードマン役割外
厚生労働省,健康増進対策費,社会保障関係情報化業務庁費,1,該当なし,0%,0,上記以外の厚生労働省支出は社会保障・労働政策等でフリードマン役割外
厚生労働省,健康増進対策費,健康対策関係業務庁費,11,該当なし,0%,0,上記以外の厚生労働省支出は社会保障・労働政策等でフリードマン役割外
厚生労働省,健康増進対策費,予防・健康増進関係業務庁費,2,該当なし,0%,0,上記以外の厚生労働省支出は社会保障・労働政策等でフリードマン役割外
厚生労働省,健康増進対策費,国民健康・栄養調査委託費,1,該当なし,0%,0,上記以外の厚生労働省支出は社会保障・労働政策等でフリードマン役割外
厚生労働省,健康増進対策費,衛生関係指導者養成等委託費,8,該当なし,0%,0,上記以外の厚生労働省支出は社会保障・労働政策等でフリードマン役割外
厚生労働省,健康増進対策費,疾病予防対策事業費等補助金,134,該当なし,0%,0,上記以外の厚生労働省支出は社会保障・労働政策等でフリードマン役割外
厚生労働省,健康増進対策費,全国健康保険協会特定健康診査・保健指導補助金,7,該当なし,0%,0,上記以外の厚生労働省支出は社会保障・労働政策等でフリードマン役割外
厚生労働省,健康増進対策費,健康保険組合特定健康診査・保健指導補助金,30,該当なし,0%,0,上記以外の厚生労働省支出は社会保障・労働政策等でフリードマン役割外
厚生労働省,健康増進対策費,国民健康保険組合特定健康診査・保健指導補助金,6,該当なし,0%,0,上記以外の厚生労働省支出は社会保障・労働政策等でフリードマン役割外
厚生労働省,健康増進対策費,国民健康保険特定健康診査・保健指導負担金,132,該当なし,0%,0,上記以外の厚生労働省支出は社会保障・労働政策等でフリードマン役割外
厚生労働省,健康危機管理推進費,社会保障関係情報化業務庁費,1,該当なし,0%,0,上記以外の厚生労働省支出は社会保障・労働政策等でフリードマン役割外
厚生労働省,健康危機管理推進費,医薬品買上費,1,該当なし,0%,0,上記以外の厚生労働省支出は社会保障・労働政策等でフリードマン役割外
厚生労働省,健康危機管理推進費,衛生関係指導者養成等委託費,2,該当なし,0%,0,上記以外の厚生労働省支出は社会保障・労働政策等でフリードマン役割外
厚生労働省,健康危機管理推進費,疾病予防対策事業費等補助金,3,該当なし,0%,0,上記以外の厚生労働省支出は社会保障・労働政策等でフリードマン役割外
厚生労働省,食品等安全確保対策費,食品等試験検査費,3,該当なし,0%,0,上記以外の厚生労働省支出は社会保障・労働政策等でフリードマン役割外
厚生労働省,食品等安全確保対策費,油症患者健康実態調査地方公共団体委託費,4,該当なし,0%,0,上記以外の厚生労働省支出は社会保障・労働政策等でフリードマン役割外
厚生労働省,食品等安全確保対策費,衛生関係指導者養成等委託費,1,該当なし,0%,0,上記以外の厚生労働省支出は社会保障・労働政策等でフリードマン役割外
厚生労働省,麻薬・覚醒剤等対策費,麻薬等乱用防止対策業務庁費,5,該当なし,0%,0,上記以外の厚生労働省支出は社会保障・労働政策等でフリードマン役割外
厚生労働省,麻薬・覚醒剤等対策費,保健福祉調査委託費,1,該当なし,0%,0,上記以外の厚生労働省支出は社会保障・労働政策等でフリードマン役割外
厚生労働省,麻薬・覚醒剤等対策費,国際連合薬物犯罪事務所拠出金,1,該当なし,0%,0,上記以外の厚生労働省支出は社会保障・労働政策等でフリードマン役割外
厚生労働省,化学物質安全対策費,医薬品審査等業務庁費,1,該当なし,0%,0,上記以外の厚生労働省支出は社会保障・労働政策等でフリードマン役割外
厚生労働省,化学物質安全対策費,家庭用品等試験検査費,2,該当なし,0%,0,上記以外の厚生労働省支出は社会保障・労働政策等でフリードマン役割外
厚生労働省,生活衛生対策費,生活衛生関係営業対策事業費補助金,12,該当なし,0%,0,上記以外の厚生労働省支出は社会保障・労働政策等でフリードマン役割外
厚生労働省,生活衛生対策費,株式会社日本政策金融公庫補給金,29,該当なし,0%,0,上記以外の厚生労働省支出は社会保障・労働政策等でフリードマン役割外
厚生労働省,労働条件確保・改善対策費,労働条件研究調査等委託費,2,該当なし,0%,0,上記以外の厚生労働省支出は社会保障・労働政策等でフリードマン役割外
厚生労働省,中小企業最低賃金引上げ支援対策費,諸謝金,1,該当なし,0%,0,上記以外の厚生労働省支出は社会保障・労働政策等でフリードマン役割外
厚生労働省,中小企業最低賃金引上げ支援対策費,労働条件研究調査等委託費,1,該当なし,0%,0,上記以外の厚生労働省支出は社会保障・労働政策等でフリードマン役割外
厚生労働省,中小企業最低賃金引上げ支援対策費,中小企業最低賃金引上げ支援対策費補助金,19,該当なし,0%,0,上記以外の厚生労働省支出は社会保障・労働政策等でフリードマン役割外
厚生労働省,特定石綿被害建設業務労働者等給付金等支給諸費,特定石綿被害建設業務労働者等給付金等支給業務庁費,2,該当なし,0%,0,上記以外の厚生労働省支出は社会保障・労働政策等でフリードマン役割外
厚生労働省,独立行政法人労働政策研究・研修機構運営費,独立行政法人労働政策研究・研修機構一般勘定運営費交付金,3,該当なし,0%,0,上記以外の厚生労働省支出は社会保障・労働政策等でフリードマン役割外
厚生労働省,男女均等雇用対策費,庁費,1,該当なし,0%,0,上記以外の厚生労働省支出は社会保障・労働政策等でフリードマン役割外
厚生労働省,高齢者等雇用安定・促進費,庁費,1,該当なし,0%,0,上記以外の厚生労働省支出は社会保障・労働政策等でフリードマン役割外
厚生労働省,高齢者等雇用安定・促進費,高齢者等雇用安定促進業務庁費,1,該当なし,0%,0,上記以外の厚生労働省支出は社会保障・労働政策等でフリードマン役割外
厚生労働省,高齢者等雇用安定・促進費,障害者等雇用安定促進業務庁費,1,該当なし,0%,0,上記以外の厚生労働省支出は社会保障・労働政策等でフリードマン役割外
厚生労働省,高齢者等雇用安定・促進費,厚生労働統計調査費,2,該当なし,0%,0,上記以外の厚生労働省支出は社会保障・労働政策等でフリードマン役割外
厚生労働省,高齢者等雇用安定・促進費,衛生関係指導者養成等委託費,1,該当なし,0%,0,上記以外の厚生労働省支出は社会保障・労働政策等でフリードマン役割外
厚生労働省,高齢者等雇用安定・促進費,高齢者等雇用環境整備委託費,2,該当なし,0%,0,上記以外の厚生労働省支出は社会保障・労働政策等でフリードマン役割外
厚生労働省,高齢者等雇用安定・促進費,高齢者等雇用安定促進事業委託費,3,該当なし,0%,0,上記以外の厚生労働省支出は社会保障・労働政策等でフリードマン役割外
厚生労働省,高齢者等雇用安定・促進費,毎月勤労統計調査委託費,10,該当なし,0%,0,上記以外の厚生労働省支出は社会保障・労働政策等でフリードマン役割外
厚生労働省,高齢者等雇用安定・促進費,高年齢者就業機会確保事業費等補助金,66,該当なし,0%,0,上記以外の厚生労働省支出は社会保障・労働政策等でフリードマン役割外
厚生労働省,失業等給付費等労働保険特別会計へ繰入,労働保険特別会計へ繰入,230,該当なし,0%,0,失業保険は民間保険・負の所得税で代替可能とフリードマンは主張
厚生労働省,育児休業給付費等子ども・子育て支援特別会計へ繰入,育児休業給付費子ども・子育て支援特別会計へ繰入,1112,該当なし,0%,0,育児支援給付は産業政策・福祉政策であり政府の本来的役割外
厚生労働省,育児休業給付費等子ども・子育て支援特別会計へ繰入,子ども・子育て支援特別会計へ繰入,1,該当なし,0%,0,育児支援給付は産業政策・福祉政策であり政府の本来的役割外
厚生労働省,就職支援法事業費労働保険特別会計へ繰入,労働保険特別会計へ繰入,47,該当なし,0%,0,上記以外の厚生労働省支出は社会保障・労働政策等でフリードマン役割外
厚生労働省,職業能力開発強化費,職業能力開発支援事業委託費,1,該当なし,0%,0,上記以外の厚生労働省支出は社会保障・労働政策等でフリードマン役割外
厚生労働省,職業能力開発強化費,職業転換訓練費交付金,34,該当なし,0%,0,上記以外の厚生労働省支出は社会保障・労働政策等でフリードマン役割外
厚生労働省,職業能力開発強化費,外国人技能実習機構交付金,17,該当なし,0%,0,上記以外の厚生労働省支出は社会保障・労働政策等でフリードマン役割外
厚生労働省,若年者等職業能力開発支援費,職業能力開発支援事業委託費,1,該当なし,0%,0,上記以外の厚生労働省支出は社会保障・労働政策等でフリードマン役割外
厚生労働省,障害者等職業能力開発支援費,障害者職業能力開発校運営委託費,29,該当なし,0%,0,上記以外の厚生労働省支出は社会保障・労働政策等でフリードマン役割外
厚生労働省,障害者等職業能力開発支援費,職業転換訓練費負担金,9,該当なし,0%,0,上記以外の厚生労働省支出は社会保障・労働政策等でフリードマン役割外
厚生労働省,独立行政法人高齢・障害・求職者雇用支援機構運営費,独立行政法人高齢・障害・求職者雇用支援機構障害者職業能力開発勘定運営費交付金,10,該当なし,0%,0,上記以外の厚生労働省支出は社会保障・労働政策等でフリードマン役割外
厚生労働省,生活保護等対策費,庁費,1,⑩,100%,1,貧困は市場から排除された状態。民間慈善の補足として政府が介入
厚生労働省,生活保護等対策費,公的扶助資料調査費,2,⑩,100%,2,貧困は市場から排除された状態。民間慈善の補足として政府が介入
厚生労働省,生活保護等対策費,公的扶助資料調査委託費,1,⑩,100%,1,貧困は市場から排除された状態。民間慈善の補足として政府が介入
厚生労働省,生活保護等対策費,生活保護指導監査委託費,18,⑩,100%,18,貧困は市場から排除された状態。民間慈善の補足として政府が介入
厚生労働省,生活保護等対策費,保健福祉調査委託費,1,⑩,100%,1,貧困は市場から排除された状態。民間慈善の補足として政府が介入
厚生労働省,生活保護等対策費,自立相談支援事業従事者養成研修等委託費,8,⑩,100%,8,貧困は市場から排除された状態。民間慈善の補足として政府が介入
厚生労働省,生活保護等対策費,女性自立支援事業費補助金,17,⑩,100%,17,貧困は市場から排除された状態。民間慈善の補足として政府が介入
厚生労働省,生活保護等対策費,生活困窮者就労準備支援事業費等補助金,384,⑩,100%,384,貧困は市場から排除された状態。民間慈善の補足として政府が介入
厚生労働省,生活保護等対策費,女性保護事業費負担金,11,⑩,100%,11,貧困は市場から排除された状態。民間慈善の補足として政府が介入
厚生労働省,生活保護等対策費,生活扶助費等負担金,13160,⑩,100%,13160,貧困は市場から排除された状態。民間慈善の補足として政府が介入
厚生労働省,生活保護等対策費,医療扶助費等負担金,14390,⑩,100%,14390,貧困は市場から排除された状態。民間慈善の補足として政府が介入
厚生労働省,生活保護等対策費,介護扶助費等負担金,914,⑩,100%,914,貧困は市場から排除された状態。民間慈善の補足として政府が介入
厚生労働省,生活保護等対策費,生活困窮者自立相談支援事業費等負担金,170,⑩,100%,170,貧困は市場から排除された状態。民間慈善の補足として政府が介入
厚生労働省,生活保護等対策費,重層的支援体制整備事業交付金,434,⑩,100%,434,貧困は市場から排除された状態。民間慈善の補足として政府が介入
厚生労働省,生活保護等対策費,地域福祉推進支援臨時特例交付金,1,⑩,100%,1,貧困は市場から排除された状態。民間慈善の補足として政府が介入
厚生労働省,自殺対策費,庁費,1,該当なし,0%,0,上記以外の厚生労働省支出は社会保障・労働政策等でフリードマン役割外
厚生労働省,自殺対策費,自殺対策事業委託費,1,該当なし,0%,0,上記以外の厚生労働省支出は社会保障・労働政策等でフリードマン役割外
厚生労働省,自殺対策費,自殺対策費補助金,1,該当なし,0%,0,上記以外の厚生労働省支出は社会保障・労働政策等でフリードマン役割外
厚生労働省,自殺対策費,地域自殺対策強化交付金,33,該当なし,0%,0,上記以外の厚生労働省支出は社会保障・労働政策等でフリードマン役割外
厚生労働省,自殺対策費,調査研究等業務交付金,6,該当なし,0%,0,上記以外の厚生労働省支出は社会保障・労働政策等でフリードマン役割外
厚生労働省,社会福祉諸費,衛生関係指導者養成等委託費,1,該当なし,0%,0,上記以外の厚生労働省支出は社会保障・労働政策等でフリードマン役割外
厚生労働省,社会福祉諸費,社会事業学校等経営委託費,4,該当なし,0%,0,上記以外の厚生労働省支出は社会保障・労働政策等でフリードマン役割外
厚生労働省,社会福祉諸費,民間社会福祉事業助成費補助金,3,該当なし,0%,0,上記以外の厚生労働省支出は社会保障・労働政策等でフリードマン役割外
厚生労働省,社会福祉諸費,地方改善事業費補助金,36,該当なし,0%,0,上記以外の厚生労働省支出は社会保障・労働政策等でフリードマン役割外
厚生労働省,社会福祉諸費,社会福祉施設職員等退職手当共済事業給付費補助金,86,該当なし,0%,0,上記以外の厚生労働省支出は社会保障・労働政策等でフリードマン役割外
厚生労働省,社会福祉諸費,社会福祉振興助成費補助金,6,該当なし,0%,0,上記以外の厚生労働省支出は社会保障・労働政策等でフリードマン役割外
厚生労働省,社会福祉諸費,社会福祉事業施設等貸付事業利子補給金,23,該当なし,0%,0,上記以外の厚生労働省支出は社会保障・労働政策等でフリードマン役割外
厚生労働省,遺族及留守家族等援護費,遺族年金等支給業務庁費,1,該当なし,0%,0,上記以外の厚生労働省支出は社会保障・労働政策等でフリードマン役割外
厚生労働省,遺族及留守家族等援護費,遺族及留守家族等援護事務委託費,17,該当なし,0%,0,上記以外の厚生労働省支出は社会保障・労働政策等でフリードマン役割外
厚生労働省,遺族及留守家族等援護費,遺族等年金,21,該当なし,0%,0,上記以外の厚生労働省支出は社会保障・労働政策等でフリードマン役割外
厚生労働省,戦没者慰霊事業費,戦没者追悼式参列旅費,1,該当なし,0%,0,上記以外の厚生労働省支出は社会保障・労働政策等でフリードマン役割外
厚生労働省,戦没者慰霊事業費,戦没者遺骨収集事業等旅費,1,該当なし,0%,0,上記以外の厚生労働省支出は社会保障・労働政策等でフリードマン役割外
厚生労働省,戦没者慰霊事業費,遺骨収集等庁費,2,該当なし,0%,0,上記以外の厚生労働省支出は社会保障・労働政策等でフリードマン役割外
厚生労働省,戦没者慰霊事業費,戦没者遺骨収集事業等庁費,18,該当なし,0%,0,上記以外の厚生労働省支出は社会保障・労働政策等でフリードマン役割外
厚生労働省,戦没者慰霊事業費,戦没者遺骨収集事業等委託費,15,該当なし,0%,0,上記以外の厚生労働省支出は社会保障・労働政策等でフリードマン役割外
厚生労働省,戦没者慰霊事業費,遺骨収集等派遣費補助金,2,該当なし,0%,0,上記以外の厚生労働省支出は社会保障・労働政策等でフリードマン役割外
厚生労働省,中国残留邦人等支援事業費,引揚者給与費,1,該当なし,0%,0,上記以外の厚生労働省支出は社会保障・労働政策等でフリードマン役割外
厚生労働省,中国残留邦人等支援事業費,引揚者援護費,1,該当なし,0%,0,上記以外の厚生労働省支出は社会保障・労働政策等でフリードマン役割外
厚生労働省,中国残留邦人等支援事業費,遺族及留守家族等援護事務委託費,9,該当なし,0%,0,上記以外の厚生労働省支出は社会保障・労働政策等でフリードマン役割外
厚生労働省,恩給進達等実施費,旧軍関係調査等業務庁費,1,該当なし,0%,0,上記以外の厚生労働省支出は社会保障・労働政策等でフリードマン役割外
厚生労働省,独立行政法人国立重度知的障害者総合施設のぞみの園運営費,独立行政法人国立重度知的障害者総合施設のぞみの園運営費交付金,13,該当なし,0%,0,上記以外の厚生労働省支出は社会保障・労働政策等でフリードマン役割外
厚生労働省,特別障害給付金給付費年金特別会計へ繰入,年金特別会計へ繰入,22,該当なし,0%,0,上記以外の厚生労働省支出は社会保障・労働政策等でフリードマン役割外
厚生労働省,社会福祉施設整備費,地方改善施設整備費補助金,4,該当なし,0%,0,上記以外の厚生労働省支出は社会保障・労働政策等でフリードマン役割外
厚生労働省,社会福祉施設整備費,社会福祉施設等施設整備費補助金,40,該当なし,0%,0,上記以外の厚生労働省支出は社会保障・労働政策等でフリードマン役割外
厚生労働省,独立行政法人福祉医療機構運営費,独立行政法人福祉医療機構一般勘定運営費交付金,23,該当なし,0%,0,上記以外の厚生労働省支出は社会保障・労働政策等でフリードマン役割外
厚生労働省,独立行政法人福祉医療機構運営費,独立行政法人福祉医療機構共済勘定運営費交付金,7,該当なし,0%,0,上記以外の厚生労働省支出は社会保障・労働政策等でフリードマン役割外
厚生労働省,独立行政法人福祉医療機構運営費,独立行政法人福祉医療機構保険勘定運営費交付金,1,該当なし,0%,0,上記以外の厚生労働省支出は社会保障・労働政策等でフリードマン役割外
厚生労働省,障害保健福祉費,土地借料,1,⑩,100%,1,障害者は意思決定・市場参加に制約。責任能力外の保護の典型
厚生労働省,障害保健福祉費,心神喪失者等医療観察法入院等決定者医療費,186,⑩,100%,186,障害者は意思決定・市場参加に制約。責任能力外の保護の典型
厚生労働省,障害保健福祉費,身体障害者福祉促進事業委託費,5,⑩,100%,5,障害者は意思決定・市場参加に制約。責任能力外の保護の典型
厚生労働省,障害保健福祉費,国連・障害者の十年記念施設運営委託費,2,⑩,100%,2,障害者は意思決定・市場参加に制約。責任能力外の保護の典型
厚生労働省,障害保健福祉費,障害福祉サービス等調査委託費,1,⑩,100%,1,障害者は意思決定・市場参加に制約。責任能力外の保護の典型
厚生労働省,障害保健福祉費,障害保健関係人材養成研修等委託費,2,⑩,100%,2,障害者は意思決定・市場参加に制約。責任能力外の保護の典型
厚生労働省,障害保健福祉費,地域生活支援事業費等補助金,460,⑩,100%,460,障害者は意思決定・市場参加に制約。責任能力外の保護の典型
厚生労働省,障害保健福祉費,児童保護費等補助金,46,⑩,100%,46,障害者は意思決定・市場参加に制約。責任能力外の保護の典型
厚生労働省,障害保健福祉費,身体障害者福祉費補助金,6,⑩,100%,6,障害者は意思決定・市場参加に制約。責任能力外の保護の典型
厚生労働省,障害保健福祉費,精神障害者医療保護入院費補助金,2,⑩,100%,2,障害者は意思決定・市場参加に制約。責任能力外の保護の典型
厚生労働省,障害保健福祉費,障害者総合支援事業費補助金,24,⑩,100%,24,障害者は意思決定・市場参加に制約。責任能力外の保護の典型
厚生労働省,障害保健福祉費,精神保健対策費補助金,26,⑩,100%,26,障害者は意思決定・市場参加に制約。責任能力外の保護の典型
厚生労働省,障害保健福祉費,特別障害者手当等給付費負担金,481,⑩,100%,481,障害者は意思決定・市場参加に制約。責任能力外の保護の典型
厚生労働省,障害保健福祉費,身体障害者保護費負担金,24,⑩,100%,24,障害者は意思決定・市場参加に制約。責任能力外の保護の典型
厚生労働省,障害保健福祉費,障害者自立支援給付費負担金,18145,⑩,100%,18145,障害者は意思決定・市場参加に制約。責任能力外の保護の典型
厚生労働省,障害保健福祉費,精神障害者措置入院費負担金,63,⑩,100%,63,障害者は意思決定・市場参加に制約。責任能力外の保護の典型
厚生労働省,障害保健福祉費,精神障害者措置入院移送費負担金,2,⑩,100%,2,障害者は意思決定・市場参加に制約。責任能力外の保護の典型
厚生労働省,障害保健福祉費,障害者医療費負担金,2809,⑩,100%,2809,障害者は意思決定・市場参加に制約。責任能力外の保護の典型
厚生労働省,障害保健福祉費,心神喪失者等医療観察法指定入院医療機関運営費負担金,3,⑩,100%,3,障害者は意思決定・市場参加に制約。責任能力外の保護の典型
厚生労働省,障害保健福祉費,心神喪失者等医療観察法指定入院医療機関施設整備費負担金,1,⑩,100%,1,障害者は意思決定・市場参加に制約。責任能力外の保護の典型
厚生労働省,障害保健福祉費,事務取扱交付金,17,⑩,100%,17,障害者は意思決定・市場参加に制約。責任能力外の保護の典型
厚生労働省,障害保健福祉費,重層的支援体制整備事業交付金,44,⑩,100%,44,障害者は意思決定・市場参加に制約。責任能力外の保護の典型
厚生労働省,障害保健福祉費,特別児童扶養手当給付費,1716,⑩,100%,1716,障害者は意思決定・市場参加に制約。責任能力外の保護の典型
厚生労働省,公的年金制度等運営諸費,社会保障関係情報化業務庁費,2,該当なし,0%,0,年金制度の運営コスト。制度自体がフリードマン役割外
厚生労働省,公的年金制度等運営諸費,年金生活者支援給付金支給業務庁費,1,該当なし,0%,0,年金制度の運営コスト。制度自体がフリードマン役割外
厚生労働省,公的年金制度等運営諸費,年金生活者支援給付金支給情報処理業務庁費,4,該当なし,0%,0,年金制度の運営コスト。制度自体がフリードマン役割外
厚生労働省,公的年金制度等運営諸費,年金生活者支援給付金支給業務市町村事務取扱交付金,9,該当なし,0%,0,年金制度の運営コスト。制度自体がフリードマン役割外
厚生労働省,公的年金制度等運営諸費,年金生活者支援給付金支給業務日本年金機構事務取扱交付金,52,該当なし,0%,0,年金制度の運営コスト。制度自体がフリードマン役割外
厚生労働省,公的年金制度等運営諸費,年金生活者支援給付金給付費,4717,該当なし,0%,0,年金制度の運営コスト。制度自体がフリードマン役割外
厚生労働省,基礎年金拠出金等年金特別会計へ繰入,年金特別会計へ繰入,2138,該当なし,0%,0,年金は強制貯蓄制度。フリードマンはSocial Securityを批判。HSA等で代替可能
厚生労働省,基礎年金拠出金等年金特別会計へ繰入,福祉年金等年金特別会計へ繰入,2,該当なし,0%,0,年金は強制貯蓄制度。フリードマンはSocial Securityを批判。HSA等で代替可能
厚生労働省,基礎年金拠出金等年金特別会計へ繰入,基礎年金年金特別会計へ繰入,131305,該当なし,0%,0,年金は強制貯蓄制度。フリードマンはSocial Securityを批判。HSA等で代替可能
厚生労働省,私的年金制度整備運営費,国民年金基金等給付費負担金,48,該当なし,0%,0,上記以外の厚生労働省支出は社会保障・労働政策等でフリードマン役割外
厚生労働省,高齢者日常生活支援等推進費,老人保健事業推進費等補助金,24,一部⑩,50%,12,自立困難な高齢者への支援は⑩に該当するが、範囲は精査が必要
厚生労働省,高齢者日常生活支援等推進費,在宅福祉事業費補助金,23,一部⑩,50%,11,自立困難な高齢者への支援は⑩に該当するが、範囲は精査が必要
厚生労働省,高齢者日常生活支援等推進費,高齢者福祉推進事業費補助金,1,一部⑩,50%,0,自立困難な高齢者への支援は⑩に該当するが、範囲は精査が必要
厚生労働省,高齢者日常生活支援等推進費,地域支援事業交付金,1442,一部⑩,50%,721,自立困難な高齢者への支援は⑩に該当するが、範囲は精査が必要
厚生労働省,高齢者日常生活支援等推進費,重層的支援体制整備事業交付金,365,一部⑩,50%,182,自立困難な高齢者への支援は⑩に該当するが、範囲は精査が必要
厚生労働省,介護保険制度運営推進費,庁費,1,一部⑩,50%,0,要介護者は自己判断・自己管理が困難。ただし保険制度は市場補完的
厚生労働省,介護保険制度運営推進費,要介護認定調査委託費,15,一部⑩,50%,7,要介護者は自己判断・自己管理が困難。ただし保険制度は市場補完的
厚生労働省,介護保険制度運営推進費,介護保険事業費補助金,43,一部⑩,50%,21,要介護者は自己判断・自己管理が困難。ただし保険制度は市場補完的
厚生労働省,介護保険制度運営推進費,介護保険関係業務費補助金,7,一部⑩,50%,3,要介護者は自己判断・自己管理が困難。ただし保険制度は市場補完的
厚生労働省,介護保険制度運営推進費,全国健康保険協会介護納付金補助金,1,一部⑩,50%,0,要介護者は自己判断・自己管理が困難。ただし保険制度は市場補完的
厚生労働省,介護保険制度運営推進費,国民健康保険組合介護納付金補助金,213,一部⑩,50%,106,要介護者は自己判断・自己管理が困難。ただし保険制度は市場補完的
厚生労働省,介護保険制度運営推進費,介護給付費等負担金,25400,一部⑩,50%,12700,要介護者は自己判断・自己管理が困難。ただし保険制度は市場補完的
厚生労働省,介護保険制度運営推進費,国民健康保険介護納付金負担金,1728,一部⑩,50%,864,要介護者は自己判断・自己管理が困難。ただし保険制度は市場補完的
厚生労働省,介護保険制度運営推進費,介護給付費財政調整交付金,6771,一部⑩,50%,3385,要介護者は自己判断・自己管理が困難。ただし保険制度は市場補完的
厚生労働省,介護保険制度運営推進費,国民健康保険介護納付金財政調整交付金,486,一部⑩,50%,243,要介護者は自己判断・自己管理が困難。ただし保険制度は市場補完的
厚生労働省,介護保険制度運営推進費,医療介護提供体制改革推進交付金,287,一部⑩,50%,143,要介護者は自己判断・自己管理が困難。ただし保険制度は市場補完的
厚生労働省,介護保険制度運営推進費,地域介護・福祉空間整備等施設整備交付金,12,一部⑩,50%,6,要介護者は自己判断・自己管理が困難。ただし保険制度は市場補完的
厚生労働省,介護保険制度運営推進費,保険者機能強化推進交付金,95,一部⑩,50%,47,要介護者は自己判断・自己管理が困難。ただし保険制度は市場補完的
厚生労働省,介護保険制度運営推進費,介護保険保険者努力支援交付金,200,一部⑩,50%,100,要介護者は自己判断・自己管理が困難。ただし保険制度は市場補完的
厚生労働省,業務取扱費年金特別会計へ繰入,年金特別会計へ繰入,1159,該当なし,0%,0,上記以外の厚生労働省支出は社会保障・労働政策等でフリードマン役割外
厚生労働省,国際機関活動推進費,政府開発援助国際労働機関分担金,7,該当なし,0%,0,上記以外の厚生労働省支出は社会保障・労働政策等でフリードマン役割外
厚生労働省,国際機関活動推進費,国際労働機関分担金,39,該当なし,0%,0,上記以外の厚生労働省支出は社会保障・労働政策等でフリードマン役割外
厚生労働省,国際機関活動推進費,政府開発援助世界保健機関分担金,32,該当なし,0%,0,上記以外の厚生労働省支出は社会保障・労働政策等でフリードマン役割外
厚生労働省,国際機関活動推進費,世界保健機関分担金,10,該当なし,0%,0,上記以外の厚生労働省支出は社会保障・労働政策等でフリードマン役割外
厚生労働省,国際機関活動推進費,国際がん研究機関等分担金,4,該当なし,0%,0,上記以外の厚生労働省支出は社会保障・労働政策等でフリードマン役割外
厚生労働省,国際機関活動推進費,政府開発援助国際労働機関拠出金,1,該当なし,0%,0,上記以外の厚生労働省支出は社会保障・労働政策等でフリードマン役割外
厚生労働省,国際機関活動推進費,国際労働機関拠出金,4,該当なし,0%,0,上記以外の厚生労働省支出は社会保障・労働政策等でフリードマン役割外
厚生労働省,国際機関活動推進費,政府開発援助世界保健機関等拠出金,72,該当なし,0%,0,上記以外の厚生労働省支出は社会保障・労働政策等でフリードマン役割外
厚生労働省,国際機関活動推進費,経済協力開発機構等拠出金,1,該当なし,0%,0,上記以外の厚生労働省支出は社会保障・労働政策等でフリードマン役割外
厚生労働省,国際機関活動推進費,グローバル抗菌薬研究開発パートナーシップ拠出金,1,該当なし,0%,0,上記以外の厚生労働省支出は社会保障・労働政策等でフリードマン役割外
厚生労働省,国際機関活動推進費,感染症流行対策イノベーション連合拠出金,6,該当なし,0%,0,上記以外の厚生労働省支出は社会保障・労働政策等でフリードマン役割外
厚生労働省,国際機関活動推進費,薬剤耐性菌対策バイオ製薬アクセラレーター拠出金,1,該当なし,0%,0,上記以外の厚生労働省支出は社会保障・労働政策等でフリードマン役割外
厚生労働省,国際協力費,政府開発援助難民救援業務委託費,1,該当なし,0%,0,上記以外の厚生労働省支出は社会保障・労働政策等でフリードマン役割外
厚生労働省,国際協力費,政府開発援助外国人留学生受入事業等委託費,1,該当なし,0%,0,上記以外の厚生労働省支出は社会保障・労働政策等でフリードマン役割外
厚生労働省,国際協力費,政府開発援助アジア労働技術協力費等補助金,1,該当なし,0%,0,上記以外の厚生労働省支出は社会保障・労働政策等でフリードマン役割外
厚生労働省,厚生労働調査研究等推進費,厚生労働統計調査費,12,該当なし,0%,0,上記以外の厚生労働省支出は社会保障・労働政策等でフリードマン役割外
厚生労働省,厚生労働調査研究等推進費,国民生活基礎調査等委託費,20,該当なし,0%,0,上記以外の厚生労働省支出は社会保障・労働政策等でフリードマン役割外
厚生労働省,厚生労働調査研究等推進費,厚生労働科学研究費補助金,57,該当なし,0%,0,上記以外の厚生労働省支出は社会保障・労働政策等でフリードマン役割外
厚生労働省,厚生労働調査研究等推進費,医療研究開発推進事業費補助金,358,該当なし,0%,0,上記以外の厚生労働省支出は社会保障・労働政策等でフリードマン役割外
厚生労働省,厚生労働調査研究等推進費,厚生労働行政推進調査事業費補助金,36,該当なし,0%,0,上記以外の厚生労働省支出は社会保障・労働政策等でフリードマン役割外
厚生労働省,厚生労働調査研究等推進費,保健衛生医療調査等推進事業費補助金,119,該当なし,0%,0,上記以外の厚生労働省支出は社会保障・労働政策等でフリードマン役割外
厚生労働省,厚生労働調査研究等推進費,革新的研究開発推進基金補助金,1,該当なし,0%,0,上記以外の厚生労働省支出は社会保障・労働政策等でフリードマン役割外
厚生労働省,国立研究開発法人医薬基盤・健康・栄養研究所運営費,国立研究開発法人医薬基盤・健康・栄養研究所運営費交付金,38,該当なし,0%,0,上記以外の厚生労働省支出は社会保障・労働政策等でフリードマン役割外
厚生労働省,国立研究開発法人医薬基盤・健康・栄養研究所施設整備費,国立研究開発法人医薬基盤・健康・栄養研究所施設整備費補助金,2,該当なし,0%,0,上記以外の厚生労働省支出は社会保障・労働政策等でフリードマン役割外
厚生労働省,検疫所共通費,職員基本給,59,⑨,100%,59,検疫は感染症の国境での遮断。国境外部効果の防止
厚生労働省,検疫所共通費,職員諸手当,34,⑨,100%,34,検疫は感染症の国境での遮断。国境外部効果の防止
厚生労働省,検疫所共通費,超過勤務手当,5,⑨,100%,5,検疫は感染症の国境での遮断。国境外部効果の防止
厚生労働省,検疫所共通費,短時間勤務職員給与,3,⑨,100%,3,検疫は感染症の国境での遮断。国境外部効果の防止
厚生労働省,検疫所共通費,庁費,4,⑨,100%,4,検疫は感染症の国境での遮断。国境外部効果の防止
厚生労働省,検疫所共通費,公共施設等維持管理運営費,3,⑨,100%,3,検疫は感染症の国境での遮断。国境外部効果の防止
厚生労働省,検疫所施設費,不動産購入費,1,⑨,100%,1,検疫は感染症の国境での遮断。国境外部効果の防止
厚生労働省,検疫業務等実施費,検疫旅費,1,⑨,100%,1,検疫は感染症の国境での遮断。国境外部効果の防止
厚生労働省,検疫業務等実施費,検疫庁費,16,⑨,100%,16,検疫は感染症の国境での遮断。国境外部効果の防止
厚生労働省,検疫業務等実施費,土地建物借料,3,⑨,100%,3,検疫は感染症の国境での遮断。国境外部効果の防止
厚生労働省,輸入食品検査業務実施費,検疫庁費,1,該当なし,0%,0,上記以外の厚生労働省支出は社会保障・労働政策等でフリードマン役割外
厚生労働省,輸入食品検査業務実施費,食品試験検査費,18,該当なし,0%,0,上記以外の厚生労働省支出は社会保障・労働政策等でフリードマン役割外
厚生労働省,国立ハンセン病療養所共通費,職員基本給,102,該当なし,0%,0,上記以外の厚生労働省支出は社会保障・労働政策等でフリードマン役割外
厚生労働省,国立ハンセン病療養所共通費,職員諸手当,56,該当なし,0%,0,上記以外の厚生労働省支出は社会保障・労働政策等でフリードマン役割外
厚生労働省,国立ハンセン病療養所共通費,超過勤務手当,9,該当なし,0%,0,上記以外の厚生労働省支出は社会保障・労働政策等でフリードマン役割外
厚生労働省,国立ハンセン病療養所共通費,非常勤職員手当,1,該当なし,0%,0,上記以外の厚生労働省支出は社会保障・労働政策等でフリードマン役割外
厚生労働省,国立ハンセン病療養所共通費,短時間勤務職員給与,13,該当なし,0%,0,上記以外の厚生労働省支出は社会保障・労働政策等でフリードマン役割外
厚生労働省,国立ハンセン病療養所共通費,児童手当,2,該当なし,0%,0,上記以外の厚生労働省支出は社会保障・労働政策等でフリードマン役割外
厚生労働省,国立ハンセン病療養所共通費,庁費,2,該当なし,0%,0,上記以外の厚生労働省支出は社会保障・労働政策等でフリードマン役割外
厚生労働省,国立ハンセン病療養所共通費,各所修繕,1,該当なし,0%,0,上記以外の厚生労働省支出は社会保障・労働政策等でフリードマン役割外
厚生労働省,国立ハンセン病療養所施設費,施設施工庁費,1,該当なし,0%,0,上記以外の厚生労働省支出は社会保障・労働政策等でフリードマン役割外
厚生労働省,国立ハンセン病療養所施設費,施設整備費,22,該当なし,0%,0,上記以外の厚生労働省支出は社会保障・労働政策等でフリードマン役割外
厚生労働省,国立ハンセン病療養所運営費,諸謝金,2,該当なし,0%,0,上記以外の厚生労働省支出は社会保障・労働政策等でフリードマン役割外
厚生労働省,国立ハンセン病療養所運営費,入所者給与金,1,該当なし,0%,0,上記以外の厚生労働省支出は社会保障・労働政策等でフリードマン役割外
厚生労働省,国立ハンセン病療養所運営費,入所者療養諸費,80,該当なし,0%,0,上記以外の厚生労働省支出は社会保障・労働政策等でフリードマン役割外
厚生労働省,国立ハンセン病療養所運営費,医療機器整備費,4,該当なし,0%,0,上記以外の厚生労働省支出は社会保障・労働政策等でフリードマン役割外
厚生労働省,国立ハンセン病療養所運営費,医薬品等購入費,9,該当なし,0%,0,上記以外の厚生労働省支出は社会保障・労働政策等でフリードマン役割外
厚生労働省,国立ハンセン病療養所運営費,入所者食糧費,5,該当なし,0%,0,上記以外の厚生労働省支出は社会保障・労働政策等でフリードマン役割外
厚生労働省,厚生労働本省試験研究所共通費,職員基本給,24,該当なし,0%,0,上記以外の厚生労働省支出は社会保障・労働政策等でフリードマン役割外
厚生労働省,厚生労働本省試験研究所共通費,職員諸手当,13,該当なし,0%,0,上記以外の厚生労働省支出は社会保障・労働政策等でフリードマン役割外
厚生労働省,厚生労働本省試験研究所共通費,超過勤務手当,1,該当なし,0%,0,上記以外の厚生労働省支出は社会保障・労働政策等でフリードマン役割外
厚生労働省,厚生労働本省試験研究所共通費,短時間勤務職員給与,1,該当なし,0%,0,上記以外の厚生労働省支出は社会保障・労働政策等でフリードマン役割外
厚生労働省,厚生労働本省試験研究所共通費,庁費,3,該当なし,0%,0,上記以外の厚生労働省支出は社会保障・労働政策等でフリードマン役割外
厚生労働省,厚生労働本省試験研究所共通費,土地建物借料,2,該当なし,0%,0,上記以外の厚生労働省支出は社会保障・労働政策等でフリードマン役割外
厚生労働省,厚生労働本省試験研究所試験研究費,庁費,1,該当なし,0%,0,上記以外の厚生労働省支出は社会保障・労働政策等でフリードマン役割外
厚生労働省,厚生労働本省試験研究所試験研究費,試験研究費,15,該当なし,0%,0,上記以外の厚生労働省支出は社会保障・労働政策等でフリードマン役割外
厚生労働省,国立障害者リハビリテーションセンター共通費,職員基本給,28,該当なし,0%,0,上記以外の厚生労働省支出は社会保障・労働政策等でフリードマン役割外
厚生労働省,国立障害者リハビリテーションセンター共通費,職員諸手当,14,該当なし,0%,0,上記以外の厚生労働省支出は社会保障・労働政策等でフリードマン役割外
厚生労働省,国立障害者リハビリテーションセンター共通費,超過勤務手当,2,該当なし,0%,0,上記以外の厚生労働省支出は社会保障・労働政策等でフリードマン役割外
厚生労働省,国立障害者リハビリテーションセンター共通費,短時間勤務職員給与,1,該当なし,0%,0,上記以外の厚生労働省支出は社会保障・労働政策等でフリードマン役割外
厚生労働省,国立障害者リハビリテーションセンター共通費,庁費,9,該当なし,0%,0,上記以外の厚生労働省支出は社会保障・労働政策等でフリードマン役割外
厚生労働省,国立障害者リハビリテーションセンター施設費,施設整備費,1,該当なし,0%,0,上記以外の厚生労働省支出は社会保障・労働政策等でフリードマン役割外
厚生労働省,国立障害者リハビリテーションセンター運営費,非常勤職員手当,1,該当なし,0%,0,上記以外の厚生労働省支出は社会保障・労働政策等でフリードマン役割外
厚生労働省,国立障害者リハビリテーションセンター運営費,諸謝金,2,該当なし,0%,0,上記以外の厚生労働省支出は社会保障・労働政策等でフリードマン役割外
厚生労働省,国立障害者リハビリテーションセンター運営費,更生援護庁費,11,該当なし,0%,0,上記以外の厚生労働省支出は社会保障・労働政策等でフリードマン役割外
厚生労働省,国立障害者リハビリテーションセンター運営費,医療機器整備費,1,該当なし,0%,0,上記以外の厚生労働省支出は社会保障・労働政策等でフリードマン役割外
厚生労働省,国立障害者リハビリテーションセンター運営費,入所施設器材整備費,1,該当なし,0%,0,上記以外の厚生労働省支出は社会保障・労働政策等でフリードマン役割外
厚生労働省,国立障害者リハビリテーションセンター運営費,医薬品等購入費,1,該当なし,0%,0,上記以外の厚生労働省支出は社会保障・労働政策等でフリードマン役割外
厚生労働省,国立障害者リハビリテーションセンター運営費,入所者食糧費,1,該当なし,0%,0,上記以外の厚生労働省支出は社会保障・労働政策等でフリードマン役割外
厚生労働省,国立障害者リハビリテーションセンター運営費,義肢製作原材料費,1,該当なし,0%,0,上記以外の厚生労働省支出は社会保障・労働政策等でフリードマン役割外
厚生労働省,地方厚生局共通費,職員基本給,83,該当なし,0%,0,上記以外の厚生労働省支出は社会保障・労働政策等でフリードマン役割外
厚生労働省,地方厚生局共通費,職員諸手当,45,該当なし,0%,0,上記以外の厚生労働省支出は社会保障・労働政策等でフリードマン役割外
厚生労働省,地方厚生局共通費,超過勤務手当,6,該当なし,0%,0,上記以外の厚生労働省支出は社会保障・労働政策等でフリードマン役割外
厚生労働省,地方厚生局共通費,短時間勤務職員給与,3,該当なし,0%,0,上記以外の厚生労働省支出は社会保障・労働政策等でフリードマン役割外
厚生労働省,地方厚生局共通費,児童手当,1,該当なし,0%,0,上記以外の厚生労働省支出は社会保障・労働政策等でフリードマン役割外
厚生労働省,地方厚生局共通費,庁費,5,該当なし,0%,0,上記以外の厚生労働省支出は社会保障・労働政策等でフリードマン役割外
厚生労働省,地方厚生局共通費,移転費,2,該当なし,0%,0,上記以外の厚生労働省支出は社会保障・労働政策等でフリードマン役割外
厚生労働省,地方厚生局共通費,土地建物借料,4,該当なし,0%,0,上記以外の厚生労働省支出は社会保障・労働政策等でフリードマン役割外
厚生労働省,地方厚生局施設費,施設整備費,1,該当なし,0%,0,上記以外の厚生労働省支出は社会保障・労働政策等でフリードマン役割外
厚生労働省,保険医療機関等指導監督等実施費,保険医療機関等指導監督等諸謝金,5,該当なし,0%,0,上記以外の厚生労働省支出は社会保障・労働政策等でフリードマン役割外
厚生労働省,保険医療機関等指導監督等実施費,保険医療機関等指導監督等業務庁費,8,該当なし,0%,0,上記以外の厚生労働省支出は社会保障・労働政策等でフリードマン役割外
厚生労働省,医師等国家試験実施費,医師等国家試験業務庁費,13,該当なし,0%,0,上記以外の厚生労働省支出は社会保障・労働政策等でフリードマン役割外
厚生労働省,麻薬・覚醒剤等対策費,麻薬等乱用防止対策旅費,1,該当なし,0%,0,上記以外の厚生労働省支出は社会保障・労働政策等でフリードマン役割外
厚生労働省,麻薬・覚醒剤等対策費,麻薬等乱用防止対策業務庁費,5,該当なし,0%,0,上記以外の厚生労働省支出は社会保障・労働政策等でフリードマン役割外
厚生労働省,麻薬・覚醒剤等対策費,麻薬等乱用防止対策活動費,1,該当なし,0%,0,上記以外の厚生労働省支出は社会保障・労働政策等でフリードマン役割外
厚生労働省,医療観察等実施費,心神喪失者等医療観察法入院決定者移送費,1,該当なし,0%,0,上記以外の厚生労働省支出は社会保障・労働政策等でフリードマン役割外
厚生労働省,都道府県労働局共通費,職員基本給,556,該当なし,0%,0,上記以外の厚生労働省支出は社会保障・労働政策等でフリードマン役割外
厚生労働省,都道府県労働局共通費,職員諸手当,304,該当なし,0%,0,上記以外の厚生労働省支出は社会保障・労働政策等でフリードマン役割外
厚生労働省,都道府県労働局共通費,超過勤務手当,30,該当なし,0%,0,上記以外の厚生労働省支出は社会保障・労働政策等でフリードマン役割外
厚生労働省,都道府県労働局共通費,統計調査員手当,1,該当なし,0%,0,上記以外の厚生労働省支出は社会保障・労働政策等でフリードマン役割外
厚生労働省,都道府県労働局共通費,短時間勤務職員給与,23,該当なし,0%,0,上記以外の厚生労働省支出は社会保障・労働政策等でフリードマン役割外
厚生労働省,都道府県労働局共通費,児童手当,7,該当なし,0%,0,上記以外の厚生労働省支出は社会保障・労働政策等でフリードマン役割外
厚生労働省,都道府県労働局共通費,職員旅費,1,該当なし,0%,0,上記以外の厚生労働省支出は社会保障・労働政策等でフリードマン役割外
厚生労働省,都道府県労働局共通費,庁費,10,該当なし,0%,0,上記以外の厚生労働省支出は社会保障・労働政策等でフリードマン役割外
厚生労働省,都道府県労働局共通費,移転費,3,該当なし,0%,0,上記以外の厚生労働省支出は社会保障・労働政策等でフリードマン役割外
厚生労働省,都道府県労働局施設費,施設整備費,1,該当なし,0%,0,上記以外の厚生労働省支出は社会保障・労働政策等でフリードマン役割外
厚生労働省,労働条件確保・改善対策費,委員手当,2,該当なし,0%,0,上記以外の厚生労働省支出は社会保障・労働政策等でフリードマン役割外
厚生労働省,労働条件確保・改善対策費,諸謝金,4,該当なし,0%,0,上記以外の厚生労働省支出は社会保障・労働政策等でフリードマン役割外
厚生労働省,労働条件確保・改善対策費,庁費,1,該当なし,0%,0,上記以外の厚生労働省支出は社会保障・労働政策等でフリードマン役割外
厚生労働省,男女均等雇用対策費,雇用均等行政特別協助員手当,1,該当なし,0%,0,上記以外の厚生労働省支出は社会保障・労働政策等でフリードマン役割外
厚生労働省,男女均等雇用対策費,諸謝金,1,該当なし,0%,0,上記以外の厚生労働省支出は社会保障・労働政策等でフリードマン役割外
厚生労働省,個別労働紛争対策費,委員手当,1,該当なし,0%,0,上記以外の厚生労働省支出は社会保障・労働政策等でフリードマン役割外
厚生労働省,高齢者等雇用安定・促進費,諸謝金,3,該当なし,0%,0,上記以外の厚生労働省支出は社会保障・労働政策等でフリードマン役割外
厚生労働省,高齢者等雇用安定・促進費,障害者等雇用安定促進業務諸謝金,18,該当なし,0%,0,上記以外の厚生労働省支出は社会保障・労働政策等でフリードマン役割外
厚生労働省,高齢者等雇用安定・促進費,高齢者等雇用安定促進業務庁費,2,該当なし,0%,0,上記以外の厚生労働省支出は社会保障・労働政策等でフリードマン役割外
厚生労働省,高齢者等雇用安定・促進費,障害者等雇用安定促進業務庁費,3,該当なし,0%,0,上記以外の厚生労働省支出は社会保障・労働政策等でフリードマン役割外
厚生労働省,高齢者等雇用安定・促進費,土地建物借料,3,該当なし,0%,0,上記以外の厚生労働省支出は社会保障・労働政策等でフリードマン役割外
厚生労働省,若年者等職業能力開発支援費,職業能力開発支援事業委託費,9,該当なし,0%,0,上記以外の厚生労働省支出は社会保障・労働政策等でフリードマン役割外
厚生労働省,中央労働委員会共通費,職員基本給,7,該当なし,0%,0,上記以外の厚生労働省支出は社会保障・労働政策等でフリードマン役割外
厚生労働省,中央労働委員会共通費,職員諸手当,4,該当なし,0%,0,上記以外の厚生労働省支出は社会保障・労働政策等でフリードマン役割外
厚生労働省,中央労働委員会共通費,短時間勤務職員給与,1,該当なし,0%,0,上記以外の厚生労働省支出は社会保障・労働政策等でフリードマン役割外
厚生労働省,中央労働委員会共通費,庁費,1,該当なし,0%,0,上記以外の厚生労働省支出は社会保障・労働政策等でフリードマン役割外
厚生労働省,労使関係等安定形成促進費,委員手当,2,該当なし,0%,0,上記以外の厚生労働省支出は社会保障・労働政策等でフリードマン役割外
厚生労働省,労使関係等安定形成促進費,庁費,1,該当なし,0%,0,上記以外の厚生労働省支出は社会保障・労働政策等でフリードマン役割外
農林水産省,農林水産本省共通費,職員基本給,195,該当なし,0%,0,水産振興は産業政策。漁業権の私有化・市場化で対応可能
農林水産省,農林水産本省共通費,職員諸手当,111,該当なし,0%,0,水産振興は産業政策。漁業権の私有化・市場化で対応可能
農林水産省,農林水産本省共通費,超過勤務手当,36,該当なし,0%,0,水産振興は産業政策。漁業権の私有化・市場化で対応可能
農林水産省,農林水産本省共通費,非常勤職員手当,2,該当なし,0%,0,水産振興は産業政策。漁業権の私有化・市場化で対応可能
農林水産省,農林水産本省共通費,休職者給与,5,該当なし,0%,0,水産振興は産業政策。漁業権の私有化・市場化で対応可能
農林水産省,農林水産本省共通費,国際機関等派遣職員給与,3,該当なし,0%,0,水産振興は産業政策。漁業権の私有化・市場化で対応可能
農林水産省,農林水産本省共通費,短時間勤務職員給与,4,該当なし,0%,0,水産振興は産業政策。漁業権の私有化・市場化で対応可能
農林水産省,農林水産本省共通費,公務災害補償費,4,該当なし,0%,0,水産振興は産業政策。漁業権の私有化・市場化で対応可能
農林水産省,農林水産本省共通費,退職手当,192,該当なし,0%,0,水産振興は産業政策。漁業権の私有化・市場化で対応可能
農林水産省,農林水産本省共通費,児童手当,2,該当なし,0%,0,水産振興は産業政策。漁業権の私有化・市場化で対応可能
農林水産省,農林水産本省共通費,職員旅費,8,該当なし,0%,0,水産振興は産業政策。漁業権の私有化・市場化で対応可能
農林水産省,農林水産本省共通費,農業協同組合等検査旅費,1,該当なし,0%,0,水産振興は産業政策。漁業権の私有化・市場化で対応可能
農林水産省,農林水産本省共通費,外国留学旅費,1,該当なし,0%,0,水産振興は産業政策。漁業権の私有化・市場化で対応可能
農林水産省,農林水産本省共通費,赴任旅費,6,該当なし,0%,0,水産振興は産業政策。漁業権の私有化・市場化で対応可能
農林水産省,農林水産本省共通費,委員等旅費,1,該当なし,0%,0,水産振興は産業政策。漁業権の私有化・市場化で対応可能
農林水産省,農林水産本省共通費,庁費,36,該当なし,0%,0,水産振興は産業政策。漁業権の私有化・市場化で対応可能
農林水産省,農林水産本省共通費,情報処理業務庁費,5,該当なし,0%,0,水産振興は産業政策。漁業権の私有化・市場化で対応可能
農林水産省,農林水産本省共通費,各所修繕,2,該当なし,0%,0,水産振興は産業政策。漁業権の私有化・市場化で対応可能
農林水産省,農林水産本省共通費,農林水産政策調査等委託費,2,該当なし,0%,0,水産振興は産業政策。漁業権の私有化・市場化で対応可能
農林水産省,農林水産本省共通費,国家公務員共済組合負担金,167,該当なし,0%,0,水産振興は産業政策。漁業権の私有化・市場化で対応可能
農林水産省,農林水産本省共通費,基礎年金等国家公務員共済組合負担金,60,該当なし,0%,0,水産振興は産業政策。漁業権の私有化・市場化で対応可能
農林水産省,農林水産本省共通費,賠償償還及払戻金,2,該当なし,0%,0,水産振興は産業政策。漁業権の私有化・市場化で対応可能
農林水産省,農林水産本省施設費,施設整備費,3,該当なし,0%,0,水産振興は産業政策。漁業権の私有化・市場化で対応可能
農林水産省,国内食料供給対策費,職員旅費,2,該当なし,0%,0,上記以外の農林水産省支出はフリードマン役割外
農林水産省,国内食料供給対策費,庁費,12,該当なし,0%,0,上記以外の農林水産省支出はフリードマン役割外
農林水産省,国内食料供給対策費,国際園芸博覧会出展施設施工庁費,1,該当なし,0%,0,上記以外の農林水産省支出はフリードマン役割外
農林水産省,国内食料供給対策費,国内食料供給対策調査等委託費,36,該当なし,0%,0,上記以外の農林水産省支出はフリードマン役割外
農林水産省,国内食料供給対策費,国際園芸博覧会出展施設整備費,21,該当なし,0%,0,上記以外の農林水産省支出はフリードマン役割外
農林水産省,国内食料供給対策費,国内食料供給対策事業費補助金,175,該当なし,0%,0,上記以外の農林水産省支出はフリードマン役割外
農林水産省,国内食料供給対策費,野菜価格安定対策費補助金,20,該当なし,0%,0,上記以外の農林水産省支出はフリードマン役割外
農林水産省,国内食料供給対策費,国際博覧会事業費補助金,24,該当なし,0%,0,上記以外の農林水産省支出はフリードマン役割外
農林水産省,国内食料供給対策費,鶏卵価格安定対策費補助金,6,該当なし,0%,0,上記以外の農林水産省支出はフリードマン役割外
農林水産省,国内食料供給対策費,甘味資源作物・国内産糖調整交付金,97,該当なし,0%,0,上記以外の農林水産省支出はフリードマン役割外
農林水産省,国内食料供給対策費,水田活用直接支払交付金,2751,該当なし,0%,0,上記以外の農林水産省支出はフリードマン役割外
農林水産省,国内食料供給対策費,持続的生産支援交付金,52,該当なし,0%,0,上記以外の農林水産省支出はフリードマン役割外
農林水産省,国内食料供給対策費,農畜産業振興対策交付金,388,該当なし,0%,0,上記以外の農林水産省支出はフリードマン役割外
農林水産省,牛肉等関税財源国内食料供給対策費,牛肉等関税財源国内食料供給対策費補助金,3,該当なし,0%,0,上記以外の農林水産省支出はフリードマン役割外
農林水産省,牛肉等関税財源国内食料供給対策費,牛肉等関税財源飼料対策費補助金,17,該当なし,0%,0,上記以外の農林水産省支出はフリードマン役割外
農林水産省,牛肉等関税財源国内食料供給対策費,牛肉等関税財源国内食料供給対策整備費補助金,17,該当なし,0%,0,上記以外の農林水産省支出はフリードマン役割外
農林水産省,牛肉等関税財源国内食料供給対策費,牛肉等関税財源畜産業振興対策交付金,580,該当なし,0%,0,上記以外の農林水産省支出はフリードマン役割外
農林水産省,国内食料供給対策費食料安定供給特別会計へ繰入,食料安定供給特別会計へ繰入,1001,該当なし,0%,0,上記以外の農林水産省支出はフリードマン役割外
農林水産省,独立行政法人農畜産業振興機構運営費,独立行政法人農畜産業振興機構野菜勘定運営費交付金,9,該当なし,0%,0,上記以外の農林水産省支出はフリードマン役割外
農林水産省,独立行政法人農畜産業振興機構運営費,独立行政法人農畜産業振興機構砂糖勘定運営費交付金,9,該当なし,0%,0,上記以外の農林水産省支出はフリードマン役割外
農林水産省,独立行政法人農畜産業振興機構運営費,独立行政法人農畜産業振興機構でん粉勘定運営費交付金,3,該当なし,0%,0,上記以外の農林水産省支出はフリードマン役割外
農林水産省,独立行政法人農畜産業振興機構運営費,独立行政法人農畜産業振興機構畜産勘定運営費交付金,8,該当なし,0%,0,上記以外の農林水産省支出はフリードマン役割外
農林水産省,独立行政法人農畜産業振興機構運営費,独立行政法人農畜産業振興機構肉用子牛勘定運営費交付金,1,該当なし,0%,0,上記以外の農林水産省支出はフリードマン役割外
農林水産省,独立行政法人家畜改良センター運営費,独立行政法人家畜改良センター運営費交付金,80,該当なし,0%,0,上記以外の農林水産省支出はフリードマン役割外
農林水産省,農業経営安定事業費等食料安定供給特別会計へ繰入,食料安定供給特別会計へ繰入,1371,該当なし,0%,0,農家所得補償は価格支持政策。フリードマンは農業補助を批判
農林水産省,農林水産政策研究所,職員基本給,4,該当なし,0%,0,水産振興は産業政策。漁業権の私有化・市場化で対応可能
農林水産省,農林水産政策研究所,職員諸手当,3,該当なし,0%,0,水産振興は産業政策。漁業権の私有化・市場化で対応可能
農林水産省,農林水産政策研究所,庁費,1,該当なし,0%,0,水産振興は産業政策。漁業権の私有化・市場化で対応可能
農林水産省,農林水産政策研究所,試験研究費,1,該当なし,0%,0,水産振興は産業政策。漁業権の私有化・市場化で対応可能
農林水産省,農林水産政策研究所,農林水産政策研究調査委託費,1,該当なし,0%,0,水産振興は産業政策。漁業権の私有化・市場化で対応可能
農林水産省,食料自給力確保対策費,職員旅費,1,該当なし,0%,0,上記以外の農林水産省支出はフリードマン役割外
農林水産省,食料自給力確保対策費,庁費,1,該当なし,0%,0,上記以外の農林水産省支出はフリードマン役割外
農林水産省,食料自給力確保対策費,食料自給力確保対策環境調査費,1,該当なし,0%,0,上記以外の農林水産省支出はフリードマン役割外
農林水産省,食料自給力確保対策費,食料自給力確保対策調査等委託費,8,該当なし,0%,0,上記以外の農林水産省支出はフリードマン役割外
農林水産省,食料自給力確保対策費,国有農地等管理処分委託費,2,該当なし,0%,0,上記以外の農林水産省支出はフリードマン役割外
農林水産省,食料自給力確保対策費,食料自給力確保対策事業費補助金,396,該当なし,0%,0,上記以外の農林水産省支出はフリードマン役割外
農林水産省,食料自給力確保対策費,新基本計画実装・農業構造転換支援整備費補助金,217,該当なし,0%,0,上記以外の農林水産省支出はフリードマン役割外
農林水産省,食料自給力確保対策費,食料自給力確保対策整備費補助金,508,該当なし,0%,0,上記以外の農林水産省支出はフリードマン役割外
農林水産省,食料自給力確保対策費,特例付加年金助成補助金,6,該当なし,0%,0,上記以外の農林水産省支出はフリードマン役割外
農林水産省,食料自給力確保対策費,株式会社日本政策金融公庫補助金,1,該当なし,0%,0,上記以外の農林水産省支出はフリードマン役割外
農林水産省,食料自給力確保対策費,農業経営金融支援対策費補助金,36,該当なし,0%,0,上記以外の農林水産省支出はフリードマン役割外
農林水産省,食料自給力確保対策費,特殊自然災害対策整備費補助金,3,該当なし,0%,0,上記以外の農林水産省支出はフリードマン役割外
農林水産省,食料自給力確保対策費,農業者年金給付費等負担金,754,該当なし,0%,0,上記以外の農林水産省支出はフリードマン役割外
農林水産省,食料自給力確保対策費,都道府県農業委員会ネットワーク機構負担金,5,該当なし,0%,0,上記以外の農林水産省支出はフリードマン役割外
農林水産省,食料自給力確保対策費,農業保険事業事務費負担金,367,該当なし,0%,0,上記以外の農林水産省支出はフリードマン役割外
農林水産省,食料自給力確保対策費,協同農業普及事業交付金,24,該当なし,0%,0,上記以外の農林水産省支出はフリードマン役割外
農林水産省,食料自給力確保対策費,国有農地等事務取扱交付金,18,該当なし,0%,0,上記以外の農林水産省支出はフリードマン役割外
農林水産省,食料自給力確保対策費,農業委員会交付金,47,該当なし,0%,0,上記以外の農林水産省支出はフリードマン役割外
農林水産省,食料自給力確保対策費,農業経営収入保険特約補填金造成費交付金,106,該当なし,0%,0,上記以外の農林水産省支出はフリードマン役割外
農林水産省,食料自給力確保対策費,株式会社日本政策金融公庫補給金,185,該当なし,0%,0,上記以外の農林水産省支出はフリードマン役割外
農林水産省,食料自給力確保対策費,株式会社日本政策金融公庫出資金,1,該当なし,0%,0,上記以外の農林水産省支出はフリードマン役割外
農林水産省,海岸事業費,海岸保全施設整備事業費,29,該当なし,0%,0,上記以外の農林水産省支出はフリードマン役割外
農林水産省,海岸事業費,海岸保全施設整備事業費補助,8,該当なし,0%,0,上記以外の農林水産省支出はフリードマン役割外
農林水産省,海岸事業費,後進地域特例法適用団体補助率差額,1,該当なし,0%,0,上記以外の農林水産省支出はフリードマン役割外
農林水産省,国立研究開発法人農業・食品産業技術総合研究機構運営費,国立研究開発法人農業・食品産業技術総合研究機構農業機械化促進業務勘定運営費交付金,19,該当なし,0%,0,上記以外の農林水産省支出はフリードマン役割外
農林水産省,国立研究開発法人農業・食品産業技術総合研究機構施設整備費,国立研究開発法人農業・食品産業技術総合研究機構施設整備費補助金,2,該当なし,0%,0,上記以外の農林水産省支出はフリードマン役割外
農林水産省,独立行政法人農業者年金基金運営費,独立行政法人農業者年金基金農業者老齢年金等勘定運営費交付金,18,該当なし,0%,0,上記以外の農林水産省支出はフリードマン役割外
農林水産省,独立行政法人農業者年金基金運営費,独立行政法人農業者年金基金特例付加年金勘定運営費交付金,9,該当なし,0%,0,上記以外の農林水産省支出はフリードマン役割外
農林水産省,独立行政法人農業者年金基金運営費,独立行政法人農業者年金基金旧年金勘定運営費交付金,20,該当なし,0%,0,上記以外の農林水産省支出はフリードマン役割外
農林水産省,共済掛金国庫負担金等食料安定供給特別会計へ繰入,食料安定供給特別会計へ繰入,556,該当なし,0%,0,上記以外の農林水産省支出はフリードマン役割外
農林水産省,農業農村整備事業費食料安定供給特別会計へ繰入,食料安定供給特別会計へ繰入,22,該当なし,0%,0,上記以外の農林水産省支出はフリードマン役割外
農林水産省,知的財産保護・活用推進費,知的財産保護・活用推進調査等委託費,1,該当なし,0%,0,上記以外の農林水産省支出はフリードマン役割外
農林水産省,知的財産保護・活用推進費,知的財産保護・活用推進事業費補助金,3,該当なし,0%,0,上記以外の農林水産省支出はフリードマン役割外
農林水産省,動植物防疫対策費,職員旅費,1,該当なし,0%,0,上記以外の農林水産省支出はフリードマン役割外
農林水産省,動植物防疫対策費,庁費,1,該当なし,0%,0,上記以外の農林水産省支出はフリードマン役割外
農林水産省,動植物防疫対策費,動植物防疫対策調査等委託費,2,該当なし,0%,0,上記以外の農林水産省支出はフリードマン役割外
農林水産省,動植物防疫対策費,動植物防疫対策技術開発事業委託費,2,該当なし,0%,0,上記以外の農林水産省支出はフリードマン役割外
農林水産省,動植物防疫対策費,動植物防疫対策事業費補助金,10,該当なし,0%,0,上記以外の農林水産省支出はフリードマン役割外
農林水産省,動植物防疫対策費,家畜伝染病予防費負担金,32,該当なし,0%,0,上記以外の農林水産省支出はフリードマン役割外
農林水産省,動植物防疫対策費,植物防疫事業交付金,4,該当なし,0%,0,上記以外の農林水産省支出はフリードマン役割外
農林水産省,動植物防疫対策費,患畜処理手当等交付金,16,該当なし,0%,0,上記以外の農林水産省支出はフリードマン役割外
農林水産省,食料供給確保対策費,食料供給確保対策調査費,1,該当なし,0%,0,上記以外の農林水産省支出はフリードマン役割外
農林水産省,国際戦略対策費,国際戦略対策調査等委託費,1,該当なし,0%,0,上記以外の農林水産省支出はフリードマン役割外
農林水産省,国際戦略対策費,政府開発援助国際戦略対策調査等委託費,1,該当なし,0%,0,上記以外の農林水産省支出はフリードマン役割外
農林水産省,国際戦略対策費,政府開発援助国際戦略対策事業費補助金,1,該当なし,0%,0,上記以外の農林水産省支出はフリードマン役割外
農林水産省,国際戦略対策費,緊急食糧支援事業費補助金,84,該当なし,0%,0,上記以外の農林水産省支出はフリードマン役割外
農林水産省,国際戦略対策費,国際機関分担金,10,該当なし,0%,0,上記以外の農林水産省支出はフリードマン役割外
農林水産省,国際戦略対策費,政府開発援助国際機関等拠出金,16,該当なし,0%,0,上記以外の農林水産省支出はフリードマン役割外
農林水産省,国際戦略対策費,国際機関等拠出金,1,該当なし,0%,0,上記以外の農林水産省支出はフリードマン役割外
農林水産省,農林水産物・食品輸出促進対策費,職員旅費,1,該当なし,0%,0,水産振興は産業政策。漁業権の私有化・市場化で対応可能
農林水産省,農林水産物・食品輸出促進対策費,庁費,3,該当なし,0%,0,水産振興は産業政策。漁業権の私有化・市場化で対応可能
農林水産省,農林水産物・食品輸出促進対策費,農林水産物・食品輸出促進対策調査等委託費,14,該当なし,0%,0,水産振興は産業政策。漁業権の私有化・市場化で対応可能
農林水産省,農林水産物・食品輸出促進対策費,農林水産物・食品輸出促進対策事業費補助金,43,該当なし,0%,0,水産振興は産業政策。漁業権の私有化・市場化で対応可能
農林水産省,農林水産物・食品輸出促進対策費,農林水産物・食品輸出促進対策整備費補助金,1,該当なし,0%,0,水産振興は産業政策。漁業権の私有化・市場化で対応可能
農林水産省,食品産業海外展開等促進対策費,食品産業海外展開等促進対策調査等委託費,1,該当なし,0%,0,上記以外の農林水産省支出はフリードマン役割外
農林水産省,食品産業発展対策費,食品産業発展対策調査等委託費,1,該当なし,0%,0,上記以外の農林水産省支出はフリードマン役割外
農林水産省,食品産業発展対策費,食品産業発展対策事業費補助金,6,該当なし,0%,0,上記以外の農林水産省支出はフリードマン役割外
農林水産省,農業・食品産業強化対策費,農業・食品産業強化対策整備交付金,118,該当なし,0%,0,上記以外の農林水産省支出はフリードマン役割外
農林水産省,農業・食品産業強化対策費,農業・食品産業強化対策推進交付金,2,該当なし,0%,0,上記以外の農林水産省支出はフリードマン役割外
農林水産省,食品等取引適正化対策費,非常勤職員手当,1,該当なし,0%,0,上記以外の農林水産省支出はフリードマン役割外
農林水産省,食品等取引適正化対策費,食品等取引適正化対策調査等委託費,1,該当なし,0%,0,上記以外の農林水産省支出はフリードマン役割外
農林水産省,食品安全・消費者信頼確保対策費,職員旅費,1,該当なし,0%,0,上記以外の農林水産省支出はフリードマン役割外
農林水産省,食品安全・消費者信頼確保対策費,庁費,3,該当なし,0%,0,上記以外の農林水産省支出はフリードマン役割外
農林水産省,食品安全・消費者信頼確保対策費,食品安全・消費者信頼確保対策調査等委託費,1,該当なし,0%,0,上記以外の農林水産省支出はフリードマン役割外
農林水産省,食品安全・消費者信頼確保対策費,分析技術活用食品安全・消費者信頼確保対策事業委託費,7,該当なし,0%,0,上記以外の農林水産省支出はフリードマン役割外
農林水産省,食品安全・消費者信頼確保対策費,食品安全・消費者信頼確保対策事業費補助金,1,該当なし,0%,0,上記以外の農林水産省支出はフリードマン役割外
農林水産省,食品安全・消費者信頼確保対策費,食品安全・消費者信頼確保対策推進交付金,17,該当なし,0%,0,上記以外の農林水産省支出はフリードマン役割外
農林水産省,食品安全・消費者信頼確保対策費,食品安全・消費者信頼確保対策整備交付金,2,該当なし,0%,0,上記以外の農林水産省支出はフリードマン役割外
農林水産省,独立行政法人農林水産消費安全技術センター運営費,独立行政法人農林水産消費安全技術センター運営費交付金,71,該当なし,0%,0,水産振興は産業政策。漁業権の私有化・市場化で対応可能
農林水産省,農林水産業環境負荷低減推進費,農林水産業環境負荷低減推進調査等委託費,2,該当なし,0%,0,水産振興は産業政策。漁業権の私有化・市場化で対応可能
農林水産省,農林水産業環境負荷低減推進費,農林水産業環境負荷低減推進事業費補助金,1,該当なし,0%,0,水産振興は産業政策。漁業権の私有化・市場化で対応可能
農林水産省,農林水産業環境負荷低減推進費,農林水産業環境負荷低減推進交付金,1,該当なし,0%,0,水産振興は産業政策。漁業権の私有化・市場化で対応可能
農林水産省,農林水産業環境負荷低減推進費,農林水産業環境負荷低減技術開発推進交付金,1,該当なし,0%,0,水産振興は産業政策。漁業権の私有化・市場化で対応可能
農林水産省,農林水産業環境負荷低減推進費,農林水産業環境負荷低減推進整備交付金,2,該当なし,0%,0,水産振興は産業政策。漁業権の私有化・市場化で対応可能
農林水産省,多面的機能発揮促進対策費,庁費,1,該当なし,0%,0,上記以外の農林水産省支出はフリードマン役割外
農林水産省,多面的機能発揮促進対策費,日本型直接支払交付金,813,該当なし,0%,0,上記以外の農林水産省支出はフリードマン役割外
農林水産省,食育推進費,食育推進調査等委託費,1,該当なし,0%,0,上記以外の農林水産省支出はフリードマン役割外
農林水産省,農業農村整備事業費,かんがい排水事業費,515,該当なし,0%,0,上記以外の農林水産省支出はフリードマン役割外
農林水産省,農業農村整備事業費,国営造成施設管理費,81,該当なし,0%,0,上記以外の農林水産省支出はフリードマン役割外
農林水産省,農業農村整備事業費,農用地再編整備事業費,102,該当なし,0%,0,上記以外の農林水産省支出はフリードマン役割外
農林水産省,農業農村整備事業費,地すべり対策事業費,4,該当なし,0%,0,上記以外の農林水産省支出はフリードマン役割外
農林水産省,農業農村整備事業費,総合農地防災事業費,231,⑨,100%,231,農村防災は洪水・土砂災害という外部効果への対処
農林水産省,農業農村整備事業費,営繕宿舎費,9,該当なし,0%,0,上記以外の農林水産省支出はフリードマン役割外
農林水産省,農業農村整備事業費,農業農村整備事業調査費,5,該当なし,0%,0,上記以外の農林水産省支出はフリードマン役割外
農林水産省,農業農村整備事業費,諸土地改良事業費補助,10,該当なし,0%,0,上記以外の農林水産省支出はフリードマン役割外
農林水産省,農業農村整備事業費,土地改良施設管理費補助,138,該当なし,0%,0,上記以外の農林水産省支出はフリードマン役割外
農林水産省,農業農村整備事業費,農業競争力強化基盤整備事業費補助,390,該当なし,0%,0,上記以外の農林水産省支出はフリードマン役割外
農林水産省,農業農村整備事業費,中山間総合整備事業費補助,40,該当なし,0%,0,上記以外の農林水産省支出はフリードマン役割外
農林水産省,農業農村整備事業費,農村整備事業費補助,49,該当なし,0%,0,上記以外の農林水産省支出はフリードマン役割外
農林水産省,農業農村整備事業費,農村地域防災減災事業費補助,325,⑨,100%,325,農村防災は洪水・土砂災害という外部効果への対処
農林水産省,農業農村整備事業費,後進地域特例法適用団体等補助率差額,124,該当なし,0%,0,上記以外の農林水産省支出はフリードマン役割外
農林水産省,農山漁村地域整備事業費,農山漁村地域整備交付金,626,該当なし,0%,0,上記以外の農林水産省支出はフリードマン役割外
農林水産省,農山漁村活性化対策費,農山漁村活性化対策整備交付金,68,該当なし,0%,0,上記以外の農林水産省支出はフリードマン役割外
農林水産省,農山漁村活性化対策費,農山漁村活性化対策推進交付金,102,該当なし,0%,0,上記以外の農林水産省支出はフリードマン役割外
農林水産省,農林水産統計調査費,統計調査員手当,19,該当なし,0%,0,水産振興は産業政策。漁業権の私有化・市場化で対応可能
農林水産省,農林水産統計調査費,諸謝金,1,該当なし,0%,0,水産振興は産業政策。漁業権の私有化・市場化で対応可能
農林水産省,農林水産統計調査費,庁費,1,該当なし,0%,0,水産振興は産業政策。漁業権の私有化・市場化で対応可能
農林水産省,農林水産統計調査費,農林水産統計調査費,19,該当なし,0%,0,水産振興は産業政策。漁業権の私有化・市場化で対応可能
農林水産省,農林水産統計調査費,農林水産統計調査等委託費,2,該当なし,0%,0,水産振興は産業政策。漁業権の私有化・市場化で対応可能
農林水産省,受託工事等実施費,受託工事費,72,該当なし,0%,0,上記以外の農林水産省支出はフリードマン役割外
農林水産省,受託工事等実施費,換地清算金,3,該当なし,0%,0,上記以外の農林水産省支出はフリードマン役割外
農林水産省,農業農村整備事業調査諸費,職員旅費,4,該当なし,0%,0,上記以外の農林水産省支出はフリードマン役割外
農林水産省,農業農村整備事業調査諸費,庁費,6,該当なし,0%,0,上記以外の農林水産省支出はフリードマン役割外
農林水産省,農業施設災害復旧事業費,農業用施設等災害復旧費,4,該当なし,0%,0,上記以外の農林水産省支出はフリードマン役割外
農林水産省,農業施設災害復旧事業費,農業用施設等災害復旧事業費補助,70,該当なし,0%,0,上記以外の農林水産省支出はフリードマン役割外
農林水産省,農業施設災害関連事業費,農業用施設等災害関連事業費補助,2,該当なし,0%,0,上記以外の農林水産省支出はフリードマン役割外
農林水産省,農林水産本省検査指導所,職員基本給,79,該当なし,0%,0,水産振興は産業政策。漁業権の私有化・市場化で対応可能
農林水産省,農林水産本省検査指導所,職員諸手当,42,該当なし,0%,0,水産振興は産業政策。漁業権の私有化・市場化で対応可能
農林水産省,農林水産本省検査指導所,超過勤務手当,6,該当なし,0%,0,水産振興は産業政策。漁業権の私有化・市場化で対応可能
農林水産省,農林水産本省検査指導所,非常勤職員手当,1,該当なし,0%,0,水産振興は産業政策。漁業権の私有化・市場化で対応可能
農林水産省,農林水産本省検査指導所,短時間勤務職員給与,2,該当なし,0%,0,水産振興は産業政策。漁業権の私有化・市場化で対応可能
農林水産省,農林水産本省検査指導所,児童手当,1,該当なし,0%,0,水産振興は産業政策。漁業権の私有化・市場化で対応可能
農林水産省,農林水産本省検査指導所,検査検疫旅費,2,該当なし,0%,0,水産振興は産業政策。漁業権の私有化・市場化で対応可能
農林水産省,農林水産本省検査指導所,庁費,11,該当なし,0%,0,水産振興は産業政策。漁業権の私有化・市場化で対応可能
農林水産省,農林水産本省検査指導所,検査検疫庁費,27,該当なし,0%,0,水産振興は産業政策。漁業権の私有化・市場化で対応可能
農林水産省,農林水産本省検査指導所,土地建物借料,4,該当なし,0%,0,水産振興は産業政策。漁業権の私有化・市場化で対応可能
農林水産省,農林水産本省検査指導所,各所修繕,1,該当なし,0%,0,水産振興は産業政策。漁業権の私有化・市場化で対応可能
農林水産省,農林水産本省検査指導所施設費,施設整備費,2,該当なし,0%,0,水産振興は産業政策。漁業権の私有化・市場化で対応可能
農林水産省,農林水産技術会議共通費,職員基本給,9,該当なし,0%,0,水産振興は産業政策。漁業権の私有化・市場化で対応可能
農林水産省,農林水産技術会議共通費,職員諸手当,5,該当なし,0%,0,水産振興は産業政策。漁業権の私有化・市場化で対応可能
農林水産省,農林水産技術会議共通費,超過勤務手当,1,該当なし,0%,0,水産振興は産業政策。漁業権の私有化・市場化で対応可能
農林水産省,農林水産技術会議共通費,庁費,4,該当なし,0%,0,水産振興は産業政策。漁業権の私有化・市場化で対応可能
農林水産省,農林水産技術会議共通費,各所修繕,1,該当なし,0%,0,水産振興は産業政策。漁業権の私有化・市場化で対応可能
農林水産省,農林水産技術会議施設費,施設整備費,3,該当なし,0%,0,水産振興は産業政策。漁業権の私有化・市場化で対応可能
農林水産省,農林水産業イノベーション創出・技術開発推進費,試験研究費,3,該当なし,0%,0,水産振興は産業政策。漁業権の私有化・市場化で対応可能
農林水産省,農林水産業イノベーション創出・技術開発推進費,試験研究調査委託費,20,該当なし,0%,0,水産振興は産業政策。漁業権の私有化・市場化で対応可能
農林水産省,農林水産業イノベーション創出・技術開発推進費,新産業創出等研究開発推進事業費補助金,3,該当なし,0%,0,水産振興は産業政策。漁業権の私有化・市場化で対応可能
農林水産省,農林水産業イノベーション創出・技術開発推進費,農林水産試験研究費補助金,1,該当なし,0%,0,水産振興は産業政策。漁業権の私有化・市場化で対応可能
農林水産省,農林水産業イノベーション創出・技術開発推進費,革新的研究開発推進基金補助金,1,該当なし,0%,0,水産振興は産業政策。漁業権の私有化・市場化で対応可能
農林水産省,国立研究開発法人農業・食品産業技術総合研究機構運営費,国立研究開発法人農業・食品産業技術総合研究機構農業技術研究業務勘定運営費交付金,514,該当なし,0%,0,上記以外の農林水産省支出はフリードマン役割外
農林水産省,国立研究開発法人農業・食品産業技術総合研究機構運営費,国立研究開発法人農業・食品産業技術総合研究機構基礎的研究業務勘定運営費交付金,22,該当なし,0%,0,上記以外の農林水産省支出はフリードマン役割外
農林水産省,国立研究開発法人国際農林水産業研究センター運営費,国立研究開発法人国際農林水産業研究センター運営費交付金,40,該当なし,0%,0,水産振興は産業政策。漁業権の私有化・市場化で対応可能
農林水産省,地方農政局,職員基本給,229,該当なし,0%,0,上記以外の農林水産省支出はフリードマン役割外
農林水産省,地方農政局,職員諸手当,126,該当なし,0%,0,上記以外の農林水産省支出はフリードマン役割外
農林水産省,地方農政局,超過勤務手当,13,該当なし,0%,0,上記以外の農林水産省支出はフリードマン役割外
農林水産省,地方農政局,短時間勤務職員給与,47,該当なし,0%,0,上記以外の農林水産省支出はフリードマン役割外
農林水産省,地方農政局,児童手当,3,該当なし,0%,0,上記以外の農林水産省支出はフリードマン役割外
農林水産省,地方農政局,職員旅費,1,該当なし,0%,0,上記以外の農林水産省支出はフリードマン役割外
農林水産省,地方農政局,庁費,35,該当なし,0%,0,上記以外の農林水産省支出はフリードマン役割外
農林水産省,地方農政局,移転費,6,該当なし,0%,0,上記以外の農林水産省支出はフリードマン役割外
農林水産省,地方農政局,土地建物借料,1,該当なし,0%,0,上記以外の農林水産省支出はフリードマン役割外
農林水産省,地方農政局,各所修繕,1,該当なし,0%,0,上記以外の農林水産省支出はフリードマン役割外
農林水産省,地方農政局,公共施設等維持管理運営費,2,該当なし,0%,0,上記以外の農林水産省支出はフリードマン役割外
農林水産省,地方農政局施設費,施設施工庁費,1,該当なし,0%,0,上記以外の農林水産省支出はフリードマン役割外
農林水産省,地方農政局施設費,施設整備費,3,該当なし,0%,0,上記以外の農林水産省支出はフリードマン役割外
農林水産省,海岸事業工事諸費,職員基本給,2,該当なし,0%,0,上記以外の農林水産省支出はフリードマン役割外
農林水産省,海岸事業工事諸費,職員諸手当,1,該当なし,0%,0,上記以外の農林水産省支出はフリードマン役割外
農林水産省,海岸事業工事諸費,国家公務員共済組合負担金,1,該当なし,0%,0,上記以外の農林水産省支出はフリードマン役割外
農林水産省,農業農村整備事業工事諸費,職員基本給,87,該当なし,0%,0,上記以外の農林水産省支出はフリードマン役割外
農林水産省,農業農村整備事業工事諸費,職員諸手当,50,該当なし,0%,0,上記以外の農林水産省支出はフリードマン役割外
農林水産省,農業農村整備事業工事諸費,超過勤務手当,8,該当なし,0%,0,上記以外の農林水産省支出はフリードマン役割外
農林水産省,農業農村整備事業工事諸費,短時間勤務職員給与,5,該当なし,0%,0,上記以外の農林水産省支出はフリードマン役割外
農林水産省,農業農村整備事業工事諸費,児童手当,2,該当なし,0%,0,上記以外の農林水産省支出はフリードマン役割外
農林水産省,農業農村整備事業工事諸費,職員旅費,1,該当なし,0%,0,上記以外の農林水産省支出はフリードマン役割外
農林水産省,農業農村整備事業工事諸費,赴任旅費,1,該当なし,0%,0,上記以外の農林水産省支出はフリードマン役割外
農林水産省,農業農村整備事業工事諸費,車両費,2,該当なし,0%,0,上記以外の農林水産省支出はフリードマン役割外
農林水産省,農業農村整備事業工事諸費,工事雑費,24,該当なし,0%,0,上記以外の農林水産省支出はフリードマン役割外
農林水産省,農業農村整備事業工事諸費,国家公務員共済組合負担金,29,該当なし,0%,0,上記以外の農林水産省支出はフリードマン役割外
農林水産省,北海道農政事務所,職員基本給,19,該当なし,0%,0,上記以外の農林水産省支出はフリードマン役割外
農林水産省,北海道農政事務所,職員諸手当,11,該当なし,0%,0,上記以外の農林水産省支出はフリードマン役割外
農林水産省,北海道農政事務所,超過勤務手当,1,該当なし,0%,0,上記以外の農林水産省支出はフリードマン役割外
農林水産省,北海道農政事務所,短時間勤務職員給与,2,該当なし,0%,0,上記以外の農林水産省支出はフリードマン役割外
農林水産省,北海道農政事務所,庁費,3,該当なし,0%,0,上記以外の農林水産省支出はフリードマン役割外
農林水産省,北海道農政事務所,移転費,2,該当なし,0%,0,上記以外の農林水産省支出はフリードマン役割外
農林水産省,北海道農政事務所,土地建物借料,1,該当なし,0%,0,上記以外の農林水産省支出はフリードマン役割外
農林水産省,林野庁共通費,職員基本給,132,該当なし,0%,0,上記以外の農林水産省支出はフリードマン役割外
農林水産省,林野庁共通費,職員諸手当,72,該当なし,0%,0,上記以外の農林水産省支出はフリードマン役割外
農林水産省,林野庁共通費,超過勤務手当,9,該当なし,0%,0,上記以外の農林水産省支出はフリードマン役割外
農林水産省,林野庁共通費,非常勤職員手当,1,該当なし,0%,0,上記以外の農林水産省支出はフリードマン役割外
農林水産省,林野庁共通費,短時間勤務職員給与,11,該当なし,0%,0,上記以外の農林水産省支出はフリードマン役割外
農林水産省,林野庁共通費,公務災害補償費,2,該当なし,0%,0,上記以外の農林水産省支出はフリードマン役割外
農林水産省,林野庁共通費,児童手当,2,該当なし,0%,0,上記以外の農林水産省支出はフリードマン役割外
農林水産省,林野庁共通費,職員旅費,1,該当なし,0%,0,上記以外の農林水産省支出はフリードマン役割外
農林水産省,林野庁共通費,庁費,10,該当なし,0%,0,上記以外の農林水産省支出はフリードマン役割外
農林水産省,林野庁共通費,土地建物借料,1,該当なし,0%,0,上記以外の農林水産省支出はフリードマン役割外
農林水産省,林野庁共通費,各所修繕,5,該当なし,0%,0,上記以外の農林水産省支出はフリードマン役割外
農林水産省,林野庁共通費,国家公務員共済組合負担金,37,該当なし,0%,0,上記以外の農林水産省支出はフリードマン役割外
農林水産省,林野庁共通費,基礎年金等国家公務員共済組合負担金,12,該当なし,0%,0,上記以外の農林水産省支出はフリードマン役割外
農林水産省,林野庁共通費,国有資産所在市町村交付金,51,該当なし,0%,0,上記以外の農林水産省支出はフリードマン役割外
農林水産省,林野庁施設費,施設施工庁費,1,該当なし,0%,0,上記以外の農林水産省支出はフリードマン役割外
農林水産省,林野庁施設費,施設整備費,9,該当なし,0%,0,上記以外の農林水産省支出はフリードマン役割外
農林水産省,国立研究開発法人森林研究・整備機構運営費,国立研究開発法人森林研究・整備機構研究・育種勘定運営費交付金,108,該当なし,0%,0,上記以外の農林水産省支出はフリードマン役割外
農林水産省,森林整備・保全費,国有林野森林整備・保全管理費,10,該当なし,0%,0,上記以外の農林水産省支出はフリードマン役割外
農林水産省,森林整備・保全費,官行造林費,1,該当なし,0%,0,上記以外の農林水産省支出はフリードマン役割外
農林水産省,森林整備・保全費,森林計画推進委託費,4,該当なし,0%,0,上記以外の農林水産省支出はフリードマン役割外
農林水産省,森林整備・保全費,森林整備・保全調査等委託費,1,該当なし,0%,0,上記以外の農林水産省支出はフリードマン役割外
農林水産省,森林整備・保全費,保安林整備事業委託費,4,該当なし,0%,0,上記以外の農林水産省支出はフリードマン役割外
農林水産省,森林整備・保全費,森林病害虫等防除事業委託費,2,該当なし,0%,0,上記以外の農林水産省支出はフリードマン役割外
農林水産省,森林整備・保全費,森林資源管理費補助金,1,該当なし,0%,0,上記以外の農林水産省支出はフリードマン役割外
農林水産省,森林整備・保全費,政府開発援助国際林業協力事業費補助金,1,該当なし,0%,0,上記以外の農林水産省支出はフリードマン役割外
農林水産省,森林整備・保全費,森林整備・保全費補助金,2,該当なし,0%,0,上記以外の農林水産省支出はフリードマン役割外
農林水産省,森林整備・保全費,森林病害虫等防除事業費補助金,4,該当なし,0%,0,上記以外の農林水産省支出はフリードマン役割外
農林水産省,森林整備・保全費,森林・山村多面的機能発揮対策交付金,9,該当なし,0%,0,上記以外の農林水産省支出はフリードマン役割外
農林水産省,森林整備・保全費,幹線林道事業移行円滑化対策交付金,1,該当なし,0%,0,上記以外の農林水産省支出はフリードマン役割外
農林水産省,森林整備・保全費,林業普及指導事業交付金,3,該当なし,0%,0,上記以外の農林水産省支出はフリードマン役割外
農林水産省,森林整備・保全費,保安林及保安施設地区補償金,1,該当なし,0%,0,上記以外の農林水産省支出はフリードマン役割外
農林水産省,国有林野産物等売払及管理処分業務費,職員基本給,10,該当なし,0%,0,上記以外の農林水産省支出はフリードマン役割外
農林水産省,国有林野産物等売払及管理処分業務費,職員諸手当,5,該当なし,0%,0,上記以外の農林水産省支出はフリードマン役割外
農林水産省,国有林野産物等売払及管理処分業務費,超過勤務手当,1,該当なし,0%,0,上記以外の農林水産省支出はフリードマン役割外
農林水産省,国有林野産物等売払及管理処分業務費,公務災害補償費,4,該当なし,0%,0,上記以外の農林水産省支出はフリードマン役割外
農林水産省,国有林野産物等売払及管理処分業務費,国有林野事業業務旅費,3,該当なし,0%,0,上記以外の農林水産省支出はフリードマン役割外
農林水産省,国有林野産物等売払及管理処分業務費,国有林野事業業務庁費,90,該当なし,0%,0,上記以外の農林水産省支出はフリードマン役割外
農林水産省,国有林野産物等売払及管理処分業務費,各所修繕,2,該当なし,0%,0,上記以外の農林水産省支出はフリードマン役割外
農林水産省,国有林野産物等売払及管理処分業務費,国家公務員共済組合負担金,5,該当なし,0%,0,上記以外の農林水産省支出はフリードマン役割外
農林水産省,国有林野産物等売払及管理処分業務費,国有資産所在市町村交付金,9,該当なし,0%,0,上記以外の農林水産省支出はフリードマン役割外
農林水産省,治山事業費,治山事業費,116,該当なし,0%,0,上記以外の農林水産省支出はフリードマン役割外
農林水産省,治山事業費,国有林野内治山事業費,138,該当なし,0%,0,上記以外の農林水産省支出はフリードマン役割外
農林水産省,治山事業費,治山事業調査費,2,該当なし,0%,0,上記以外の農林水産省支出はフリードマン役割外
農林水産省,治山事業費,治山事業費補助,224,該当なし,0%,0,上記以外の農林水産省支出はフリードマン役割外
農林水産省,治山事業費,後進地域特例法適用団体補助率差額,25,該当なし,0%,0,上記以外の農林水産省支出はフリードマン役割外
農林水産省,森林整備事業費,森林環境保全整備事業費,625,該当なし,0%,0,上記以外の農林水産省支出はフリードマン役割外
農林水産省,森林整備事業費,森林整備事業調査費,4,該当なし,0%,0,上記以外の農林水産省支出はフリードマン役割外
農林水産省,森林整備事業費,森林環境保全整備事業費補助,239,該当なし,0%,0,上記以外の農林水産省支出はフリードマン役割外
農林水産省,森林整備事業費,水源林造成事業費補助,175,該当なし,0%,0,上記以外の農林水産省支出はフリードマン役割外
農林水産省,森林整備事業費,後進地域特例法適用団体補助率差額,3,該当なし,0%,0,上記以外の農林水産省支出はフリードマン役割外
農林水産省,森林整備事業費,美しい森林づくり基盤整備交付金,10,該当なし,0%,0,上記以外の農林水産省支出はフリードマン役割外
農林水産省,森林整備事業費,国立研究開発法人森林研究・整備機構出資金,81,該当なし,0%,0,上記以外の農林水産省支出はフリードマン役割外
農林水産省,借入金利子国有林野事業債務管理特別会計へ繰入,国有林野事業債務管理特別会計へ繰入,77,該当なし,0%,0,上記以外の農林水産省支出はフリードマン役割外
農林水産省,国有林野事業収入財源借入金債務処理費国有林野事業債務管理特別会計へ繰入,国有林野事業収入財源の国有林野事業債務管理特別会計へ繰入,270,該当なし,0%,0,上記以外の農林水産省支出はフリードマン役割外
農林水産省,林業振興対策費,林業振興調査等委託費,1,該当なし,0%,0,林業振興は産業政策。木材は市場財
農林水産省,林業振興対策費,林業振興事業費補助金,48,該当なし,0%,0,林業振興は産業政策。木材は市場財
農林水産省,林産物供給等振興対策費,林産物供給等振興調査等委託費,1,該当なし,0%,0,上記以外の農林水産省支出はフリードマン役割外
農林水産省,林産物供給等振興対策費,林産物供給等振興事業費補助金,16,該当なし,0%,0,上記以外の農林水産省支出はフリードマン役割外
農林水産省,林産物供給等振興対策費,林業信用保証事業交付金,1,該当なし,0%,0,上記以外の農林水産省支出はフリードマン役割外
農林水産省,森林整備・林業等振興対策費,森林整備・林業等振興整備交付金,60,該当なし,0%,0,林業振興は産業政策。木材は市場財
農林水産省,森林整備・林業等振興対策費,森林整備・林業等振興推進交付金,5,該当なし,0%,0,林業振興は産業政策。木材は市場財
農林水産省,治山事業工事諸費,職員基本給,22,該当なし,0%,0,上記以外の農林水産省支出はフリードマン役割外
農林水産省,治山事業工事諸費,職員諸手当,11,該当なし,0%,0,上記以外の農林水産省支出はフリードマン役割外
農林水産省,治山事業工事諸費,超過勤務手当,1,該当なし,0%,0,上記以外の農林水産省支出はフリードマン役割外
農林水産省,治山事業工事諸費,庁費,1,該当なし,0%,0,上記以外の農林水産省支出はフリードマン役割外
農林水産省,治山事業工事諸費,車両費,2,該当なし,0%,0,上記以外の農林水産省支出はフリードマン役割外
農林水産省,治山事業工事諸費,工事雑費,2,該当なし,0%,0,上記以外の農林水産省支出はフリードマン役割外
農林水産省,治山事業工事諸費,国家公務員共済組合負担金,8,該当なし,0%,0,上記以外の農林水産省支出はフリードマン役割外
農林水産省,森林整備事業工事諸費,職員基本給,28,該当なし,0%,0,上記以外の農林水産省支出はフリードマン役割外
農林水産省,森林整備事業工事諸費,職員諸手当,15,該当なし,0%,0,上記以外の農林水産省支出はフリードマン役割外
農林水産省,森林整備事業工事諸費,超過勤務手当,1,該当なし,0%,0,上記以外の農林水産省支出はフリードマン役割外
農林水産省,森林整備事業工事諸費,常勤職員給与,2,該当なし,0%,0,上記以外の農林水産省支出はフリードマン役割外
農林水産省,森林整備事業工事諸費,児童手当,1,該当なし,0%,0,上記以外の農林水産省支出はフリードマン役割外
農林水産省,森林整備事業工事諸費,庁費,2,該当なし,0%,0,上記以外の農林水産省支出はフリードマン役割外
農林水産省,森林整備事業工事諸費,情報処理業務庁費,1,該当なし,0%,0,上記以外の農林水産省支出はフリードマン役割外
農林水産省,森林整備事業工事諸費,車両費,5,該当なし,0%,0,上記以外の農林水産省支出はフリードマン役割外
農林水産省,森林整備事業工事諸費,工事雑費,3,該当なし,0%,0,上記以外の農林水産省支出はフリードマン役割外
農林水産省,森林整備事業工事諸費,国家公務員共済組合負担金,13,該当なし,0%,0,上記以外の農林水産省支出はフリードマン役割外
農林水産省,山林施設災害復旧事業費,林業用施設等災害復旧費,20,該当なし,0%,0,上記以外の農林水産省支出はフリードマン役割外
農林水産省,山林施設災害復旧事業費,林業用施設等災害復旧事業費補助,27,該当なし,0%,0,上記以外の農林水産省支出はフリードマン役割外
農林水産省,山林施設災害関連事業費,林業用施設等災害関連事業費,24,該当なし,0%,0,上記以外の農林水産省支出はフリードマン役割外
農林水産省,山林施設災害関連事業費,林業用施設等災害関連事業費補助,18,該当なし,0%,0,上記以外の農林水産省支出はフリードマン役割外
農林水産省,山林施設災害関連事業費,後進地域特例法適用団体補助率差額,4,該当なし,0%,0,上記以外の農林水産省支出はフリードマン役割外
農林水産省,水産庁共通費,職員基本給,50,該当なし,0%,0,水産振興は産業政策。漁業権の私有化・市場化で対応可能
農林水産省,水産庁共通費,職員諸手当,27,該当なし,0%,0,水産振興は産業政策。漁業権の私有化・市場化で対応可能
農林水産省,水産庁共通費,超過勤務手当,9,該当なし,0%,0,水産振興は産業政策。漁業権の私有化・市場化で対応可能
農林水産省,水産庁共通費,短時間勤務職員給与,2,該当なし,0%,0,水産振興は産業政策。漁業権の私有化・市場化で対応可能
農林水産省,水産庁共通費,児童手当,1,該当なし,0%,0,水産振興は産業政策。漁業権の私有化・市場化で対応可能
農林水産省,水産庁共通費,職員旅費,1,該当なし,0%,0,水産振興は産業政策。漁業権の私有化・市場化で対応可能
農林水産省,水産庁共通費,庁費,2,該当なし,0%,0,水産振興は産業政策。漁業権の私有化・市場化で対応可能
農林水産省,国立研究開発法人水産研究・教育機構運営費,国立研究開発法人水産研究・教育機構研究・教育勘定運営費交付金,160,該当なし,0%,0,水産振興は産業政策。漁業権の私有化・市場化で対応可能
農林水産省,国立研究開発法人水産研究・教育機構運営費,国立研究開発法人水産研究・教育機構海洋水産資源開発勘定運営費交付金,21,該当なし,0%,0,水産振興は産業政策。漁業権の私有化・市場化で対応可能
農林水産省,国立研究開発法人水産研究・教育機構船舶建造費,国立研究開発法人水産研究・教育機構船舶建造費補助金,24,該当なし,0%,0,水産振興は産業政策。漁業権の私有化・市場化で対応可能
農林水産省,国際戦略対策費,政府開発援助国際戦略対策事業費補助金,6,該当なし,0%,0,上記以外の農林水産省支出はフリードマン役割外
農林水産省,水産資源管理対策費,非常勤職員手当,2,該当なし,0%,0,水産振興は産業政策。漁業権の私有化・市場化で対応可能
農林水産省,水産資源管理対策費,船員食料手当,1,該当なし,0%,0,水産振興は産業政策。漁業権の私有化・市場化で対応可能
農林水産省,水産資源管理対策費,職員旅費,1,該当なし,0%,0,水産振興は産業政策。漁業権の私有化・市場化で対応可能
農林水産省,水産資源管理対策費,乗船監督旅費,1,該当なし,0%,0,水産振興は産業政策。漁業権の私有化・市場化で対応可能
農林水産省,水産資源管理対策費,庁費,3,該当なし,0%,0,水産振興は産業政策。漁業権の私有化・市場化で対応可能
農林水産省,水産資源管理対策費,船舶運航費,45,該当なし,0%,0,水産振興は産業政策。漁業権の私有化・市場化で対応可能
農林水産省,水産資源管理対策費,船舶借料,99,該当なし,0%,0,水産振興は産業政策。漁業権の私有化・市場化で対応可能
農林水産省,水産資源管理対策費,航空機借料,7,該当なし,0%,0,水産振興は産業政策。漁業権の私有化・市場化で対応可能
農林水産省,水産資源管理対策費,水産資源管理対策調査等委託費,3,該当なし,0%,0,水産振興は産業政策。漁業権の私有化・市場化で対応可能
農林水産省,水産資源管理対策費,漁業資源調査等委託費,56,該当なし,0%,0,水産振興は産業政策。漁業権の私有化・市場化で対応可能
農林水産省,水産資源管理対策費,さけ・ます漁業協力事業費補助金,1,該当なし,0%,0,水産振興は産業政策。漁業権の私有化・市場化で対応可能
農林水産省,水産資源管理対策費,水産資源管理対策事業費補助金,7,該当なし,0%,0,水産振興は産業政策。漁業権の私有化・市場化で対応可能
農林水産省,水産資源管理対策費,海洋水産資源開発費補助金,33,該当なし,0%,0,水産振興は産業政策。漁業権の私有化・市場化で対応可能
農林水産省,水産資源管理対策費,漁業調整委員会等交付金,2,該当なし,0%,0,水産振興は産業政策。漁業権の私有化・市場化で対応可能
農林水産省,船舶建造費,船舶建造費,2,該当なし,0%,0,上記以外の農林水産省支出はフリードマン役割外
農林水産省,水産業振興対策費,先端技術活用水産業推進事業委託費,11,該当なし,0%,0,水産振興は産業政策。漁業権の私有化・市場化で対応可能
農林水産省,水産業振興対策費,水産業振興対策事業費補助金,212,該当なし,0%,0,水産振興は産業政策。漁業権の私有化・市場化で対応可能
農林水産省,水産業振興対策費,漁業経営維持安定資金利子補給等補助金,4,該当なし,0%,0,水産振興は産業政策。漁業権の私有化・市場化で対応可能
農林水産省,水産業振興対策費,漁業共済事業実施費補助金,2,該当なし,0%,0,水産振興は産業政策。漁業権の私有化・市場化で対応可能
農林水産省,水産業振興対策費,漁業信用保険事業交付金,2,該当なし,0%,0,水産振興は産業政策。漁業権の私有化・市場化で対応可能
農林水産省,水産業振興対策費,漁業共済再共済金支払資金借入金利子交付金,1,該当なし,0%,0,水産振興は産業政策。漁業権の私有化・市場化で対応可能
農林水産省,水産業振興対策費,水産業改良普及事業交付金,1,該当なし,0%,0,水産振興は産業政策。漁業権の私有化・市場化で対応可能
農林水産省,保険料国庫負担金等食料安定供給特別会計へ繰入,食料安定供給特別会計へ繰入,187,該当なし,0%,0,上記以外の農林水産省支出はフリードマン役割外
農林水産省,漁村活性化対策費,漁村活性化対策調査等委託費,4,該当なし,0%,0,上記以外の農林水産省支出はフリードマン役割外
農林水産省,漁村活性化対策費,漁村活性化対策事業費補助金,14,該当なし,0%,0,上記以外の農林水産省支出はフリードマン役割外
農林水産省,漁村活性化対策費,漁村活性化対策整備費補助金,1,該当なし,0%,0,上記以外の農林水産省支出はフリードマン役割外
農林水産省,漁村活性化対策費,水産多面的機能発揮対策交付金,13,該当なし,0%,0,上記以外の農林水産省支出はフリードマン役割外
農林水産省,漁村活性化対策費,離島漁業再生支援等交付金,11,該当なし,0%,0,上記以外の農林水産省支出はフリードマン役割外
農林水産省,海岸事業費,海岸保全施設整備事業費補助,28,該当なし,0%,0,上記以外の農林水産省支出はフリードマン役割外
農林水産省,海岸事業費,後進地域特例法適用団体補助率差額,2,該当なし,0%,0,上記以外の農林水産省支出はフリードマン役割外
農林水産省,水産業強化対策費,水産業強化対策整備交付金,16,該当なし,0%,0,水産振興は産業政策。漁業権の私有化・市場化で対応可能
農林水産省,水産業強化対策費,水産業強化対策推進交付金,1,該当なし,0%,0,水産振興は産業政策。漁業権の私有化・市場化で対応可能
農林水産省,水産基盤整備費,特定漁港漁場整備費,15,該当なし,0%,0,水産振興は産業政策。漁業権の私有化・市場化で対応可能
農林水産省,水産基盤整備費,水産基盤整備調査費,4,該当なし,0%,0,水産振興は産業政策。漁業権の私有化・市場化で対応可能
農林水産省,水産基盤整備費,水産物供給基盤整備事業費補助,198,該当なし,0%,0,水産振興は産業政策。漁業権の私有化・市場化で対応可能
農林水産省,水産基盤整備費,水産資源環境整備事業費補助,113,該当なし,0%,0,水産振興は産業政策。漁業権の私有化・市場化で対応可能
農林水産省,水産基盤整備費,漁村総合整備事業費補助,6,該当なし,0%,0,水産振興は産業政策。漁業権の私有化・市場化で対応可能
農林水産省,水産基盤整備費,水産基盤整備調査費補助,1,該当なし,0%,0,水産振興は産業政策。漁業権の私有化・市場化で対応可能
農林水産省,水産基盤整備費,後進地域特例法適用団体等補助率差額,20,該当なし,0%,0,水産振興は産業政策。漁業権の私有化・市場化で対応可能
農林水産省,漁港施設災害復旧事業費,漁港災害復旧費,1,該当なし,0%,0,上記以外の農林水産省支出はフリードマン役割外
農林水産省,漁港施設災害復旧事業費,漁港施設災害復旧事業費補助,9,該当なし,0%,0,上記以外の農林水産省支出はフリードマン役割外
農林水産省,漁港施設災害関連事業費,漁港施設災害関連事業費補助,1,該当なし,0%,0,上記以外の農林水産省支出はフリードマン役割外
経済産業省,経済産業本省共通費,職員基本給,143,該当なし,0%,0,上記以外の経済産業省支出はフリードマン役割外
経済産業省,経済産業本省共通費,職員諸手当,80,該当なし,0%,0,上記以外の経済産業省支出はフリードマン役割外
経済産業省,経済産業本省共通費,超過勤務手当,30,該当なし,0%,0,上記以外の経済産業省支出はフリードマン役割外
経済産業省,経済産業本省共通費,委員手当,1,該当なし,0%,0,上記以外の経済産業省支出はフリードマン役割外
経済産業省,経済産業本省共通費,非常勤職員手当,12,該当なし,0%,0,上記以外の経済産業省支出はフリードマン役割外
経済産業省,経済産業本省共通費,休職者給与,2,該当なし,0%,0,上記以外の経済産業省支出はフリードマン役割外
経済産業省,経済産業本省共通費,国際機関等派遣職員給与,5,該当なし,0%,0,上記以外の経済産業省支出はフリードマン役割外
経済産業省,経済産業本省共通費,短時間勤務職員給与,3,該当なし,0%,0,上記以外の経済産業省支出はフリードマン役割外
経済産業省,経済産業本省共通費,公務災害補償費,1,該当なし,0%,0,上記以外の経済産業省支出はフリードマン役割外
経済産業省,経済産業本省共通費,退職手当,49,該当なし,0%,0,上記以外の経済産業省支出はフリードマン役割外
経済産業省,経済産業本省共通費,児童手当,2,該当なし,0%,0,上記以外の経済産業省支出はフリードマン役割外
経済産業省,経済産業本省共通費,諸謝金,1,該当なし,0%,0,上記以外の経済産業省支出はフリードマン役割外
経済産業省,経済産業本省共通費,職員旅費,18,該当なし,0%,0,上記以外の経済産業省支出はフリードマン役割外
経済産業省,経済産業本省共通費,外国留学旅費,2,該当なし,0%,0,上記以外の経済産業省支出はフリードマン役割外
経済産業省,経済産業本省共通費,赴任旅費,1,該当なし,0%,0,上記以外の経済産業省支出はフリードマン役割外
経済産業省,経済産業本省共通費,委員等旅費,1,該当なし,0%,0,上記以外の経済産業省支出はフリードマン役割外
経済産業省,経済産業本省共通費,在外研究員旅費,1,該当なし,0%,0,上記以外の経済産業省支出はフリードマン役割外
経済産業省,経済産業本省共通費,庁費,44,該当なし,0%,0,上記以外の経済産業省支出はフリードマン役割外
経済産業省,経済産業本省共通費,情報処理業務庁費,2,該当なし,0%,0,上記以外の経済産業省支出はフリードマン役割外
経済産業省,経済産業本省共通費,各所修繕,1,該当なし,0%,0,上記以外の経済産業省支出はフリードマン役割外
経済産業省,経済産業本省共通費,産業経済研究委託費,10,該当なし,0%,0,上記以外の経済産業省支出はフリードマン役割外
経済産業省,経済産業本省共通費,電力取引監視等業務委託費,1,該当なし,0%,0,上記以外の経済産業省支出はフリードマン役割外
経済産業省,経済産業本省共通費,国家公務員共済組合負担金,79,該当なし,0%,0,上記以外の経済産業省支出はフリードマン役割外
経済産業省,経済産業本省共通費,基礎年金等国家公務員共済組合負担金,32,該当なし,0%,0,上記以外の経済産業省支出はフリードマン役割外
経済産業省,経済産業本省共通費,育児休業手当金等国家公務員共済組合負担金,1,該当なし,0%,0,上記以外の経済産業省支出はフリードマン役割外
経済産業省,経済産業本省共通費,賠償償還及払戻金,1,該当なし,0%,0,上記以外の経済産業省支出はフリードマン役割外
経済産業省,経済産業本省施設費,施設施工庁費,1,該当なし,0%,0,上記以外の経済産業省支出はフリードマン役割外
経済産業省,経済産業本省施設費,施設整備費,22,該当なし,0%,0,上記以外の経済産業省支出はフリードマン役割外
経済産業省,経済構造改革推進費,中小企業経済構造改革推進業務庁費,9,該当なし,0%,0,上記以外の経済産業省支出はフリードマン役割外
経済産業省,経済構造改革推進費,経済構造改革推進業務庁費,6,該当なし,0%,0,上記以外の経済産業省支出はフリードマン役割外
経済産業省,経済構造改革推進費,株式会社日本政策金融公庫補助金,1,該当なし,0%,0,上記以外の経済産業省支出はフリードマン役割外
経済産業省,地域経済政策推進費,中小企業地域経済政策推進事業委託費,1,該当なし,0%,0,上記以外の経済産業省支出はフリードマン役割外
経済産業省,地域経済政策推進費,中小企業地域経済政策推進事業費補助金,6,該当なし,0%,0,上記以外の経済産業省支出はフリードマン役割外
経済産業省,工業用水道事業費,工業用水道事業費補助,20,該当なし,0%,0,上記以外の経済産業省支出はフリードマン役割外
経済産業省,独立行政法人経済産業研究所運営費,独立行政法人経済産業研究所運営費交付金,25,該当なし,0%,0,上記以外の経済産業省支出はフリードマン役割外
経済産業省,対外経済政策推進費,非常勤職員手当,3,該当なし,0%,0,上記以外の経済産業省支出はフリードマン役割外
経済産業省,対外経済政策推進費,諸謝金,5,該当なし,0%,0,上記以外の経済産業省支出はフリードマン役割外
経済産業省,対外経済政策推進費,庁費,3,該当なし,0%,0,上記以外の経済産業省支出はフリードマン役割外
経済産業省,対外経済政策推進費,情報処理業務庁費,1,該当なし,0%,0,上記以外の経済産業省支出はフリードマン役割外
経済産業省,対外経済政策推進費,航空機借料,1,該当なし,0%,0,上記以外の経済産業省支出はフリードマン役割外
経済産業省,対外経済政策推進費,中小企業対外経済政策推進事業委託費,20,該当なし,0%,0,上記以外の経済産業省支出はフリードマン役割外
経済産業省,対外経済政策推進費,政府開発援助経済協力対外経済政策推進事業委託費,24,該当なし,0%,0,上記以外の経済産業省支出はフリードマン役割外
経済産業省,対外経済政策推進費,中小企業対外経済政策推進事業費補助金,39,該当なし,0%,0,上記以外の経済産業省支出はフリードマン役割外
経済産業省,対外経済政策推進費,政府開発援助経済協力対外経済政策推進事業費補助金,12,該当なし,0%,0,上記以外の経済産業省支出はフリードマン役割外
経済産業省,対外経済政策推進費,政府開発援助株式会社日本貿易保険交付金,10,該当なし,0%,0,上記以外の経済産業省支出はフリードマン役割外
経済産業省,対外経済政策推進費,モントリオール議定書多数国間基金事務局等分担金,10,該当なし,0%,0,上記以外の経済産業省支出はフリードマン役割外
経済産業省,対外経済政策推進費,国際電気標準会議等分担金,3,該当なし,0%,0,上記以外の経済産業省支出はフリードマン役割外
経済産業省,対外経済政策推進費,経済協力開発機構等拠出金,4,該当なし,0%,0,上記以外の経済産業省支出はフリードマン役割外
経済産業省,対外経済政策推進費,政府開発援助国際連合工業開発機関等拠出金,5,該当なし,0%,0,上記以外の経済産業省支出はフリードマン役割外
経済産業省,対外経済政策推進費,東アジア・アセアン経済研究センター等拠出金,11,該当なし,0%,0,上記以外の経済産業省支出はフリードマン役割外
経済産業省,対外経済政策推進費,国際電気標準会議等拠出金,1,該当なし,0%,0,上記以外の経済産業省支出はフリードマン役割外
経済産業省,独立行政法人日本貿易振興機構運営費,政府開発援助独立行政法人日本貿易振興機構運営費交付金,58,該当なし,0%,0,貿易振興は産業政策。フリードマンは自由貿易を主張し補助は批判
経済産業省,独立行政法人日本貿易振興機構運営費,独立行政法人日本貿易振興機構運営費交付金,208,該当なし,0%,0,貿易振興は産業政策。フリードマンは自由貿易を主張し補助は批判
経済産業省,産業技術・環境・産業標準政策推進費,産業技術・環境・産業標準政策推進研究開発等業務庁費,3,該当なし,0%,0,産業技術振興は民間R&D補助。外部効果があるとしても選定が困難
経済産業省,産業技術・環境・産業標準政策推進費,中小企業産業技術・環境・産業標準政策推進業務庁費,2,該当なし,0%,0,産業技術振興は民間R&D補助。外部効果があるとしても選定が困難
経済産業省,産業技術・環境・産業標準政策推進費,産業技術・環境・産業標準政策推進研究開発等委託費,30,該当なし,0%,0,産業技術振興は民間R&D補助。外部効果があるとしても選定が困難
経済産業省,産業技術・環境・産業標準政策推進費,中小企業産業技術・環境・産業標準政策推進事業委託費,5,該当なし,0%,0,産業技術振興は民間R&D補助。外部効果があるとしても選定が困難
経済産業省,産業技術・環境・産業標準政策推進費,新産業創出等研究開発推進事業費補助金,7,該当なし,0%,0,産業技術振興は民間R&D補助。外部効果があるとしても選定が困難
経済産業省,産業技術・環境・産業標準政策推進費,産業技術・環境・産業標準政策推進研究開発等事業費補助金,5,該当なし,0%,0,産業技術振興は民間R&D補助。外部効果があるとしても選定が困難
経済産業省,国立研究開発法人産業技術総合研究所運営費,国立研究開発法人産業技術総合研究所運営費交付金,674,該当なし,0%,0,産業技術振興は民間R&D補助。外部効果があるとしても選定が困難
経済産業省,国立研究開発法人新エネルギー・産業技術総合開発機構運営費,国立研究開発法人新エネルギー・産業技術総合開発機構一般勘定運営費交付金,100,該当なし,0%,0,産業技術振興は民間R&D補助。外部効果があるとしても選定が困難
経済産業省,独立行政法人製品評価技術基盤機構運営費,独立行政法人製品評価技術基盤機構運営費交付金,84,該当なし,0%,0,上記以外の経済産業省支出はフリードマン役割外
経済産業省,情報処理・サービス・製造産業振興費,中小企業情報処理・サービス・製造産業振興非常勤職員手当,1,該当なし,0%,0,上記以外の経済産業省支出はフリードマン役割外
経済産業省,情報処理・サービス・製造産業振興費,中小企業情報処理・サービス・製造産業振興業務職員旅費,1,該当なし,0%,0,上記以外の経済産業省支出はフリードマン役割外
経済産業省,情報処理・サービス・製造産業振興費,成果重視事業電子経済産業省構築事業庁費,27,該当なし,0%,0,上記以外の経済産業省支出はフリードマン役割外
経済産業省,情報処理・サービス・製造産業振興費,中小企業情報処理・サービス・製造産業振興業務庁費,4,該当なし,0%,0,上記以外の経済産業省支出はフリードマン役割外
経済産業省,情報処理・サービス・製造産業振興費,成果重視事業電子経済産業省構築事業開発委託費,1,該当なし,0%,0,上記以外の経済産業省支出はフリードマン役割外
経済産業省,情報処理・サービス・製造産業振興費,情報処理・サービス・製造産業振興研究開発等事業委託費,29,該当なし,0%,0,上記以外の経済産業省支出はフリードマン役割外
経済産業省,情報処理・サービス・製造産業振興費,中小企業情報処理・サービス・製造産業振興事業委託費,41,該当なし,0%,0,上記以外の経済産業省支出はフリードマン役割外
経済産業省,情報処理・サービス・製造産業振興費,情報処理・サービス・製造産業振興事業委託費,3,該当なし,0%,0,上記以外の経済産業省支出はフリードマン役割外
経済産業省,情報処理・サービス・製造産業振興費,情報処理・サービス・製造産業振興研究開発等事業費補助金,152,該当なし,0%,0,上記以外の経済産業省支出はフリードマン役割外
経済産業省,情報処理・サービス・製造産業振興費,情報処理・サービス・製造産業振興事業費補助金,186,該当なし,0%,0,上記以外の経済産業省支出はフリードマン役割外
経済産業省,情報処理・サービス・製造産業振興費,中小企業情報処理・サービス・製造産業振興事業費補助金,37,該当なし,0%,0,上記以外の経済産業省支出はフリードマン役割外
経済産業省,情報処理・サービス・製造産業振興費,革新的研究開発推進基金補助金,1,該当なし,0%,0,上記以外の経済産業省支出はフリードマン役割外
経済産業省,独立行政法人エネルギー・金属鉱物資源機構運営費,独立行政法人エネルギー・金属鉱物資源機構投融資等・金属鉱産物備蓄勘定運営費交付金,1,該当なし,0%,0,上記以外の経済産業省支出はフリードマン役割外
経済産業省,独立行政法人エネルギー・金属鉱物資源機構運営費,独立行政法人エネルギー・金属鉱物資源機構金属鉱業一般勘定運営費交付金,43,該当なし,0%,0,上記以外の経済産業省支出はフリードマン役割外
経済産業省,独立行政法人情報処理推進機構運営費,独立行政法人情報処理推進機構一般勘定運営費交付金,129,該当なし,0%,0,上記以外の経済産業省支出はフリードマン役割外
経済産業省,産業保安確保費,中小企業産業保安確保非常勤職員手当,1,該当なし,0%,0,上記以外の経済産業省支出はフリードマン役割外
経済産業省,産業保安確保費,庁費,1,該当なし,0%,0,上記以外の経済産業省支出はフリードマン役割外
経済産業省,産業保安確保費,中小企業産業保安確保事業委託費,11,該当なし,0%,0,上記以外の経済産業省支出はフリードマン役割外
経済産業省,産業保安確保費,中小企業産業保安確保事業費補助金,1,該当なし,0%,0,上記以外の経済産業省支出はフリードマン役割外
経済産業省,産業保安確保費,休廃止鉱山鉱害防止等工事費補助金,22,該当なし,0%,0,上記以外の経済産業省支出はフリードマン役割外
経済産業省,産業保安確保費,賠償償還及払戻金,3,該当なし,0%,0,上記以外の経済産業省支出はフリードマン役割外
経済産業省,経済産業局,職員基本給,77,該当なし,0%,0,上記以外の経済産業省支出はフリードマン役割外
経済産業省,経済産業局,職員諸手当,39,該当なし,0%,0,上記以外の経済産業省支出はフリードマン役割外
経済産業省,経済産業局,超過勤務手当,7,該当なし,0%,0,上記以外の経済産業省支出はフリードマン役割外
経済産業省,経済産業局,非常勤職員手当,6,該当なし,0%,0,上記以外の経済産業省支出はフリードマン役割外
経済産業省,経済産業局,短時間勤務職員給与,4,該当なし,0%,0,上記以外の経済産業省支出はフリードマン役割外
経済産業省,経済産業局,児童手当,1,該当なし,0%,0,上記以外の経済産業省支出はフリードマン役割外
経済産業省,経済産業局,職員旅費,2,該当なし,0%,0,上記以外の経済産業省支出はフリードマン役割外
経済産業省,経済産業局,庁費,17,該当なし,0%,0,上記以外の経済産業省支出はフリードマン役割外
経済産業省,経済産業局,移転費,1,該当なし,0%,0,上記以外の経済産業省支出はフリードマン役割外
経済産業省,経済産業局,公共施設等維持管理運営費,1,該当なし,0%,0,上記以外の経済産業省支出はフリードマン役割外
経済産業省,経済産業局施設費,施設整備費,1,該当なし,0%,0,上記以外の経済産業省支出はフリードマン役割外
経済産業省,産業保安監督官署,職員基本給,15,該当なし,0%,0,上記以外の経済産業省支出はフリードマン役割外
経済産業省,産業保安監督官署,職員諸手当,7,該当なし,0%,0,上記以外の経済産業省支出はフリードマン役割外
経済産業省,産業保安監督官署,超過勤務手当,1,該当なし,0%,0,上記以外の経済産業省支出はフリードマン役割外
経済産業省,産業保安監督官署,短時間勤務職員給与,1,該当なし,0%,0,上記以外の経済産業省支出はフリードマン役割外
経済産業省,産業保安監督官署,庁費,3,該当なし,0%,0,上記以外の経済産業省支出はフリードマン役割外
経済産業省,資源エネルギー庁共通費,職員基本給,20,該当なし,0%,0,エネルギー政策は市場歪曲。価格シグナルに任せるべきとフリードマン
経済産業省,資源エネルギー庁共通費,職員諸手当,11,該当なし,0%,0,エネルギー政策は市場歪曲。価格シグナルに任せるべきとフリードマン
経済産業省,資源エネルギー庁共通費,超過勤務手当,8,該当なし,0%,0,エネルギー政策は市場歪曲。価格シグナルに任せるべきとフリードマン
経済産業省,資源エネルギー庁共通費,職員旅費,1,該当なし,0%,0,エネルギー政策は市場歪曲。価格シグナルに任せるべきとフリードマン
経済産業省,資源エネルギー庁共通費,庁費,4,該当なし,0%,0,エネルギー政策は市場歪曲。価格シグナルに任せるべきとフリードマン
経済産業省,石油石炭税財源燃料安定供給対策及エネルギー需給構造高度化対策費エネルギー対策特別会計へ繰入,石油石炭税財源のエネルギー対策特別会計へ繰入,2708,該当なし,0%,0,上記以外の経済産業省支出はフリードマン役割外
経済産業省,電源開発促進税財源電源立地対策及電源利用対策費エネルギー対策特別会計へ繰入,電源開発促進税財源のエネルギー対策特別会計へ繰入,1517,該当なし,0%,0,上記以外の経済産業省支出はフリードマン役割外
経済産業省,原子力損害賠償支援対策費エネルギー対策特別会計へ繰入,エネルギー対策特別会計へ繰入,715,該当なし,0%,0,上記以外の経済産業省支出はフリードマン役割外
経済産業省,中小企業庁共通費,職員基本給,11,該当なし,0%,0,中小企業支援は産業政策。市場競争力がなければ退出すべきとフリードマン
経済産業省,中小企業庁共通費,職員諸手当,6,該当なし,0%,0,中小企業支援は産業政策。市場競争力がなければ退出すべきとフリードマン
経済産業省,中小企業庁共通費,超過勤務手当,3,該当なし,0%,0,中小企業支援は産業政策。市場競争力がなければ退出すべきとフリードマン
経済産業省,中小企業庁共通費,庁費,1,該当なし,0%,0,中小企業支援は産業政策。市場競争力がなければ退出すべきとフリードマン
経済産業省,中小企業政策推進費,非常勤職員手当,18,該当なし,0%,0,中小企業支援は産業政策。市場競争力がなければ退出すべきとフリードマン
経済産業省,中小企業政策推進費,職員旅費,1,該当なし,0%,0,中小企業支援は産業政策。市場競争力がなければ退出すべきとフリードマン
経済産業省,中小企業政策推進費,委員等旅費,1,該当なし,0%,0,中小企業支援は産業政策。市場競争力がなければ退出すべきとフリードマン
経済産業省,中小企業政策推進費,中小企業政策推進業務庁費,6,該当なし,0%,0,中小企業支援は産業政策。市場競争力がなければ退出すべきとフリードマン
経済産業省,中小企業政策推進費,中小企業政策推進事業委託費,223,該当なし,0%,0,中小企業支援は産業政策。市場競争力がなければ退出すべきとフリードマン
経済産業省,中小企業政策推進費,株式会社日本政策金融公庫補助金,1,該当なし,0%,0,中小企業支援は産業政策。市場競争力がなければ退出すべきとフリードマン
経済産業省,中小企業政策推進費,中小企業政策推進事業費補助金,230,該当なし,0%,0,中小企業支援は産業政策。市場競争力がなければ退出すべきとフリードマン
経済産業省,中小企業政策推進費,株式会社日本政策金融公庫補給金,195,該当なし,0%,0,中小企業支援は産業政策。市場競争力がなければ退出すべきとフリードマン
経済産業省,独立行政法人中小企業基盤整備機構運営費,独立行政法人中小企業基盤整備機構一般勘定運営費交付金,175,該当なし,0%,0,中小企業支援は産業政策。市場競争力がなければ退出すべきとフリードマン
経済産業省,独立行政法人中小企業基盤整備機構運営費,独立行政法人中小企業基盤整備機構中小企業倒産防止共済勘定運営費交付金,13,該当なし,0%,0,中小企業支援は産業政策。市場競争力がなければ退出すべきとフリードマン
経済産業省,独立行政法人中小企業基盤整備機構出資,独立行政法人中小企業基盤整備機構出資金,6,該当なし,0%,0,中小企業支援は産業政策。市場競争力がなければ退出すべきとフリードマン
国土交通省,国土交通本省共通費,職員基本給,247,一部⑨,50%,123,上記以外の国交省支出は道路・河川等で外部効果を持つ部分が混在
国土交通省,国土交通本省共通費,職員諸手当,145,一部⑨,50%,72,上記以外の国交省支出は道路・河川等で外部効果を持つ部分が混在
国土交通省,国土交通本省共通費,超過勤務手当,51,一部⑨,50%,25,上記以外の国交省支出は道路・河川等で外部効果を持つ部分が混在
国土交通省,国土交通本省共通費,委員手当,1,一部⑨,50%,0,上記以外の国交省支出は道路・河川等で外部効果を持つ部分が混在
国土交通省,国土交通本省共通費,非常勤職員手当,2,一部⑨,50%,1,上記以外の国交省支出は道路・河川等で外部効果を持つ部分が混在
国土交通省,国土交通本省共通費,休職者給与,7,一部⑨,50%,3,上記以外の国交省支出は道路・河川等で外部効果を持つ部分が混在
国土交通省,国土交通本省共通費,国際機関等派遣職員給与,5,一部⑨,50%,2,上記以外の国交省支出は道路・河川等で外部効果を持つ部分が混在
国土交通省,国土交通本省共通費,短時間勤務職員給与,1,一部⑨,50%,0,上記以外の国交省支出は道路・河川等で外部効果を持つ部分が混在
国土交通省,国土交通本省共通費,公務災害補償費,3,一部⑨,50%,1,上記以外の国交省支出は道路・河川等で外部効果を持つ部分が混在
国土交通省,国土交通本省共通費,退職手当,236,一部⑨,50%,118,上記以外の国交省支出は道路・河川等で外部効果を持つ部分が混在
国土交通省,国土交通本省共通費,児童手当,4,一部⑨,50%,2,上記以外の国交省支出は道路・河川等で外部効果を持つ部分が混在
国土交通省,国土交通本省共通費,職員旅費,8,一部⑨,50%,4,上記以外の国交省支出は道路・河川等で外部効果を持つ部分が混在
国土交通省,国土交通本省共通費,災害検査旅費,1,一部⑨,50%,0,上記以外の国交省支出は道路・河川等で外部効果を持つ部分が混在
国土交通省,国土交通本省共通費,赴任旅費,6,一部⑨,50%,3,上記以外の国交省支出は道路・河川等で外部効果を持つ部分が混在
国土交通省,国土交通本省共通費,外国留学旅費,1,一部⑨,50%,0,上記以外の国交省支出は道路・河川等で外部効果を持つ部分が混在
国土交通省,国土交通本省共通費,庁費,43,一部⑨,50%,21,上記以外の国交省支出は道路・河川等で外部効果を持つ部分が混在
国土交通省,国土交通本省共通費,各所修繕,1,一部⑨,50%,0,上記以外の国交省支出は道路・河川等で外部効果を持つ部分が混在
国土交通省,国土交通本省共通費,民間資金等活用事業運営費,2,一部⑨,50%,1,上記以外の国交省支出は道路・河川等で外部効果を持つ部分が混在
国土交通省,国土交通本省共通費,国家公務員共済組合負担金,446,一部⑨,50%,223,上記以外の国交省支出は道路・河川等で外部効果を持つ部分が混在
国土交通省,国土交通本省共通費,基礎年金等国家公務員共済組合負担金,113,一部⑨,50%,56,上記以外の国交省支出は道路・河川等で外部効果を持つ部分が混在
国土交通省,国土交通本省共通費,育児休業手当金等国家公務員共済組合負担金,2,一部⑨,50%,1,上記以外の国交省支出は道路・河川等で外部効果を持つ部分が混在
国土交通省,国土交通本省共通費,賠償償還及払戻金,1,一部⑨,50%,0,上記以外の国交省支出は道路・河川等で外部効果を持つ部分が混在
国土交通省,国土交通本省施設費,施設整備費,1,一部⑨,50%,0,上記以外の国交省支出は道路・河川等で外部効果を持つ部分が混在
国土交通省,住宅対策事業費,公営住宅整備費等補助,5,該当なし,0%,0,住宅政策は市場歪曲。民間市場で供給可能
国土交通省,住宅対策諸費,住宅建設事業調査費,4,該当なし,0%,0,住宅政策は市場歪曲。民間市場で供給可能
国土交通省,住宅対策諸費,優良住宅整備促進等事業費補助,260,該当なし,0%,0,住宅政策は市場歪曲。民間市場で供給可能
国土交通省,住宅対策諸費,公的賃貸住宅家賃対策補助,120,該当なし,0%,0,住宅政策は市場歪曲。民間市場で供給可能
国土交通省,住宅市場整備推進費,住宅市場整備推進調査費,2,該当なし,0%,0,住宅政策は市場歪曲。民間市場で供給可能
国土交通省,住宅市場整備推進費,住宅市場整備推進等事業費補助金,35,該当なし,0%,0,住宅政策は市場歪曲。民間市場で供給可能
国土交通省,住宅市場整備推進費,ユネスコ事業等拠出金,1,該当なし,0%,0,住宅政策は市場歪曲。民間市場で供給可能
国土交通省,海洋環境対策費,海洋環境対策調査費,4,一部⑨,50%,2,上記以外の国交省支出は道路・河川等で外部効果を持つ部分が混在
国土交通省,港湾環境整備事業費,港湾環境整備事業費補助,3,一部⑧/一部⑨,50%,1,港湾は自然独占的インフラ（⑧）かつ物流の外部効果（⑨）を持つ
国土交通省,港湾環境整備事業費,港湾廃棄物処理施設整備事業費補助,7,一部⑧/一部⑨,50%,3,港湾は自然独占的インフラ（⑧）かつ物流の外部効果（⑨）を持つ
国土交通省,道路環境改善事業費,沿道環境改善事業費,422,一部⑨,50%,211,上記以外の国交省支出は道路・河川等で外部効果を持つ部分が混在
国土交通省,道路環境改善事業費,無電柱化推進事業費,350,一部⑨,50%,175,上記以外の国交省支出は道路・河川等で外部効果を持つ部分が混在
国土交通省,道路環境改善事業費,営繕宿舎費,3,一部⑨,50%,1,上記以外の国交省支出は道路・河川等で外部効果を持つ部分が混在
国土交通省,道路環境改善事業費,無電柱化推進事業費補助,289,一部⑨,50%,144,上記以外の国交省支出は道路・河川等で外部効果を持つ部分が混在
国土交通省,道路環境改善事業費,後進地域特例法適用団体補助率差額,9,一部⑨,50%,4,上記以外の国交省支出は道路・河川等で外部効果を持つ部分が混在
国土交通省,水資源対策費,水資源対策調査費,1,一部⑨,50%,0,上記以外の国交省支出は道路・河川等で外部効果を持つ部分が混在
国土交通省,水資源開発事業費,工業用水道事業費補助,1,一部⑨,50%,0,上記以外の国交省支出は道路・河川等で外部効果を持つ部分が混在
国土交通省,水資源開発事業費,水道水源開発施設整備費補助,30,一部⑨,50%,15,上記以外の国交省支出は道路・河川等で外部効果を持つ部分が混在
国土交通省,水資源開発事業費,農業農村整備事業費補助,86,一部⑨,50%,43,上記以外の国交省支出は道路・河川等で外部効果を持つ部分が混在
国土交通省,緑地環境対策費,明日香村歴史的風土創造的活用事業交付金,2,一部⑨,50%,1,上記以外の国交省支出は道路・河川等で外部効果を持つ部分が混在
国土交通省,国営公園等事業費,国営公園等整備費,63,一部⑨,50%,31,上記以外の国交省支出は道路・河川等で外部効果を持つ部分が混在
国土交通省,国営公園等事業費,国営公園等維持管理費,132,一部⑨,50%,66,上記以外の国交省支出は道路・河川等で外部効果を持つ部分が混在
国土交通省,国営公園等事業費,国営公園等事業調査費,23,一部⑨,50%,11,上記以外の国交省支出は道路・河川等で外部効果を持つ部分が混在
国土交通省,国営公園等事業費,都市公園事業費補助,14,一部⑨,50%,7,上記以外の国交省支出は道路・河川等で外部効果を持つ部分が混在
国土交通省,国営公園等事業費,都市開発資金貸付金,2,一部⑨,50%,1,上記以外の国交省支出は道路・河川等で外部効果を持つ部分が混在
国土交通省,水環境対策費,水環境対策調査費,2,一部⑨,50%,1,上記以外の国交省支出は道路・河川等で外部効果を持つ部分が混在
国土交通省,都市水環境整備事業費,総合水系環境整備事業費,86,該当なし,0%,0,都市開発補助は産業・地域政策。土地の私有化と市場で対応可能
国土交通省,都市水環境整備事業費,河川都市基盤整備事業費,130,該当なし,0%,0,都市開発補助は産業・地域政策。土地の私有化と市場で対応可能
国土交通省,都市水環境整備事業費,営繕宿舎費,2,該当なし,0%,0,都市開発補助は産業・地域政策。土地の私有化と市場で対応可能
国土交通省,上下水道一体効率化・基盤強化推進事業費,上下水道一体効率化・基盤強化推進事業調査費,27,一部⑨,50%,13,上記以外の国交省支出は道路・河川等で外部効果を持つ部分が混在
国土交通省,上下水道一体効率化・基盤強化推進事業費,上下水道一体効率化・基盤強化推進事業費補助,38,一部⑨,50%,19,上記以外の国交省支出は道路・河川等で外部効果を持つ部分が混在
国土交通省,水道施設整備費,水道施設整備事業調査費,1,一部⑨,50%,0,上記以外の国交省支出は道路・河川等で外部効果を持つ部分が混在
国土交通省,水道施設整備費,水道施設整備費補助,100,一部⑨,50%,50,上記以外の国交省支出は道路・河川等で外部効果を持つ部分が混在
国土交通省,下水道事業費,下水道事業調査費,9,一部⑨,50%,4,上記以外の国交省支出は道路・河川等で外部効果を持つ部分が混在
国土交通省,下水道事業費,下水道事業費補助,98,一部⑨,50%,49,上記以外の国交省支出は道路・河川等で外部効果を持つ部分が混在
国土交通省,地球温暖化防止等対策費,地球温暖化防止等対策調査費,1,一部⑨,50%,0,上記以外の国交省支出は道路・河川等で外部効果を持つ部分が混在
国土交通省,地球温暖化防止等対策費,技術研究開発調査費,1,一部⑨,50%,0,上記以外の国交省支出は道路・河川等で外部効果を持つ部分が混在
国土交通省,地球温暖化防止等対策費,住宅・建築物環境対策事業費補助金,36,一部⑨,50%,18,上記以外の国交省支出は道路・河川等で外部効果を持つ部分が混在
国土交通省,地球温暖化防止等対策費,経済協力開発機構拠出金,1,一部⑨,50%,0,上記以外の国交省支出は道路・河川等で外部効果を持つ部分が混在
国土交通省,市街地防災事業費,地下街防災推進事業費補助,1,一部⑨,50%,0,上記以外の国交省支出は道路・河川等で外部効果を持つ部分が混在
国土交通省,住宅防災事業費,住宅市街地総合整備促進事業費補助,1169,該当なし,0%,0,住宅政策は市場歪曲。民間市場で供給可能
国土交通省,都市公園防災事業費,都市公園防災事業費補助,4,該当なし,0%,0,都市開発補助は産業・地域政策。土地の私有化と市場で対応可能
国土交通省,下水道防災事業費,下水道防災事業費補助,1202,一部⑨,50%,601,上記以外の国交省支出は道路・河川等で外部効果を持つ部分が混在
国土交通省,水害・土砂災害対策費,水害・土砂災害対策調査費,1,⑨,100%,1,自然災害対策は個人では対処できない広域外部効果
国土交通省,水害・土砂災害対策費,国際機関等拠出金,1,⑨,100%,1,自然災害対策は個人では対処できない広域外部効果
国土交通省,河川管理施設整備費,洪水予報施設費,1,一部⑨,50%,0,上記以外の国交省支出は道路・河川等で外部効果を持つ部分が混在
国土交通省,河川整備事業費,河川改修費,1550,一部⑨,50%,775,上記以外の国交省支出は道路・河川等で外部効果を持つ部分が混在
国土交通省,河川整備事業費,河川維持修繕費,984,一部⑨,50%,492,上記以外の国交省支出は道路・河川等で外部効果を持つ部分が混在
国土交通省,河川整備事業費,堰堤維持費,536,一部⑨,50%,268,上記以外の国交省支出は道路・河川等で外部効果を持つ部分が混在
国土交通省,河川整備事業費,河川総合開発事業費,448,一部⑨,50%,224,上記以外の国交省支出は道路・河川等で外部効果を持つ部分が混在
国土交通省,河川整備事業費,流況調整河川事業費,191,一部⑨,50%,95,上記以外の国交省支出は道路・河川等で外部効果を持つ部分が混在
国土交通省,河川整備事業費,河川工作物関連応急対策事業費,88,一部⑨,50%,44,上記以外の国交省支出は道路・河川等で外部効果を持つ部分が混在
国土交通省,河川整備事業費,堰堤改良費,69,一部⑨,50%,34,上記以外の国交省支出は道路・河川等で外部効果を持つ部分が混在
国土交通省,河川整備事業費,営繕宿舎費,39,一部⑨,50%,19,上記以外の国交省支出は道路・河川等で外部効果を持つ部分が混在
国土交通省,河川整備事業費,河川事業調査費,4,一部⑨,50%,2,上記以外の国交省支出は道路・河川等で外部効果を持つ部分が混在
国土交通省,河川整備事業費,河川総合開発事業調査費,2,一部⑨,50%,1,上記以外の国交省支出は道路・河川等で外部効果を持つ部分が混在
国土交通省,河川整備事業費,河川総合開発事業費補助,48,一部⑨,50%,24,上記以外の国交省支出は道路・河川等で外部効果を持つ部分が混在
国土交通省,河川整備事業費,治水ダム等建設事業費補助,41,一部⑨,50%,20,上記以外の国交省支出は道路・河川等で外部効果を持つ部分が混在
国土交通省,河川整備事業費,堰堤改良費補助,29,一部⑨,50%,14,上記以外の国交省支出は道路・河川等で外部効果を持つ部分が混在
国土交通省,河川整備事業費,河川激甚災害対策特別緊急事業費補助,14,一部⑨,50%,7,上記以外の国交省支出は道路・河川等で外部効果を持つ部分が混在
国土交通省,河川整備事業費,河川災害復旧等関連緊急事業費補助,5,一部⑨,50%,2,上記以外の国交省支出は道路・河川等で外部効果を持つ部分が混在
国土交通省,河川整備事業費,特定洪水対策等推進事業費補助,226,一部⑨,50%,113,上記以外の国交省支出は道路・河川等で外部効果を持つ部分が混在
国土交通省,河川整備事業費,特定都市河川浸水被害対策推進事業費補助,49,一部⑨,50%,24,上記以外の国交省支出は道路・河川等で外部効果を持つ部分が混在
国土交通省,河川整備事業費,水資源開発事業交付金,259,一部⑨,50%,129,上記以外の国交省支出は道路・河川等で外部効果を持つ部分が混在
国土交通省,河川整備事業費,後進地域特例法適用団体補助率差額,39,一部⑨,50%,19,上記以外の国交省支出は道路・河川等で外部効果を持つ部分が混在
国土交通省,多目的ダム建設事業費,木曾川新丸山ダム建設費,162,一部⑨,50%,81,上記以外の国交省支出は道路・河川等で外部効果を持つ部分が混在
国土交通省,多目的ダム建設事業費,庄川利賀ダム建設費,121,一部⑨,50%,60,上記以外の国交省支出は道路・河川等で外部効果を持つ部分が混在
国土交通省,多目的ダム建設事業費,雄物川成瀬ダム建設費,220,一部⑨,50%,110,上記以外の国交省支出は道路・河川等で外部効果を持つ部分が混在
国土交通省,多目的ダム建設事業費,豊川設楽ダム建設費,155,一部⑨,50%,77,上記以外の国交省支出は道路・河川等で外部効果を持つ部分が混在
国土交通省,多目的ダム建設事業費,子吉川鳥海ダム建設費,124,一部⑨,50%,62,上記以外の国交省支出は道路・河川等で外部効果を持つ部分が混在
国土交通省,多目的ダム建設事業費,鳴瀬川鳴瀬川総合開発建設費,37,一部⑨,50%,18,上記以外の国交省支出は道路・河川等で外部効果を持つ部分が混在
国土交通省,多目的ダム建設事業費,営繕宿舎費,1,一部⑨,50%,0,上記以外の国交省支出は道路・河川等で外部効果を持つ部分が混在
国土交通省,総合流域防災事業費,総合流域防災対策事業費,66,一部⑨,50%,33,上記以外の国交省支出は道路・河川等で外部効果を持つ部分が混在
国土交通省,総合流域防災事業費,総合流域防災対策事業調査費,3,一部⑨,50%,1,上記以外の国交省支出は道路・河川等で外部効果を持つ部分が混在
国土交通省,砂防事業費,砂防事業費,693,⑨,100%,693,土砂災害防止は負の外部効果の克服。上流の崩壊が下流を破壊
国土交通省,砂防事業費,地すべり対策事業費,67,⑨,100%,67,土砂災害防止は負の外部効果の克服。上流の崩壊が下流を破壊
国土交通省,砂防事業費,砂防管理費,23,⑨,100%,23,土砂災害防止は負の外部効果の克服。上流の崩壊が下流を破壊
国土交通省,砂防事業費,特定緊急砂防事業費,85,⑨,100%,85,土砂災害防止は負の外部効果の克服。上流の崩壊が下流を破壊
国土交通省,砂防事業費,特定緊急地すべり対策事業費,11,⑨,100%,11,土砂災害防止は負の外部効果の克服。上流の崩壊が下流を破壊
国土交通省,砂防事業費,営繕宿舎費,7,⑨,100%,7,土砂災害防止は負の外部効果の克服。上流の崩壊が下流を破壊
国土交通省,砂防事業費,砂防激甚災害対策特別緊急事業費補助,4,⑨,100%,4,土砂災害防止は負の外部効果の克服。上流の崩壊が下流を破壊
国土交通省,砂防事業費,地すべり激甚災害対策特別緊急事業費補助,6,⑨,100%,6,土砂災害防止は負の外部効果の克服。上流の崩壊が下流を破壊
国土交通省,砂防事業費,特定緊急砂防事業費補助,5,⑨,100%,5,土砂災害防止は負の外部効果の克服。上流の崩壊が下流を破壊
国土交通省,砂防事業費,特定緊急地すべり対策事業費補助,8,⑨,100%,8,土砂災害防止は負の外部効果の克服。上流の崩壊が下流を破壊
国土交通省,砂防事業費,特定土砂災害対策推進事業費補助,269,⑨,100%,269,土砂災害防止は負の外部効果の克服。上流の崩壊が下流を破壊
国土交通省,砂防事業費,後進地域特例法適用団体補助率差額,21,⑨,100%,21,土砂災害防止は負の外部効果の克服。上流の崩壊が下流を破壊
国土交通省,防災・減災対策等強化事業推進費,(防災・減災対策等強化事業推進費),139,一部⑨,50%,69,上記以外の国交省支出は道路・河川等で外部効果を持つ部分が混在
国土交通省,海岸事業費,海岸保全施設整備事業費,198,⑨,100%,198,海岸侵食・高潮対策は広域の外部効果を持つ自然リスク管理
国土交通省,海岸事業費,海岸維持管理費,16,⑨,100%,16,海岸侵食・高潮対策は広域の外部効果を持つ自然リスク管理
国土交通省,海岸事業費,営繕宿舎費,1,⑨,100%,1,海岸侵食・高潮対策は広域の外部効果を持つ自然リスク管理
国土交通省,海岸事業費,海岸事業調査費,1,⑨,100%,1,海岸侵食・高潮対策は広域の外部効果を持つ自然リスク管理
国土交通省,海岸事業費,海岸保全施設整備事業費補助,67,⑨,100%,67,海岸侵食・高潮対策は広域の外部効果を持つ自然リスク管理
国土交通省,海岸事業費,後進地域特例法適用団体補助率差額,6,⑨,100%,6,海岸侵食・高潮対策は広域の外部効果を持つ自然リスク管理
国土交通省,公共交通等安全対策費,職員旅費,2,一部⑨,50%,1,上記以外の国交省支出は道路・河川等で外部効果を持つ部分が混在
国土交通省,公共交通等安全対策費,公共交通等安全対策調査費,4,一部⑨,50%,2,上記以外の国交省支出は道路・河川等で外部効果を持つ部分が混在
国土交通省,公共交通等安全対策費,技術研究開発調査費,2,一部⑨,50%,1,上記以外の国交省支出は道路・河川等で外部効果を持つ部分が混在
国土交通省,公共交通等安全対策費,国際民間航空機関等分担金,9,一部⑨,50%,4,上記以外の国交省支出は道路・河川等で外部効果を持つ部分が混在
国土交通省,公共交通等安全対策費,国際民間航空機関等拠出金,1,一部⑨,50%,0,上記以外の国交省支出は道路・河川等で外部効果を持つ部分が混在
国土交通省,独立行政法人航空大学校運営費,独立行政法人航空大学校運営費交付金,24,一部⑨,50%,12,上記以外の国交省支出は道路・河川等で外部効果を持つ部分が混在
国土交通省,鉄道安全対策事業費,鉄道施設総合安全対策事業費補助,45,該当なし,0%,0,鉄道補助は産業政策。需要がなければ廃線が市場の答え
国土交通省,鉄道安全対策事業費,鉄道防災事業費補助,9,該当なし,0%,0,鉄道補助は産業政策。需要がなければ廃線が市場の答え
国土交通省,道路交通安全対策費,道路交通安全対策調査費,2,一部⑨,50%,1,上記以外の国交省支出は道路・河川等で外部効果を持つ部分が混在
国土交通省,道路交通安全対策事業費,道路更新防災対策事業費,212,一部⑨,50%,106,上記以外の国交省支出は道路・河川等で外部効果を持つ部分が混在
国土交通省,道路交通安全対策事業費,道路維持管理費,3681,一部⑨,50%,1840,上記以外の国交省支出は道路・河川等で外部効果を持つ部分が混在
国土交通省,道路交通安全対策事業費,道路整備営繕宿舎費,13,一部⑨,50%,6,上記以外の国交省支出は道路・河川等で外部効果を持つ部分が混在
国土交通省,道路交通安全対策事業費,交通連携道路事業費,188,一部⑨,50%,94,上記以外の国交省支出は道路・河川等で外部効果を持つ部分が混在
国土交通省,道路交通安全対策事業費,道路交通安全施設等整備事業費,546,一部⑨,50%,273,上記以外の国交省支出は道路・河川等で外部効果を持つ部分が混在
国土交通省,道路交通安全対策事業費,交通事故重点対策道路事業費,1139,一部⑨,50%,569,上記以外の国交省支出は道路・河川等で外部効果を持つ部分が混在
国土交通省,道路交通安全対策事業費,道路環境営繕宿舎費,5,一部⑨,50%,2,上記以外の国交省支出は道路・河川等で外部効果を持つ部分が混在
国土交通省,道路交通安全対策事業費,道路更新防災等対策事業費補助,2165,一部⑨,50%,1082,上記以外の国交省支出は道路・河川等で外部効果を持つ部分が混在
国土交通省,道路交通安全対策事業費,雪寒地域道路事業費補助,97,一部⑨,50%,48,上記以外の国交省支出は道路・河川等で外部効果を持つ部分が混在
国土交通省,道路交通安全対策事業費,交通連携道路事業費補助,543,一部⑨,50%,271,上記以外の国交省支出は道路・河川等で外部効果を持つ部分が混在
国土交通省,道路交通安全対策事業費,道路交通安全施設等整備事業費補助,532,一部⑨,50%,266,上記以外の国交省支出は道路・河川等で外部効果を持つ部分が混在
国土交通省,道路交通安全対策事業費,道路整備事業後進地域特例法適用団体補助率差額,12,一部⑨,50%,6,上記以外の国交省支出は道路・河川等で外部効果を持つ部分が混在
国土交通省,道路交通安全対策事業費,道路環境整備事業後進地域特例法適用団体補助率差額,34,一部⑨,50%,17,上記以外の国交省支出は道路・河川等で外部効果を持つ部分が混在
国土交通省,総合的物流体系整備推進費,総合的物流体系整備推進調査費,3,一部⑨,50%,1,上記以外の国交省支出は道路・河川等で外部効果を持つ部分が混在
国土交通省,港湾事業費,港湾改修費,1635,一部⑧/一部⑨,50%,817,港湾は自然独占的インフラ（⑧）かつ物流の外部効果（⑨）を持つ
国土交通省,港湾事業費,貸付国有港湾施設整備事業費,9,一部⑧/一部⑨,50%,4,港湾は自然独占的インフラ（⑧）かつ物流の外部効果（⑨）を持つ
国土交通省,港湾事業費,港湾作業船整備費,42,一部⑧/一部⑨,50%,21,港湾は自然独占的インフラ（⑧）かつ物流の外部効果（⑨）を持つ
国土交通省,港湾事業費,特定離島港湾施設整備事業費,54,一部⑧/一部⑨,50%,27,港湾は自然独占的インフラ（⑧）かつ物流の外部効果（⑨）を持つ
国土交通省,港湾事業費,特定離島港湾維持管理費,7,一部⑧/一部⑨,50%,3,港湾は自然独占的インフラ（⑧）かつ物流の外部効果（⑨）を持つ
国土交通省,港湾事業費,営繕宿舎費,9,一部⑧/一部⑨,50%,4,港湾は自然独占的インフラ（⑧）かつ物流の外部効果（⑨）を持つ
国土交通省,港湾事業費,港湾事業調査費,5,一部⑧/一部⑨,50%,2,港湾は自然独占的インフラ（⑧）かつ物流の外部効果（⑨）を持つ
国土交通省,港湾事業費,港湾改修費補助,95,一部⑧/一部⑨,50%,47,港湾は自然独占的インフラ（⑧）かつ物流の外部効果（⑨）を持つ
国土交通省,港湾事業費,後進地域特例法適用団体補助率差額,3,一部⑧/一部⑨,50%,1,港湾は自然独占的インフラ（⑧）かつ物流の外部効果（⑨）を持つ
国土交通省,港湾事業費,埠頭整備等資金貸付金,23,一部⑧/一部⑨,50%,11,港湾は自然独占的インフラ（⑧）かつ物流の外部効果（⑨）を持つ
国土交通省,港湾事業費,国際戦略港湾港湾運営会社出資金,7,一部⑧/一部⑨,50%,3,港湾は自然独占的インフラ（⑧）かつ物流の外部効果（⑨）を持つ
国土交通省,景観形成推進費,景観改善推進事業費補助金,1,一部⑨,50%,0,上記以外の国交省支出は道路・河川等で外部効果を持つ部分が混在
国土交通省,地域連携道路事業費,地域連携道路事業費,4190,一部⑨,50%,2095,上記以外の国交省支出は道路・河川等で外部効果を持つ部分が混在
国土交通省,地域連携道路事業費,営繕宿舎費,19,一部⑨,50%,9,上記以外の国交省支出は道路・河川等で外部効果を持つ部分が混在
国土交通省,地域連携道路事業費,道路調査費,56,一部⑨,50%,28,上記以外の国交省支出は道路・河川等で外部効果を持つ部分が混在
国土交通省,地域連携道路事業費,地域連携道路事業費補助,901,一部⑨,50%,450,上記以外の国交省支出は道路・河川等で外部効果を持つ部分が混在
国土交通省,地域連携道路事業費,高速道路連結部整備事業費補助,44,一部⑨,50%,22,上記以外の国交省支出は道路・河川等で外部効果を持つ部分が混在
国土交通省,地域連携道路事業費,道路調査費補助,7,一部⑨,50%,3,上記以外の国交省支出は道路・河川等で外部効果を持つ部分が混在
国土交通省,地域連携道路事業費,後進地域特例法適用団体補助率差額,65,一部⑨,50%,32,上記以外の国交省支出は道路・河川等で外部効果を持つ部分が混在
国土交通省,整備新幹線建設推進高度化等事業費,整備新幹線建設推進高度化等事業費補助金,16,一部⑨,50%,8,上記以外の国交省支出は道路・河川等で外部効果を持つ部分が混在
国土交通省,整備新幹線整備事業費,整備新幹線整備事業費補助,804,一部⑨,50%,402,上記以外の国交省支出は道路・河川等で外部効果を持つ部分が混在
国土交通省,航空機燃料税財源空港整備事業費自動車安全特別会計へ繰入,航空機燃料税財源の自動車安全特別会計へ繰入,309,一部⑧,50%,154,空港インフラの一部は自然独占的だが民間参入可能な部分も含む
国土交通省,航空機燃料税財源北海道空港整備事業費自動車安全特別会計へ繰入,航空機燃料税財源の自動車安全特別会計へ繰入,78,一部⑧,50%,39,空港インフラの一部は自然独占的だが民間参入可能な部分も含む
国土交通省,航空機燃料税財源離島空港整備事業費自動車安全特別会計へ繰入,航空機燃料税財源の自動車安全特別会計へ繰入,2,一部⑧,50%,1,空港インフラの一部は自然独占的だが民間参入可能な部分も含む
国土交通省,都市・地域づくり推進費,都市・地域づくり推進調査費,3,該当なし,0%,0,都市開発補助は産業・地域政策。土地の私有化と市場で対応可能
国土交通省,都市・地域づくり推進費,防災集団移転促進事業費補助金,7,該当なし,0%,0,都市開発補助は産業・地域政策。土地の私有化と市場で対応可能
国土交通省,都市・地域づくり推進費,半島振興広域連携促進事業費補助金,1,該当なし,0%,0,都市開発補助は産業・地域政策。土地の私有化と市場で対応可能
国土交通省,都市・地域づくり推進費,都市開発海外展開支援事業費補助金,1,該当なし,0%,0,都市開発補助は産業・地域政策。土地の私有化と市場で対応可能
国土交通省,都市・地域づくり推進費,集約都市形成支援事業費補助金,5,該当なし,0%,0,都市開発補助は産業・地域政策。土地の私有化と市場で対応可能
国土交通省,都市・地域づくり推進費,官民連携都市再生推進事業費補助金,1,該当なし,0%,0,都市開発補助は産業・地域政策。土地の私有化と市場で対応可能
国土交通省,都市・地域づくり推進費,豪雪地帯安全確保緊急対策交付金,1,該当なし,0%,0,都市開発補助は産業・地域政策。土地の私有化と市場で対応可能
国土交通省,都市・地域づくり推進費,経済協力開発機構等拠出金,1,該当なし,0%,0,都市開発補助は産業・地域政策。土地の私有化と市場で対応可能
国土交通省,都市再生・地域再生整備事業費,都市開発事業調査費,18,該当なし,0%,0,都市開発補助は産業・地域政策。土地の私有化と市場で対応可能
国土交通省,都市再生・地域再生整備事業費,都市構造再編集中支援事業費補助,707,該当なし,0%,0,都市開発補助は産業・地域政策。土地の私有化と市場で対応可能
国土交通省,都市再生・地域再生整備事業費,市街地再開発事業費補助,101,該当なし,0%,0,都市開発補助は産業・地域政策。土地の私有化と市場で対応可能
国土交通省,都市再生・地域再生整備事業費,都市再生推進事業費補助,162,該当なし,0%,0,都市開発補助は産業・地域政策。土地の私有化と市場で対応可能
国土交通省,都市再生・地域再生整備事業費,都市開発資金貸付金,29,該当なし,0%,0,都市開発補助は産業・地域政策。土地の私有化と市場で対応可能
国土交通省,鉄道網整備事業費,都市鉄道利便増進事業費補助,1,該当なし,0%,0,鉄道補助は産業政策。需要がなければ廃線が市場の答え
国土交通省,鉄道網整備事業費,都市鉄道整備事業費補助,156,該当なし,0%,0,鉄道補助は産業政策。需要がなければ廃線が市場の答え
国土交通省,鉄道網整備事業費,鉄道駅総合改善事業費補助,19,該当なし,0%,0,鉄道補助は産業政策。需要がなければ廃線が市場の答え
国土交通省,地域公共交通維持・活性化推進費,地域公共交通維持・活性化推進調査費,1,一部⑨,50%,0,上記以外の国交省支出は道路・河川等で外部効果を持つ部分が混在
国土交通省,地域公共交通維持・活性化推進費,地域公共交通確保維持改善事業費補助金,203,一部⑨,50%,101,上記以外の国交省支出は道路・河川等で外部効果を持つ部分が混在
国土交通省,地域公共交通維持・活性化推進費,地方空港等受入環境整備事業費補助金,1,一部⑨,50%,0,上記以外の国交省支出は道路・河川等で外部効果を持つ部分が混在
国土交通省,独立行政法人鉄道建設・運輸施設整備支援機構運営費,独立行政法人鉄道建設・運輸施設整備支援機構地域公共交通等勘定運営費交付金,1,該当なし,0%,0,鉄道補助は産業政策。需要がなければ廃線が市場の答え
国土交通省,独立行政法人鉄道建設・運輸施設整備支援機構運営費,独立行政法人鉄道建設・運輸施設整備支援機構助成勘定運営費交付金,2,該当なし,0%,0,鉄道補助は産業政策。需要がなければ廃線が市場の答え
国土交通省,都市・地域交通整備事業費,都市・地域交通戦略推進事業費補助,10,該当なし,0%,0,都市開発補助は産業・地域政策。土地の私有化と市場で対応可能
国土交通省,道路交通円滑化推進費,道路交通円滑化推進調査費,1,一部⑨,50%,0,上記以外の国交省支出は道路・河川等で外部効果を持つ部分が混在
国土交通省,道路交通円滑化事業費,道路交通円滑化事業費,1786,一部⑨,50%,893,上記以外の国交省支出は道路・河川等で外部効果を持つ部分が混在
国土交通省,道路交通円滑化事業費,営繕宿舎費,6,一部⑨,50%,3,上記以外の国交省支出は道路・河川等で外部効果を持つ部分が混在
国土交通省,道路交通円滑化事業費,道路交通円滑化事業費補助,39,一部⑨,50%,19,上記以外の国交省支出は道路・河川等で外部効果を持つ部分が混在
国土交通省,道路交通円滑化事業費,後進地域特例法適用団体補助率差額,5,一部⑨,50%,2,上記以外の国交省支出は道路・河川等で外部効果を持つ部分が混在
国土交通省,道路交通円滑化事業費,有料道路整備資金貸付金,75,一部⑨,50%,37,上記以外の国交省支出は道路・河川等で外部効果を持つ部分が混在
国土交通省,社会資本整備・管理効率化推進費,職員旅費,1,一部⑨,50%,0,上記以外の国交省支出は道路・河川等で外部効果を持つ部分が混在
国土交通省,社会資本整備・管理効率化推進費,校費,3,一部⑨,50%,1,上記以外の国交省支出は道路・河川等で外部効果を持つ部分が混在
国土交通省,社会資本整備・管理効率化推進費,社会資本整備・管理効率化推進調査費,3,一部⑨,50%,1,上記以外の国交省支出は道路・河川等で外部効果を持つ部分が混在
国土交通省,社会資本整備・管理効率化推進費,官民連携社会資本整備等推進費補助金,3,一部⑨,50%,1,上記以外の国交省支出は道路・河川等で外部効果を持つ部分が混在
国土交通省,不動産市場整備等推進費,不動産市場整備等推進調査費,40,一部⑨,50%,20,上記以外の国交省支出は道路・河川等で外部効果を持つ部分が混在
国土交通省,不動産市場整備等推進費,所有者不明土地等対策事業費補助金,1,一部⑨,50%,0,上記以外の国交省支出は道路・河川等で外部効果を持つ部分が混在
国土交通省,建設市場整備推進費,職員旅費,1,一部⑨,50%,0,上記以外の国交省支出は道路・河川等で外部効果を持つ部分が混在
国土交通省,建設市場整備推進費,建設市場整備推進調査費,6,一部⑨,50%,3,上記以外の国交省支出は道路・河川等で外部効果を持つ部分が混在
国土交通省,国土交通統計調査費,統計調査費,8,一部⑨,50%,4,上記以外の国交省支出は道路・河川等で外部効果を持つ部分が混在
国土交通省,国土交通統計調査費,統計情報調査委託費,2,一部⑨,50%,1,上記以外の国交省支出は道路・河川等で外部効果を持つ部分が混在
国土交通省,国土調査費,測量庁費,2,一部⑨,50%,1,上記以外の国交省支出は道路・河川等で外部効果を持つ部分が混在
国土交通省,国土調査費,地籍整備推進調査費補助金,1,一部⑨,50%,0,上記以外の国交省支出は道路・河川等で外部効果を持つ部分が混在
国土交通省,国土調査費,地籍調査費負担金,32,一部⑨,50%,16,上記以外の国交省支出は道路・河川等で外部効果を持つ部分が混在
国土交通省,社会資本整備円滑化地籍整備事業費,社会資本整備円滑化地籍整備事業費補助,18,一部⑨,50%,9,上記以外の国交省支出は道路・河川等で外部効果を持つ部分が混在
国土交通省,海事産業市場整備等推進費,海事産業関連技術研究開発費補助金,1,一部⑨,50%,0,上記以外の国交省支出は道路・河川等で外部効果を持つ部分が混在
国土交通省,海事産業市場整備等推進費,船員雇用促進対策事業費補助金,1,一部⑨,50%,0,上記以外の国交省支出は道路・河川等で外部効果を持つ部分が混在
国土交通省,独立行政法人海技教育機構運営費,独立行政法人海技教育機構運営費交付金,63,一部⑨,50%,31,上記以外の国交省支出は道路・河川等で外部効果を持つ部分が混在
国土交通省,国土形成推進費,国土形成推進調査費,2,一部⑨,50%,1,上記以外の国交省支出は道路・河川等で外部効果を持つ部分が混在
国土交通省,社会資本総合整備事業費,社会資本整備総合交付金,4173,一部⑨,50%,2086,上記以外の国交省支出は道路・河川等で外部効果を持つ部分が混在
国土交通省,社会資本総合整備事業費,防災・安全交付金,8018,一部⑨,50%,4009,上記以外の国交省支出は道路・河川等で外部効果を持つ部分が混在
国土交通省,官民連携基盤整備推進調査費,官民連携基盤整備調査費補助,3,一部⑨,50%,1,上記以外の国交省支出は道路・河川等で外部効果を持つ部分が混在
国土交通省,離島振興費,離島振興調査費,1,一部⑨,50%,0,上記以外の国交省支出は道路・河川等で外部効果を持つ部分が混在
国土交通省,離島振興費,小笠原諸島振興開発費補助金,1,一部⑨,50%,0,上記以外の国交省支出は道路・河川等で外部効果を持つ部分が混在
国土交通省,離島振興費,離島活性化交付金,10,一部⑨,50%,5,上記以外の国交省支出は道路・河川等で外部効果を持つ部分が混在
国土交通省,離島振興費,奄美群島振興交付金,24,一部⑨,50%,12,上記以外の国交省支出は道路・河川等で外部効果を持つ部分が混在
国土交通省,離島振興費,小笠原諸島振興開発事業費補助,9,一部⑨,50%,4,上記以外の国交省支出は道路・河川等で外部効果を持つ部分が混在
国土交通省,離島振興事業費,国有林野内治山事業費,2,一部⑨,50%,1,上記以外の国交省支出は道路・河川等で外部効果を持つ部分が混在
国土交通省,離島振興事業費,港湾改修費,19,一部⑨,50%,9,上記以外の国交省支出は道路・河川等で外部効果を持つ部分が混在
国土交通省,離島振興事業費,かんがい排水事業費,17,一部⑨,50%,8,上記以外の国交省支出は道路・河川等で外部効果を持つ部分が混在
国土交通省,離島振興事業費,海岸保全施設整備事業費補助,8,一部⑨,50%,4,上記以外の国交省支出は道路・河川等で外部効果を持つ部分が混在
国土交通省,離島振興事業費,治山事業費補助,5,一部⑨,50%,2,上記以外の国交省支出は道路・河川等で外部効果を持つ部分が混在
国土交通省,離島振興事業費,堰堤改良費補助,2,一部⑨,50%,1,上記以外の国交省支出は道路・河川等で外部効果を持つ部分が混在
国土交通省,離島振興事業費,特定土砂災害対策推進事業費補助,2,一部⑨,50%,1,上記以外の国交省支出は道路・河川等で外部効果を持つ部分が混在
国土交通省,離島振興事業費,道路更新防災等対策事業費補助,23,一部⑨,50%,11,上記以外の国交省支出は道路・河川等で外部効果を持つ部分が混在
国土交通省,離島振興事業費,港湾改修費補助,33,一部⑨,50%,16,上記以外の国交省支出は道路・河川等で外部効果を持つ部分が混在
国土交通省,離島振興事業費,道路交通安全施設等整備事業費補助,14,一部⑨,50%,7,上記以外の国交省支出は道路・河川等で外部効果を持つ部分が混在
国土交通省,離島振興事業費,無電柱化推進事業費補助,1,一部⑨,50%,0,上記以外の国交省支出は道路・河川等で外部効果を持つ部分が混在
国土交通省,離島振興事業費,水道施設整備費補助,13,一部⑨,50%,6,上記以外の国交省支出は道路・河川等で外部効果を持つ部分が混在
国土交通省,離島振興事業費,農業農村整備事業費補助,53,一部⑨,50%,26,上記以外の国交省支出は道路・河川等で外部効果を持つ部分が混在
国土交通省,離島振興事業費,森林環境保全整備事業費補助,6,一部⑨,50%,3,上記以外の国交省支出は道路・河川等で外部効果を持つ部分が混在
国土交通省,離島振興事業費,水産基盤整備事業費補助,94,一部⑨,50%,47,上記以外の国交省支出は道路・河川等で外部効果を持つ部分が混在
国土交通省,離島振興事業費,循環型社会形成推進交付金,11,一部⑨,50%,5,上記以外の国交省支出は道路・河川等で外部効果を持つ部分が混在
国土交通省,離島振興事業費,農山漁村地域整備交付金,48,一部⑨,50%,24,上記以外の国交省支出は道路・河川等で外部効果を持つ部分が混在
国土交通省,離島振興事業費,社会資本整備総合交付金,85,一部⑨,50%,42,上記以外の国交省支出は道路・河川等で外部効果を持つ部分が混在
国土交通省,離島振興事業費,防災・安全交付金,119,一部⑨,50%,59,上記以外の国交省支出は道路・河川等で外部効果を持つ部分が混在
国土交通省,北海道総合開発推進費,北海道総合開発推進調査費,1,一部⑨,50%,0,上記以外の国交省支出は道路・河川等で外部効果を持つ部分が混在
国土交通省,北海道総合開発推進費,民族共生象徴空間運営委託費,15,一部⑨,50%,7,上記以外の国交省支出は道路・河川等で外部効果を持つ部分が混在
国土交通省,北海道総合開発推進費,アイヌ伝統等普及啓発等事業費補助金,1,一部⑨,50%,0,上記以外の国交省支出は道路・河川等で外部効果を持つ部分が混在
国土交通省,北海道総合開発推進費,北方領土隣接地域振興等事業推進費補助金,1,一部⑨,50%,0,上記以外の国交省支出は道路・河川等で外部効果を持つ部分が混在
国土交通省,北海道開発事業費,海岸保全施設整備事業費,5,一部⑨,50%,2,上記以外の国交省支出は道路・河川等で外部効果を持つ部分が混在
国土交通省,北海道開発事業費,国有林野内治山事業費,34,一部⑨,50%,17,上記以外の国交省支出は道路・河川等で外部効果を持つ部分が混在
国土交通省,北海道開発事業費,河川改修費,364,一部⑨,50%,182,上記以外の国交省支出は道路・河川等で外部効果を持つ部分が混在
国土交通省,北海道開発事業費,河川維持修繕費,155,一部⑨,50%,77,上記以外の国交省支出は道路・河川等で外部効果を持つ部分が混在
国土交通省,北海道開発事業費,堰堤維持費,80,一部⑨,50%,40,上記以外の国交省支出は道路・河川等で外部効果を持つ部分が混在
国土交通省,北海道開発事業費,河川総合開発事業費,33,一部⑨,50%,16,上記以外の国交省支出は道路・河川等で外部効果を持つ部分が混在
国土交通省,北海道開発事業費,河川工作物関連応急対策事業費,19,一部⑨,50%,9,上記以外の国交省支出は道路・河川等で外部効果を持つ部分が混在
国土交通省,北海道開発事業費,石狩川幾春別川総合開発建設費,56,一部⑨,50%,28,上記以外の国交省支出は道路・河川等で外部効果を持つ部分が混在
国土交通省,北海道開発事業費,堰堤改良費,12,一部⑨,50%,6,上記以外の国交省支出は道路・河川等で外部効果を持つ部分が混在
国土交通省,北海道開発事業費,総合流域防災対策事業費,6,一部⑨,50%,3,上記以外の国交省支出は道路・河川等で外部効果を持つ部分が混在
国土交通省,北海道開発事業費,砂防事業費,35,一部⑨,50%,17,上記以外の国交省支出は道路・河川等で外部効果を持つ部分が混在
国土交通省,北海道開発事業費,地すべり対策事業費,4,一部⑨,50%,2,上記以外の国交省支出は道路・河川等で外部効果を持つ部分が混在
国土交通省,北海道開発事業費,治水営繕宿舎費,6,一部⑨,50%,3,上記以外の国交省支出は道路・河川等で外部効果を持つ部分が混在
国土交通省,北海道開発事業費,道路更新防災対策事業費,134,一部⑨,50%,67,上記以外の国交省支出は道路・河川等で外部効果を持つ部分が混在
国土交通省,北海道開発事業費,地域連携道路事業費,574,一部⑨,50%,287,上記以外の国交省支出は道路・河川等で外部効果を持つ部分が混在
国土交通省,北海道開発事業費,道路交通円滑化事業費,17,一部⑨,50%,8,上記以外の国交省支出は道路・河川等で外部効果を持つ部分が混在
国土交通省,北海道開発事業費,道路維持管理費,1026,一部⑨,50%,513,上記以外の国交省支出は道路・河川等で外部効果を持つ部分が混在
国土交通省,北海道開発事業費,道路整備営繕宿舎費,6,一部⑨,50%,3,上記以外の国交省支出は道路・河川等で外部効果を持つ部分が混在
国土交通省,北海道開発事業費,港湾改修費,150,一部⑨,50%,75,上記以外の国交省支出は道路・河川等で外部効果を持つ部分が混在
国土交通省,北海道開発事業費,港湾作業船整備費,1,一部⑨,50%,0,上記以外の国交省支出は道路・河川等で外部効果を持つ部分が混在
国土交通省,北海道開発事業費,港湾営繕宿舎費,1,一部⑨,50%,0,上記以外の国交省支出は道路・河川等で外部効果を持つ部分が混在
国土交通省,北海道開発事業費,総合水系環境整備事業費,8,一部⑨,50%,4,上記以外の国交省支出は道路・河川等で外部効果を持つ部分が混在
国土交通省,北海道開発事業費,交通連携道路事業費,2,一部⑨,50%,1,上記以外の国交省支出は道路・河川等で外部効果を持つ部分が混在
国土交通省,北海道開発事業費,道路交通安全施設等整備事業費,123,一部⑨,50%,61,上記以外の国交省支出は道路・河川等で外部効果を持つ部分が混在
国土交通省,北海道開発事業費,交通事故重点対策道路事業費,57,一部⑨,50%,28,上記以外の国交省支出は道路・河川等で外部効果を持つ部分が混在
国土交通省,北海道開発事業費,無電柱化推進事業費,21,一部⑨,50%,10,上記以外の国交省支出は道路・河川等で外部効果を持つ部分が混在
国土交通省,北海道開発事業費,道路環境営繕宿舎費,1,一部⑨,50%,0,上記以外の国交省支出は道路・河川等で外部効果を持つ部分が混在
国土交通省,北海道開発事業費,国営公園等維持管理費,13,一部⑨,50%,6,上記以外の国交省支出は道路・河川等で外部効果を持つ部分が混在
国土交通省,北海道開発事業費,かんがい排水事業費,239,一部⑨,50%,119,上記以外の国交省支出は道路・河川等で外部効果を持つ部分が混在
国土交通省,北海道開発事業費,国営造成施設管理費,21,一部⑨,50%,10,上記以外の国交省支出は道路・河川等で外部効果を持つ部分が混在
国土交通省,北海道開発事業費,農用地再編整備事業費,239,一部⑨,50%,119,上記以外の国交省支出は道路・河川等で外部効果を持つ部分が混在
国土交通省,北海道開発事業費,総合農地防災事業費,30,一部⑨,50%,15,上記以外の国交省支出は道路・河川等で外部効果を持つ部分が混在
国土交通省,北海道開発事業費,農業農村整備営繕宿舎費,2,一部⑨,50%,1,上記以外の国交省支出は道路・河川等で外部効果を持つ部分が混在
国土交通省,北海道開発事業費,特定漁港漁場整備費,133,一部⑨,50%,66,上記以外の国交省支出は道路・河川等で外部効果を持つ部分が混在
国土交通省,北海道開発事業費,水産基盤整備営繕宿舎費,1,一部⑨,50%,0,上記以外の国交省支出は道路・河川等で外部効果を持つ部分が混在
国土交通省,北海道開発事業費,道路調査費,1,一部⑨,50%,0,上記以外の国交省支出は道路・河川等で外部効果を持つ部分が混在
国土交通省,北海道開発事業費,海岸保全施設整備事業費補助,7,一部⑨,50%,3,上記以外の国交省支出は道路・河川等で外部効果を持つ部分が混在
国土交通省,北海道開発事業費,治山事業費補助,29,一部⑨,50%,14,上記以外の国交省支出は道路・河川等で外部効果を持つ部分が混在
国土交通省,北海道開発事業費,治水ダム等建設事業費補助,10,一部⑨,50%,5,上記以外の国交省支出は道路・河川等で外部効果を持つ部分が混在
国土交通省,北海道開発事業費,堰堤改良費補助,2,一部⑨,50%,1,上記以外の国交省支出は道路・河川等で外部効果を持つ部分が混在
国土交通省,北海道開発事業費,特定洪水対策等推進事業費補助,60,一部⑨,50%,30,上記以外の国交省支出は道路・河川等で外部効果を持つ部分が混在
国土交通省,北海道開発事業費,特定土砂災害対策推進事業費補助,21,一部⑨,50%,10,上記以外の国交省支出は道路・河川等で外部効果を持つ部分が混在
国土交通省,北海道開発事業費,地域連携道路事業費補助,11,一部⑨,50%,5,上記以外の国交省支出は道路・河川等で外部効果を持つ部分が混在
国土交通省,北海道開発事業費,道路更新防災等対策事業費補助,212,一部⑨,50%,106,上記以外の国交省支出は道路・河川等で外部効果を持つ部分が混在
国土交通省,北海道開発事業費,雪寒地域道路事業費補助,43,一部⑨,50%,21,上記以外の国交省支出は道路・河川等で外部効果を持つ部分が混在
国土交通省,北海道開発事業費,港湾改修費補助,2,一部⑨,50%,1,上記以外の国交省支出は道路・河川等で外部効果を持つ部分が混在
国土交通省,北海道開発事業費,交通連携道路事業費補助,5,一部⑨,50%,2,上記以外の国交省支出は道路・河川等で外部効果を持つ部分が混在
国土交通省,北海道開発事業費,道路交通安全施設等整備事業費補助,18,一部⑨,50%,9,上記以外の国交省支出は道路・河川等で外部効果を持つ部分が混在
国土交通省,北海道開発事業費,無電柱化推進事業費補助,23,一部⑨,50%,11,上記以外の国交省支出は道路・河川等で外部効果を持つ部分が混在
国土交通省,北海道開発事業費,住宅市街地総合整備促進事業費補助,3,一部⑨,50%,1,上記以外の国交省支出は道路・河川等で外部効果を持つ部分が混在
国土交通省,北海道開発事業費,都市公園事業費補助,5,一部⑨,50%,2,上記以外の国交省支出は道路・河川等で外部効果を持つ部分が混在
国土交通省,北海道開発事業費,上下水道一体効率化・基盤強化推進事業費補助,1,一部⑨,50%,0,上記以外の国交省支出は道路・河川等で外部効果を持つ部分が混在
国土交通省,北海道開発事業費,水道施設整備費補助,28,一部⑨,50%,14,上記以外の国交省支出は道路・河川等で外部効果を持つ部分が混在
国土交通省,北海道開発事業費,下水道防災事業費補助,21,一部⑨,50%,10,上記以外の国交省支出は道路・河川等で外部効果を持つ部分が混在
国土交通省,北海道開発事業費,諸土地改良事業費補助,3,一部⑨,50%,1,上記以外の国交省支出は道路・河川等で外部効果を持つ部分が混在
国土交通省,北海道開発事業費,土地改良施設管理費補助,13,一部⑨,50%,6,上記以外の国交省支出は道路・河川等で外部効果を持つ部分が混在
国土交通省,北海道開発事業費,農業競争力強化基盤整備事業費補助,157,一部⑨,50%,78,上記以外の国交省支出は道路・河川等で外部効果を持つ部分が混在
国土交通省,北海道開発事業費,中山間総合整備事業費補助,2,一部⑨,50%,1,上記以外の国交省支出は道路・河川等で外部効果を持つ部分が混在
国土交通省,北海道開発事業費,農村整備事業費補助,17,一部⑨,50%,8,上記以外の国交省支出は道路・河川等で外部効果を持つ部分が混在
国土交通省,北海道開発事業費,農村地域防災減災事業費補助,8,一部⑨,50%,4,上記以外の国交省支出は道路・河川等で外部効果を持つ部分が混在
国土交通省,北海道開発事業費,森林環境保全整備事業費補助,55,一部⑨,50%,27,上記以外の国交省支出は道路・河川等で外部効果を持つ部分が混在
国土交通省,北海道開発事業費,水産基盤整備事業費補助,94,一部⑨,50%,47,上記以外の国交省支出は道路・河川等で外部効果を持つ部分が混在
国土交通省,北海道開発事業費,社会資本整備円滑化地籍整備事業費補助,1,一部⑨,50%,0,上記以外の国交省支出は道路・河川等で外部効果を持つ部分が混在
国土交通省,北海道開発事業費,道路調査費補助,1,一部⑨,50%,0,上記以外の国交省支出は道路・河川等で外部効果を持つ部分が混在
国土交通省,北海道開発事業費,特定道路事業交付金,7,一部⑨,50%,3,上記以外の国交省支出は道路・河川等で外部効果を持つ部分が混在
国土交通省,北海道開発事業費,循環型社会形成推進交付金,18,一部⑨,50%,9,上記以外の国交省支出は道路・河川等で外部効果を持つ部分が混在
国土交通省,北海道開発事業費,農山漁村地域整備交付金,88,一部⑨,50%,44,上記以外の国交省支出は道路・河川等で外部効果を持つ部分が混在
国土交通省,北海道開発事業費,社会資本整備総合交付金,237,一部⑨,50%,118,上記以外の国交省支出は道路・河川等で外部効果を持つ部分が混在
国土交通省,北海道開発事業費,防災・安全交付金,328,一部⑨,50%,164,上記以外の国交省支出は道路・河川等で外部効果を持つ部分が混在
国土交通省,北海道特定特別総合開発事業推進費,(北海道特定特別総合開発事業推進費),43,一部⑨,50%,21,上記以外の国交省支出は道路・河川等で外部効果を持つ部分が混在
国土交通省,技術研究開発推進費,技術研究開発調査費,15,一部⑨,50%,7,上記以外の国交省支出は道路・河川等で外部効果を持つ部分が混在
国土交通省,技術研究開発推進費,技術研究開発委託費,13,一部⑨,50%,6,上記以外の国交省支出は道路・河川等で外部効果を持つ部分が混在
国土交通省,技術研究開発推進費,技術研究開発費補助金,4,一部⑨,50%,2,上記以外の国交省支出は道路・河川等で外部効果を持つ部分が混在
国土交通省,国立研究開発法人土木研究所運営費,国立研究開発法人土木研究所運営費交付金,92,一部⑨,50%,46,上記以外の国交省支出は道路・河川等で外部効果を持つ部分が混在
国土交通省,国立研究開発法人土木研究所施設整備費,国立研究開発法人土木研究所施設整備費補助金,3,一部⑨,50%,1,上記以外の国交省支出は道路・河川等で外部効果を持つ部分が混在
国土交通省,国立研究開発法人建築研究所運営費,国立研究開発法人建築研究所運営費交付金,21,一部⑨,50%,10,上記以外の国交省支出は道路・河川等で外部効果を持つ部分が混在
国土交通省,国立研究開発法人海上・港湾・航空技術研究所運営費,国立研究開発法人海上・港湾・航空技術研究所運営費交付金,56,一部⑧/一部⑨,50%,28,港湾は自然独占的インフラ（⑧）かつ物流の外部効果（⑨）を持つ
国土交通省,国立研究開発法人海上・港湾・航空技術研究所施設整備費,国立研究開発法人海上・港湾・航空技術研究所施設整備費補助金,1,一部⑧/一部⑨,50%,0,港湾は自然独占的インフラ（⑧）かつ物流の外部効果（⑨）を持つ
国土交通省,独立行政法人自動車技術総合機構運営費,独立行政法人自動車技術総合機構一般勘定運営費交付金,8,一部⑨,50%,4,上記以外の国交省支出は道路・河川等で外部効果を持つ部分が混在
国土交通省,情報化推進費,情報処理業務庁費,6,一部⑨,50%,3,上記以外の国交省支出は道路・河川等で外部効果を持つ部分が混在
国土交通省,国際協力費,職員旅費,1,一部⑨,50%,0,上記以外の国交省支出は道路・河川等で外部効果を持つ部分が混在
国土交通省,国際協力費,庁費,1,一部⑨,50%,0,上記以外の国交省支出は道路・河川等で外部効果を持つ部分が混在
国土交通省,国際協力費,政府開発援助庁費,1,一部⑨,50%,0,上記以外の国交省支出は道路・河川等で外部効果を持つ部分が混在
国土交通省,国際協力費,政府開発援助経済協力調査委託費,1,一部⑨,50%,0,上記以外の国交省支出は道路・河川等で外部効果を持つ部分が混在
国土交通省,国際協力費,経済協力調査委託費,6,一部⑨,50%,3,上記以外の国交省支出は道路・河川等で外部効果を持つ部分が混在
国土交通省,国際協力費,国際交通フォーラム拠出金,1,一部⑨,50%,0,上記以外の国交省支出は道路・河川等で外部効果を持つ部分が混在
国土交通省,官庁施設保全等推進費,官庁施設保全等推進調査費,1,一部⑨,50%,0,上記以外の国交省支出は道路・河川等で外部効果を持つ部分が混在
国土交通省,官庁営繕費,施設施工旅費,1,一部⑨,50%,0,上記以外の国交省支出は道路・河川等で外部効果を持つ部分が混在
国土交通省,官庁営繕費,施設施工庁費,21,一部⑨,50%,10,上記以外の国交省支出は道路・河川等で外部効果を持つ部分が混在
国土交通省,官庁営繕費,施設整備費,149,一部⑨,50%,74,上記以外の国交省支出は道路・河川等で外部効果を持つ部分が混在
国土交通省,官庁営繕費,不動産購入費,10,一部⑨,50%,5,上記以外の国交省支出は道路・河川等で外部効果を持つ部分が混在
国土交通省,附帯・受託工事費,附帯工事費,132,一部⑨,50%,66,上記以外の国交省支出は道路・河川等で外部効果を持つ部分が混在
国土交通省,附帯・受託工事費,道路附属物等復旧費,25,一部⑨,50%,12,上記以外の国交省支出は道路・河川等で外部効果を持つ部分が混在
国土交通省,附帯・受託工事費,受託工事費,385,一部⑨,50%,192,上記以外の国交省支出は道路・河川等で外部効果を持つ部分が混在
国土交通省,附帯・受託工事費,精算還付金,1,一部⑨,50%,0,上記以外の国交省支出は道路・河川等で外部効果を持つ部分が混在
国土交通省,電気事業者等工事費負担金還付金,電気事業者等工事費負担金還付金,30,一部⑨,50%,15,上記以外の国交省支出は道路・河川等で外部効果を持つ部分が混在
国土交通省,治水海岸事業調査諸費,職員旅費,1,⑨,100%,1,河川の洪水制御は上流・下流間の外部効果。個人では対処不可能
国土交通省,治水海岸事業調査諸費,庁費,1,⑨,100%,1,河川の洪水制御は上流・下流間の外部効果。個人では対処不可能
国土交通省,港湾事業調査諸費,庁費,1,一部⑧/一部⑨,50%,0,港湾は自然独占的インフラ（⑧）かつ物流の外部効果（⑨）を持つ
国土交通省,住宅建設事業調査諸費,庁費,1,該当なし,0%,0,住宅政策は市場歪曲。民間市場で供給可能
国土交通省,上下水道事業調査諸費,庁費,1,一部⑨,50%,0,上記以外の国交省支出は道路・河川等で外部効果を持つ部分が混在
国土交通省,河川等災害復旧事業費,河川等災害復旧費,68,⑨,100%,68,自然災害対策は個人では対処できない広域外部効果
国土交通省,河川等災害復旧事業費,道路災害復旧費,36,⑨,100%,36,自然災害対策は個人では対処できない広域外部効果
国土交通省,河川等災害復旧事業費,港湾災害復旧費,5,⑨,100%,5,自然災害対策は個人では対処できない広域外部効果
国土交通省,河川等災害復旧事業費,都市災害復旧事業費補助,2,⑨,100%,2,自然災害対策は個人では対処できない広域外部効果
国土交通省,河川等災害復旧事業費,河川等災害復旧事業費補助,117,⑨,100%,117,自然災害対策は個人では対処できない広域外部効果
国土交通省,河川等災害復旧事業費,港湾施設災害復旧事業費補助,6,⑨,100%,6,自然災害対策は個人では対処できない広域外部効果
国土交通省,住宅施設災害復旧事業費,住宅施設災害復旧事業費補助,1,⑨,100%,1,自然災害対策は個人では対処できない広域外部効果
国土交通省,鉄道施設災害復旧事業費,鉄道施設災害復旧事業費補助,10,⑨,100%,10,自然災害対策は個人では対処できない広域外部効果
国土交通省,河川等災害関連事業費,河川等災害関連事業費,108,⑨,100%,108,自然災害対策は個人では対処できない広域外部効果
国土交通省,河川等災害関連事業費,河川等災害関連事業費補助,44,⑨,100%,44,自然災害対策は個人では対処できない広域外部効果
国土交通省,河川等災害関連事業費,災害関連緊急砂防等事業費補助,22,⑨,100%,22,自然災害対策は個人では対処できない広域外部効果
国土交通省,河川等災害関連事業費,後進地域特例法適用団体補助率差額,5,⑨,100%,5,自然災害対策は個人では対処できない広域外部効果
国土交通省,自動車重量税業務取扱費自動車安全特別会計へ繰入,自動車重量税業務取扱費財源自動車安全特別会計へ繰入,3,一部⑨,50%,1,上記以外の国交省支出は道路・河川等で外部効果を持つ部分が混在
国土交通省,国土技術政策総合研究所共通費,職員基本給,16,一部⑨,50%,8,上記以外の国交省支出は道路・河川等で外部効果を持つ部分が混在
国土交通省,国土技術政策総合研究所共通費,職員諸手当,10,一部⑨,50%,5,上記以外の国交省支出は道路・河川等で外部効果を持つ部分が混在
国土交通省,国土技術政策総合研究所共通費,庁費,5,一部⑨,50%,2,上記以外の国交省支出は道路・河川等で外部効果を持つ部分が混在
国土交通省,国土技術政策総合研究所共通費,試験研究費,1,一部⑨,50%,0,上記以外の国交省支出は道路・河川等で外部効果を持つ部分が混在
国土交通省,国土技術政策総合研究所施設費,施設施工庁費,1,一部⑨,50%,0,上記以外の国交省支出は道路・河川等で外部効果を持つ部分が混在
国土交通省,技術研究開発推進費,試験研究費,4,一部⑨,50%,2,上記以外の国交省支出は道路・河川等で外部効果を持つ部分が混在
国土交通省,治水海岸事業工事諸費,職員基本給,2,⑨,100%,2,河川の洪水制御は上流・下流間の外部効果。個人では対処不可能
国土交通省,治水海岸事業工事諸費,職員諸手当,1,⑨,100%,1,河川の洪水制御は上流・下流間の外部効果。個人では対処不可能
国土交通省,治水海岸事業工事諸費,庁費,1,⑨,100%,1,河川の洪水制御は上流・下流間の外部効果。個人では対処不可能
国土交通省,治水海岸事業工事諸費,工事雑費,2,⑨,100%,2,河川の洪水制御は上流・下流間の外部効果。個人では対処不可能
国土交通省,治水海岸事業工事諸費,国家公務員共済組合負担金,1,⑨,100%,1,河川の洪水制御は上流・下流間の外部効果。個人では対処不可能
国土交通省,道路整備事業工事諸費,職員基本給,1,一部⑨,50%,0,幹線道路は正の外部効果を持つが、受益者負担の可能な部分も含む
国土交通省,道路整備事業工事諸費,庁費,1,一部⑨,50%,0,幹線道路は正の外部効果を持つが、受益者負担の可能な部分も含む
国土交通省,道路整備事業工事諸費,工事雑費,2,一部⑨,50%,1,幹線道路は正の外部効果を持つが、受益者負担の可能な部分も含む
国土交通省,道路整備事業工事諸費,国家公務員共済組合負担金,1,一部⑨,50%,0,幹線道路は正の外部効果を持つが、受益者負担の可能な部分も含む
国土交通省,港湾空港整備事業工事諸費,工事雑費,1,一部⑧,50%,0,空港インフラの一部は自然独占的だが民間参入可能な部分も含む
国土交通省,国土地理院共通費,職員基本給,31,一部⑨,50%,15,上記以外の国交省支出は道路・河川等で外部効果を持つ部分が混在
国土交通省,国土地理院共通費,職員諸手当,15,一部⑨,50%,7,上記以外の国交省支出は道路・河川等で外部効果を持つ部分が混在
国土交通省,国土地理院共通費,超過勤務手当,2,一部⑨,50%,1,上記以外の国交省支出は道路・河川等で外部効果を持つ部分が混在
国土交通省,国土地理院共通費,短時間勤務職員給与,1,一部⑨,50%,0,上記以外の国交省支出は道路・河川等で外部効果を持つ部分が混在
国土交通省,国土地理院共通費,庁費,3,一部⑨,50%,1,上記以外の国交省支出は道路・河川等で外部効果を持つ部分が混在
国土交通省,国土地理院施設費,施設整備費,1,一部⑨,50%,0,上記以外の国交省支出は道路・河川等で外部効果を持つ部分が混在
国土交通省,災害情報整備推進費,測量庁費,5,⑨,100%,5,自然災害対策は個人では対処できない広域外部効果
国土交通省,地理空間情報整備・活用等推進費,職員旅費,1,一部⑨,50%,0,上記以外の国交省支出は道路・河川等で外部効果を持つ部分が混在
国土交通省,地理空間情報整備・活用等推進費,測量庁費,14,一部⑨,50%,7,上記以外の国交省支出は道路・河川等で外部効果を持つ部分が混在
国土交通省,地理空間情報整備・活用等推進費,先端技術活用測量庁費,12,一部⑨,50%,6,上記以外の国交省支出は道路・河川等で外部効果を持つ部分が混在
国土交通省,技術研究開発推進費,地理地殻活動研究調査費,1,一部⑨,50%,0,上記以外の国交省支出は道路・河川等で外部効果を持つ部分が混在
国土交通省,海難審判所共通費,職員基本給,4,一部⑨,50%,2,上記以外の国交省支出は道路・河川等で外部効果を持つ部分が混在
国土交通省,海難審判所共通費,職員諸手当,3,一部⑨,50%,1,上記以外の国交省支出は道路・河川等で外部効果を持つ部分が混在
国土交通省,海難審判所共通費,庁費,1,一部⑨,50%,0,上記以外の国交省支出は道路・河川等で外部効果を持つ部分が混在
国土交通省,海難審判所共通費,土地建物借料,1,一部⑨,50%,0,上記以外の国交省支出は道路・河川等で外部効果を持つ部分が混在
国土交通省,地方整備局共通費,職員基本給,194,一部⑨,50%,97,上記以外の国交省支出は道路・河川等で外部効果を持つ部分が混在
国土交通省,地方整備局共通費,職員諸手当,105,一部⑨,50%,52,上記以外の国交省支出は道路・河川等で外部効果を持つ部分が混在
国土交通省,地方整備局共通費,超過勤務手当,15,一部⑨,50%,7,上記以外の国交省支出は道路・河川等で外部効果を持つ部分が混在
国土交通省,地方整備局共通費,短時間勤務職員給与,2,一部⑨,50%,1,上記以外の国交省支出は道路・河川等で外部効果を持つ部分が混在
国土交通省,地方整備局共通費,児童手当,3,一部⑨,50%,1,上記以外の国交省支出は道路・河川等で外部効果を持つ部分が混在
国土交通省,地方整備局共通費,庁費,25,一部⑨,50%,12,上記以外の国交省支出は道路・河川等で外部効果を持つ部分が混在
国土交通省,地方整備局共通費,移転費,1,一部⑨,50%,0,上記以外の国交省支出は道路・河川等で外部効果を持つ部分が混在
国土交通省,地方整備局共通費,土地建物借料,2,一部⑨,50%,1,上記以外の国交省支出は道路・河川等で外部効果を持つ部分が混在
国土交通省,地方整備局共通費,公共施設等維持管理運営費,2,一部⑨,50%,1,上記以外の国交省支出は道路・河川等で外部効果を持つ部分が混在
国土交通省,地方整備推進費,情報処理業務庁費,4,一部⑨,50%,2,上記以外の国交省支出は道路・河川等で外部効果を持つ部分が混在
国土交通省,地方整備推進費,資格検定国家試験費,2,一部⑨,50%,1,上記以外の国交省支出は道路・河川等で外部効果を持つ部分が混在
国土交通省,治水海岸事業工事諸費,職員基本給,297,⑨,100%,297,河川の洪水制御は上流・下流間の外部効果。個人では対処不可能
国土交通省,治水海岸事業工事諸費,職員諸手当,157,⑨,100%,157,河川の洪水制御は上流・下流間の外部効果。個人では対処不可能
国土交通省,治水海岸事業工事諸費,超過勤務手当,30,⑨,100%,30,河川の洪水制御は上流・下流間の外部効果。個人では対処不可能
国土交通省,治水海岸事業工事諸費,休職者給与,3,⑨,100%,3,河川の洪水制御は上流・下流間の外部効果。個人では対処不可能
国土交通省,治水海岸事業工事諸費,短時間勤務職員給与,11,⑨,100%,11,河川の洪水制御は上流・下流間の外部効果。個人では対処不可能
国土交通省,治水海岸事業工事諸費,公務災害補償費,1,⑨,100%,1,河川の洪水制御は上流・下流間の外部効果。個人では対処不可能
国土交通省,治水海岸事業工事諸費,退職手当,33,⑨,100%,33,河川の洪水制御は上流・下流間の外部効果。個人では対処不可能
国土交通省,治水海岸事業工事諸費,児童手当,5,⑨,100%,5,河川の洪水制御は上流・下流間の外部効果。個人では対処不可能
国土交通省,治水海岸事業工事諸費,諸謝金,1,⑨,100%,1,河川の洪水制御は上流・下流間の外部効果。個人では対処不可能
国土交通省,治水海岸事業工事諸費,職員旅費,3,⑨,100%,3,河川の洪水制御は上流・下流間の外部効果。個人では対処不可能
国土交通省,治水海岸事業工事諸費,工事施行旅費,3,⑨,100%,3,河川の洪水制御は上流・下流間の外部効果。個人では対処不可能
国土交通省,治水海岸事業工事諸費,赴任旅費,3,⑨,100%,3,河川の洪水制御は上流・下流間の外部効果。個人では対処不可能
国土交通省,治水海岸事業工事諸費,庁費,13,⑨,100%,13,河川の洪水制御は上流・下流間の外部効果。個人では対処不可能
国土交通省,治水海岸事業工事諸費,情報処理業務庁費,15,⑨,100%,15,河川の洪水制御は上流・下流間の外部効果。個人では対処不可能
国土交通省,治水海岸事業工事諸費,車両費,29,⑨,100%,29,河川の洪水制御は上流・下流間の外部効果。個人では対処不可能
国土交通省,治水海岸事業工事諸費,広報費,23,⑨,100%,23,河川の洪水制御は上流・下流間の外部効果。個人では対処不可能
国土交通省,治水海岸事業工事諸費,電子計算機借料,5,⑨,100%,5,河川の洪水制御は上流・下流間の外部効果。個人では対処不可能
国土交通省,治水海岸事業工事諸費,工事雑費,98,⑨,100%,98,河川の洪水制御は上流・下流間の外部効果。個人では対処不可能
国土交通省,治水海岸事業工事諸費,自動車重量税,1,⑨,100%,1,河川の洪水制御は上流・下流間の外部効果。個人では対処不可能
国土交通省,治水海岸事業工事諸費,国家公務員共済組合負担金,111,⑨,100%,111,河川の洪水制御は上流・下流間の外部効果。個人では対処不可能
国土交通省,治水海岸事業工事諸費,国有資産所在市町村交付金,65,⑨,100%,65,河川の洪水制御は上流・下流間の外部効果。個人では対処不可能
国土交通省,治水海岸事業工事諸費,賠償償還及払戻金,2,⑨,100%,2,河川の洪水制御は上流・下流間の外部効果。個人では対処不可能
国土交通省,治水海岸事業工事諸費,精算還付金,1,⑨,100%,1,河川の洪水制御は上流・下流間の外部効果。個人では対処不可能
国土交通省,道路整備事業工事諸費,職員基本給,276,一部⑨,50%,138,幹線道路は正の外部効果を持つが、受益者負担の可能な部分も含む
国土交通省,道路整備事業工事諸費,職員諸手当,144,一部⑨,50%,72,幹線道路は正の外部効果を持つが、受益者負担の可能な部分も含む
国土交通省,道路整備事業工事諸費,超過勤務手当,35,一部⑨,50%,17,幹線道路は正の外部効果を持つが、受益者負担の可能な部分も含む
国土交通省,道路整備事業工事諸費,休職者給与,2,一部⑨,50%,1,幹線道路は正の外部効果を持つが、受益者負担の可能な部分も含む
国土交通省,道路整備事業工事諸費,短時間勤務職員給与,11,一部⑨,50%,5,幹線道路は正の外部効果を持つが、受益者負担の可能な部分も含む
国土交通省,道路整備事業工事諸費,公務災害補償費,1,一部⑨,50%,0,幹線道路は正の外部効果を持つが、受益者負担の可能な部分も含む
国土交通省,道路整備事業工事諸費,退職手当,30,一部⑨,50%,15,幹線道路は正の外部効果を持つが、受益者負担の可能な部分も含む
国土交通省,道路整備事業工事諸費,児童手当,4,一部⑨,50%,2,幹線道路は正の外部効果を持つが、受益者負担の可能な部分も含む
国土交通省,道路整備事業工事諸費,諸謝金,1,一部⑨,50%,0,幹線道路は正の外部効果を持つが、受益者負担の可能な部分も含む
国土交通省,道路整備事業工事諸費,職員旅費,3,一部⑨,50%,1,幹線道路は正の外部効果を持つが、受益者負担の可能な部分も含む
国土交通省,道路整備事業工事諸費,工事施行旅費,2,一部⑨,50%,1,幹線道路は正の外部効果を持つが、受益者負担の可能な部分も含む
国土交通省,道路整備事業工事諸費,赴任旅費,3,一部⑨,50%,1,幹線道路は正の外部効果を持つが、受益者負担の可能な部分も含む
国土交通省,道路整備事業工事諸費,庁費,12,一部⑨,50%,6,幹線道路は正の外部効果を持つが、受益者負担の可能な部分も含む
国土交通省,道路整備事業工事諸費,情報処理業務庁費,15,一部⑨,50%,7,幹線道路は正の外部効果を持つが、受益者負担の可能な部分も含む
国土交通省,道路整備事業工事諸費,車両費,28,一部⑨,50%,14,幹線道路は正の外部効果を持つが、受益者負担の可能な部分も含む
国土交通省,道路整備事業工事諸費,広報費,16,一部⑨,50%,8,幹線道路は正の外部効果を持つが、受益者負担の可能な部分も含む
国土交通省,道路整備事業工事諸費,電子計算機借料,6,一部⑨,50%,3,幹線道路は正の外部効果を持つが、受益者負担の可能な部分も含む
国土交通省,道路整備事業工事諸費,工事雑費,117,一部⑨,50%,58,幹線道路は正の外部効果を持つが、受益者負担の可能な部分も含む
国土交通省,道路整備事業工事諸費,公共施設等維持管理運営費,1,一部⑨,50%,0,幹線道路は正の外部効果を持つが、受益者負担の可能な部分も含む
国土交通省,道路整備事業工事諸費,自動車重量税,1,一部⑨,50%,0,幹線道路は正の外部効果を持つが、受益者負担の可能な部分も含む
国土交通省,道路整備事業工事諸費,用地事務委託費,1,一部⑨,50%,0,幹線道路は正の外部効果を持つが、受益者負担の可能な部分も含む
国土交通省,道路整備事業工事諸費,国家公務員共済組合負担金,102,一部⑨,50%,51,幹線道路は正の外部効果を持つが、受益者負担の可能な部分も含む
国土交通省,道路整備事業工事諸費,国有資産所在市町村交付金,1,一部⑨,50%,0,幹線道路は正の外部効果を持つが、受益者負担の可能な部分も含む
国土交通省,道路整備事業工事諸費,賠償償還及払戻金,5,一部⑨,50%,2,幹線道路は正の外部効果を持つが、受益者負担の可能な部分も含む
国土交通省,港湾空港整備事業工事諸費,職員基本給,68,一部⑧,50%,34,空港インフラの一部は自然独占的だが民間参入可能な部分も含む
国土交通省,港湾空港整備事業工事諸費,職員諸手当,37,一部⑧,50%,18,空港インフラの一部は自然独占的だが民間参入可能な部分も含む
国土交通省,港湾空港整備事業工事諸費,超過勤務手当,7,一部⑧,50%,3,空港インフラの一部は自然独占的だが民間参入可能な部分も含む
国土交通省,港湾空港整備事業工事諸費,休職者給与,1,一部⑧,50%,0,空港インフラの一部は自然独占的だが民間参入可能な部分も含む
国土交通省,港湾空港整備事業工事諸費,短時間勤務職員給与,3,一部⑧,50%,1,空港インフラの一部は自然独占的だが民間参入可能な部分も含む
国土交通省,港湾空港整備事業工事諸費,公務災害補償費,1,一部⑧,50%,0,空港インフラの一部は自然独占的だが民間参入可能な部分も含む
国土交通省,港湾空港整備事業工事諸費,退職手当,9,一部⑧,50%,4,空港インフラの一部は自然独占的だが民間参入可能な部分も含む
国土交通省,港湾空港整備事業工事諸費,児童手当,1,一部⑧,50%,0,空港インフラの一部は自然独占的だが民間参入可能な部分も含む
国土交通省,港湾空港整備事業工事諸費,職員旅費,1,一部⑧,50%,0,空港インフラの一部は自然独占的だが民間参入可能な部分も含む
国土交通省,港湾空港整備事業工事諸費,工事施行旅費,1,一部⑧,50%,0,空港インフラの一部は自然独占的だが民間参入可能な部分も含む
国土交通省,港湾空港整備事業工事諸費,赴任旅費,1,一部⑧,50%,0,空港インフラの一部は自然独占的だが民間参入可能な部分も含む
国土交通省,港湾空港整備事業工事諸費,庁費,8,一部⑧,50%,4,空港インフラの一部は自然独占的だが民間参入可能な部分も含む
国土交通省,港湾空港整備事業工事諸費,情報処理業務庁費,2,一部⑧,50%,1,空港インフラの一部は自然独占的だが民間参入可能な部分も含む
国土交通省,港湾空港整備事業工事諸費,車両費,4,一部⑧,50%,2,空港インフラの一部は自然独占的だが民間参入可能な部分も含む
国土交通省,港湾空港整備事業工事諸費,広報費,1,一部⑧,50%,0,空港インフラの一部は自然独占的だが民間参入可能な部分も含む
国土交通省,港湾空港整備事業工事諸費,工事雑費,23,一部⑧,50%,11,空港インフラの一部は自然独占的だが民間参入可能な部分も含む
国土交通省,港湾空港整備事業工事諸費,国家公務員共済組合負担金,26,一部⑧,50%,13,空港インフラの一部は自然独占的だが民間参入可能な部分も含む
国土交通省,都市環境整備事業工事諸費,職員基本給,21,該当なし,0%,0,都市開発補助は産業・地域政策。土地の私有化と市場で対応可能
国土交通省,都市環境整備事業工事諸費,職員諸手当,10,該当なし,0%,0,都市開発補助は産業・地域政策。土地の私有化と市場で対応可能
国土交通省,都市環境整備事業工事諸費,超過勤務手当,4,該当なし,0%,0,都市開発補助は産業・地域政策。土地の私有化と市場で対応可能
国土交通省,都市環境整備事業工事諸費,休職者給与,1,該当なし,0%,0,都市開発補助は産業・地域政策。土地の私有化と市場で対応可能
国土交通省,都市環境整備事業工事諸費,退職手当,4,該当なし,0%,0,都市開発補助は産業・地域政策。土地の私有化と市場で対応可能
国土交通省,都市環境整備事業工事諸費,庁費,3,該当なし,0%,0,都市開発補助は産業・地域政策。土地の私有化と市場で対応可能
国土交通省,都市環境整備事業工事諸費,情報処理業務庁費,3,該当なし,0%,0,都市開発補助は産業・地域政策。土地の私有化と市場で対応可能
国土交通省,都市環境整備事業工事諸費,車両費,6,該当なし,0%,0,都市開発補助は産業・地域政策。土地の私有化と市場で対応可能
国土交通省,都市環境整備事業工事諸費,広報費,5,該当なし,0%,0,都市開発補助は産業・地域政策。土地の私有化と市場で対応可能
国土交通省,都市環境整備事業工事諸費,電子計算機借料,1,該当なし,0%,0,都市開発補助は産業・地域政策。土地の私有化と市場で対応可能
国土交通省,都市環境整備事業工事諸費,工事雑費,21,該当なし,0%,0,都市開発補助は産業・地域政策。土地の私有化と市場で対応可能
国土交通省,都市環境整備事業工事諸費,国家公務員共済組合負担金,9,該当なし,0%,0,都市開発補助は産業・地域政策。土地の私有化と市場で対応可能
国土交通省,国営公園等事業工事諸費,職員基本給,6,一部⑨,50%,3,上記以外の国交省支出は道路・河川等で外部効果を持つ部分が混在
国土交通省,国営公園等事業工事諸費,職員諸手当,3,一部⑨,50%,1,上記以外の国交省支出は道路・河川等で外部効果を持つ部分が混在
国土交通省,国営公園等事業工事諸費,超過勤務手当,1,一部⑨,50%,0,上記以外の国交省支出は道路・河川等で外部効果を持つ部分が混在
国土交通省,国営公園等事業工事諸費,退職手当,2,一部⑨,50%,1,上記以外の国交省支出は道路・河川等で外部効果を持つ部分が混在
国土交通省,国営公園等事業工事諸費,車両費,1,一部⑨,50%,0,上記以外の国交省支出は道路・河川等で外部効果を持つ部分が混在
国土交通省,国営公園等事業工事諸費,工事雑費,2,一部⑨,50%,1,上記以外の国交省支出は道路・河川等で外部効果を持つ部分が混在
国土交通省,国営公園等事業工事諸費,国家公務員共済組合負担金,2,一部⑨,50%,1,上記以外の国交省支出は道路・河川等で外部効果を持つ部分が混在
国土交通省,河川等災害復旧事業等工事諸費,超過勤務手当,1,⑨,100%,1,自然災害対策は個人では対処できない広域外部効果
国土交通省,河川等災害復旧事業等工事諸費,工事雑費,7,⑨,100%,7,自然災害対策は個人では対処できない広域外部効果
国土交通省,河川等災害復旧事業等工事諸費,精算還付金,2,⑨,100%,2,自然災害対策は個人では対処できない広域外部効果
国土交通省,北海道開発局共通費,職員基本給,59,一部⑨,50%,29,上記以外の国交省支出は道路・河川等で外部効果を持つ部分が混在
国土交通省,北海道開発局共通費,職員諸手当,35,一部⑨,50%,17,上記以外の国交省支出は道路・河川等で外部効果を持つ部分が混在
国土交通省,北海道開発局共通費,超過勤務手当,4,一部⑨,50%,2,上記以外の国交省支出は道路・河川等で外部効果を持つ部分が混在
国土交通省,北海道開発局共通費,非常勤職員手当,1,一部⑨,50%,0,上記以外の国交省支出は道路・河川等で外部効果を持つ部分が混在
国土交通省,北海道開発局共通費,短時間勤務職員給与,2,一部⑨,50%,1,上記以外の国交省支出は道路・河川等で外部効果を持つ部分が混在
国土交通省,北海道開発局共通費,児童手当,1,一部⑨,50%,0,上記以外の国交省支出は道路・河川等で外部効果を持つ部分が混在
国土交通省,北海道開発局共通費,庁費,3,一部⑨,50%,1,上記以外の国交省支出は道路・河川等で外部効果を持つ部分が混在
国土交通省,北海道治水海岸事業工事諸費,職員基本給,31,⑨,100%,31,河川の洪水制御は上流・下流間の外部効果。個人では対処不可能
国土交通省,北海道治水海岸事業工事諸費,職員諸手当,18,⑨,100%,18,河川の洪水制御は上流・下流間の外部効果。個人では対処不可能
国土交通省,北海道治水海岸事業工事諸費,超過勤務手当,3,⑨,100%,3,河川の洪水制御は上流・下流間の外部効果。個人では対処不可能
国土交通省,北海道治水海岸事業工事諸費,短時間勤務職員給与,2,⑨,100%,2,河川の洪水制御は上流・下流間の外部効果。個人では対処不可能
国土交通省,北海道治水海岸事業工事諸費,退職手当,3,⑨,100%,3,河川の洪水制御は上流・下流間の外部効果。個人では対処不可能
国土交通省,北海道治水海岸事業工事諸費,職員旅費,1,⑨,100%,1,河川の洪水制御は上流・下流間の外部効果。個人では対処不可能
国土交通省,北海道治水海岸事業工事諸費,赴任旅費,1,⑨,100%,1,河川の洪水制御は上流・下流間の外部効果。個人では対処不可能
国土交通省,北海道治水海岸事業工事諸費,情報処理業務庁費,1,⑨,100%,1,河川の洪水制御は上流・下流間の外部効果。個人では対処不可能
国土交通省,北海道治水海岸事業工事諸費,車両費,4,⑨,100%,4,河川の洪水制御は上流・下流間の外部効果。個人では対処不可能
国土交通省,北海道治水海岸事業工事諸費,広報費,1,⑨,100%,1,河川の洪水制御は上流・下流間の外部効果。個人では対処不可能
国土交通省,北海道治水海岸事業工事諸費,電子計算機借料,1,⑨,100%,1,河川の洪水制御は上流・下流間の外部効果。個人では対処不可能
国土交通省,北海道治水海岸事業工事諸費,工事雑費,15,⑨,100%,15,河川の洪水制御は上流・下流間の外部効果。個人では対処不可能
国土交通省,北海道治水海岸事業工事諸費,国家公務員共済組合負担金,11,⑨,100%,11,河川の洪水制御は上流・下流間の外部効果。個人では対処不可能
国土交通省,北海道治水海岸事業工事諸費,国有資産所在市町村交付金,2,⑨,100%,2,河川の洪水制御は上流・下流間の外部効果。個人では対処不可能
国土交通省,北海道道路整備事業工事諸費,職員基本給,56,一部⑨,50%,28,幹線道路は正の外部効果を持つが、受益者負担の可能な部分も含む
国土交通省,北海道道路整備事業工事諸費,職員諸手当,33,一部⑨,50%,16,幹線道路は正の外部効果を持つが、受益者負担の可能な部分も含む
国土交通省,北海道道路整備事業工事諸費,超過勤務手当,5,一部⑨,50%,2,幹線道路は正の外部効果を持つが、受益者負担の可能な部分も含む
国土交通省,北海道道路整備事業工事諸費,短時間勤務職員給与,2,一部⑨,50%,1,幹線道路は正の外部効果を持つが、受益者負担の可能な部分も含む
国土交通省,北海道道路整備事業工事諸費,退職手当,9,一部⑨,50%,4,幹線道路は正の外部効果を持つが、受益者負担の可能な部分も含む
国土交通省,北海道道路整備事業工事諸費,児童手当,1,一部⑨,50%,0,幹線道路は正の外部効果を持つが、受益者負担の可能な部分も含む
国土交通省,北海道道路整備事業工事諸費,職員旅費,1,一部⑨,50%,0,幹線道路は正の外部効果を持つが、受益者負担の可能な部分も含む
国土交通省,北海道道路整備事業工事諸費,工事施行旅費,1,一部⑨,50%,0,幹線道路は正の外部効果を持つが、受益者負担の可能な部分も含む
国土交通省,北海道道路整備事業工事諸費,赴任旅費,1,一部⑨,50%,0,幹線道路は正の外部効果を持つが、受益者負担の可能な部分も含む
国土交通省,北海道道路整備事業工事諸費,庁費,2,一部⑨,50%,1,幹線道路は正の外部効果を持つが、受益者負担の可能な部分も含む
国土交通省,北海道道路整備事業工事諸費,情報処理業務庁費,2,一部⑨,50%,1,幹線道路は正の外部効果を持つが、受益者負担の可能な部分も含む
国土交通省,北海道道路整備事業工事諸費,車両費,7,一部⑨,50%,3,幹線道路は正の外部効果を持つが、受益者負担の可能な部分も含む
国土交通省,北海道道路整備事業工事諸費,広報費,1,一部⑨,50%,0,幹線道路は正の外部効果を持つが、受益者負担の可能な部分も含む
国土交通省,北海道道路整備事業工事諸費,電子計算機借料,1,一部⑨,50%,0,幹線道路は正の外部効果を持つが、受益者負担の可能な部分も含む
国土交通省,北海道道路整備事業工事諸費,工事雑費,24,一部⑨,50%,12,幹線道路は正の外部効果を持つが、受益者負担の可能な部分も含む
国土交通省,北海道道路整備事業工事諸費,自動車重量税,1,一部⑨,50%,0,幹線道路は正の外部効果を持つが、受益者負担の可能な部分も含む
国土交通省,北海道道路整備事業工事諸費,国家公務員共済組合負担金,21,一部⑨,50%,10,幹線道路は正の外部効果を持つが、受益者負担の可能な部分も含む
国土交通省,北海道港湾空港整備事業工事諸費,職員基本給,8,一部⑧,50%,4,空港インフラの一部は自然独占的だが民間参入可能な部分も含む
国土交通省,北海道港湾空港整備事業工事諸費,職員諸手当,5,一部⑧,50%,2,空港インフラの一部は自然独占的だが民間参入可能な部分も含む
国土交通省,北海道港湾空港整備事業工事諸費,超過勤務手当,1,一部⑧,50%,0,空港インフラの一部は自然独占的だが民間参入可能な部分も含む
国土交通省,北海道港湾空港整備事業工事諸費,短時間勤務職員給与,1,一部⑧,50%,0,空港インフラの一部は自然独占的だが民間参入可能な部分も含む
国土交通省,北海道港湾空港整備事業工事諸費,退職手当,2,一部⑧,50%,1,空港インフラの一部は自然独占的だが民間参入可能な部分も含む
国土交通省,北海道港湾空港整備事業工事諸費,庁費,1,一部⑧,50%,0,空港インフラの一部は自然独占的だが民間参入可能な部分も含む
国土交通省,北海道港湾空港整備事業工事諸費,車両費,2,一部⑧,50%,1,空港インフラの一部は自然独占的だが民間参入可能な部分も含む
国土交通省,北海道港湾空港整備事業工事諸費,工事雑費,3,一部⑧,50%,1,空港インフラの一部は自然独占的だが民間参入可能な部分も含む
国土交通省,北海道港湾空港整備事業工事諸費,国家公務員共済組合負担金,3,一部⑧,50%,1,空港インフラの一部は自然独占的だが民間参入可能な部分も含む
国土交通省,北海道都市環境整備事業工事諸費,職員基本給,6,該当なし,0%,0,都市開発補助は産業・地域政策。土地の私有化と市場で対応可能
国土交通省,北海道都市環境整備事業工事諸費,職員諸手当,3,該当なし,0%,0,都市開発補助は産業・地域政策。土地の私有化と市場で対応可能
国土交通省,北海道都市環境整備事業工事諸費,超過勤務手当,1,該当なし,0%,0,都市開発補助は産業・地域政策。土地の私有化と市場で対応可能
国土交通省,北海道都市環境整備事業工事諸費,車両費,1,該当なし,0%,0,都市開発補助は産業・地域政策。土地の私有化と市場で対応可能
国土交通省,北海道都市環境整備事業工事諸費,工事雑費,2,該当なし,0%,0,都市開発補助は産業・地域政策。土地の私有化と市場で対応可能
国土交通省,北海道都市環境整備事業工事諸費,国家公務員共済組合負担金,2,該当なし,0%,0,都市開発補助は産業・地域政策。土地の私有化と市場で対応可能
国土交通省,北海道農業農村整備事業等工事諸費,職員基本給,33,一部⑨,50%,16,上記以外の国交省支出は道路・河川等で外部効果を持つ部分が混在
国土交通省,北海道農業農村整備事業等工事諸費,職員諸手当,19,一部⑨,50%,9,上記以外の国交省支出は道路・河川等で外部効果を持つ部分が混在
国土交通省,北海道農業農村整備事業等工事諸費,超過勤務手当,3,一部⑨,50%,1,上記以外の国交省支出は道路・河川等で外部効果を持つ部分が混在
国土交通省,北海道農業農村整備事業等工事諸費,短時間勤務職員給与,2,一部⑨,50%,1,上記以外の国交省支出は道路・河川等で外部効果を持つ部分が混在
国土交通省,北海道農業農村整備事業等工事諸費,退職手当,2,一部⑨,50%,1,上記以外の国交省支出は道路・河川等で外部効果を持つ部分が混在
国土交通省,北海道農業農村整備事業等工事諸費,職員旅費,1,一部⑨,50%,0,上記以外の国交省支出は道路・河川等で外部効果を持つ部分が混在
国土交通省,北海道農業農村整備事業等工事諸費,赴任旅費,1,一部⑨,50%,0,上記以外の国交省支出は道路・河川等で外部効果を持つ部分が混在
国土交通省,北海道農業農村整備事業等工事諸費,庁費,2,一部⑨,50%,1,上記以外の国交省支出は道路・河川等で外部効果を持つ部分が混在
国土交通省,北海道農業農村整備事業等工事諸費,情報処理業務庁費,1,一部⑨,50%,0,上記以外の国交省支出は道路・河川等で外部効果を持つ部分が混在
国土交通省,北海道農業農村整備事業等工事諸費,車両費,5,一部⑨,50%,2,上記以外の国交省支出は道路・河川等で外部効果を持つ部分が混在
国土交通省,北海道農業農村整備事業等工事諸費,工事雑費,10,一部⑨,50%,5,上記以外の国交省支出は道路・河川等で外部効果を持つ部分が混在
国土交通省,北海道農業農村整備事業等工事諸費,国家公務員共済組合負担金,12,一部⑨,50%,6,上記以外の国交省支出は道路・河川等で外部効果を持つ部分が混在
国土交通省,北海道災害復旧事業等工事諸費,工事雑費,1,⑨,100%,1,自然災害対策は個人では対処できない広域外部効果
国土交通省,地方運輸局共通費,職員基本給,123,一部⑨,50%,61,上記以外の国交省支出は道路・河川等で外部効果を持つ部分が混在
国土交通省,地方運輸局共通費,職員諸手当,69,一部⑨,50%,34,上記以外の国交省支出は道路・河川等で外部効果を持つ部分が混在
国土交通省,地方運輸局共通費,超過勤務手当,7,一部⑨,50%,3,上記以外の国交省支出は道路・河川等で外部効果を持つ部分が混在
国土交通省,地方運輸局共通費,短時間勤務職員給与,4,一部⑨,50%,2,上記以外の国交省支出は道路・河川等で外部効果を持つ部分が混在
国土交通省,地方運輸局共通費,児童手当,2,一部⑨,50%,1,上記以外の国交省支出は道路・河川等で外部効果を持つ部分が混在
国土交通省,地方運輸局共通費,庁費,15,一部⑨,50%,7,上記以外の国交省支出は道路・河川等で外部効果を持つ部分が混在
国土交通省,地方運輸局共通費,情報処理業務庁費,1,一部⑨,50%,0,上記以外の国交省支出は道路・河川等で外部効果を持つ部分が混在
国土交通省,地方運輸局共通費,移転費,1,一部⑨,50%,0,上記以外の国交省支出は道路・河川等で外部効果を持つ部分が混在
国土交通省,地方運輸行政推進費,職員旅費,3,一部⑨,50%,1,上記以外の国交省支出は道路・河川等で外部効果を持つ部分が混在
国土交通省,地方運輸行政推進費,地域公共交通維持・活性化推進調査費,1,一部⑨,50%,0,上記以外の国交省支出は道路・河川等で外部効果を持つ部分が混在
国土交通省,地方運輸行政推進費,公共交通等安全対策調査費,1,一部⑨,50%,0,上記以外の国交省支出は道路・河川等で外部効果を持つ部分が混在
国土交通省,地方航空局共通費,職員基本給,14,一部⑨,50%,7,上記以外の国交省支出は道路・河川等で外部効果を持つ部分が混在
国土交通省,地方航空局共通費,職員諸手当,8,一部⑨,50%,4,上記以外の国交省支出は道路・河川等で外部効果を持つ部分が混在
国土交通省,地方航空局共通費,超過勤務手当,1,一部⑨,50%,0,上記以外の国交省支出は道路・河川等で外部効果を持つ部分が混在
国土交通省,観光庁共通費,職員基本給,11,一部⑨,50%,5,上記以外の国交省支出は道路・河川等で外部効果を持つ部分が混在
国土交通省,観光庁共通費,職員諸手当,6,一部⑨,50%,3,上記以外の国交省支出は道路・河川等で外部効果を持つ部分が混在
国土交通省,観光庁共通費,超過勤務手当,3,一部⑨,50%,1,上記以外の国交省支出は道路・河川等で外部効果を持つ部分が混在
国土交通省,観光庁共通費,非常勤職員手当,1,一部⑨,50%,0,上記以外の国交省支出は道路・河川等で外部効果を持つ部分が混在
国土交通省,観光庁共通費,庁費,1,一部⑨,50%,0,上記以外の国交省支出は道路・河川等で外部効果を持つ部分が混在
国土交通省,観光振興費,外国人旅行者訪日促進対策庁費,4,一部⑨,50%,2,上記以外の国交省支出は道路・河川等で外部効果を持つ部分が混在
国土交通省,観光振興費,観光振興調査費,13,一部⑨,50%,6,上記以外の国交省支出は道路・河川等で外部効果を持つ部分が混在
国土交通省,観光振興費,訪日外国人旅行者周遊促進事業費補助金,2,一部⑨,50%,1,上記以外の国交省支出は道路・河川等で外部効果を持つ部分が混在
国土交通省,観光振興費,世界観光機関分担金,1,一部⑨,50%,0,上記以外の国交省支出は道路・河川等で外部効果を持つ部分が混在
国土交通省,観光振興費,政府開発援助東南アジア諸国連合貿易投資観光促進センター拠出金,1,一部⑨,50%,0,上記以外の国交省支出は道路・河川等で外部効果を持つ部分が混在
国土交通省,観光振興費,世界観光機関等拠出金,3,一部⑨,50%,1,上記以外の国交省支出は道路・河川等で外部効果を持つ部分が混在
国土交通省,国際観光旅客税財源観光振興費,諸謝金,4,一部⑨,50%,2,上記以外の国交省支出は道路・河川等で外部効果を持つ部分が混在
国土交通省,国際観光旅客税財源観光振興費,職員旅費,2,一部⑨,50%,1,上記以外の国交省支出は道路・河川等で外部効果を持つ部分が混在
国土交通省,国際観光旅客税財源観光振興費,出入国管理業務庁費,128,一部⑨,50%,64,上記以外の国交省支出は道路・河川等で外部効果を持つ部分が混在
国土交通省,国際観光旅客税財源観光振興費,海外邦人安全対策等業務庁費,69,一部⑨,50%,34,上記以外の国交省支出は道路・河川等で外部効果を持つ部分が混在
国土交通省,国際観光旅客税財源観光振興費,政府開発援助海外邦人安全対策等業務庁費,39,一部⑨,50%,19,上記以外の国交省支出は道路・河川等で外部効果を持つ部分が混在
国土交通省,国際観光旅客税財源観光振興費,税関業務特別庁費,71,一部⑨,50%,35,上記以外の国交省支出は道路・河川等で外部効果を持つ部分が混在
国土交通省,国際観光旅客税財源観光振興費,文化資源活用庁費,1,一部⑨,50%,0,上記以外の国交省支出は道路・河川等で外部効果を持つ部分が混在
国土交通省,国際観光旅客税財源観光振興費,施設施工庁費,1,一部⑨,50%,0,上記以外の国交省支出は道路・河川等で外部効果を持つ部分が混在
国土交通省,国際観光旅客税財源観光振興費,国立公園等資源整備庁費,3,一部⑨,50%,1,上記以外の国交省支出は道路・河川等で外部効果を持つ部分が混在
国土交通省,国際観光旅客税財源観光振興費,観光振興調査費,57,一部⑨,50%,28,上記以外の国交省支出は道路・河川等で外部効果を持つ部分が混在
国土交通省,国際観光旅客税財源観光振興費,国立公園等資源整備調査費,100,一部⑨,50%,50,上記以外の国交省支出は道路・河川等で外部効果を持つ部分が混在
国土交通省,国際観光旅客税財源観光振興費,文化資源活用委託費,35,一部⑨,50%,17,上記以外の国交省支出は道路・河川等で外部効果を持つ部分が混在
国土交通省,国際観光旅客税財源観光振興費,施設整備費,42,一部⑨,50%,21,上記以外の国交省支出は道路・河川等で外部効果を持つ部分が混在
国土交通省,国際観光旅客税財源観光振興費,政府開発援助施設整備費,23,一部⑨,50%,11,上記以外の国交省支出は道路・河川等で外部効果を持つ部分が混在
国土交通省,国際観光旅客税財源観光振興費,文化資源活用事業費補助金,158,一部⑨,50%,79,上記以外の国交省支出は道路・河川等で外部効果を持つ部分が混在
国土交通省,国際観光旅客税財源観光振興費,観光振興事業費補助金,329,一部⑨,50%,164,上記以外の国交省支出は道路・河川等で外部効果を持つ部分が混在
国土交通省,国際観光旅客税財源観光振興費,国立公園等資源整備事業費補助金,75,一部⑨,50%,37,上記以外の国交省支出は道路・河川等で外部効果を持つ部分が混在
国土交通省,国際観光旅客税財源観光振興費,空港アクセス鉄道整備費利子補給金,1,一部⑨,50%,0,上記以外の国交省支出は道路・河川等で外部効果を持つ部分が混在
国土交通省,国際観光旅客税財源独立行政法人国立科学博物館施設整備費,独立行政法人国立科学博物館施設整備費補助金,8,一部⑨,50%,4,上記以外の国交省支出は道路・河川等で外部効果を持つ部分が混在
国土交通省,国際観光旅客税財源独立行政法人日本芸術文化振興会施設整備費,独立行政法人日本芸術文化振興会施設整備費補助金,1,一部⑨,50%,0,上記以外の国交省支出は道路・河川等で外部効果を持つ部分が混在
国土交通省,国際観光旅客税財源独立行政法人国立文化財機構施設整備費,独立行政法人国立文化財機構施設整備費補助金,13,一部⑨,50%,6,上記以外の国交省支出は道路・河川等で外部効果を持つ部分が混在
国土交通省,国際観光旅客税財源独立行政法人国立美術館施設整備費,独立行政法人国立美術館施設整備費補助金,3,一部⑨,50%,1,上記以外の国交省支出は道路・河川等で外部効果を持つ部分が混在
国土交通省,独立行政法人国際観光振興機構運営費,独立行政法人国際観光振興機構一般勘定運営費交付金,56,一部⑨,50%,28,上記以外の国交省支出は道路・河川等で外部効果を持つ部分が混在
国土交通省,国際観光旅客税財源独立行政法人国際観光振興機構運営費,独立行政法人国際観光振興機構国際観光旅客税財源勘定運営費交付金,80,一部⑨,50%,40,上記以外の国交省支出は道路・河川等で外部効果を持つ部分が混在
国土交通省,気象官署共通費,職員基本給,206,⑨,100%,206,気象情報は公共財（非競合・非排除）かつ外部効果が極めて大きい
国土交通省,気象官署共通費,職員諸手当,110,⑨,100%,110,気象情報は公共財（非競合・非排除）かつ外部効果が極めて大きい
国土交通省,気象官署共通費,超過勤務手当,24,⑨,100%,24,気象情報は公共財（非競合・非排除）かつ外部効果が極めて大きい
国土交通省,気象官署共通費,休職者給与,2,⑨,100%,2,気象情報は公共財（非競合・非排除）かつ外部効果が極めて大きい
国土交通省,気象官署共通費,国際機関等派遣職員給与,1,⑨,100%,1,気象情報は公共財（非競合・非排除）かつ外部効果が極めて大きい
国土交通省,気象官署共通費,短時間勤務職員給与,2,⑨,100%,2,気象情報は公共財（非競合・非排除）かつ外部効果が極めて大きい
国土交通省,気象官署共通費,児童手当,2,⑨,100%,2,気象情報は公共財（非競合・非排除）かつ外部効果が極めて大きい
国土交通省,気象官署共通費,職員旅費,1,⑨,100%,1,気象情報は公共財（非競合・非排除）かつ外部効果が極めて大きい
国土交通省,気象官署共通費,赴任旅費,2,⑨,100%,2,気象情報は公共財（非競合・非排除）かつ外部効果が極めて大きい
国土交通省,気象官署共通費,庁費,12,⑨,100%,12,気象情報は公共財（非競合・非排除）かつ外部効果が極めて大きい
国土交通省,気象官署共通費,校費,1,⑨,100%,1,気象情報は公共財（非競合・非排除）かつ外部効果が極めて大きい
国土交通省,気象官署共通費,移転費,2,⑨,100%,2,気象情報は公共財（非競合・非排除）かつ外部効果が極めて大きい
国土交通省,気象官署共通費,各所修繕,1,⑨,100%,1,気象情報は公共財（非競合・非排除）かつ外部効果が極めて大きい
国土交通省,気象官署共通費,公共施設等維持管理運営費,4,⑨,100%,4,気象情報は公共財（非競合・非排除）かつ外部効果が極めて大きい
国土交通省,気象官署施設費,施設施工庁費,1,⑨,100%,1,気象情報は公共財（非競合・非排除）かつ外部効果が極めて大きい
国土交通省,観測予報等業務費,職員旅費,2,一部⑨,50%,1,上記以外の国交省支出は道路・河川等で外部効果を持つ部分が混在
国土交通省,観測予報等業務費,技術研究開発業務旅費,1,一部⑨,50%,0,上記以外の国交省支出は道路・河川等で外部効果を持つ部分が混在
国土交通省,観測予報等業務費,観測予報庁費,42,一部⑨,50%,21,上記以外の国交省支出は道路・河川等で外部効果を持つ部分が混在
国土交通省,観測予報等業務費,技術研究開発業務庁費,15,一部⑨,50%,7,上記以外の国交省支出は道路・河川等で外部効果を持つ部分が混在
国土交通省,観測予報等業務費,技術研究開発業務船舶運航費,6,一部⑨,50%,3,上記以外の国交省支出は道路・河川等で外部効果を持つ部分が混在
国土交通省,観測予報等業務費,通信専用料,3,一部⑨,50%,1,上記以外の国交省支出は道路・河川等で外部効果を持つ部分が混在
国土交通省,観測予報等業務費,技術研究開発業務通信専用料,10,一部⑨,50%,5,上記以外の国交省支出は道路・河川等で外部効果を持つ部分が混在
国土交通省,観測予報等業務費,静止気象衛星製作費,6,一部⑨,50%,3,上記以外の国交省支出は道路・河川等で外部効果を持つ部分が混在
国土交通省,観測予報等業務費,公共施設等維持管理運営費,21,一部⑨,50%,10,上記以外の国交省支出は道路・河川等で外部効果を持つ部分が混在
国土交通省,観測予報等業務費,世界気象機関等分担金,8,一部⑨,50%,4,上記以外の国交省支出は道路・河川等で外部効果を持つ部分が混在
国土交通省,観測予報等業務費,世界気象機関拠出金,1,一部⑨,50%,0,上記以外の国交省支出は道路・河川等で外部効果を持つ部分が混在
国土交通省,気象研究所,職員基本給,10,⑨,100%,10,気象情報は公共財（非競合・非排除）かつ外部効果が極めて大きい
国土交通省,気象研究所,職員諸手当,6,⑨,100%,6,気象情報は公共財（非競合・非排除）かつ外部効果が極めて大きい
国土交通省,気象研究所,庁費,2,⑨,100%,2,気象情報は公共財（非競合・非排除）かつ外部効果が極めて大きい
国土交通省,気象研究所,試験研究費,12,⑨,100%,12,気象情報は公共財（非競合・非排除）かつ外部効果が極めて大きい
国土交通省,運輸安全委員会,職員基本給,11,一部⑨,50%,5,上記以外の国交省支出は道路・河川等で外部効果を持つ部分が混在
国土交通省,運輸安全委員会,職員諸手当,7,一部⑨,50%,3,上記以外の国交省支出は道路・河川等で外部効果を持つ部分が混在
国土交通省,運輸安全委員会,超過勤務手当,1,一部⑨,50%,0,上記以外の国交省支出は道路・河川等で外部効果を持つ部分が混在
国土交通省,運輸安全委員会,短時間勤務職員給与,1,一部⑨,50%,0,上記以外の国交省支出は道路・河川等で外部効果を持つ部分が混在
国土交通省,運輸安全委員会,庁費,1,一部⑨,50%,0,上記以外の国交省支出は道路・河川等で外部効果を持つ部分が混在
国土交通省,運輸安全委員会,公共交通等安全対策調査費,1,一部⑨,50%,0,上記以外の国交省支出は道路・河川等で外部効果を持つ部分が混在
国土交通省,海上保安官署共通費,職員基本給,682,①,100%,682,海上保安は海上における法と秩序の維持
国土交通省,海上保安官署共通費,職員諸手当,376,①,100%,376,海上保安は海上における法と秩序の維持
国土交通省,海上保安官署共通費,超過勤務手当,130,①,100%,130,海上保安は海上における法と秩序の維持
国土交通省,海上保安官署共通費,休職者給与,2,①,100%,2,海上保安は海上における法と秩序の維持
国土交通省,海上保安官署共通費,短時間勤務職員給与,5,①,100%,5,海上保安は海上における法と秩序の維持
国土交通省,海上保安官署共通費,公務災害補償費,5,①,100%,5,海上保安は海上における法と秩序の維持
国土交通省,海上保安官署共通費,児童手当,15,①,100%,15,海上保安は海上における法と秩序の維持
国土交通省,海上保安官署共通費,職員旅費,2,①,100%,2,海上保安は海上における法と秩序の維持
国土交通省,海上保安官署共通費,赴任旅費,11,①,100%,11,海上保安は海上における法と秩序の維持
国土交通省,海上保安官署共通費,庁費,6,①,100%,6,海上保安は海上における法と秩序の維持
国土交通省,海上保安官署共通費,校費,12,①,100%,12,海上保安は海上における法と秩序の維持
国土交通省,海上保安官署施設費,施設施工庁費,6,①,100%,6,海上保安は海上における法と秩序の維持
国土交通省,海上保安官署施設費,施設整備費,41,①,100%,41,海上保安は海上における法と秩序の維持
国土交通省,海上保安官署施設費,不動産購入費,6,①,100%,6,海上保安は海上における法と秩序の維持
国土交通省,船舶交通安全及海上治安対策費,非常勤職員手当,1,一部⑨,50%,0,上記以外の国交省支出は道路・河川等で外部効果を持つ部分が混在
国土交通省,船舶交通安全及海上治安対策費,船員食料手当,27,一部⑨,50%,13,上記以外の国交省支出は道路・河川等で外部効果を持つ部分が混在
国土交通省,船舶交通安全及海上治安対策費,職員旅費,3,一部⑨,50%,1,上記以外の国交省支出は道路・河川等で外部効果を持つ部分が混在
国土交通省,船舶交通安全及海上治安対策費,活動旅費,2,一部⑨,50%,1,上記以外の国交省支出は道路・河川等で外部効果を持つ部分が混在
国土交通省,船舶交通安全及海上治安対策費,海上警備対策旅費,1,一部⑨,50%,0,上記以外の国交省支出は道路・河川等で外部効果を持つ部分が混在
国土交通省,船舶交通安全及海上治安対策費,庁費,19,一部⑨,50%,9,上記以外の国交省支出は道路・河川等で外部効果を持つ部分が混在
国土交通省,船舶交通安全及海上治安対策費,情報処理業務庁費,19,一部⑨,50%,9,上記以外の国交省支出は道路・河川等で外部効果を持つ部分が混在
国土交通省,船舶交通安全及海上治安対策費,通信業務庁費,19,一部⑨,50%,9,上記以外の国交省支出は道路・河川等で外部効果を持つ部分が混在
国土交通省,船舶交通安全及海上治安対策費,水路業務庁費,14,一部⑨,50%,7,上記以外の国交省支出は道路・河川等で外部効果を持つ部分が混在
国土交通省,船舶交通安全及海上治安対策費,航路標識庁費,1,一部⑨,50%,0,上記以外の国交省支出は道路・河川等で外部効果を持つ部分が混在
国土交通省,船舶交通安全及海上治安対策費,航空従事者研修費,8,一部⑨,50%,4,上記以外の国交省支出は道路・河川等で外部効果を持つ部分が混在
国土交通省,船舶交通安全及海上治安対策費,航空機及船舶運航費,690,一部⑨,50%,345,上記以外の国交省支出は道路・河川等で外部効果を持つ部分が混在
国土交通省,船舶交通安全及海上治安対策費,装備費,13,一部⑨,50%,6,上記以外の国交省支出は道路・河川等で外部効果を持つ部分が混在
国土交通省,船舶交通安全及海上治安対策費,通信専用料,17,一部⑨,50%,8,上記以外の国交省支出は道路・河川等で外部効果を持つ部分が混在
国土交通省,船舶交通安全及海上治安対策費,電子計算機借料,36,一部⑨,50%,18,上記以外の国交省支出は道路・河川等で外部効果を持つ部分が混在
国土交通省,船舶交通安全及海上治安対策費,被服費,4,一部⑨,50%,2,上記以外の国交省支出は道路・河川等で外部効果を持つ部分が混在
国土交通省,船舶交通安全及海上治安対策費,弾薬費,6,一部⑨,50%,3,上記以外の国交省支出は道路・河川等で外部効果を持つ部分が混在
国土交通省,船舶交通安全及海上治安対策費,土地建物借料,12,一部⑨,50%,6,上記以外の国交省支出は道路・河川等で外部効果を持つ部分が混在
国土交通省,船舶交通安全及海上治安対策費,各所修繕,5,一部⑨,50%,2,上記以外の国交省支出は道路・河川等で外部効果を持つ部分が混在
国土交通省,船舶交通安全及海上治安対策費,捜査費,3,一部⑨,50%,1,上記以外の国交省支出は道路・河川等で外部効果を持つ部分が混在
国土交通省,船舶交通安全及海上治安対策費,公共施設等維持管理運営費,4,一部⑨,50%,2,上記以外の国交省支出は道路・河川等で外部効果を持つ部分が混在
国土交通省,船舶交通安全及海上治安対策費,通信設備整備費,1,一部⑨,50%,0,上記以外の国交省支出は道路・河川等で外部効果を持つ部分が混在
国土交通省,船舶交通安全及海上治安対策費,航空機購入費,171,一部⑨,50%,85,上記以外の国交省支出は道路・河川等で外部効果を持つ部分が混在
国土交通省,船舶建造費,船舶建造費,316,一部⑨,50%,158,上記以外の国交省支出は道路・河川等で外部効果を持つ部分が混在
国土交通省,船舶交通安全基盤整備事業費,船舶交通安全基盤整備事業費,53,一部⑨,50%,26,上記以外の国交省支出は道路・河川等で外部効果を持つ部分が混在
国土交通省,船舶交通安全基盤整備事業費,船舶交通安全基盤維持管理費,197,一部⑨,50%,98,上記以外の国交省支出は道路・河川等で外部効果を持つ部分が混在
国土交通省,船舶交通安全基盤整備事業工事諸費,職員基本給,1,一部⑨,50%,0,上記以外の国交省支出は道路・河川等で外部効果を持つ部分が混在
国土交通省,船舶交通安全基盤整備事業工事諸費,工事施行旅費,1,一部⑨,50%,0,上記以外の国交省支出は道路・河川等で外部効果を持つ部分が混在
国土交通省,船舶交通安全基盤整備事業工事諸費,庁費,1,一部⑨,50%,0,上記以外の国交省支出は道路・河川等で外部効果を持つ部分が混在
国土交通省,船舶交通安全基盤整備事業工事諸費,工事雑費,5,一部⑨,50%,2,上記以外の国交省支出は道路・河川等で外部効果を持つ部分が混在
環境省,環境本省共通費,職員基本給,52,一部⑨,50%,26,環境行政全般は外部効果克服を含むが、規制コスト・補助金的性格も
環境省,環境本省共通費,職員諸手当,30,一部⑨,50%,15,環境行政全般は外部効果克服を含むが、規制コスト・補助金的性格も
環境省,環境本省共通費,超過勤務手当,14,一部⑨,50%,7,環境行政全般は外部効果克服を含むが、規制コスト・補助金的性格も
環境省,環境本省共通費,非常勤職員手当,3,一部⑨,50%,1,環境行政全般は外部効果克服を含むが、規制コスト・補助金的性格も
環境省,環境本省共通費,休職者給与,1,一部⑨,50%,0,環境行政全般は外部効果克服を含むが、規制コスト・補助金的性格も
環境省,環境本省共通費,国際機関等派遣職員給与,1,一部⑨,50%,0,環境行政全般は外部効果克服を含むが、規制コスト・補助金的性格も
環境省,環境本省共通費,退職手当,14,一部⑨,50%,7,環境行政全般は外部効果克服を含むが、規制コスト・補助金的性格も
環境省,環境本省共通費,児童手当,1,一部⑨,50%,0,環境行政全般は外部効果克服を含むが、規制コスト・補助金的性格も
環境省,環境本省共通費,赴任旅費,1,一部⑨,50%,0,環境行政全般は外部効果克服を含むが、規制コスト・補助金的性格も
環境省,環境本省共通費,庁費,7,一部⑨,50%,3,環境行政全般は外部効果克服を含むが、規制コスト・補助金的性格も
環境省,環境本省共通費,国家公務員共済組合負担金,36,一部⑨,50%,18,環境行政全般は外部効果克服を含むが、規制コスト・補助金的性格も
環境省,環境本省共通費,基礎年金等国家公務員共済組合負担金,9,一部⑨,50%,4,環境行政全般は外部効果克服を含むが、規制コスト・補助金的性格も
環境省,環境本省共通費,国有資産所在市町村交付金,3,一部⑨,50%,1,環境行政全般は外部効果克服を含むが、規制コスト・補助金的性格も
環境省,環境本省施設費,施設整備費,21,一部⑨,50%,10,環境行政全般は外部効果克服を含むが、規制コスト・補助金的性格も
環境省,地球温暖化対策推進費,環境保全調査費,3,一部⑨,50%,1,環境行政全般は外部効果克服を含むが、規制コスト・補助金的性格も
環境省,地球温暖化対策推進費,気候変動影響研究調査費,5,一部⑨,50%,2,環境行政全般は外部効果克服を含むが、規制コスト・補助金的性格も
環境省,地球温暖化対策推進費,環境保全調査等委託費,2,一部⑨,50%,1,環境行政全般は外部効果克服を含むが、規制コスト・補助金的性格も
環境省,地球温暖化対策推進費,気候変動影響研究調査等委託費,1,一部⑨,50%,0,環境行政全般は外部効果克服を含むが、規制コスト・補助金的性格も
環境省,地球温暖化対策推進費,地球温暖化対策推進事業費補助金,1,一部⑨,50%,0,環境行政全般は外部効果克服を含むが、規制コスト・補助金的性格も
環境省,地球温暖化対策推進費,経済協力開発機構等拠出金,3,一部⑨,50%,1,環境行政全般は外部効果克服を含むが、規制コスト・補助金的性格も
環境省,石油石炭税財源エネルギー需給構造高度化対策費エネルギー対策特別会計へ繰入,石油石炭税財源のエネルギー対策特別会計へ繰入,1103,一部⑨,50%,551,環境行政全般は外部効果克服を含むが、規制コスト・補助金的性格も
環境省,地球環境保全等試験研究費,試験研究調査委託費,2,一部⑨,50%,1,環境行政全般は外部効果克服を含むが、規制コスト・補助金的性格も
環境省,地球環境保全費,職員旅費,3,一部⑨,50%,1,環境行政全般は外部効果克服を含むが、規制コスト・補助金的性格も
環境省,地球環境保全費,庁費,1,一部⑨,50%,0,環境行政全般は外部効果克服を含むが、規制コスト・補助金的性格も
環境省,地球環境保全費,環境保全調査費,8,一部⑨,50%,4,環境行政全般は外部効果克服を含むが、規制コスト・補助金的性格も
環境省,地球環境保全費,経済協力開発機構等拠出金,12,一部⑨,50%,6,環境行政全般は外部効果克服を含むが、規制コスト・補助金的性格も
環境省,地球環境保全費,政府開発援助国際自然保護連合等拠出金,7,一部⑨,50%,3,環境行政全般は外部効果克服を含むが、規制コスト・補助金的性格も
環境省,大気・水・土壌環境等保全費,庁費,2,一部⑨,50%,1,環境行政全般は外部効果克服を含むが、規制コスト・補助金的性格も
環境省,大気・水・土壌環境等保全費,不発弾廃棄処理業務庁費,14,一部⑨,50%,7,環境行政全般は外部効果克服を含むが、規制コスト・補助金的性格も
環境省,大気・水・土壌環境等保全費,環境保全調査費,28,一部⑨,50%,14,環境行政全般は外部効果克服を含むが、規制コスト・補助金的性格も
環境省,大気・水・土壌環境等保全費,政府開発援助環境保全調査費,1,一部⑨,50%,0,環境行政全般は外部効果克服を含むが、規制コスト・補助金的性格も
環境省,大気・水・土壌環境等保全費,環境保全調査等委託費,1,一部⑨,50%,0,環境行政全般は外部効果克服を含むが、規制コスト・補助金的性格も
環境省,大気・水・土壌環境等保全費,環境保全調査等地方公共団体委託費,2,一部⑨,50%,1,環境行政全般は外部効果克服を含むが、規制コスト・補助金的性格も
環境省,大気・水・土壌環境等保全費,地域環境保全対策費補助金,2,一部⑨,50%,1,環境行政全般は外部効果克服を含むが、規制コスト・補助金的性格も
環境省,大気・水・土壌環境等保全費,経済協力開発機構等拠出金,4,一部⑨,50%,2,環境行政全般は外部効果克服を含むが、規制コスト・補助金的性格も
環境省,資源循環政策推進費,庁費,1,一部⑨,50%,0,環境行政全般は外部効果克服を含むが、規制コスト・補助金的性格も
環境省,資源循環政策推進費,環境保全調査費,27,一部⑨,50%,13,環境行政全般は外部効果克服を含むが、規制コスト・補助金的性格も
環境省,資源循環政策推進費,環境保全調査等委託費,2,一部⑨,50%,1,環境行政全般は外部効果克服を含むが、規制コスト・補助金的性格も
環境省,資源循環政策推進費,環境保全調査等地方公共団体委託費,1,一部⑨,50%,0,環境行政全般は外部効果克服を含むが、規制コスト・補助金的性格も
環境省,資源循環政策推進費,循環型社会形成推進事業費補助金,51,一部⑨,50%,25,環境行政全般は外部効果克服を含むが、規制コスト・補助金的性格も
環境省,資源循環政策推進費,産業廃棄物適正処理推進費補助金,1,一部⑨,50%,0,環境行政全般は外部効果克服を含むが、規制コスト・補助金的性格も
環境省,資源循環政策推進費,災害等廃棄物処理事業費補助金,2,一部⑨,50%,1,環境行政全般は外部効果克服を含むが、規制コスト・補助金的性格も
環境省,資源循環政策推進費,廃棄物処理施設整備交付金,12,一部⑨,50%,6,環境行政全般は外部効果克服を含むが、規制コスト・補助金的性格も
環境省,資源循環政策推進費,経済協力開発機構等拠出金,2,一部⑨,50%,1,環境行政全般は外部効果克服を含むが、規制コスト・補助金的性格も
環境省,資源循環政策推進費,政府開発援助国際連合地域開発センター拠出金,1,一部⑨,50%,0,環境行政全般は外部効果克服を含むが、規制コスト・補助金的性格も
環境省,廃棄物処理施設整備費,廃棄物処理施設整備事業調査費,1,⑨,100%,1,廃棄物処理の不備は典型的な負の外部効果（汚染が周囲に及ぶ）
環境省,廃棄物処理施設整備費,廃棄物処理施設整備費補助,4,⑨,100%,4,廃棄物処理の不備は典型的な負の外部効果（汚染が周囲に及ぶ）
環境省,廃棄物処理施設整備費,循環型社会形成推進交付金,371,⑨,100%,371,廃棄物処理の不備は典型的な負の外部効果（汚染が周囲に及ぶ）
環境省,生物多様性保全費,庁費,1,一部⑨,50%,0,環境行政全般は外部効果克服を含むが、規制コスト・補助金的性格も
環境省,生物多様性保全費,環境保全調査費,29,一部⑨,50%,14,環境行政全般は外部効果克服を含むが、規制コスト・補助金的性格も
環境省,生物多様性保全費,環境保全調査等委託費,2,一部⑨,50%,1,環境行政全般は外部効果克服を含むが、規制コスト・補助金的性格も
環境省,生物多様性保全費,環境保全調査等地方公共団体委託費,1,一部⑨,50%,0,環境行政全般は外部効果克服を含むが、規制コスト・補助金的性格も
環境省,生物多様性保全費,生物多様性保全推進交付金,3,一部⑨,50%,1,環境行政全般は外部効果克服を含むが、規制コスト・補助金的性格も
環境省,生物多様性保全費,鳥獣捕獲等事業交付金,2,一部⑨,50%,1,環境行政全般は外部効果克服を含むが、規制コスト・補助金的性格も
環境省,生物多様性保全費,経済協力開発機構等拠出金,4,一部⑨,50%,2,環境行政全般は外部効果克服を含むが、規制コスト・補助金的性格も
環境省,人と自然のふれあい推進費,環境保全調査費,8,一部⑨,50%,4,環境行政全般は外部効果克服を含むが、規制コスト・補助金的性格も
環境省,人と自然のふれあい推進費,環境保全施設整備費補助金,2,一部⑨,50%,1,環境行政全般は外部効果克服を含むが、規制コスト・補助金的性格も
環境省,環境保全施設整備費,施設整備費,2,一部⑨,50%,1,環境行政全般は外部効果克服を含むが、規制コスト・補助金的性格も
環境省,環境保全施設整備費,環境保全施設整備交付金,1,一部⑨,50%,0,環境行政全般は外部効果克服を含むが、規制コスト・補助金的性格も
環境省,自然公園等事業費,国立公園等整備費,28,一部⑨,50%,14,環境行政全般は外部効果克服を含むが、規制コスト・補助金的性格も
環境省,自然公園等事業費,国立公園等維持管理費,24,一部⑨,50%,12,環境行政全般は外部効果克服を含むが、規制コスト・補助金的性格も
環境省,自然公園等事業費,自然公園等事業調査費,1,一部⑨,50%,0,環境行政全般は外部効果克服を含むが、規制コスト・補助金的性格も
環境省,自然公園等事業費,自然環境整備交付金,19,一部⑨,50%,9,環境行政全般は外部効果克服を含むが、規制コスト・補助金的性格も
環境省,化学物質対策推進費,老朽化化学兵器廃棄処理業務庁費,1,一部⑨,50%,0,環境行政全般は外部効果克服を含むが、規制コスト・補助金的性格も
環境省,化学物質対策推進費,環境保全調査費,16,一部⑨,50%,8,環境行政全般は外部効果克服を含むが、規制コスト・補助金的性格も
環境省,化学物質対策推進費,経済協力開発機構等拠出金,2,一部⑨,50%,1,環境行政全般は外部効果克服を含むが、規制コスト・補助金的性格も
環境省,環境保健対策推進費,環境保全調査費,3,一部⑨,50%,1,環境行政全般は外部効果克服を含むが、規制コスト・補助金的性格も
環境省,環境保健対策推進費,土地建物借料,1,一部⑨,50%,0,環境行政全般は外部効果克服を含むが、規制コスト・補助金的性格も
環境省,環境保健対策推進費,環境保全調査等委託費,1,一部⑨,50%,0,環境行政全般は外部効果克服を含むが、規制コスト・補助金的性格も
環境省,環境保健対策推進費,環境保全調査等地方公共団体委託費,1,一部⑨,50%,0,環境行政全般は外部効果克服を含むが、規制コスト・補助金的性格も
環境省,環境保健対策推進費,自立支援型公害健康被害予防事業補助金,2,一部⑨,50%,1,環境行政全般は外部効果克服を含むが、規制コスト・補助金的性格も
環境省,環境保健対策推進費,水俣病総合対策費補助金,103,一部⑨,50%,51,環境行政全般は外部効果克服を含むが、規制コスト・補助金的性格も
環境省,環境保健対策推進費,水俣病対策地方債償還費補助金,4,一部⑨,50%,2,環境行政全般は外部効果克服を含むが、規制コスト・補助金的性格も
環境省,環境保健対策推進費,公害健康被害補償給付支給事務費交付金,11,一部⑨,50%,5,環境行政全般は外部効果克服を含むが、規制コスト・補助金的性格も
環境省,環境保健対策推進費,石綿健康被害救済事業交付金,5,一部⑨,50%,2,環境行政全般は外部効果克服を含むが、規制コスト・補助金的性格も
環境省,環境保健対策推進費,放射線健康影響調査等交付金,2,一部⑨,50%,1,環境行政全般は外部効果克服を含むが、規制コスト・補助金的性格も
環境省,自動車重量税財源公害健康被害補償費,公害健康被害補償納付金交付金,57,⑨,100%,57,公害対策は産業活動の負の外部効果の克服そのもの
環境省,環境・経済・社会の統合的向上費,庁費,1,一部⑨,50%,0,環境行政全般は外部効果克服を含むが、規制コスト・補助金的性格も
環境省,環境・経済・社会の統合的向上費,環境保全調査費,4,一部⑨,50%,2,環境行政全般は外部効果克服を含むが、規制コスト・補助金的性格も
環境省,環境・経済・社会の統合的向上費,環境保全調査等委託費,1,一部⑨,50%,0,環境行政全般は外部効果克服を含むが、規制コスト・補助金的性格も
環境省,環境・経済・社会の統合的向上費,経済協力開発機構等拠出金,1,一部⑨,50%,0,環境行政全般は外部効果克服を含むが、規制コスト・補助金的性格も
環境省,環境政策基盤整備費,情報処理業務庁費,2,一部⑨,50%,1,環境行政全般は外部効果克服を含むが、規制コスト・補助金的性格も
環境省,環境政策基盤整備費,環境保全調査費,5,一部⑨,50%,2,環境行政全般は外部効果克服を含むが、規制コスト・補助金的性格も
環境省,環境政策基盤整備費,公害調査費,24,一部⑨,50%,12,環境行政全般は外部効果克服を含むが、規制コスト・補助金的性格も
環境省,環境政策基盤整備費,公害調査等委託費,25,一部⑨,50%,12,環境行政全般は外部効果克服を含むが、規制コスト・補助金的性格も
環境省,環境政策基盤整備費,公害調査等地方公共団体委託費,4,一部⑨,50%,2,環境行政全般は外部効果克服を含むが、規制コスト・補助金的性格も
環境省,環境政策基盤整備費,環境保全研究費補助金,1,一部⑨,50%,0,環境行政全般は外部効果克服を含むが、規制コスト・補助金的性格も
環境省,環境政策基盤整備費,新産業創出等研究開発推進事業費補助金,1,一部⑨,50%,0,環境行政全般は外部効果克服を含むが、規制コスト・補助金的性格も
環境省,環境調査研修所,職員基本給,2,一部⑨,50%,1,環境行政全般は外部効果克服を含むが、規制コスト・補助金的性格も
環境省,環境調査研修所,職員諸手当,1,一部⑨,50%,0,環境行政全般は外部効果克服を含むが、規制コスト・補助金的性格も
環境省,環境調査研修所,庁費,2,一部⑨,50%,1,環境行政全般は外部効果克服を含むが、規制コスト・補助金的性格も
環境省,環境調査研修所,研修所庁費,1,一部⑨,50%,0,環境行政全般は外部効果克服を含むが、規制コスト・補助金的性格も
環境省,環境調査研修所,試験研究費,6,一部⑨,50%,3,環境行政全般は外部効果克服を含むが、規制コスト・補助金的性格も
環境省,独立行政法人環境再生保全機構運営費,独立行政法人環境再生保全機構公害健康被害補償予防業務勘定運営費交付金,4,一部⑨,50%,2,環境行政全般は外部効果克服を含むが、規制コスト・補助金的性格も
環境省,独立行政法人環境再生保全機構運営費,独立行政法人環境再生保全機構環境保全研究・技術開発勘定運営費交付金,56,一部⑨,50%,28,環境行政全般は外部効果克服を含むが、規制コスト・補助金的性格も
環境省,独立行政法人環境再生保全機構運営費,独立行政法人環境再生保全機構基金勘定運営費交付金,16,一部⑨,50%,8,環境行政全般は外部効果克服を含むが、規制コスト・補助金的性格も
環境省,国立研究開発法人国立環境研究所運営費,国立研究開発法人国立環境研究所運営費交付金,171,一部⑨,50%,85,環境行政全般は外部効果克服を含むが、規制コスト・補助金的性格も
環境省,国立研究開発法人国立環境研究所施設整備費,国立研究開発法人国立環境研究所施設整備費補助金,26,一部⑨,50%,13,環境行政全般は外部効果克服を含むが、規制コスト・補助金的性格も
環境省,地域脱炭素推進費,環境保全調査費,5,一部⑨,50%,2,環境行政全般は外部効果克服を含むが、規制コスト・補助金的性格も
環境省,石綿健康被害救済事務費労働保険特別会計へ繰入,労働保険特別会計へ繰入,3,一部⑨,50%,1,環境行政全般は外部効果克服を含むが、規制コスト・補助金的性格も
環境省,自然公園等事業工事諸費,職員基本給,2,一部⑨,50%,1,環境行政全般は外部効果克服を含むが、規制コスト・補助金的性格も
環境省,自然公園等事業工事諸費,職員諸手当,1,一部⑨,50%,0,環境行政全般は外部効果克服を含むが、規制コスト・補助金的性格も
環境省,自然公園等事業工事諸費,退職手当,1,一部⑨,50%,0,環境行政全般は外部効果克服を含むが、規制コスト・補助金的性格も
環境省,自然公園等事業工事諸費,工事雑費,1,一部⑨,50%,0,環境行政全般は外部効果克服を含むが、規制コスト・補助金的性格も
環境省,自然公園等事業工事諸費,国家公務員共済組合負担金,1,一部⑨,50%,0,環境行政全般は外部効果克服を含むが、規制コスト・補助金的性格も
環境省,地方環境事務所共通費,職員基本給,31,一部⑨,50%,15,環境行政全般は外部効果克服を含むが、規制コスト・補助金的性格も
環境省,地方環境事務所共通費,職員諸手当,16,一部⑨,50%,8,環境行政全般は外部効果克服を含むが、規制コスト・補助金的性格も
環境省,地方環境事務所共通費,超過勤務手当,3,一部⑨,50%,1,環境行政全般は外部効果克服を含むが、規制コスト・補助金的性格も
環境省,地方環境事務所共通費,短時間勤務職員給与,1,一部⑨,50%,0,環境行政全般は外部効果克服を含むが、規制コスト・補助金的性格も
環境省,地方環境事務所共通費,職員旅費,1,一部⑨,50%,0,環境行政全般は外部効果克服を含むが、規制コスト・補助金的性格も
環境省,地方環境事務所共通費,庁費,8,一部⑨,50%,4,環境行政全般は外部効果克服を含むが、規制コスト・補助金的性格も
環境省,地方環境対策費,環境保全調査費,25,一部⑨,50%,12,環境行政全般は外部効果克服を含むが、規制コスト・補助金的性格も
環境省,原子力規制委員会共通費,職員基本給,23,一部⑨,50%,11,環境行政全般は外部効果克服を含むが、規制コスト・補助金的性格も
環境省,原子力規制委員会共通費,職員諸手当,13,一部⑨,50%,6,環境行政全般は外部効果克服を含むが、規制コスト・補助金的性格も
環境省,原子力規制委員会共通費,超過勤務手当,3,一部⑨,50%,1,環境行政全般は外部効果克服を含むが、規制コスト・補助金的性格も
環境省,原子力規制委員会共通費,非常勤職員手当,2,一部⑨,50%,1,環境行政全般は外部効果克服を含むが、規制コスト・補助金的性格も
環境省,原子力規制委員会共通費,退職手当,1,一部⑨,50%,0,環境行政全般は外部効果克服を含むが、規制コスト・補助金的性格も
環境省,原子力規制委員会共通費,庁費,2,一部⑨,50%,1,環境行政全般は外部効果克服を含むが、規制コスト・補助金的性格も
環境省,原子力規制委員会共通費,土地建物借料,6,一部⑨,50%,3,環境行政全般は外部効果克服を含むが、規制コスト・補助金的性格も
環境省,原子力規制委員会施設費,施設整備費,22,一部⑨,50%,11,環境行政全般は外部効果克服を含むが、規制コスト・補助金的性格も
環境省,原子力安全確保費,職員旅費,1,一部⑨,50%,0,環境行政全般は外部効果克服を含むが、規制コスト・補助金的性格も
環境省,原子力安全確保費,原子力安全業務庁費,4,一部⑨,50%,2,環境行政全般は外部効果克服を含むが、規制コスト・補助金的性格も
環境省,原子力安全確保費,土地建物借料,1,一部⑨,50%,0,環境行政全般は外部効果克服を含むが、規制コスト・補助金的性格も
環境省,原子力安全確保費,保障措置業務委託費,5,一部⑨,50%,2,環境行政全般は外部効果克服を含むが、規制コスト・補助金的性格も
環境省,原子力安全確保費,放射線対策委託費,1,一部⑨,50%,0,環境行政全般は外部効果克服を含むが、規制コスト・補助金的性格も
環境省,原子力安全確保費,原子力規制人材育成事業費補助金,5,一部⑨,50%,2,環境行政全般は外部効果克服を含むが、規制コスト・補助金的性格も
環境省,原子力安全確保費,保障措置業務交付金,29,一部⑨,50%,14,環境行政全般は外部効果克服を含むが、規制コスト・補助金的性格も
環境省,放射能調査研究費,放射能測定費,7,一部⑨,50%,3,環境行政全般は外部効果克服を含むが、規制コスト・補助金的性格も
環境省,放射能調査研究費,放射能測定調査委託費,5,一部⑨,50%,2,環境行政全般は外部効果克服を含むが、規制コスト・補助金的性格も
環境省,電源開発促進税財源電源利用対策及原子力安全規制対策費エネルギー対策特別会計へ繰入,電源開発促進税財源のエネルギー対策特別会計へ繰入,350,一部⑨,50%,175,環境行政全般は外部効果克服を含むが、規制コスト・補助金的性格も
防衛省,防衛本省共通費,職員基本給,763,①,100%,763,軍事・国防は外敵から国家・国民を守る法秩序の核心
防衛省,防衛本省共通費,職員諸手当,386,①,100%,386,軍事・国防は外敵から国家・国民を守る法秩序の核心
防衛省,防衛本省共通費,超過勤務手当,91,①,100%,91,軍事・国防は外敵から国家・国民を守る法秩序の核心
防衛省,防衛本省共通費,非常勤職員手当,36,①,100%,36,軍事・国防は外敵から国家・国民を守る法秩序の核心
防衛省,防衛本省共通費,休職者給与,30,①,100%,30,軍事・国防は外敵から国家・国民を守る法秩序の核心
防衛省,防衛本省共通費,短時間勤務職員給与,40,①,100%,40,軍事・国防は外敵から国家・国民を守る法秩序の核心
防衛省,防衛本省共通費,公務災害補償費,58,①,100%,58,軍事・国防は外敵から国家・国民を守る法秩序の核心
防衛省,防衛本省共通費,退職手当,1589,①,100%,1589,軍事・国防は外敵から国家・国民を守る法秩序の核心
防衛省,防衛本省共通費,児童手当,280,①,100%,280,軍事・国防は外敵から国家・国民を守る法秩序の核心
防衛省,防衛本省共通費,諸謝金,3,①,100%,3,軍事・国防は外敵から国家・国民を守る法秩序の核心
防衛省,防衛本省共通費,自衛官候補生手当,19,①,100%,19,軍事・国防は外敵から国家・国民を守る法秩序の核心
防衛省,防衛本省共通費,学生手当,68,①,100%,68,軍事・国防は外敵から国家・国民を守る法秩序の核心
防衛省,防衛本省共通費,生徒手当,26,①,100%,26,軍事・国防は外敵から国家・国民を守る法秩序の核心
防衛省,防衛本省共通費,自衛官任用一時金,14,①,100%,14,軍事・国防は外敵から国家・国民を守る法秩序の核心
防衛省,防衛本省共通費,指定場所生活調整金,68,①,100%,68,軍事・国防は外敵から国家・国民を守る法秩序の核心
防衛省,防衛本省共通費,自衛官若年定年退職者給付金,377,①,100%,377,軍事・国防は外敵から国家・国民を守る法秩序の核心
防衛省,防衛本省共通費,褒賞品費,1,①,100%,1,軍事・国防は外敵から国家・国民を守る法秩序の核心
防衛省,防衛本省共通費,職員旅費,39,①,100%,39,軍事・国防は外敵から国家・国民を守る法秩序の核心
防衛省,防衛本省共通費,外国留学旅費,1,①,100%,1,軍事・国防は外敵から国家・国民を守る法秩序の核心
防衛省,防衛本省共通費,赴任旅費,80,①,100%,80,軍事・国防は外敵から国家・国民を守る法秩序の核心
防衛省,防衛本省共通費,帰住招集等旅費,3,①,100%,3,軍事・国防は外敵から国家・国民を守る法秩序の核心
防衛省,防衛本省共通費,庁費,88,①,100%,88,軍事・国防は外敵から国家・国民を守る法秩序の核心
防衛省,防衛本省共通費,情報処理業務庁費,233,①,100%,233,軍事・国防は外敵から国家・国民を守る法秩序の核心
防衛省,防衛本省共通費,通信専用料,36,①,100%,36,軍事・国防は外敵から国家・国民を守る法秩序の核心
防衛省,防衛本省共通費,電子計算機等借料,7,①,100%,7,軍事・国防は外敵から国家・国民を守る法秩序の核心
防衛省,防衛本省共通費,被服費,196,①,100%,196,軍事・国防は外敵から国家・国民を守る法秩序の核心
防衛省,防衛本省共通費,各所修繕,240,①,100%,240,軍事・国防は外敵から国家・国民を守る法秩序の核心
防衛省,防衛本省共通費,情報収集等活動費,1,①,100%,1,軍事・国防は外敵から国家・国民を守る法秩序の核心
防衛省,防衛本省共通費,糧食費,435,①,100%,435,軍事・国防は外敵から国家・国民を守る法秩序の核心
防衛省,防衛本省共通費,公共施設等維持管理運営費,1,①,100%,1,軍事・国防は外敵から国家・国民を守る法秩序の核心
防衛省,防衛本省共通費,自動車重量税,1,①,100%,1,軍事・国防は外敵から国家・国民を守る法秩序の核心
防衛省,防衛本省共通費,国家公務員共済組合負担金,2566,①,100%,2566,軍事・国防は外敵から国家・国民を守る法秩序の核心
防衛省,防衛本省共通費,基礎年金等国家公務員共済組合負担金,715,①,100%,715,軍事・国防は外敵から国家・国民を守る法秩序の核心
防衛省,防衛本省共通費,育児休業手当金等国家公務員共済組合負担金,6,①,100%,6,軍事・国防は外敵から国家・国民を守る法秩序の核心
防衛省,防衛本省共通費,国有資産所在市町村交付金,12,①,100%,12,軍事・国防は外敵から国家・国民を守る法秩序の核心
防衛省,防衛本省共通費,賠償償還及払戻金,5,①,100%,5,軍事・国防は外敵から国家・国民を守る法秩序の核心
防衛省,防衛本省施設費,施設施工庁費,6,①,100%,6,軍事・国防は外敵から国家・国民を守る法秩序の核心
防衛省,防衛本省施設費,施設整備費,14,①,100%,14,軍事・国防は外敵から国家・国民を守る法秩序の核心
防衛省,自衛官給与費,職員基本給,10286,①,100%,10286,軍事・国防は外敵から国家・国民を守る法秩序の核心
防衛省,自衛官給与費,職員諸手当,5607,①,100%,5607,軍事・国防は外敵から国家・国民を守る法秩序の核心
防衛省,防衛力基盤強化推進費,予備隊員手当,95,①,100%,95,軍事・国防は外敵から国家・国民を守る法秩序の核心
防衛省,防衛力基盤強化推進費,予備自衛官等勤続報奨金,11,①,100%,11,軍事・国防は外敵から国家・国民を守る法秩序の核心
防衛省,防衛力基盤強化推進費,予備自衛官等任用推進給付金,12,①,100%,12,軍事・国防は外敵から国家・国民を守る法秩序の核心
防衛省,防衛力基盤強化推進費,職員旅費,4,①,100%,4,軍事・国防は外敵から国家・国民を守る法秩序の核心
防衛省,防衛力基盤強化推進費,入校講習旅費,16,①,100%,16,軍事・国防は外敵から国家・国民を守る法秩序の核心
防衛省,防衛力基盤強化推進費,人的基盤強化推進旅費,6,①,100%,6,軍事・国防は外敵から国家・国民を守る法秩序の核心
防衛省,防衛力基盤強化推進費,予備隊員招集等旅費,2,①,100%,2,軍事・国防は外敵から国家・国民を守る法秩序の核心
防衛省,防衛力基盤強化推進費,装備品取得等業務効率化推進庁費,657,①,100%,657,軍事・国防は外敵から国家・国民を守る法秩序の核心
防衛省,防衛力基盤強化推進費,防衛施設安定運用業務庁費,31,①,100%,31,軍事・国防は外敵から国家・国民を守る法秩序の核心
防衛省,防衛力基盤強化推進費,広報業務庁費,7,①,100%,7,軍事・国防は外敵から国家・国民を守る法秩序の核心
防衛省,防衛力基盤強化推進費,人的基盤強化推進庁費,110,①,100%,110,軍事・国防は外敵から国家・国民を守る法秩序の核心
防衛省,防衛力基盤強化推進費,営舎費,1299,①,100%,1299,軍事・国防は外敵から国家・国民を守る法秩序の核心
防衛省,防衛力基盤強化推進費,教育訓練費,1079,①,100%,1079,軍事・国防は外敵から国家・国民を守る法秩序の核心
防衛省,防衛力基盤強化推進費,油購入費,1610,①,100%,1610,軍事・国防は外敵から国家・国民を守る法秩序の核心
防衛省,防衛力基盤強化推進費,運搬費,262,①,100%,262,軍事・国防は外敵から国家・国民を守る法秩序の核心
防衛省,防衛力基盤強化推進費,提供施設等借料,1365,①,100%,1365,軍事・国防は外敵から国家・国民を守る法秩序の核心
防衛省,防衛力基盤強化推進費,医療費,245,①,100%,245,軍事・国防は外敵から国家・国民を守る法秩序の核心
防衛省,防衛力基盤強化推進費,宿舎特別借上費,56,①,100%,56,軍事・国防は外敵から国家・国民を守る法秩序の核心
防衛省,防衛力基盤強化推進費,診療委託費,153,①,100%,153,軍事・国防は外敵から国家・国民を守る法秩序の核心
防衛省,防衛力基盤強化推進費,施設区域等関連事務地方公共団体委託費,1,①,100%,1,軍事・国防は外敵から国家・国民を守る法秩序の核心
防衛省,防衛力基盤強化推進費,募集事務地方公共団体委託費,1,①,100%,1,軍事・国防は外敵から国家・国民を守る法秩序の核心
防衛省,防衛力基盤強化推進費,住宅防音工事助成申請等事務委託費,9,①,100%,9,軍事・国防は外敵から国家・国民を守る法秩序の核心
防衛省,防衛力基盤強化推進費,在日米軍地域交流業務委託費,1,①,100%,1,軍事・国防は外敵から国家・国民を守る法秩序の核心
防衛省,防衛力基盤強化推進費,防衛施設周辺地域安全対策業務委託費,2,①,100%,2,軍事・国防は外敵から国家・国民を守る法秩序の核心
防衛省,防衛力基盤強化推進費,提供施設等整備費,108,①,100%,108,軍事・国防は外敵から国家・国民を守る法秩序の核心
防衛省,防衛力基盤強化推進費,不動産購入費,40,①,100%,40,軍事・国防は外敵から国家・国民を守る法秩序の核心
防衛省,防衛力基盤強化推進費,障害防止対策事業費補助金,83,①,100%,83,軍事・国防は外敵から国家・国民を守る法秩序の核心
防衛省,防衛力基盤強化推進費,教育施設等騒音防止対策事業費補助金,810,①,100%,810,軍事・国防は外敵から国家・国民を守る法秩序の核心
防衛省,防衛力基盤強化推進費,施設周辺整備助成補助金,459,①,100%,459,軍事・国防は外敵から国家・国民を守る法秩序の核心
防衛省,防衛力基盤強化推進費,道路改修等事業費補助金,90,①,100%,90,軍事・国防は外敵から国家・国民を守る法秩序の核心
防衛省,防衛力基盤強化推進費,施設周辺整備統合事業費補助金,23,①,100%,23,軍事・国防は外敵から国家・国民を守る法秩序の核心
防衛省,防衛力基盤強化推進費,退職予定自衛官等就職援護業務費補助金,11,①,100%,11,軍事・国防は外敵から国家・国民を守る法秩序の核心
防衛省,防衛力基盤強化推進費,相互防衛援助協定交付金,1,①,100%,1,軍事・国防は外敵から国家・国民を守る法秩序の核心
防衛省,防衛力基盤強化推進費,特定防衛施設周辺整備調整交付金,429,①,100%,429,軍事・国防は外敵から国家・国民を守る法秩序の核心
防衛省,防衛力基盤強化推進費,施設運営等関連見舞金,13,①,100%,13,軍事・国防は外敵から国家・国民を守る法秩序の核心
防衛省,防衛力基盤強化推進費,移転等補償金,9,①,100%,9,軍事・国防は外敵から国家・国民を守る法秩序の核心
防衛省,防衛力基盤強化推進費,施設運営等関連補償費,114,①,100%,114,軍事・国防は外敵から国家・国民を守る法秩序の核心
防衛省,防衛力基盤強化推進費,自衛隊奨学生貸与金,1,①,100%,1,軍事・国防は外敵から国家・国民を守る法秩序の核心
防衛省,防衛力基盤強化施設整備費,施設施工旅費,7,①,100%,7,軍事・国防は外敵から国家・国民を守る法秩序の核心
防衛省,防衛力基盤強化施設整備費,施設施工庁費,328,①,100%,328,軍事・国防は外敵から国家・国民を守る法秩序の核心
防衛省,防衛力基盤強化施設整備費,施設整備費,2018,①,100%,2018,軍事・国防は外敵から国家・国民を守る法秩序の核心
防衛省,防衛力基盤強化施設整備費,公務員宿舎施設費,213,①,100%,213,軍事・国防は外敵から国家・国民を守る法秩序の核心
防衛省,防衛力基盤強化施設整備費,不動産購入費,23,①,100%,23,軍事・国防は外敵から国家・国民を守る法秩序の核心
防衛省,武器車両等整備費,武器購入費,3580,①,100%,3580,軍事・国防は外敵から国家・国民を守る法秩序の核心
防衛省,武器車両等整備費,通信機器購入費,3326,①,100%,3326,軍事・国防は外敵から国家・国民を守る法秩序の核心
防衛省,武器車両等整備費,車両購入費,327,①,100%,327,軍事・国防は外敵から国家・国民を守る法秩序の核心
防衛省,武器車両等整備費,弾薬購入費,2977,①,100%,2977,軍事・国防は外敵から国家・国民を守る法秩序の核心
防衛省,武器車両等整備費,諸器材購入費,1586,①,100%,1586,軍事・国防は外敵から国家・国民を守る法秩序の核心
防衛省,武器車両等整備費,武器修理費,1410,①,100%,1410,軍事・国防は外敵から国家・国民を守る法秩序の核心
防衛省,武器車両等整備費,通信維持費,6308,①,100%,6308,軍事・国防は外敵から国家・国民を守る法秩序の核心
防衛省,武器車両等整備費,車両修理費,89,①,100%,89,軍事・国防は外敵から国家・国民を守る法秩序の核心
防衛省,武器車両等整備費,諸器材等維持費,1580,①,100%,1580,軍事・国防は外敵から国家・国民を守る法秩序の核心
防衛省,武器車両等整備費,公共施設等維持管理運営費,300,①,100%,300,軍事・国防は外敵から国家・国民を守る法秩序の核心
防衛省,武器車両等整備費,公共施設等整備費,59,①,100%,59,軍事・国防は外敵から国家・国民を守る法秩序の核心
防衛省,艦船整備費,艦船修理費,3263,①,100%,3263,軍事・国防は外敵から国家・国民を守る法秩序の核心
防衛省,艦船整備費,公共施設等維持管理運営費,41,①,100%,41,軍事・国防は外敵から国家・国民を守る法秩序の核心
防衛省,艦船建造費,艦船建造旅費,5,①,100%,5,軍事・国防は外敵から国家・国民を守る法秩序の核心
防衛省,艦船建造費,艦船建造庁費,6,①,100%,6,軍事・国防は外敵から国家・国民を守る法秩序の核心
防衛省,艦船建造費,艦艇建造費,1180,①,100%,1180,軍事・国防は外敵から国家・国民を守る法秩序の核心
防衛省,艦船建造費,支援船建造費,27,①,100%,27,軍事・国防は外敵から国家・国民を守る法秩序の核心
防衛省,航空機整備費,航空機修理費,10235,①,100%,10235,軍事・国防は外敵から国家・国民を守る法秩序の核心
防衛省,航空機整備費,航空機購入費,1972,①,100%,1972,軍事・国防は外敵から国家・国民を守る法秩序の核心
防衛省,令和4年度甲Ⅴ型警備艦建造費,艦艇建造費,165,①,100%,165,軍事・国防は外敵から国家・国民を守る法秩序の核心
防衛省,令和4年度潜水艦建造費,艦艇建造費,165,①,100%,165,軍事・国防は外敵から国家・国民を守る法秩序の核心
防衛省,令和5年度甲Ⅴ型警備艦建造費,艦艇建造費,306,①,100%,306,軍事・国防は外敵から国家・国民を守る法秩序の核心
防衛省,令和5年度潜水艦建造費,艦艇建造費,96,①,100%,96,軍事・国防は外敵から国家・国民を守る法秩序の核心
防衛省,令和6年度甲Ⅴ型警備艦建造費,艦艇建造費,371,①,100%,371,軍事・国防は外敵から国家・国民を守る法秩序の核心
防衛省,令和6年度甲Ⅵ型警備艦建造費,艦艇建造費,288,①,100%,288,軍事・国防は外敵から国家・国民を守る法秩序の核心
防衛省,令和6年度潜水艦建造費,艦艇建造費,283,①,100%,283,軍事・国防は外敵から国家・国民を守る法秩序の核心
防衛省,令和7年度甲Ⅴ型警備艦建造費,艦艇建造費,315,①,100%,315,軍事・国防は外敵から国家・国民を守る法秩序の核心
防衛省,令和7年度潜水艦建造費,艦艇建造費,41,①,100%,41,軍事・国防は外敵から国家・国民を守る法秩序の核心
防衛省,令和8年度甲Ⅴ型警備艦建造費,艦艇建造費,45,①,100%,45,軍事・国防は外敵から国家・国民を守る法秩序の核心
防衛省,令和8年度潜水艦建造費,艦艇建造費,20,①,100%,20,軍事・国防は外敵から国家・国民を守る法秩序の核心
防衛省,在日米軍等駐留関連諸費,駐留軍等労働者特別協定給与,1397,①,100%,1397,軍事・国防は外敵から国家・国民を守る法秩序の核心
防衛省,在日米軍等駐留関連諸費,駐留軍等労働者地位協定給与,7,①,100%,7,軍事・国防は外敵から国家・国民を守る法秩序の核心
防衛省,在日米軍等駐留関連諸費,職員旅費,3,①,100%,3,軍事・国防は外敵から国家・国民を守る法秩序の核心
防衛省,在日米軍等駐留関連諸費,在沖縄米海兵隊グアム移転業務庁費,2,①,100%,2,軍事・国防は外敵から国家・国民を守る法秩序の核心
防衛省,在日米軍等駐留関連諸費,在日米軍等駐留関連庁費,17,①,100%,17,軍事・国防は外敵から国家・国民を守る法秩序の核心
防衛省,在日米軍等駐留関連諸費,駐留軍等労働者福利費,263,①,100%,263,軍事・国防は外敵から国家・国民を守る法秩序の核心
防衛省,在日米軍等駐留関連諸費,在沖縄米海兵隊グアム移転業務委託費,3,①,100%,3,軍事・国防は外敵から国家・国民を守る法秩序の核心
防衛省,在日米軍等駐留関連諸費,提供施設等整備費,339,①,100%,339,軍事・国防は外敵から国家・国民を守る法秩序の核心
防衛省,在日米軍等駐留関連諸費,提供施設移設整備費,1717,①,100%,1717,軍事・国防は外敵から国家・国民を守る法秩序の核心
防衛省,在日米軍等駐留関連諸費,合衆国軍隊特別協定光熱水料等支出金,247,①,100%,247,軍事・国防は外敵から国家・国民を守る法秩序の核心
防衛省,在日米軍等駐留関連諸費,合衆国軍隊特別協定訓練資機材調達費支出金,33,①,100%,33,軍事・国防は外敵から国家・国民を守る法秩序の核心
防衛省,独立行政法人駐留軍等労働者労務管理機構運営費,独立行政法人駐留軍等労働者労務管理機構運営費交付金,39,①,100%,39,軍事・国防は外敵から国家・国民を守る法秩序の核心
防衛省,安全保障協力推進費,教育訓練履修給付金,1,①,100%,1,軍事・国防は外敵から国家・国民を守る法秩序の核心
防衛省,安全保障協力推進費,能力構築支援業務庁費,4,①,100%,4,軍事・国防は外敵から国家・国民を守る法秩序の核心
防衛省,安全保障協力推進費,教育訓練費,1,①,100%,1,軍事・国防は外敵から国家・国民を守る法秩序の核心
防衛省,地方防衛局,職員基本給,118,①,100%,118,軍事・国防は外敵から国家・国民を守る法秩序の核心
防衛省,地方防衛局,職員諸手当,62,①,100%,62,軍事・国防は外敵から国家・国民を守る法秩序の核心
防衛省,地方防衛局,超過勤務手当,16,①,100%,16,軍事・国防は外敵から国家・国民を守る法秩序の核心
防衛省,地方防衛局,非常勤職員手当,4,①,100%,4,軍事・国防は外敵から国家・国民を守る法秩序の核心
防衛省,地方防衛局,短時間勤務職員給与,6,①,100%,6,軍事・国防は外敵から国家・国民を守る法秩序の核心
防衛省,地方防衛局,児童手当,2,①,100%,2,軍事・国防は外敵から国家・国民を守る法秩序の核心
防衛省,地方防衛局,庁費,13,①,100%,13,軍事・国防は外敵から国家・国民を守る法秩序の核心
防衛省,地方防衛局,情報処理業務庁費,8,①,100%,8,軍事・国防は外敵から国家・国民を守る法秩序の核心
防衛省,地方防衛局,土地建物借料,3,①,100%,3,軍事・国防は外敵から国家・国民を守る法秩序の核心
防衛省,地方防衛局,宿舎特別借上費,1,①,100%,1,軍事・国防は外敵から国家・国民を守る法秩序の核心
防衛省,地方防衛局施設費,施設整備費,1,①,100%,1,軍事・国防は外敵から国家・国民を守る法秩序の核心
防衛省,防衛装備庁共通費,職員基本給,122,①,100%,122,軍事・国防は外敵から国家・国民を守る法秩序の核心
防衛省,防衛装備庁共通費,職員諸手当,68,①,100%,68,軍事・国防は外敵から国家・国民を守る法秩序の核心
防衛省,防衛装備庁共通費,超過勤務手当,14,①,100%,14,軍事・国防は外敵から国家・国民を守る法秩序の核心
防衛省,防衛装備庁共通費,非常勤職員手当,7,①,100%,7,軍事・国防は外敵から国家・国民を守る法秩序の核心
防衛省,防衛装備庁共通費,短時間勤務職員給与,4,①,100%,4,軍事・国防は外敵から国家・国民を守る法秩序の核心
防衛省,防衛装備庁共通費,児童手当,2,①,100%,2,軍事・国防は外敵から国家・国民を守る法秩序の核心
防衛省,防衛装備庁共通費,職員旅費,7,①,100%,7,軍事・国防は外敵から国家・国民を守る法秩序の核心
防衛省,防衛装備庁共通費,庁費,8,①,100%,8,軍事・国防は外敵から国家・国民を守る法秩序の核心
防衛省,防衛装備庁共通費,情報処理業務庁費,39,①,100%,39,軍事・国防は外敵から国家・国民を守る法秩序の核心
防衛省,防衛装備庁共通費,通信専用料,2,①,100%,2,軍事・国防は外敵から国家・国民を守る法秩序の核心
防衛省,防衛装備庁共通費,各所修繕,3,①,100%,3,軍事・国防は外敵から国家・国民を守る法秩序の核心
防衛省,防衛力基盤強化推進費,職員旅費,5,①,100%,5,軍事・国防は外敵から国家・国民を守る法秩序の核心
防衛省,防衛力基盤強化推進費,装備品取得等業務効率化推進庁費,340,①,100%,340,軍事・国防は外敵から国家・国民を守る法秩序の核心
防衛省,防衛力基盤強化推進費,国際技術協力業務庁費,2,①,100%,2,軍事・国防は外敵から国家・国民を守る法秩序の核心
防衛省,防衛力基盤強化推進費,人的基盤強化推進庁費,3,①,100%,3,軍事・国防は外敵から国家・国民を守る法秩序の核心
防衛省,防衛力基盤強化推進費,装備品等契約企業調査費,1,①,100%,1,軍事・国防は外敵から国家・国民を守る法秩序の核心
防衛省,防衛力基盤強化推進費,試験研究費,2072,①,100%,2072,軍事・国防は外敵から国家・国民を守る法秩序の核心
防衛省,防衛力基盤強化推進費,研究用機械器具費,136,①,100%,136,軍事・国防は外敵から国家・国民を守る法秩序の核心
防衛省,防衛力基盤強化推進費,試作品費,3979,①,100%,3979,軍事・国防は外敵から国家・国民を守る法秩序の核心
防衛省,防衛力基盤強化推進費,土地建物借料,2,①,100%,2,軍事・国防は外敵から国家・国民を守る法秩序の核心
防衛省,防衛力基盤強化推進費,装備品安定製造等確保事業費,119,①,100%,119,軍事・国防は外敵から国家・国民を守る法秩序の核心
防衛省,防衛力基盤強化推進費,防衛技術研究開発委託費,99,①,100%,99,軍事・国防は外敵から国家・国民を守る法秩序の核心
防衛省,防衛力基盤強化推進費,防衛イノベーション科学技術実証型研究委託費,53,①,100%,53,軍事・国防は外敵から国家・国民を守る法秩序の核心
防衛省,防衛力基盤強化推進費,防衛装備移転円滑化事業費補助金,400,①,100%,400,軍事・国防は外敵から国家・国民を守る法秩序の核心
防衛省,防衛力基盤強化推進費,防衛技術研究開発補助金,30,①,100%,30,軍事・国防は外敵から国家・国民を守る法秩序の核心
防衛省,防衛力基盤強化推進費,国際共同開発機関分担金,1363,①,100%,1363,軍事・国防は外敵から国家・国民を守る法秩序の核心
防衛省,防衛力基盤強化施設整備費,施設施工庁費,11,①,100%,11,軍事・国防は外敵から国家・国民を守る法秩序の核心
防衛省,防衛力基盤強化施設整備費,施設整備費,38,①,100%,38,軍事・国防は外敵から国家・国民を守る法秩序の核心
