所管,組織,項名,目名,元額_億円,フリードマン根拠,残存割合,残す額_億円,削減額_億円,措置,理由
皇室費,皇室費,内廷費,(内廷費),3,①法秩序維持,80%,2,1,維持（内廷費は縮小）,①国家の象徴的秩序機能
皇室費,皇室費,宮廷費,報償費,3,①法秩序維持,80%,2,1,維持（内廷費は縮小）,①国家の象徴的秩序機能
皇室費,皇室費,宮廷費,宮廷庁費,26,①法秩序維持,80%,21,5,維持（内廷費は縮小）,①国家の象徴的秩序機能
皇室費,皇室費,宮廷費,施設施工庁費,2,①法秩序維持,80%,2,0,維持（内廷費は縮小）,①国家の象徴的秩序機能
皇室費,皇室費,宮廷費,各所修繕,15,①法秩序維持,80%,12,3,維持（内廷費は縮小）,①国家の象徴的秩序機能
皇室費,皇室費,宮廷費,招宴費,1,①法秩序維持,80%,1,0,維持（内廷費は縮小）,①国家の象徴的秩序機能
皇室費,皇室費,宮廷費,施設整備費,73,①法秩序維持,80%,58,15,維持（内廷費は縮小）,①国家の象徴的秩序機能
皇室費,皇室費,皇族費,(皇族費),3,①法秩序維持,80%,2,1,維持（内廷費は縮小）,①国家の象徴的秩序機能
国会,衆議院,衆議院,議員歳費,102,③ルール修正・④裁定,50%,51,51,縮小,③④立法・裁定は必須。議員定数削減で縮小
国会,衆議院,衆議院,職員基本給,92,③ルール修正・④裁定,50%,46,46,縮小,③④立法・裁定は必須。議員定数削減で縮小
国会,衆議院,衆議院,職員諸手当,51,③ルール修正・④裁定,50%,26,25,縮小,③④立法・裁定は必須。議員定数削減で縮小
国会,衆議院,衆議院,超過勤務手当,14,③ルール修正・④裁定,50%,7,7,縮小,③④立法・裁定は必須。議員定数削減で縮小
国会,衆議院,衆議院,議員秘書手当,140,③ルール修正・④裁定,50%,70,70,縮小,③④立法・裁定は必須。議員定数削減で縮小
国会,衆議院,衆議院,非常勤職員手当,3,③ルール修正・④裁定,50%,2,1,縮小,③④立法・裁定は必須。議員定数削減で縮小
国会,衆議院,衆議院,休職者給与,1,③ルール修正・④裁定,50%,0,1,縮小,③④立法・裁定は必須。議員定数削減で縮小
国会,衆議院,衆議院,短時間勤務職員給与,2,③ルール修正・④裁定,50%,1,1,縮小,③④立法・裁定は必須。議員定数削減で縮小
国会,衆議院,衆議院,退職手当,17,③ルール修正・④裁定,50%,8,9,縮小,③④立法・裁定は必須。議員定数削減で縮小
国会,衆議院,衆議院,議員秘書退職手当,4,③ルール修正・④裁定,50%,2,2,縮小,③④立法・裁定は必須。議員定数削減で縮小
国会,衆議院,衆議院,児童手当,1,③ルール修正・④裁定,50%,0,1,縮小,③④立法・裁定は必須。議員定数削減で縮小
国会,衆議院,衆議院,議員旅費,3,③ルール修正・④裁定,50%,2,1,縮小,③④立法・裁定は必須。議員定数削減で縮小
国会,衆議院,衆議院,議員調査研究広報滞在費,56,③ルール修正・④裁定,50%,28,28,縮小,③④立法・裁定は必須。議員定数削減で縮小
国会,衆議院,衆議院,職員旅費,1,③ルール修正・④裁定,50%,0,1,縮小,③④立法・裁定は必須。議員定数削減で縮小
国会,衆議院,衆議院,庁費,10,③ルール修正・④裁定,50%,5,5,縮小,③④立法・裁定は必須。議員定数削減で縮小
国会,衆議院,衆議院,情報処理業務庁費,22,③ルール修正・④裁定,50%,11,11,縮小,③④立法・裁定は必須。議員定数削減で縮小
国会,衆議院,衆議院,国会運営事務処理等庁費,40,③ルール修正・④裁定,50%,20,20,縮小,③④立法・裁定は必須。議員定数削減で縮小
国会,衆議院,衆議院,議員特殊乗車券等購入費,10,③ルール修正・④裁定,50%,5,5,縮小,③④立法・裁定は必須。議員定数削減で縮小
国会,衆議院,衆議院,議案類印刷費,3,③ルール修正・④裁定,50%,2,1,縮小,③④立法・裁定は必須。議員定数削減で縮小
国会,衆議院,衆議院,招へい外国人滞在費,1,③ルール修正・④裁定,50%,0,1,縮小,③④立法・裁定は必須。議員定数削減で縮小
国会,衆議院,衆議院,各所修繕,1,③ルール修正・④裁定,50%,0,1,縮小,③④立法・裁定は必須。議員定数削減で縮小
国会,衆議院,衆議院,国政調査活動費,4,③ルール修正・④裁定,50%,2,2,縮小,③④立法・裁定は必須。議員定数削減で縮小
国会,衆議院,衆議院,公共施設等維持管理運営費,40,③ルール修正・④裁定,50%,20,20,縮小,③④立法・裁定は必須。議員定数削減で縮小
国会,衆議院,衆議院,立法事務費,36,③ルール修正・④裁定,50%,18,18,縮小,③④立法・裁定は必須。議員定数削減で縮小
国会,衆議院,衆議院,国家公務員共済組合負担金,24,③ルール修正・④裁定,50%,12,12,縮小,③④立法・裁定は必須。議員定数削減で縮小
国会,衆議院,衆議院,基礎年金等国家公務員共済組合負担金,6,③ルール修正・④裁定,50%,3,3,縮小,③④立法・裁定は必須。議員定数削減で縮小
国会,衆議院,衆議院,国有資産所在市町村交付金,6,③ルール修正・④裁定,50%,3,3,縮小,③④立法・裁定は必須。議員定数削減で縮小
国会,衆議院,衆議院,列国議会同盟分担金,2,③ルール修正・④裁定,50%,1,1,縮小,③④立法・裁定は必須。議員定数削減で縮小
国会,衆議院,衆議院,交際費,1,③ルール修正・④裁定,50%,0,1,縮小,③④立法・裁定は必須。議員定数削減で縮小
国会,衆議院,衆議院施設費,施設施工庁費,2,③ルール修正・④裁定,50%,1,1,縮小,③④立法・裁定は必須。議員定数削減で縮小
国会,衆議院,衆議院施設費,施設整備費,13,③ルール修正・④裁定,50%,6,7,縮小,③④立法・裁定は必須。議員定数削減で縮小
国会,衆議院,衆議院施設費,不動産購入費,7,③ルール修正・④裁定,50%,4,3,縮小,③④立法・裁定は必須。議員定数削減で縮小
国会,参議院,参議院,議員歳費,55,③ルール修正・④裁定,50%,28,27,縮小,③④立法・裁定は必須。議員定数削減で縮小
国会,参議院,参議院,職員基本給,69,③ルール修正・④裁定,50%,34,35,縮小,③④立法・裁定は必須。議員定数削減で縮小
国会,参議院,参議院,職員諸手当,38,③ルール修正・④裁定,50%,19,19,縮小,③④立法・裁定は必須。議員定数削減で縮小
国会,参議院,参議院,超過勤務手当,10,③ルール修正・④裁定,50%,5,5,縮小,③④立法・裁定は必須。議員定数削減で縮小
国会,参議院,参議院,議員秘書手当,75,③ルール修正・④裁定,50%,38,37,縮小,③④立法・裁定は必須。議員定数削減で縮小
国会,参議院,参議院,非常勤職員手当,3,③ルール修正・④裁定,50%,2,1,縮小,③④立法・裁定は必須。議員定数削減で縮小
国会,参議院,参議院,休職者給与,1,③ルール修正・④裁定,50%,0,1,縮小,③④立法・裁定は必須。議員定数削減で縮小
国会,参議院,参議院,短時間勤務職員給与,1,③ルール修正・④裁定,50%,0,1,縮小,③④立法・裁定は必須。議員定数削減で縮小
国会,参議院,参議院,退職手当,13,③ルール修正・④裁定,50%,6,7,縮小,③④立法・裁定は必須。議員定数削減で縮小
国会,参議院,参議院,議員秘書退職手当,2,③ルール修正・④裁定,50%,1,1,縮小,③④立法・裁定は必須。議員定数削減で縮小
国会,参議院,参議院,児童手当,1,③ルール修正・④裁定,50%,0,1,縮小,③④立法・裁定は必須。議員定数削減で縮小
国会,参議院,参議院,議員旅費,2,③ルール修正・④裁定,50%,1,1,縮小,③④立法・裁定は必須。議員定数削減で縮小
国会,参議院,参議院,議員調査研究広報滞在費,30,③ルール修正・④裁定,50%,15,15,縮小,③④立法・裁定は必須。議員定数削減で縮小
国会,参議院,参議院,職員旅費,1,③ルール修正・④裁定,50%,0,1,縮小,③④立法・裁定は必須。議員定数削減で縮小
国会,参議院,参議院,庁費,6,③ルール修正・④裁定,50%,3,3,縮小,③④立法・裁定は必須。議員定数削減で縮小
国会,参議院,参議院,情報処理業務庁費,13,③ルール修正・④裁定,50%,6,7,縮小,③④立法・裁定は必須。議員定数削減で縮小
国会,参議院,参議院,国会運営事務処理等庁費,32,③ルール修正・④裁定,50%,16,16,縮小,③④立法・裁定は必須。議員定数削減で縮小
国会,参議院,参議院,議員特殊乗車券等購入費,6,③ルール修正・④裁定,50%,3,3,縮小,③④立法・裁定は必須。議員定数削減で縮小
国会,参議院,参議院,議案類印刷費,2,③ルール修正・④裁定,50%,1,1,縮小,③④立法・裁定は必須。議員定数削減で縮小
国会,参議院,参議院,招へい外国人滞在費,1,③ルール修正・④裁定,50%,0,1,縮小,③④立法・裁定は必須。議員定数削減で縮小
国会,参議院,参議院,各所修繕,1,③ルール修正・④裁定,50%,0,1,縮小,③④立法・裁定は必須。議員定数削減で縮小
国会,参議院,参議院,国政調査活動費,2,③ルール修正・④裁定,50%,1,1,縮小,③④立法・裁定は必須。議員定数削減で縮小
国会,参議院,参議院,公共施設等維持管理運営費,21,③ルール修正・④裁定,50%,10,11,縮小,③④立法・裁定は必須。議員定数削減で縮小
国会,参議院,参議院,立法事務費,19,③ルール修正・④裁定,50%,10,9,縮小,③④立法・裁定は必須。議員定数削減で縮小
国会,参議院,参議院,国家公務員共済組合負担金,18,③ルール修正・④裁定,50%,9,9,縮小,③④立法・裁定は必須。議員定数削減で縮小
国会,参議院,参議院,基礎年金等国家公務員共済組合負担金,4,③ルール修正・④裁定,50%,2,2,縮小,③④立法・裁定は必須。議員定数削減で縮小
国会,参議院,参議院,国有資産所在市町村交付金,5,③ルール修正・④裁定,50%,2,3,縮小,③④立法・裁定は必須。議員定数削減で縮小
国会,参議院,参議院施設費,施設施工庁費,2,③ルール修正・④裁定,50%,1,1,縮小,③④立法・裁定は必須。議員定数削減で縮小
国会,参議院,参議院施設費,施設整備費,9,③ルール修正・④裁定,50%,4,5,縮小,③④立法・裁定は必須。議員定数削減で縮小
国会,国立国会図書館,国立国会図書館,職員基本給,51,③ルール修正・④裁定,50%,26,25,縮小,③④立法・裁定は必須。議員定数削減で縮小
国会,国立国会図書館,国立国会図書館,職員諸手当,29,③ルール修正・④裁定,50%,14,15,縮小,③④立法・裁定は必須。議員定数削減で縮小
国会,国立国会図書館,国立国会図書館,超過勤務手当,4,③ルール修正・④裁定,50%,2,2,縮小,③④立法・裁定は必須。議員定数削減で縮小
国会,国立国会図書館,国立国会図書館,非常勤職員手当,3,③ルール修正・④裁定,50%,2,1,縮小,③④立法・裁定は必須。議員定数削減で縮小
国会,国立国会図書館,国立国会図書館,短時間勤務職員給与,1,③ルール修正・④裁定,50%,0,1,縮小,③④立法・裁定は必須。議員定数削減で縮小
国会,国立国会図書館,国立国会図書館,退職手当,6,③ルール修正・④裁定,50%,3,3,縮小,③④立法・裁定は必須。議員定数削減で縮小
国会,国立国会図書館,国立国会図書館,職員旅費,1,③ルール修正・④裁定,50%,0,1,縮小,③④立法・裁定は必須。議員定数削減で縮小
国会,国立国会図書館,国立国会図書館,庁費,1,③ルール修正・④裁定,50%,0,1,縮小,③④立法・裁定は必須。議員定数削減で縮小
国会,国立国会図書館,国立国会図書館,国立国会図書館業務庁費,44,③ルール修正・④裁定,50%,22,22,縮小,③④立法・裁定は必須。議員定数削減で縮小
国会,国立国会図書館,国立国会図書館,図書館資料購入費,7,③ルール修正・④裁定,50%,4,3,縮小,③④立法・裁定は必須。議員定数削減で縮小
国会,国立国会図書館,国立国会図書館,立法資料購入費,1,③ルール修正・④裁定,50%,0,1,縮小,③④立法・裁定は必須。議員定数削減で縮小
国会,国立国会図書館,国立国会図書館,科学技術関係資料費,11,③ルール修正・④裁定,50%,6,5,縮小,③④立法・裁定は必須。議員定数削減で縮小
国会,国立国会図書館,国立国会図書館,特殊文書関係資料整備費,1,③ルール修正・④裁定,50%,0,1,縮小,③④立法・裁定は必須。議員定数削減で縮小
国会,国立国会図書館,国立国会図書館,電子計算機等借料,21,③ルール修正・④裁定,50%,10,11,縮小,③④立法・裁定は必須。議員定数削減で縮小
国会,国立国会図書館,国立国会図書館,各所修繕,1,③ルール修正・④裁定,50%,0,1,縮小,③④立法・裁定は必須。議員定数削減で縮小
国会,国立国会図書館,国立国会図書館,国家公務員共済組合負担金,13,③ルール修正・④裁定,50%,6,7,縮小,③④立法・裁定は必須。議員定数削減で縮小
国会,国立国会図書館,国立国会図書館,基礎年金等国家公務員共済組合負担金,3,③ルール修正・④裁定,50%,2,1,縮小,③④立法・裁定は必須。議員定数削減で縮小
国会,国立国会図書館,国立国会図書館,納入出版物代償金,3,③ルール修正・④裁定,50%,2,1,縮小,③④立法・裁定は必須。議員定数削減で縮小
国会,国立国会図書館,国立国会図書館施設費,施設施工庁費,1,③ルール修正・④裁定,50%,0,1,縮小,③④立法・裁定は必須。議員定数削減で縮小
国会,国立国会図書館,国立国会図書館施設費,施設整備費,7,③ルール修正・④裁定,50%,4,3,縮小,③④立法・裁定は必須。議員定数削減で縮小
国会,裁判官訴追委員会,裁判官訴追委員会,職員基本給,1,③ルール修正・④裁定,50%,0,1,縮小,③④立法・裁定は必須。議員定数削減で縮小
国会,裁判官弾劾裁判所,裁判官弾劾裁判所,職員基本給,1,③ルール修正・④裁定,50%,0,1,縮小,③④立法・裁定は必須。議員定数削減で縮小
裁判所,裁判所,最高裁判所,職員基本給,62,④裁定・⑤契約履行強制,100%,62,0,維持,④⑤裁定・契約履行強制は政府の核心機能
裁判所,裁判所,最高裁判所,職員諸手当,35,④裁定・⑤契約履行強制,100%,35,0,維持,④⑤裁定・契約履行強制は政府の核心機能
裁判所,裁判所,最高裁判所,超過勤務手当,8,④裁定・⑤契約履行強制,100%,8,0,維持,④⑤裁定・契約履行強制は政府の核心機能
裁判所,裁判所,最高裁判所,非常勤職員手当,1,④裁定・⑤契約履行強制,100%,1,0,維持,④⑤裁定・契約履行強制は政府の核心機能
裁判所,裁判所,最高裁判所,休職者給与,9,④裁定・⑤契約履行強制,100%,9,0,維持,④⑤裁定・契約履行強制は政府の核心機能
裁判所,裁判所,最高裁判所,公務災害補償費,1,④裁定・⑤契約履行強制,100%,1,0,維持,④⑤裁定・契約履行強制は政府の核心機能
裁判所,裁判所,最高裁判所,退職手当,173,④裁定・⑤契約履行強制,100%,173,0,維持,④⑤裁定・契約履行強制は政府の核心機能
裁判所,裁判所,最高裁判所,児童手当,13,④裁定・⑤契約履行強制,100%,13,0,維持,④⑤裁定・契約履行強制は政府の核心機能
裁判所,裁判所,最高裁判所,諸謝金,2,④裁定・⑤契約履行強制,100%,2,0,維持,④⑤裁定・契約履行強制は政府の核心機能
裁判所,裁判所,最高裁判所,修習給付金,34,④裁定・⑤契約履行強制,100%,34,0,維持,④⑤裁定・契約履行強制は政府の核心機能
裁判所,裁判所,最高裁判所,職員旅費,6,④裁定・⑤契約履行強制,100%,6,0,維持,④⑤裁定・契約履行強制は政府の核心機能
裁判所,裁判所,最高裁判所,外国留学旅費,1,④裁定・⑤契約履行強制,100%,1,0,維持,④⑤裁定・契約履行強制は政府の核心機能
裁判所,裁判所,最高裁判所,赴任旅費,6,④裁定・⑤契約履行強制,100%,6,0,維持,④⑤裁定・契約履行強制は政府の核心機能
裁判所,裁判所,最高裁判所,司法修習生旅費,1,④裁定・⑤契約履行強制,100%,1,0,維持,④⑤裁定・契約履行強制は政府の核心機能
裁判所,裁判所,最高裁判所,庁費,10,④裁定・⑤契約履行強制,100%,10,0,維持,④⑤裁定・契約履行強制は政府の核心機能
裁判所,裁判所,最高裁判所,情報処理業務庁費,56,④裁定・⑤契約履行強制,100%,56,0,維持,④⑤裁定・契約履行強制は政府の核心機能
裁判所,裁判所,最高裁判所,研修費,6,④裁定・⑤契約履行強制,100%,6,0,維持,④⑤裁定・契約履行強制は政府の核心機能
裁判所,裁判所,最高裁判所,裁判資料整備費,4,④裁定・⑤契約履行強制,100%,4,0,維持,④⑤裁定・契約履行強制は政府の核心機能
裁判所,裁判所,最高裁判所,各所修繕,14,④裁定・⑤契約履行強制,100%,14,0,維持,④⑤裁定・契約履行強制は政府の核心機能
裁判所,裁判所,最高裁判所,司法修習生研修委託費,1,④裁定・⑤契約履行強制,100%,1,0,維持,④⑤裁定・契約履行強制は政府の核心機能
裁判所,裁判所,最高裁判所,国家公務員共済組合負担金,319,④裁定・⑤契約履行強制,100%,319,0,維持,④⑤裁定・契約履行強制は政府の核心機能
裁判所,裁判所,最高裁判所,基礎年金等国家公務員共済組合負担金,82,④裁定・⑤契約履行強制,100%,82,0,維持,④⑤裁定・契約履行強制は政府の核心機能
裁判所,裁判所,最高裁判所,育児休業手当金等国家公務員共済組合負担金,2,④裁定・⑤契約履行強制,100%,2,0,維持,④⑤裁定・契約履行強制は政府の核心機能
裁判所,裁判所,最高裁判所,国有資産所在市町村交付金,2,④裁定・⑤契約履行強制,100%,2,0,維持,④⑤裁定・契約履行強制は政府の核心機能
裁判所,裁判所,最高裁判所,修習資金貸与金,13,④裁定・⑤契約履行強制,100%,13,0,維持,④⑤裁定・契約履行強制は政府の核心機能
裁判所,裁判所,下級裁判所,職員基本給,1308,④裁定・⑤契約履行強制,100%,1308,0,維持,④⑤裁定・契約履行強制は政府の核心機能
裁判所,裁判所,下級裁判所,職員諸手当,667,④裁定・⑤契約履行強制,100%,667,0,維持,④⑤裁定・契約履行強制は政府の核心機能
裁判所,裁判所,下級裁判所,超過勤務手当,36,④裁定・⑤契約履行強制,100%,36,0,維持,④⑤裁定・契約履行強制は政府の核心機能
裁判所,裁判所,下級裁判所,委員手当,67,④裁定・⑤契約履行強制,100%,67,0,維持,④⑤裁定・契約履行強制は政府の核心機能
裁判所,裁判所,下級裁判所,非常勤職員手当,5,④裁定・⑤契約履行強制,100%,5,0,維持,④⑤裁定・契約履行強制は政府の核心機能
裁判所,裁判所,下級裁判所,短時間勤務職員給与,8,④裁定・⑤契約履行強制,100%,8,0,維持,④⑤裁定・契約履行強制は政府の核心機能
裁判所,裁判所,下級裁判所,職員旅費,1,④裁定・⑤契約履行強制,100%,1,0,維持,④⑤裁定・契約履行強制は政府の核心機能
裁判所,裁判所,下級裁判所,委員等旅費,4,④裁定・⑤契約履行強制,100%,4,0,維持,④⑤裁定・契約履行強制は政府の核心機能
裁判所,裁判所,下級裁判所,庁費,63,④裁定・⑤契約履行強制,100%,63,0,維持,④⑤裁定・契約履行強制は政府の核心機能
裁判所,裁判所,下級裁判所,情報処理業務庁費,9,④裁定・⑤契約履行強制,100%,9,0,維持,④⑤裁定・契約履行強制は政府の核心機能
裁判所,裁判所,下級裁判所,法廷等器具整備費,10,④裁定・⑤契約履行強制,100%,10,0,維持,④⑤裁定・契約履行強制は政府の核心機能
裁判所,裁判所,検察審査費,検察審査員旅費,2,④裁定・⑤契約履行強制,100%,2,0,維持,④⑤裁定・契約履行強制は政府の核心機能
裁判所,裁判所,裁判費,諸謝金,18,④裁定・⑤契約履行強制,100%,18,0,維持,④⑤裁定・契約履行強制は政府の核心機能
裁判所,裁判所,裁判費,裁判旅費,1,④裁定・⑤契約履行強制,100%,1,0,維持,④⑤裁定・契約履行強制は政府の核心機能
裁判所,裁判所,裁判費,委員等旅費,11,④裁定・⑤契約履行強制,100%,11,0,維持,④⑤裁定・契約履行強制は政府の核心機能
裁判所,裁判所,裁判費,証人等旅費,2,④裁定・⑤契約履行強制,100%,2,0,維持,④⑤裁定・契約履行強制は政府の核心機能
裁判所,裁判所,裁判費,裁判庁費,262,④裁定・⑤契約履行強制,100%,262,0,維持,④⑤裁定・契約履行強制は政府の核心機能
裁判所,裁判所,裁判費,民事裁判発送料,20,④裁定・⑤契約履行強制,100%,20,0,維持,④⑤裁定・契約履行強制は政府の核心機能
裁判所,裁判所,裁判費,刑事裁判等特別送達料,7,④裁定・⑤契約履行強制,100%,7,0,維持,④⑤裁定・契約履行強制は政府の核心機能
裁判所,裁判所,裁判費,少年補導委託費,1,④裁定・⑤契約履行強制,100%,1,0,維持,④⑤裁定・契約履行強制は政府の核心機能
裁判所,裁判所,裁判費,賠償償還及払戻金,3,④裁定・⑤契約履行強制,100%,3,0,維持,④⑤裁定・契約履行強制は政府の核心機能
裁判所,裁判所,裁判費,刑事補償金,4,④裁定・⑤契約履行強制,100%,4,0,維持,④⑤裁定・契約履行強制は政府の核心機能
裁判所,裁判所,裁判所施設費,施設施工旅費,1,④裁定・⑤契約履行強制,100%,1,0,維持,④⑤裁定・契約履行強制は政府の核心機能
裁判所,裁判所,裁判所施設費,施設施工庁費,2,④裁定・⑤契約履行強制,100%,2,0,維持,④⑤裁定・契約履行強制は政府の核心機能
裁判所,裁判所,裁判所施設費,施設整備費,117,④裁定・⑤契約履行強制,100%,117,0,維持,④⑤裁定・契約履行強制は政府の核心機能
会計検査院,会計検査院,会計検査院,職員基本給,65,①法秩序維持,80%,52,13,維持（縮小）,①政府資金の適正使用監視
会計検査院,会計検査院,会計検査院,職員諸手当,37,①法秩序維持,80%,30,7,維持（縮小）,①政府資金の適正使用監視
会計検査院,会計検査院,会計検査院,超過勤務手当,9,①法秩序維持,80%,7,2,維持（縮小）,①政府資金の適正使用監視
会計検査院,会計検査院,会計検査院,非常勤職員手当,1,①法秩序維持,80%,1,0,維持（縮小）,①政府資金の適正使用監視
会計検査院,会計検査院,会計検査院,短時間勤務職員給与,1,①法秩序維持,80%,1,0,維持（縮小）,①政府資金の適正使用監視
会計検査院,会計検査院,会計検査院,退職手当,7,①法秩序維持,80%,6,1,維持（縮小）,①政府資金の適正使用監視
会計検査院,会計検査院,会計検査院,児童手当,1,①法秩序維持,80%,1,0,維持（縮小）,①政府資金の適正使用監視
会計検査院,会計検査院,会計検査院,検査旅費,4,①法秩序維持,80%,3,1,維持（縮小）,①政府資金の適正使用監視
会計検査院,会計検査院,会計検査院,庁費,2,①法秩序維持,80%,2,0,維持（縮小）,①政府資金の適正使用監視
会計検査院,会計検査院,会計検査院,研修所庁費,1,①法秩序維持,80%,1,0,維持（縮小）,①政府資金の適正使用監視
会計検査院,会計検査院,会計検査院,会計検査情報処理業務庁費,4,①法秩序維持,80%,3,1,維持（縮小）,①政府資金の適正使用監視
会計検査院,会計検査院,会計検査院,会計検査活動費,2,①法秩序維持,80%,2,0,維持（縮小）,①政府資金の適正使用監視
会計検査院,会計検査院,会計検査院,公共施設等維持管理運営費,8,①法秩序維持,80%,6,2,維持（縮小）,①政府資金の適正使用監視
会計検査院,会計検査院,会計検査院,官民区分所有施設維持管理運営費,5,①法秩序維持,80%,4,1,維持（縮小）,①政府資金の適正使用監視
会計検査院,会計検査院,会計検査院,国家公務員共済組合負担金,17,①法秩序維持,80%,14,3,維持（縮小）,①政府資金の適正使用監視
会計検査院,会計検査院,会計検査院,基礎年金等国家公務員共済組合負担金,4,①法秩序維持,80%,3,1,維持（縮小）,①政府資金の適正使用監視
内閣,内閣官房,内閣官房共通費,職員基本給,81,①法秩序維持,50%,40,41,縮小,政府縮小に伴い内閣機能も縮小
内閣,内閣官房,内閣官房共通費,職員諸手当,48,①法秩序維持,50%,24,24,縮小,政府縮小に伴い内閣機能も縮小
内閣,内閣官房,内閣官房共通費,超過勤務手当,18,①法秩序維持,50%,9,9,縮小,政府縮小に伴い内閣機能も縮小
内閣,内閣官房,内閣官房共通費,非常勤職員手当,6,①法秩序維持,50%,3,3,縮小,政府縮小に伴い内閣機能も縮小
内閣,内閣官房,内閣官房共通費,短時間勤務職員給与,3,①法秩序維持,50%,2,1,縮小,政府縮小に伴い内閣機能も縮小
内閣,内閣官房,内閣官房共通費,退職手当,10,①法秩序維持,50%,5,5,縮小,政府縮小に伴い内閣機能も縮小
内閣,内閣官房,内閣官房共通費,児童手当,1,①法秩序維持,50%,0,1,縮小,政府縮小に伴い内閣機能も縮小
内閣,内閣官房,内閣官房共通費,諸謝金,15,①法秩序維持,50%,8,7,縮小,政府縮小に伴い内閣機能も縮小
内閣,内閣官房,内閣官房共通費,報償費,15,①法秩序維持,50%,8,7,縮小,政府縮小に伴い内閣機能も縮小
内閣,内閣官房,内閣官房共通費,職員旅費,8,①法秩序維持,50%,4,4,縮小,政府縮小に伴い内閣機能も縮小
内閣,内閣官房,内閣官房共通費,安全保障業務旅費,1,①法秩序維持,50%,0,1,縮小,政府縮小に伴い内閣機能も縮小
内閣,内閣官房,内閣官房共通費,委員等旅費,1,①法秩序維持,50%,0,1,縮小,政府縮小に伴い内閣機能も縮小
内閣,内閣官房,内閣官房共通費,庁費,27,①法秩序維持,50%,14,13,縮小,政府縮小に伴い内閣機能も縮小
内閣,内閣官房,内閣官房共通費,情報処理業務庁費,128,①法秩序維持,50%,64,64,縮小,政府縮小に伴い内閣機能も縮小
内閣,内閣官房,内閣官房共通費,総理大臣官邸業務庁費,21,①法秩序維持,50%,10,11,縮小,政府縮小に伴い内閣機能も縮小
内閣,内閣官房,内閣官房共通費,拉致問題対策庁費,6,①法秩序維持,50%,3,3,縮小,政府縮小に伴い内閣機能も縮小
内閣,内閣官房,内閣官房共通費,サイバーセキュリティ研究開発等推進業務庁費,10,①法秩序維持,50%,5,5,縮小,政府縮小に伴い内閣機能も縮小
内閣,内閣官房,内閣官房共通費,電子計算機等借料,5,①法秩序維持,50%,2,3,縮小,政府縮小に伴い内閣機能も縮小
内閣,内閣官房,内閣官房共通費,土地建物借料,6,①法秩序維持,50%,3,3,縮小,政府縮小に伴い内閣機能も縮小
内閣,内閣官房,内閣官房共通費,拉致問題対策情報収集等活動費,6,①法秩序維持,50%,3,3,縮小,政府縮小に伴い内閣機能も縮小
内閣,内閣官房,内閣官房共通費,国家安全保障政策活動費,2,①法秩序維持,50%,1,1,縮小,政府縮小に伴い内閣機能も縮小
内閣,内閣官房,内閣官房共通費,国際テロ情報収集等活動費,4,①法秩序維持,50%,2,2,縮小,政府縮小に伴い内閣機能も縮小
内閣,内閣官房,内閣官房共通費,情報調査委託費,8,①法秩序維持,50%,4,4,縮小,政府縮小に伴い内閣機能も縮小
内閣,内閣官房,内閣官房共通費,サイバーセキュリティ研究開発推進委託費,10,①法秩序維持,50%,5,5,縮小,政府縮小に伴い内閣機能も縮小
内閣,内閣官房,内閣官房共通費,サイバーセキュリティ推進調整事務委託費,19,①法秩序維持,50%,10,9,縮小,政府縮小に伴い内閣機能も縮小
内閣,内閣官房,内閣官房共通費,国家公務員共済組合負担金,26,①法秩序維持,50%,13,13,縮小,政府縮小に伴い内閣機能も縮小
内閣,内閣官房,内閣官房共通費,基礎年金等国家公務員共済組合負担金,5,①法秩序維持,50%,2,3,縮小,政府縮小に伴い内閣機能も縮小
内閣,内閣官房,内閣官房施設費,施設整備費,24,①法秩序維持,50%,12,12,縮小,政府縮小に伴い内閣機能も縮小
内閣,内閣官房,情報収集衛星業務費,諸謝金,1,①法秩序維持,100%,1,0,維持,①安全保障
内閣,内閣官房,情報収集衛星業務費,職員旅費,1,①法秩序維持,100%,1,0,維持,①安全保障
内閣,内閣官房,情報収集衛星業務費,情報収集衛星業務庁費,225,①法秩序維持,100%,225,0,維持,①安全保障
内閣,内閣官房,情報収集衛星業務費,通信専用料,9,①法秩序維持,100%,9,0,維持,①安全保障
内閣,内閣官房,情報収集衛星業務費,情報収集衛星システム開発等委託費,365,①法秩序維持,100%,365,0,維持,①安全保障
内閣,内閣官房,情報収集衛星業務費,情報収集衛星システム研究開発委託費,7,①法秩序維持,100%,7,0,維持,①安全保障
内閣,内閣官房,情報収集衛星施設費,施設施工庁費,1,①法秩序維持,100%,1,0,維持,①安全保障
内閣,内閣官房,情報収集衛星施設費,施設整備費,13,①法秩序維持,100%,13,0,維持,①安全保障
内閣,内閣法制局,内閣法制局,職員基本給,6,①法秩序維持,50%,3,3,縮小,政府縮小に伴い内閣機能も縮小
内閣,内閣法制局,内閣法制局,職員諸手当,3,①法秩序維持,50%,2,1,縮小,政府縮小に伴い内閣機能も縮小
内閣,内閣法制局,内閣法制局,超過勤務手当,1,①法秩序維持,50%,0,1,縮小,政府縮小に伴い内閣機能も縮小
内閣,内閣法制局,内閣法制局,庁費,1,①法秩序維持,50%,0,1,縮小,政府縮小に伴い内閣機能も縮小
内閣,人事院,人事院,職員基本給,34,①法秩序維持,50%,17,17,縮小,政府縮小に伴い内閣機能も縮小
内閣,人事院,人事院,職員諸手当,19,①法秩序維持,50%,10,9,縮小,政府縮小に伴い内閣機能も縮小
内閣,人事院,人事院,超過勤務手当,3,①法秩序維持,50%,2,1,縮小,政府縮小に伴い内閣機能も縮小
内閣,人事院,人事院,短時間勤務職員給与,1,①法秩序維持,50%,0,1,縮小,政府縮小に伴い内閣機能も縮小
内閣,人事院,人事院,退職手当,6,①法秩序維持,50%,3,3,縮小,政府縮小に伴い内閣機能も縮小
内閣,人事院,人事院,諸謝金,1,①法秩序維持,50%,0,1,縮小,政府縮小に伴い内閣機能も縮小
内閣,人事院,人事院,職員旅費,1,①法秩序維持,50%,0,1,縮小,政府縮小に伴い内閣機能も縮小
内閣,人事院,人事院,外国留学旅費,1,①法秩序維持,50%,0,1,縮小,政府縮小に伴い内閣機能も縮小
内閣,人事院,人事院,庁費,8,①法秩序維持,50%,4,4,縮小,政府縮小に伴い内閣機能も縮小
内閣,人事院,人事院,研修所庁費,2,①法秩序維持,50%,1,1,縮小,政府縮小に伴い内閣機能も縮小
内閣,人事院,人事院,任用試験費,6,①法秩序維持,50%,3,3,縮小,政府縮小に伴い内閣機能も縮小
内閣,人事院,人事院,国家公務員共済組合負担金,8,①法秩序維持,50%,4,4,縮小,政府縮小に伴い内閣機能も縮小
内閣,人事院,人事院,基礎年金等国家公務員共済組合負担金,2,①法秩序維持,50%,1,1,縮小,政府縮小に伴い内閣機能も縮小
内閣府,内閣本府,内閣本府共通費,職員基本給,68,該当なし,10%,7,61,廃止,フリードマン範囲外の政策調整廃止
内閣府,内閣本府,内閣本府共通費,職員諸手当,39,該当なし,10%,4,35,廃止,フリードマン範囲外の政策調整廃止
内閣府,内閣本府,内閣本府共通費,超過勤務手当,15,該当なし,10%,2,13,廃止,フリードマン範囲外の政策調整廃止
内閣府,内閣本府,内閣本府共通費,委員手当,2,該当なし,10%,0,2,廃止,フリードマン範囲外の政策調整廃止
内閣府,内閣本府,内閣本府共通費,非常勤職員手当,8,該当なし,10%,1,7,廃止,フリードマン範囲外の政策調整廃止
内閣府,内閣本府,内閣本府共通費,休職者給与,2,該当なし,10%,0,2,廃止,フリードマン範囲外の政策調整廃止
内閣府,内閣本府,内閣本府共通費,短時間勤務職員給与,3,該当なし,10%,0,3,廃止,フリードマン範囲外の政策調整廃止
内閣府,内閣本府,内閣本府共通費,退職手当,18,該当なし,10%,2,16,廃止,フリードマン範囲外の政策調整廃止
内閣府,内閣本府,内閣本府共通費,児童手当,1,該当なし,10%,0,1,廃止,フリードマン範囲外の政策調整廃止
内閣府,内閣本府,内閣本府共通費,諸謝金,1,該当なし,10%,0,1,廃止,フリードマン範囲外の政策調整廃止
内閣府,内閣本府,内閣本府共通費,拉致被害者等給付金及滞在援助金,3,該当なし,10%,0,3,廃止,フリードマン範囲外の政策調整廃止
内閣府,内閣本府,内閣本府共通費,職員旅費,2,該当なし,10%,0,2,廃止,フリードマン範囲外の政策調整廃止
内閣府,内閣本府,内閣本府共通費,委員等旅費,1,該当なし,10%,0,1,廃止,フリードマン範囲外の政策調整廃止
内閣府,内閣本府,内閣本府共通費,庁費,36,該当なし,10%,4,32,廃止,フリードマン範囲外の政策調整廃止
内閣府,内閣本府,内閣本府共通費,情報処理業務庁費,7,該当なし,10%,1,6,廃止,フリードマン範囲外の政策調整廃止
内閣府,内閣本府,内閣本府共通費,移転費,2,該当なし,10%,0,2,廃止,フリードマン範囲外の政策調整廃止
内閣府,内閣本府,内閣本府共通費,土地建物借料,11,該当なし,10%,1,10,廃止,フリードマン範囲外の政策調整廃止
内閣府,内閣本府,内閣本府共通費,各所修繕,1,該当なし,10%,0,1,廃止,フリードマン範囲外の政策調整廃止
内閣府,内閣本府,内閣本府共通費,公共施設等維持管理運営費,15,該当なし,10%,2,13,廃止,フリードマン範囲外の政策調整廃止
内閣府,内閣本府,内閣本府共通費,拉致被害者等生活相談等事務委託費,1,該当なし,10%,0,1,廃止,フリードマン範囲外の政策調整廃止
内閣府,内閣本府,内閣本府共通費,国家公務員共済組合負担金,45,該当なし,10%,4,41,廃止,フリードマン範囲外の政策調整廃止
内閣府,内閣本府,内閣本府共通費,基礎年金等国家公務員共済組合負担金,12,該当なし,10%,1,11,廃止,フリードマン範囲外の政策調整廃止
内閣府,内閣本府,内閣本府共通費,国有資産所在市町村交付金,1,該当なし,10%,0,1,廃止,フリードマン範囲外の政策調整廃止
内閣府,内閣本府,内閣本府施設費,施設施工庁費,5,該当なし,10%,0,5,廃止,フリードマン範囲外の政策調整廃止
内閣府,内閣本府,内閣本府施設費,施設整備費,96,該当なし,10%,10,86,廃止,フリードマン範囲外の政策調整廃止
内閣府,内閣本府,独立行政法人国立公文書館運営費,独立行政法人国立公文書館運営費交付金,28,該当なし,10%,3,25,廃止,フリードマン範囲外の政策調整廃止
内閣府,内閣本府,政府広報費,啓発広報費,73,該当なし,10%,7,66,廃止,フリードマン範囲外の政策調整廃止
内閣府,内閣本府,政府広報費,国際機関等拠出金,5,該当なし,10%,0,5,廃止,フリードマン範囲外の政策調整廃止
内閣府,内閣本府,アイヌ政策推進費,アイヌ政策推進交付金,20,該当なし,10%,2,18,廃止,フリードマン範囲外の政策調整廃止
内閣府,内閣本府,遺棄化学兵器廃棄処理事業費,非常勤職員手当,1,⑤契約履行強制,100%,1,0,維持（時限的）,⑤条約義務
内閣府,内閣本府,遺棄化学兵器廃棄処理事業費,遺棄化学兵器廃棄処理業務旅費,1,⑤契約履行強制,100%,1,0,維持（時限的）,⑤条約義務
内閣府,内閣本府,遺棄化学兵器廃棄処理事業費,遺棄化学兵器廃棄処理業務庁費,4,⑤契約履行強制,100%,4,0,維持（時限的）,⑤条約義務
内閣府,内閣本府,遺棄化学兵器廃棄処理事業費,遺棄化学兵器廃棄処理事業等委託費,435,⑤契約履行強制,100%,435,0,維持（時限的）,⑤条約義務
内閣府,内閣本府,経済財政政策費,職員旅費,1,該当なし,10%,0,1,廃止,フリードマン範囲外の政策調整廃止
内閣府,内閣本府,経済財政政策費,情報処理業務庁費,1,該当なし,10%,0,1,廃止,フリードマン範囲外の政策調整廃止
内閣府,内閣本府,経済財政政策費,経済新生政策調査費,1,該当なし,10%,0,1,廃止,フリードマン範囲外の政策調整廃止
内閣府,内閣本府,経済財政政策費,民間資金等活用事業調査費,2,該当なし,10%,0,2,廃止,フリードマン範囲外の政策調整廃止
内閣府,内閣本府,経済財政政策費,景気動向調査費,2,該当なし,10%,0,2,廃止,フリードマン範囲外の政策調整廃止
内閣府,内閣本府,経済財政政策費,経済財政政策効果分析調査費,1,該当なし,10%,0,1,廃止,フリードマン範囲外の政策調整廃止
内閣府,内閣本府,経済財政政策費,経済協力開発機構拠出金,1,該当なし,10%,0,1,廃止,フリードマン範囲外の政策調整廃止
内閣府,内閣本府,地方創生支援費,地方創生支援委託費,6,該当なし,0%,0,6,廃止,産業政策廃止
内閣府,内閣本府,地方創生支援費,地方創生支援事業費補助金,2,該当なし,0%,0,2,廃止,産業政策廃止
内閣府,内閣本府,地方創生支援費,新しい地方経済・生活環境創生交付金,1042,該当なし,0%,0,1042,廃止,産業政策廃止
内閣府,内閣本府,地方創生基盤整備事業推進費,新しい地方経済・生活環境創生基盤整備交付金,558,該当なし,0%,0,558,廃止,産業政策廃止
内閣府,内閣本府,防災政策費,職員旅費,1,⑨外部効果克服,70%,1,0,縮小,⑨広域災害。補助事業廃止
内閣府,内閣本府,防災政策費,庁費,1,⑨外部効果克服,70%,1,0,縮小,⑨広域災害。補助事業廃止
内閣府,内閣本府,防災政策費,災害支援物資供給業務庁費,7,⑨外部効果克服,70%,5,2,縮小,⑨広域災害。補助事業廃止
内閣府,内閣本府,防災政策費,災害関係調査費,25,⑨外部効果克服,70%,18,7,縮小,⑨広域災害。補助事業廃止
内閣府,内閣本府,防災政策費,中央防災通信維持費,8,⑨外部効果克服,70%,6,2,縮小,⑨広域災害。補助事業廃止
内閣府,内閣本府,防災政策費,土地建物借料,2,⑨外部効果克服,70%,1,1,縮小,⑨広域災害。補助事業廃止
内閣府,内閣本府,防災政策費,無線通信機器等整備費,4,⑨外部効果克服,70%,3,1,縮小,⑨広域災害。補助事業廃止
内閣府,内閣本府,防災政策費,被災者生活再建支援金補助金,6,⑨外部効果克服,70%,4,2,縮小,⑨広域災害。補助事業廃止
内閣府,内閣本府,防災政策費,特定地震防災対策施設運営費補助金,3,⑨外部効果克服,70%,2,1,縮小,⑨広域災害。補助事業廃止
内閣府,内閣本府,防災政策費,特定非営利活動法人等被災者支援活動費補助金,1,⑨外部効果克服,70%,1,0,縮小,⑨広域災害。補助事業廃止
内閣府,内閣本府,防災政策費,災害救助費等負担金,28,⑨外部効果克服,70%,20,8,縮小,⑨広域災害。補助事業廃止
内閣府,内閣本府,防災政策費,災害弔慰金等負担金,1,⑨外部効果克服,70%,1,0,縮小,⑨広域災害。補助事業廃止
内閣府,内閣本府,防災政策費,防災力強化総合交付金,35,⑨外部効果克服,70%,24,11,縮小,⑨広域災害。補助事業廃止
内閣府,内閣本府,防災政策費,国際防災戦略事務局拠出金,1,⑨外部効果克服,70%,1,0,縮小,⑨広域災害。補助事業廃止
内閣府,内閣本府,防災政策費,災害援護貸付金,2,⑨外部効果克服,70%,1,1,縮小,⑨広域災害。補助事業廃止
内閣府,内閣本府,事前防災対策総合推進費,(事前防災対策総合推進費),17,該当なし,10%,2,15,廃止,フリードマン範囲外の政策調整廃止
内閣府,内閣本府,電源開発促進税財源原子力安全規制対策費エネルギー対策特別会計へ繰入,電源開発促進税財源のエネルギー対策特別会計へ繰入,97,該当なし,10%,10,87,廃止,フリードマン範囲外の政策調整廃止
内閣府,内閣本府,沖縄政策費,沖縄安全対策業務庁費,5,該当なし,0%,0,5,廃止,特定地域優遇補助廃止
内閣府,内閣本府,沖縄政策費,沖縄振興開発調査委託費,8,該当なし,0%,0,8,廃止,特定地域優遇補助廃止
内閣府,内閣本府,沖縄政策費,鉄軌道等導入課題詳細調査委託費,1,該当なし,0%,0,1,廃止,特定地域優遇補助廃止
内閣府,内閣本府,沖縄政策費,沖縄産業技術開発事業委託費,1,該当なし,0%,0,1,廃止,特定地域優遇補助廃止
内閣府,内閣本府,沖縄政策費,沖縄こども政策調査研究等事業委託費,1,該当なし,0%,0,1,廃止,特定地域優遇補助廃止
内閣府,内閣本府,沖縄政策費,沖縄離島無電柱化緊急対策事業費補助金,3,該当なし,0%,0,3,廃止,特定地域優遇補助廃止
内閣府,内閣本府,沖縄政策費,駐留軍用地跡地利用推進事業費補助金,3,該当なし,0%,0,3,廃止,特定地域優遇補助廃止
内閣府,内閣本府,沖縄政策費,駐留軍用地跡地先行取得事業費補助金,50,該当なし,0%,0,50,廃止,特定地域優遇補助廃止
内閣府,内閣本府,沖縄政策費,沖縄離島活性化推進事業費補助金,61,該当なし,0%,0,61,廃止,特定地域優遇補助廃止
内閣府,内閣本府,沖縄政策費,沖縄離島生活環境基盤整備推進費補助金,7,該当なし,0%,0,7,廃止,特定地域優遇補助廃止
内閣府,内閣本府,沖縄政策費,沖縄観光景観形成支援事業費補助金,3,該当なし,0%,0,3,廃止,特定地域優遇補助廃止
内閣府,内閣本府,沖縄政策費,沖縄農林水産物条件不利解消事業費補助金,19,該当なし,0%,0,19,廃止,特定地域優遇補助廃止
内閣府,内閣本府,沖縄政策費,沖縄産業創出支援事業費補助金,19,該当なし,0%,0,19,廃止,特定地域優遇補助廃止
内閣府,内閣本府,沖縄政策費,沖縄産業技術開発事業費補助金,9,該当なし,0%,0,9,廃止,特定地域優遇補助廃止
内閣府,内閣本府,沖縄政策費,沖縄こどもの貧困緊急対策事業費補助金,22,該当なし,0%,0,22,廃止,特定地域優遇補助廃止
内閣府,内閣本府,沖縄政策費,沖縄雇用促進・人材育成等推進事業費補助金,1,該当なし,0%,0,1,廃止,特定地域優遇補助廃止
内閣府,内閣本府,沖縄政策費,沖縄こども政策調査研究等事業費補助金,1,該当なし,0%,0,1,廃止,特定地域優遇補助廃止
内閣府,内閣本府,沖縄政策費,沖縄科学技術大学院大学学園補助金,192,該当なし,0%,0,192,廃止,特定地域優遇補助廃止
内閣府,内閣本府,沖縄政策費,沖縄科学技術大学院大学学園施設整備費補助金,8,該当なし,0%,0,8,廃止,特定地域優遇補助廃止
内閣府,内閣本府,沖縄政策費,不発弾等処理交付金,27,該当なし,0%,0,27,廃止,特定地域優遇補助廃止
内閣府,内閣本府,沖縄政策費,沖縄振興開発金融公庫補給金,10,該当なし,0%,0,10,廃止,特定地域優遇補助廃止
内閣府,内閣本府,沖縄政策費,沖縄振興開発金融公庫出資金,1,該当なし,0%,0,1,廃止,特定地域優遇補助廃止
内閣府,内閣本府,沖縄振興交付金事業推進費,沖縄振興特別推進交付金,347,該当なし,0%,0,347,廃止,特定地域優遇補助廃止
内閣府,内閣本府,沖縄振興交付金事業推進費,沖縄振興公共投資交付金,390,該当なし,0%,0,390,廃止,特定地域優遇補助廃止
内閣府,内閣本府,沖縄振興特定事業推進費,沖縄振興特定事業推進費補助金,95,該当なし,0%,0,95,廃止,特定地域優遇補助廃止
内閣府,内閣本府,沖縄北部連携促進特別振興事業費,沖縄北部連携促進特別振興事業費補助金,50,該当なし,0%,0,50,廃止,特定地域優遇補助廃止
内閣府,内閣本府,沖縄教育振興事業費,公立学校施設整備費負担金,29,該当なし,0%,0,29,廃止,特定地域優遇補助廃止
内閣府,内閣本府,沖縄教育振興事業費,学校施設環境改善交付金,2,該当なし,0%,0,2,廃止,特定地域優遇補助廃止
内閣府,内閣本府,沖縄開発事業費,堰堤維持費,26,該当なし,0%,0,26,廃止,特定地域優遇補助廃止
内閣府,内閣本府,沖縄開発事業費,地域連携道路事業費,19,該当なし,0%,0,19,廃止,特定地域優遇補助廃止
内閣府,内閣本府,沖縄開発事業費,道路交通円滑化事業費,216,該当なし,0%,0,216,廃止,特定地域優遇補助廃止
内閣府,内閣本府,沖縄開発事業費,道路維持管理費,61,該当なし,0%,0,61,廃止,特定地域優遇補助廃止
内閣府,内閣本府,沖縄開発事業費,港湾改修費,137,該当なし,0%,0,137,廃止,特定地域優遇補助廃止
内閣府,内閣本府,沖縄開発事業費,道路交通安全施設等整備事業費,15,該当なし,0%,0,15,廃止,特定地域優遇補助廃止
内閣府,内閣本府,沖縄開発事業費,交通事故重点対策道路事業費,31,該当なし,0%,0,31,廃止,特定地域優遇補助廃止
内閣府,内閣本府,沖縄開発事業費,無電柱化推進事業費,10,該当なし,0%,0,10,廃止,特定地域優遇補助廃止
内閣府,内閣本府,沖縄開発事業費,国営公園整備費,32,該当なし,0%,0,32,廃止,特定地域優遇補助廃止
内閣府,内閣本府,沖縄開発事業費,国営公園維持管理費,17,該当なし,0%,0,17,廃止,特定地域優遇補助廃止
内閣府,内閣本府,沖縄開発事業費,かんがい排水事業費,55,該当なし,0%,0,55,廃止,特定地域優遇補助廃止
内閣府,内閣本府,沖縄開発事業費,国営造成施設管理費,1,該当なし,0%,0,1,廃止,特定地域優遇補助廃止
内閣府,内閣本府,沖縄開発事業費,農業農村整備営繕宿舎費,1,該当なし,0%,0,1,廃止,特定地域優遇補助廃止
内閣府,内閣本府,沖縄開発事業費,特定漁港漁場整備費,11,該当なし,0%,0,11,廃止,特定地域優遇補助廃止
内閣府,内閣本府,沖縄開発事業費,海岸保全施設整備事業費補助,1,該当なし,0%,0,1,廃止,特定地域優遇補助廃止
内閣府,内閣本府,沖縄開発事業費,治山事業費補助,3,該当なし,0%,0,3,廃止,特定地域優遇補助廃止
内閣府,内閣本府,沖縄開発事業費,特定土砂災害対策推進事業費補助,1,該当なし,0%,0,1,廃止,特定地域優遇補助廃止
内閣府,内閣本府,沖縄開発事業費,地域連携道路事業費補助,37,該当なし,0%,0,37,廃止,特定地域優遇補助廃止
内閣府,内閣本府,沖縄開発事業費,道路更新防災等対策事業費補助,15,該当なし,0%,0,15,廃止,特定地域優遇補助廃止
内閣府,内閣本府,沖縄開発事業費,港湾改修費補助,4,該当なし,0%,0,4,廃止,特定地域優遇補助廃止
内閣府,内閣本府,沖縄開発事業費,道路交通安全施設等整備事業費補助,7,該当なし,0%,0,7,廃止,特定地域優遇補助廃止
内閣府,内閣本府,沖縄開発事業費,無電柱化推進事業費補助,9,該当なし,0%,0,9,廃止,特定地域優遇補助廃止
内閣府,内閣本府,沖縄開発事業費,水道施設整備費補助,33,該当なし,0%,0,33,廃止,特定地域優遇補助廃止
内閣府,内閣本府,沖縄開発事業費,農業農村整備事業費補助,69,該当なし,0%,0,69,廃止,特定地域優遇補助廃止
内閣府,内閣本府,沖縄開発事業費,森林環境保全整備事業費補助,3,該当なし,0%,0,3,廃止,特定地域優遇補助廃止
内閣府,内閣本府,沖縄開発事業費,水産基盤整備事業費補助,33,該当なし,0%,0,33,廃止,特定地域優遇補助廃止
内閣府,内閣本府,沖縄開発事業費,循環型社会形成推進交付金,12,該当なし,0%,0,12,廃止,特定地域優遇補助廃止
内閣府,内閣本府,沖縄開発事業費,社会資本整備総合交付金,102,該当なし,0%,0,102,廃止,特定地域優遇補助廃止
内閣府,内閣本府,沖縄開発事業費,防災・安全交付金,65,該当なし,0%,0,65,廃止,特定地域優遇補助廃止
内閣府,内閣本府,沖縄北部連携促進特別振興対策特定開発事業推進費,(沖縄北部連携促進特別振興対策特定開発事業推進費),26,該当なし,0%,0,26,廃止,特定地域優遇補助廃止
内閣府,内閣本府,共生・共助政策費,諸謝金,7,該当なし,10%,1,6,廃止,フリードマン範囲外の政策調整廃止
内閣府,内閣本府,共生・共助政策費,庁費,1,該当なし,10%,0,1,廃止,フリードマン範囲外の政策調整廃止
内閣府,内閣本府,共生・共助政策費,青年の船運航費,10,該当なし,10%,1,9,廃止,フリードマン範囲外の政策調整廃止
内閣府,内閣本府,孤独・孤立対策推進費,諸謝金,1,該当なし,10%,0,1,廃止,フリードマン範囲外の政策調整廃止
内閣府,内閣本府,孤独・孤立対策推進費,孤独・孤立対策推進交付金,1,該当なし,10%,0,1,廃止,フリードマン範囲外の政策調整廃止
内閣府,内閣本府,重要土地等調査費,重要土地等調査委託費,6,該当なし,10%,1,5,廃止,フリードマン範囲外の政策調整廃止
内閣府,内閣本府,経済安全保障確保推進費,諸謝金,3,該当なし,10%,0,3,廃止,フリードマン範囲外の政策調整廃止
内閣府,内閣本府,経済安全保障確保推進費,職員旅費,1,該当なし,10%,0,1,廃止,フリードマン範囲外の政策調整廃止
内閣府,内閣本府,経済安全保障確保推進費,情報処理業務庁費,2,該当なし,10%,0,2,廃止,フリードマン範囲外の政策調整廃止
内閣府,内閣本府,経済安全保障確保推進費,特定重要技術調査研究委託費,1,該当なし,10%,0,1,廃止,フリードマン範囲外の政策調整廃止
内閣府,内閣本府,栄典行政費,褒賞品製造費,29,該当なし,10%,3,26,廃止,フリードマン範囲外の政策調整廃止
内閣府,内閣本府,男女共同参画社会形成促進費,諸謝金,2,該当なし,10%,0,2,廃止,フリードマン範囲外の政策調整廃止
内閣府,内閣本府,男女共同参画社会形成促進費,地域女性活躍推進交付金,3,該当なし,10%,0,3,廃止,フリードマン範囲外の政策調整廃止
内閣府,内閣本府,男女共同参画社会形成促進費,性暴力・配偶者暴力被害者等支援交付金,8,該当なし,10%,1,7,廃止,フリードマン範囲外の政策調整廃止
内閣府,内閣本府,独立行政法人男女共同参画機構運営費,独立行政法人男女共同参画機構運営費交付金,7,該当なし,10%,1,6,廃止,フリードマン範囲外の政策調整廃止
内閣府,内閣本府,食品安全政策費,食品健康影響評価技術研究委託費,2,該当なし,10%,0,2,廃止,フリードマン範囲外の政策調整廃止
内閣府,内閣本府,経済社会総合研究所,職員基本給,7,該当なし,10%,1,6,廃止,フリードマン範囲外の政策調整廃止
内閣府,内閣本府,経済社会総合研究所,職員諸手当,4,該当なし,10%,0,4,廃止,フリードマン範囲外の政策調整廃止
内閣府,内閣本府,経済社会総合研究所,超過勤務手当,1,該当なし,10%,0,1,廃止,フリードマン範囲外の政策調整廃止
内閣府,内閣本府,経済社会総合研究所,短時間勤務職員給与,1,該当なし,10%,0,1,廃止,フリードマン範囲外の政策調整廃止
内閣府,内閣本府,経済社会総合研究所,景気動向調査費,1,該当なし,10%,0,1,廃止,フリードマン範囲外の政策調整廃止
内閣府,内閣本府,経済社会総合研究所,試験研究費,3,該当なし,10%,0,3,廃止,フリードマン範囲外の政策調整廃止
内閣府,内閣本府,経済社会総合研究所,経済調査等委託費,1,該当なし,10%,0,1,廃止,フリードマン範囲外の政策調整廃止
内閣府,内閣本府,迎賓施設運営費,迎賓施設業務庁費,22,該当なし,10%,2,20,廃止,フリードマン範囲外の政策調整廃止
内閣府,内閣本府,日本学術会議運営費,日本学術会議補助金,7,該当なし,10%,1,6,廃止,フリードマン範囲外の政策調整廃止
内閣府,内閣本府,航空機燃料税財源沖縄空港整備事業費自動車安全特別会計へ繰入,航空機燃料税財源の自動車安全特別会計へ繰入,17,該当なし,0%,0,17,廃止,特定地域優遇補助廃止
内閣府,地方創生推進事務局,地方創生推進事務局,職員基本給,1,該当なし,0%,0,1,廃止,産業政策廃止
内閣府,地方創生推進事務局,地方創生推進事務局,庁費,1,該当なし,0%,0,1,廃止,産業政策廃止
内閣府,地方創生推進事務局,地方創生推進事務局,地方創生推進委託費,9,該当なし,0%,0,9,廃止,産業政策廃止
内閣府,地方創生推進事務局,地方創生推進事務局,地域再生支援利子補給金,3,該当なし,0%,0,3,廃止,産業政策廃止
内閣府,地方創生推進事務局,地方創生推進事務局,総合特区支援利子補給金,3,該当なし,0%,0,3,廃止,産業政策廃止
内閣府,地方創生推進事務局,地方創生推進費,地方大学・地域産業創生交付金,5,該当なし,0%,0,5,廃止,産業政策廃止
内閣府,地方創生推進事務局,特定地域づくり事業推進費,特定地域づくり事業推進交付金,6,該当なし,10%,1,5,廃止,フリードマン範囲外の政策調整廃止
内閣府,知的財産戦略推進事務局,知的財産戦略推進事務局,諸謝金,1,該当なし,10%,0,1,廃止,フリードマン範囲外の政策調整廃止
内閣府,科学技術・イノベーション推進事務局,科学技術・イノベーション推進事務局,職員基本給,4,該当なし,10%,0,4,廃止,フリードマン範囲外の政策調整廃止
内閣府,科学技術・イノベーション推進事務局,科学技術・イノベーション推進事務局,職員諸手当,2,該当なし,10%,0,2,廃止,フリードマン範囲外の政策調整廃止
内閣府,科学技術・イノベーション推進事務局,科学技術・イノベーション推進事務局,超過勤務手当,1,該当なし,10%,0,1,廃止,フリードマン範囲外の政策調整廃止
内閣府,科学技術・イノベーション推進事務局,科学技術・イノベーション推進事務局,非常勤職員手当,1,該当なし,10%,0,1,廃止,フリードマン範囲外の政策調整廃止
内閣府,科学技術・イノベーション推進事務局,科学技術・イノベーション推進事務局,庁費,1,該当なし,10%,0,1,廃止,フリードマン範囲外の政策調整廃止
内閣府,科学技術・イノベーション推進事務局,科学技術・イノベーション推進事務局,科学技術振興調査等委託費,4,該当なし,10%,0,4,廃止,フリードマン範囲外の政策調整廃止
内閣府,科学技術・イノベーション推進事務局,科学技術・イノベーション推進事務局,科学技術基礎調査等委託費,6,該当なし,10%,1,5,廃止,フリードマン範囲外の政策調整廃止
内閣府,科学技術・イノベーション推進事務局,科学技術・イノベーション推進事務局,国際連合開発計画等拠出金,13,該当なし,10%,1,12,廃止,フリードマン範囲外の政策調整廃止
内閣府,科学技術・イノベーション推進事務局,科学技術イノベーション創造推進費,(科学技術イノベーション創造推進費),594,⑨外部効果克服,40%,238,356,大幅縮小,⑨基礎研究の外部効果。イノベ補助廃止
内閣府,健康・医療戦略推進事務局,健康・医療戦略推進事務局,諸謝金,1,該当なし,10%,0,1,廃止,フリードマン範囲外の政策調整廃止
内閣府,健康・医療戦略推進事務局,健康・医療戦略推進事務局,庁費,1,該当なし,10%,0,1,廃止,フリードマン範囲外の政策調整廃止
内閣府,宇宙開発戦略推進事務局,宇宙開発戦略推進事務局,職員基本給,3,①法秩序維持・⑨外部効果克服,50%,2,1,縮小,①安保・⑨衛星インフラ
内閣府,宇宙開発戦略推進事務局,宇宙開発戦略推進事務局,職員諸手当,2,①法秩序維持・⑨外部効果克服,50%,1,1,縮小,①安保・⑨衛星インフラ
内閣府,宇宙開発戦略推進事務局,宇宙開発戦略推進事務局,超過勤務手当,1,①法秩序維持・⑨外部効果克服,50%,0,1,縮小,①安保・⑨衛星インフラ
内閣府,宇宙開発戦略推進事務局,宇宙開発戦略推進事務局,非常勤職員手当,1,①法秩序維持・⑨外部効果克服,50%,0,1,縮小,①安保・⑨衛星インフラ
内閣府,宇宙開発戦略推進事務局,宇宙開発戦略推進事務局,職員旅費,1,①法秩序維持・⑨外部効果克服,50%,0,1,縮小,①安保・⑨衛星インフラ
内閣府,宇宙開発戦略推進事務局,宇宙開発戦略推進事務局,庁費,1,①法秩序維持・⑨外部効果克服,50%,0,1,縮小,①安保・⑨衛星インフラ
内閣府,宇宙開発戦略推進事務局,宇宙開発戦略推進事務局,実用準天頂衛星業務庁費,4,①法秩序維持・⑨外部効果克服,50%,2,2,縮小,①安保・⑨衛星インフラ
内閣府,宇宙開発戦略推進事務局,宇宙開発戦略推進事務局,土地建物借料,1,①法秩序維持・⑨外部効果克服,50%,0,1,縮小,①安保・⑨衛星インフラ
内閣府,宇宙開発戦略推進事務局,宇宙開発戦略推進事務局,公共施設等維持管理運営費,133,①法秩序維持・⑨外部効果克服,50%,66,67,縮小,①安保・⑨衛星インフラ
内閣府,宇宙開発戦略推進事務局,宇宙開発戦略推進事務局,宇宙開発利用推進調査委託費,7,①法秩序維持・⑨外部効果克服,50%,4,3,縮小,①安保・⑨衛星インフラ
内閣府,宇宙開発戦略推進事務局,宇宙開発戦略推進事務局,実用準天頂衛星システム開発等委託費,31,①法秩序維持・⑨外部効果克服,50%,16,15,縮小,①安保・⑨衛星インフラ
内閣府,宇宙開発戦略推進事務局,宇宙開発利用推進費,宇宙開発利用推進研究開発委託費,21,①法秩序維持・⑨外部効果克服,50%,10,11,縮小,①安保・⑨衛星インフラ
内閣府,北方対策本部,北方対策本部,職員基本給,1,該当なし,10%,0,1,廃止,フリードマン範囲外の政策調整廃止
内閣府,北方対策本部,北方対策本部,諸謝金,1,該当なし,10%,0,1,廃止,フリードマン範囲外の政策調整廃止
内閣府,北方対策本部,北方対策本部,北方地域旧漁業権者等貸付事業費補助金,2,該当なし,10%,0,2,廃止,フリードマン範囲外の政策調整廃止
内閣府,北方対策本部,独立行政法人北方領土問題対策協会運営費,独立行政法人北方領土問題対策協会一般業務勘定運営費交付金,13,該当なし,10%,1,12,廃止,フリードマン範囲外の政策調整廃止
内閣府,総合海洋政策推進事務局,総合海洋政策推進事務局,職員基本給,1,該当なし,10%,0,1,廃止,フリードマン範囲外の政策調整廃止
内閣府,総合海洋政策推進事務局,総合海洋政策推進事務局,職員諸手当,1,該当なし,10%,0,1,廃止,フリードマン範囲外の政策調整廃止
内閣府,総合海洋政策推進事務局,海洋開発等重点戦略推進費,海洋開発等重点戦略推進調査費,6,該当なし,10%,1,5,廃止,フリードマン範囲外の政策調整廃止
内閣府,総合海洋政策推進事務局,有人国境離島政策推進費,特定有人国境離島地域社会維持推進交付金,55,該当なし,10%,6,49,廃止,フリードマン範囲外の政策調整廃止
内閣府,国際平和協力本部,国際平和協力本部,職員基本給,1,該当なし,10%,0,1,廃止,フリードマン範囲外の政策調整廃止
内閣府,国際平和協力本部,国際平和協力本部,職員諸手当,1,該当なし,10%,0,1,廃止,フリードマン範囲外の政策調整廃止
内閣府,国際平和協力本部,国際平和協力本部,国際平和協力業務旅費,1,該当なし,10%,0,1,廃止,フリードマン範囲外の政策調整廃止
内閣府,国際平和協力本部,国際平和協力本部,庁費,1,該当なし,10%,0,1,廃止,フリードマン範囲外の政策調整廃止
内閣府,国際平和協力本部,国際平和協力本部,国際平和協力業務庁費,3,該当なし,10%,0,3,廃止,フリードマン範囲外の政策調整廃止
内閣府,日本学術会議,日本学術会議,職員基本給,1,該当なし,10%,0,1,廃止,フリードマン範囲外の政策調整廃止
内閣府,日本学術会議,日本学術会議,職員諸手当,1,該当なし,10%,0,1,廃止,フリードマン範囲外の政策調整廃止
内閣府,日本学術会議,日本学術会議,委員手当,1,該当なし,10%,0,1,廃止,フリードマン範囲外の政策調整廃止
内閣府,日本学術会議,日本学術会議,会員手当,1,該当なし,10%,0,1,廃止,フリードマン範囲外の政策調整廃止
内閣府,日本学術会議,日本学術会議,国際学術連合会議等分担金,2,該当なし,10%,0,2,廃止,フリードマン範囲外の政策調整廃止
内閣府,官民人材交流センター,官民人材交流センター,職員基本給,1,該当なし,10%,0,1,廃止,フリードマン範囲外の政策調整廃止
内閣府,官民人材交流センター,官民人材交流センター,職員諸手当,1,該当なし,10%,0,1,廃止,フリードマン範囲外の政策調整廃止
内閣府,沖縄総合事務局,沖縄総合事務局,職員基本給,26,該当なし,0%,0,26,廃止,特定地域優遇補助廃止
内閣府,沖縄総合事務局,沖縄総合事務局,職員諸手当,14,該当なし,0%,0,14,廃止,特定地域優遇補助廃止
内閣府,沖縄総合事務局,沖縄総合事務局,超過勤務手当,2,該当なし,0%,0,2,廃止,特定地域優遇補助廃止
内閣府,沖縄総合事務局,沖縄総合事務局,非常勤職員手当,2,該当なし,0%,0,2,廃止,特定地域優遇補助廃止
内閣府,沖縄総合事務局,沖縄総合事務局,短時間勤務職員給与,1,該当なし,0%,0,1,廃止,特定地域優遇補助廃止
内閣府,沖縄総合事務局,沖縄総合事務局,児童手当,1,該当なし,0%,0,1,廃止,特定地域優遇補助廃止
内閣府,沖縄総合事務局,沖縄総合事務局,職員旅費,1,該当なし,0%,0,1,廃止,特定地域優遇補助廃止
内閣府,沖縄総合事務局,沖縄総合事務局,庁費,7,該当なし,0%,0,7,廃止,特定地域優遇補助廃止
内閣府,沖縄総合事務局,沖縄総合事務局,情報処理業務庁費,1,該当なし,0%,0,1,廃止,特定地域優遇補助廃止
内閣府,沖縄総合事務局,沖縄総合事務局,各所修繕,1,該当なし,0%,0,1,廃止,特定地域優遇補助廃止
内閣府,沖縄総合事務局,沖縄総合事務局,国有資産所在市町村交付金,1,該当なし,0%,0,1,廃止,特定地域優遇補助廃止
内閣府,沖縄総合事務局,沖縄治水事業工事諸費,職員基本給,1,該当なし,0%,0,1,廃止,特定地域優遇補助廃止
内閣府,沖縄総合事務局,沖縄治水事業工事諸費,職員諸手当,1,該当なし,0%,0,1,廃止,特定地域優遇補助廃止
内閣府,沖縄総合事務局,沖縄治水事業工事諸費,工事雑費,1,該当なし,0%,0,1,廃止,特定地域優遇補助廃止
内閣府,沖縄総合事務局,沖縄治水事業工事諸費,国有資産所在市町村交付金,13,該当なし,0%,0,13,廃止,特定地域優遇補助廃止
内閣府,沖縄総合事務局,沖縄治水事業工事諸費,精算還付金,2,該当なし,0%,0,2,廃止,特定地域優遇補助廃止
内閣府,沖縄総合事務局,沖縄道路整備事業工事諸費,職員基本給,4,該当なし,0%,0,4,廃止,特定地域優遇補助廃止
内閣府,沖縄総合事務局,沖縄道路整備事業工事諸費,職員諸手当,2,該当なし,0%,0,2,廃止,特定地域優遇補助廃止
内閣府,沖縄総合事務局,沖縄道路整備事業工事諸費,超過勤務手当,1,該当なし,0%,0,1,廃止,特定地域優遇補助廃止
内閣府,沖縄総合事務局,沖縄道路整備事業工事諸費,退職手当,1,該当なし,0%,0,1,廃止,特定地域優遇補助廃止
内閣府,沖縄総合事務局,沖縄道路整備事業工事諸費,庁費,1,該当なし,0%,0,1,廃止,特定地域優遇補助廃止
内閣府,沖縄総合事務局,沖縄道路整備事業工事諸費,工事雑費,3,該当なし,0%,0,3,廃止,特定地域優遇補助廃止
内閣府,沖縄総合事務局,沖縄道路整備事業工事諸費,国家公務員共済組合負担金,1,該当なし,0%,0,1,廃止,特定地域優遇補助廃止
内閣府,沖縄総合事務局,沖縄港湾空港整備事業工事諸費,職員基本給,3,該当なし,0%,0,3,廃止,特定地域優遇補助廃止
内閣府,沖縄総合事務局,沖縄港湾空港整備事業工事諸費,職員諸手当,2,該当なし,0%,0,2,廃止,特定地域優遇補助廃止
内閣府,沖縄総合事務局,沖縄港湾空港整備事業工事諸費,退職手当,1,該当なし,0%,0,1,廃止,特定地域優遇補助廃止
内閣府,沖縄総合事務局,沖縄港湾空港整備事業工事諸費,庁費,1,該当なし,0%,0,1,廃止,特定地域優遇補助廃止
内閣府,沖縄総合事務局,沖縄港湾空港整備事業工事諸費,工事雑費,2,該当なし,0%,0,2,廃止,特定地域優遇補助廃止
内閣府,沖縄総合事務局,沖縄港湾空港整備事業工事諸費,国家公務員共済組合負担金,1,該当なし,0%,0,1,廃止,特定地域優遇補助廃止
内閣府,沖縄総合事務局,沖縄国営公園事業工事諸費,職員基本給,1,該当なし,0%,0,1,廃止,特定地域優遇補助廃止
内閣府,沖縄総合事務局,沖縄農業農村整備事業工事諸費,職員基本給,3,該当なし,0%,0,3,廃止,特定地域優遇補助廃止
内閣府,沖縄総合事務局,沖縄農業農村整備事業工事諸費,職員諸手当,2,該当なし,0%,0,2,廃止,特定地域優遇補助廃止
内閣府,沖縄総合事務局,沖縄農業農村整備事業工事諸費,退職手当,1,該当なし,0%,0,1,廃止,特定地域優遇補助廃止
内閣府,沖縄総合事務局,沖縄農業農村整備事業工事諸費,工事雑費,1,該当なし,0%,0,1,廃止,特定地域優遇補助廃止
内閣府,沖縄総合事務局,沖縄農業農村整備事業工事諸費,国家公務員共済組合負担金,1,該当なし,0%,0,1,廃止,特定地域優遇補助廃止
内閣府,宮内庁,宮内庁,職員基本給,53,①法秩序維持,100%,53,0,維持,①皇室関連機能
内閣府,宮内庁,宮内庁,職員諸手当,30,①法秩序維持,100%,30,0,維持,①皇室関連機能
内閣府,宮内庁,宮内庁,超過勤務手当,7,①法秩序維持,100%,7,0,維持,①皇室関連機能
内閣府,宮内庁,宮内庁,非常勤職員手当,5,①法秩序維持,100%,5,0,維持,①皇室関連機能
内閣府,宮内庁,宮内庁,短時間勤務職員給与,3,①法秩序維持,100%,3,0,維持,①皇室関連機能
内閣府,宮内庁,宮内庁,退職手当,8,①法秩序維持,100%,8,0,維持,①皇室関連機能
内閣府,宮内庁,宮内庁,児童手当,1,①法秩序維持,100%,1,0,維持,①皇室関連機能
内閣府,宮内庁,宮内庁,皇室活動随伴等旅費,1,①法秩序維持,100%,1,0,維持,①皇室関連機能
内閣府,宮内庁,宮内庁,庁費,5,①法秩序維持,100%,5,0,維持,①皇室関連機能
内閣府,宮内庁,宮内庁,病院費,1,①法秩序維持,100%,1,0,維持,①皇室関連機能
内閣府,宮内庁,宮内庁,国家公務員共済組合負担金,14,①法秩序維持,100%,14,0,維持,①皇室関連機能
内閣府,宮内庁,宮内庁,基礎年金等国家公務員共済組合負担金,3,①法秩序維持,100%,3,0,維持,①皇室関連機能
内閣府,公正取引委員会,公正取引委員会,職員基本給,49,⑥競争促進,100%,49,0,維持,⑥競争促進（独禁法執行）
内閣府,公正取引委員会,公正取引委員会,職員諸手当,26,⑥競争促進,100%,26,0,維持,⑥競争促進（独禁法執行）
内閣府,公正取引委員会,公正取引委員会,超過勤務手当,6,⑥競争促進,100%,6,0,維持,⑥競争促進（独禁法執行）
内閣府,公正取引委員会,公正取引委員会,非常勤職員手当,8,⑥競争促進,100%,8,0,維持,⑥競争促進（独禁法執行）
内閣府,公正取引委員会,公正取引委員会,退職手当,5,⑥競争促進,100%,5,0,維持,⑥競争促進（独禁法執行）
内閣府,公正取引委員会,公正取引委員会,児童手当,1,⑥競争促進,100%,1,0,維持,⑥競争促進（独禁法執行）
内閣府,公正取引委員会,公正取引委員会,職員旅費,1,⑥競争促進,100%,1,0,維持,⑥競争促進（独禁法執行）
内閣府,公正取引委員会,公正取引委員会,審査活動旅費,1,⑥競争促進,100%,1,0,維持,⑥競争促進（独禁法執行）
内閣府,公正取引委員会,公正取引委員会,庁費,7,⑥競争促進,100%,7,0,維持,⑥競争促進（独禁法執行）
内閣府,公正取引委員会,公正取引委員会,経済実態等調査費,2,⑥競争促進,100%,2,0,維持,⑥競争促進（独禁法執行）
内閣府,公正取引委員会,公正取引委員会,審査活動費,3,⑥競争促進,100%,3,0,維持,⑥競争促進（独禁法執行）
内閣府,公正取引委員会,公正取引委員会,競争政策推進委託費,1,⑥競争促進,100%,1,0,維持,⑥競争促進（独禁法執行）
内閣府,公正取引委員会,公正取引委員会,国家公務員共済組合負担金,13,⑥競争促進,100%,13,0,維持,⑥競争促進（独禁法執行）
内閣府,公正取引委員会,公正取引委員会,基礎年金等国家公務員共済組合負担金,3,⑥競争促進,100%,3,0,維持,⑥競争促進（独禁法執行）
内閣府,公正取引委員会,公正取引委員会施設費,施設整備費,1,⑥競争促進,100%,1,0,維持,⑥競争促進（独禁法執行）
内閣府,警察庁,警察庁共通費,職員基本給,403,①法秩序維持,100%,403,0,維持,①法と秩序の維持
内閣府,警察庁,警察庁共通費,職員諸手当,223,①法秩序維持,100%,223,0,維持,①法と秩序の維持
内閣府,警察庁,警察庁共通費,超過勤務手当,49,①法秩序維持,100%,49,0,維持,①法と秩序の維持
内閣府,警察庁,警察庁共通費,非常勤職員手当,7,①法秩序維持,100%,7,0,維持,①法と秩序の維持
内閣府,警察庁,警察庁共通費,休職者給与,2,①法秩序維持,100%,2,0,維持,①法と秩序の維持
内閣府,警察庁,警察庁共通費,国際機関等派遣職員給与,1,①法秩序維持,100%,1,0,維持,①法と秩序の維持
内閣府,警察庁,警察庁共通費,短時間勤務職員給与,7,①法秩序維持,100%,7,0,維持,①法と秩序の維持
内閣府,警察庁,警察庁共通費,公務災害補償費,2,①法秩序維持,100%,2,0,維持,①法と秩序の維持
内閣府,警察庁,警察庁共通費,退職手当,89,①法秩序維持,100%,89,0,維持,①法と秩序の維持
内閣府,警察庁,警察庁共通費,児童手当,7,①法秩序維持,100%,7,0,維持,①法と秩序の維持
内閣府,警察庁,警察庁共通費,報償費,1,①法秩序維持,100%,1,0,維持,①法と秩序の維持
内閣府,警察庁,警察庁共通費,職員旅費,3,①法秩序維持,100%,3,0,維持,①法と秩序の維持
内閣府,警察庁,警察庁共通費,外国留学旅費,1,①法秩序維持,100%,1,0,維持,①法と秩序の維持
内閣府,警察庁,警察庁共通費,赴任旅費,3,①法秩序維持,100%,3,0,維持,①法と秩序の維持
内閣府,警察庁,警察庁共通費,外国人招へい旅費,1,①法秩序維持,100%,1,0,維持,①法と秩序の維持
内閣府,警察庁,警察庁共通費,庁費,52,①法秩序維持,100%,52,0,維持,①法と秩序の維持
内閣府,警察庁,警察庁共通費,土地建物借料,1,①法秩序維持,100%,1,0,維持,①法と秩序の維持
内閣府,警察庁,警察庁共通費,各所修繕,5,①法秩序維持,100%,5,0,維持,①法と秩序の維持
内閣府,警察庁,警察庁共通費,国家公務員共済組合負担金,156,①法秩序維持,100%,156,0,維持,①法と秩序の維持
内閣府,警察庁,警察庁共通費,国有資産所在市町村交付金,1,①法秩序維持,100%,1,0,維持,①法と秩序の維持
内閣府,警察庁,警察庁共通費,国際刑事警察会議等分担金,14,①法秩序維持,100%,14,0,維持,①法と秩序の維持
内閣府,警察庁,警察庁施設費,施設施工庁費,5,①法秩序維持,100%,5,0,維持,①法と秩序の維持
内閣府,警察庁,警察庁施設費,警察庁施設費,89,①法秩序維持,100%,89,0,維持,①法と秩序の維持
内閣府,警察庁,警察庁施設費,通信施設整備費,1,①法秩序維持,100%,1,0,維持,①法と秩序の維持
内閣府,警察庁,匿名・流動型犯罪グループ対策費,警察装備費,3,該当なし,10%,0,3,廃止,フリードマン範囲外の政策調整廃止
内閣府,警察庁,犯罪被害者等支援推進費,犯罪被害給付金,18,該当なし,10%,2,16,廃止,フリードマン範囲外の政策調整廃止
内閣府,警察庁,犯罪被害者等支援推進費,警察装備費,1,該当なし,10%,0,1,廃止,フリードマン範囲外の政策調整廃止
内閣府,警察庁,犯罪被害者等支援推進費,犯罪被害者等支援補助金,1,該当なし,10%,0,1,廃止,フリードマン範囲外の政策調整廃止
内閣府,警察庁,警察情報通信基盤費,警察通信機器整備費,57,①法秩序維持,100%,57,0,維持,①法と秩序の維持
内閣府,警察庁,警察情報通信基盤費,警察通信維持費,138,①法秩序維持,100%,138,0,維持,①法と秩序の維持
内閣府,警察庁,生活安全警察費,警察装備費,1,①法秩序維持,100%,1,0,維持,①法と秩序の維持
内閣府,警察庁,刑事警察費,警察装備費,1,①法秩序維持,100%,1,0,維持,①法と秩序の維持
内閣府,警察庁,組織犯罪対策費,警察装備費,1,該当なし,10%,0,1,廃止,フリードマン範囲外の政策調整廃止
内閣府,警察庁,交通警察費,警察装備費,1,①法秩序維持,100%,1,0,維持,①法と秩序の維持
内閣府,警察庁,交通警察費,都道府県警察施設整備費補助金,165,①法秩序維持,100%,165,0,維持,①法と秩序の維持
内閣府,警察庁,交通反則者納金財源交通安全対策特別交付金等交付税及び譲与税配付金特別会計へ繰入,交通反則者納金財源の交付税及び譲与税配付金特別会計へ繰入,433,該当なし,10%,43,390,廃止,フリードマン範囲外の政策調整廃止
内閣府,警察庁,警備警察費,活動旅費,1,①法秩序維持,100%,1,0,維持,①法と秩序の維持
内閣府,警察庁,警備警察費,警察装備費,8,①法秩序維持,100%,8,0,維持,①法と秩序の維持
内閣府,警察庁,警備警察費,千葉県警察成田国際空港警備隊費補助金,73,①法秩序維持,100%,73,0,維持,①法と秩序の維持
内閣府,警察庁,警備警察費,福岡県警察及沖縄県警察国境離島警備隊費補助金,27,①法秩序維持,100%,27,0,維持,①法と秩序の維持
内閣府,警察庁,皇宮警察本部,職員基本給,47,①法秩序維持,100%,47,0,維持,①法と秩序の維持
内閣府,警察庁,皇宮警察本部,職員諸手当,21,①法秩序維持,100%,21,0,維持,①法と秩序の維持
内閣府,警察庁,皇宮警察本部,超過勤務手当,12,①法秩序維持,100%,12,0,維持,①法と秩序の維持
内閣府,警察庁,皇宮警察本部,短時間勤務職員給与,1,①法秩序維持,100%,1,0,維持,①法と秩序の維持
内閣府,警察庁,皇宮警察本部,児童手当,1,①法秩序維持,100%,1,0,維持,①法と秩序の維持
内閣府,警察庁,皇宮警察本部,活動旅費,2,①法秩序維持,100%,2,0,維持,①法と秩序の維持
内閣府,警察庁,皇宮警察本部,庁費,1,①法秩序維持,100%,1,0,維持,①法と秩序の維持
内閣府,警察庁,皇宮警察本部,警察装備費,4,①法秩序維持,100%,4,0,維持,①法と秩序の維持
内閣府,警察庁,皇宮警察本部,電子計算機等借料,1,①法秩序維持,100%,1,0,維持,①法と秩序の維持
内閣府,警察庁,サイバー警察費,警察装備費,29,①法秩序維持,100%,29,0,維持,①法と秩序の維持
内閣府,警察庁,科学警察研究所,職員基本給,7,①法秩序維持,100%,7,0,維持,①法と秩序の維持
内閣府,警察庁,科学警察研究所,職員諸手当,4,①法秩序維持,100%,4,0,維持,①法と秩序の維持
内閣府,警察庁,科学警察研究所,庁費,1,①法秩序維持,100%,1,0,維持,①法と秩序の維持
内閣府,警察庁,科学警察研究所,試験研究費,7,①法秩序維持,100%,7,0,維持,①法と秩序の維持
内閣府,警察庁,警察活動基盤整備費,諸謝金,20,①法秩序維持,100%,20,0,維持,①法と秩序の維持
内閣府,警察庁,警察活動基盤整備費,活動旅費,64,①法秩序維持,100%,64,0,維持,①法と秩序の維持
内閣府,警察庁,警察活動基盤整備費,入校生旅費,27,①法秩序維持,100%,27,0,維持,①法と秩序の維持
内閣府,警察庁,警察活動基盤整備費,校費,26,①法秩序維持,100%,26,0,維持,①法と秩序の維持
内閣府,警察庁,警察活動基盤整備費,情報処理業務庁費,12,①法秩序維持,100%,12,0,維持,①法と秩序の維持
内閣府,警察庁,警察活動基盤整備費,警察装備費,134,①法秩序維持,100%,134,0,維持,①法と秩序の維持
内閣府,警察庁,警察活動基盤整備費,車両購入費,4,①法秩序維持,100%,4,0,維持,①法と秩序の維持
内閣府,警察庁,警察活動基盤整備費,捜査費,29,①法秩序維持,100%,29,0,維持,①法と秩序の維持
内閣府,警察庁,警察活動基盤整備費,航空機購入費,5,①法秩序維持,100%,5,0,維持,①法と秩序の維持
内閣府,警察庁,警察活動基盤整備費,都道府県警察費補助金,309,①法秩序維持,100%,309,0,維持,①法と秩序の維持
内閣府,警察庁,警察活動基盤整備費,都道府県警察施設整備費補助金,57,①法秩序維持,100%,57,0,維持,①法と秩序の維持
内閣府,個人情報保護委員会,個人情報保護委員会,職員基本給,14,該当なし,10%,1,13,廃止,フリードマン範囲外の政策調整廃止
内閣府,個人情報保護委員会,個人情報保護委員会,職員諸手当,7,該当なし,10%,1,6,廃止,フリードマン範囲外の政策調整廃止
内閣府,個人情報保護委員会,個人情報保護委員会,超過勤務手当,2,該当なし,10%,0,2,廃止,フリードマン範囲外の政策調整廃止
内閣府,個人情報保護委員会,個人情報保護委員会,非常勤職員手当,1,該当なし,10%,0,1,廃止,フリードマン範囲外の政策調整廃止
内閣府,個人情報保護委員会,個人情報保護委員会,退職手当,1,該当なし,10%,0,1,廃止,フリードマン範囲外の政策調整廃止
内閣府,個人情報保護委員会,個人情報保護委員会,職員旅費,1,該当なし,10%,0,1,廃止,フリードマン範囲外の政策調整廃止
内閣府,個人情報保護委員会,個人情報保護委員会,庁費,1,該当なし,10%,0,1,廃止,フリードマン範囲外の政策調整廃止
内閣府,個人情報保護委員会,個人情報保護委員会,個人情報保護業務庁費,8,該当なし,10%,1,7,廃止,フリードマン範囲外の政策調整廃止
内閣府,カジノ管理委員会,カジノ管理委員会,職員基本給,10,該当なし,10%,1,9,廃止,フリードマン範囲外の政策調整廃止
内閣府,カジノ管理委員会,カジノ管理委員会,職員諸手当,6,該当なし,10%,1,5,廃止,フリードマン範囲外の政策調整廃止
内閣府,カジノ管理委員会,カジノ管理委員会,超過勤務手当,1,該当なし,10%,0,1,廃止,フリードマン範囲外の政策調整廃止
内閣府,カジノ管理委員会,カジノ管理委員会,非常勤職員手当,1,該当なし,10%,0,1,廃止,フリードマン範囲外の政策調整廃止
内閣府,カジノ管理委員会,カジノ管理委員会,退職手当,1,該当なし,10%,0,1,廃止,フリードマン範囲外の政策調整廃止
内閣府,カジノ管理委員会,カジノ管理委員会,カジノ事業監督等業務旅費,2,該当なし,10%,0,2,廃止,フリードマン範囲外の政策調整廃止
内閣府,カジノ管理委員会,カジノ管理委員会,庁費,3,該当なし,10%,0,3,廃止,フリードマン範囲外の政策調整廃止
内閣府,カジノ管理委員会,カジノ管理委員会,情報処理業務庁費,2,該当なし,10%,0,2,廃止,フリードマン範囲外の政策調整廃止
内閣府,カジノ管理委員会,カジノ管理委員会,カジノ事業監督等業務庁費,3,該当なし,10%,0,3,廃止,フリードマン範囲外の政策調整廃止
内閣府,カジノ管理委員会,カジノ管理委員会,カジノ事業免許等審査業務庁費,2,該当なし,10%,0,2,廃止,フリードマン範囲外の政策調整廃止
内閣府,カジノ管理委員会,カジノ管理委員会,土地建物借料,4,該当なし,10%,0,4,廃止,フリードマン範囲外の政策調整廃止
内閣府,カジノ管理委員会,カジノ管理委員会,国家公務員共済組合負担金,2,該当なし,10%,0,2,廃止,フリードマン範囲外の政策調整廃止
内閣府,カジノ管理委員会,カジノ管理委員会,基礎年金等国家公務員共済組合負担金,1,該当なし,10%,0,1,廃止,フリードマン範囲外の政策調整廃止
内閣府,サイバー通信情報監理委員会,サイバー通信情報監理委員会,職員基本給,4,該当なし,10%,0,4,廃止,フリードマン範囲外の政策調整廃止
内閣府,サイバー通信情報監理委員会,サイバー通信情報監理委員会,職員諸手当,2,該当なし,10%,0,2,廃止,フリードマン範囲外の政策調整廃止
内閣府,サイバー通信情報監理委員会,サイバー通信情報監理委員会,超過勤務手当,1,該当なし,10%,0,1,廃止,フリードマン範囲外の政策調整廃止
内閣府,サイバー通信情報監理委員会,サイバー通信情報監理委員会,安全保障業務旅費,1,該当なし,10%,0,1,廃止,フリードマン範囲外の政策調整廃止
内閣府,サイバー通信情報監理委員会,サイバー通信情報監理委員会,情報処理業務庁費,3,該当なし,10%,0,3,廃止,フリードマン範囲外の政策調整廃止
内閣府,サイバー通信情報監理委員会,サイバー通信情報監理委員会,土地建物借料,2,該当なし,10%,0,2,廃止,フリードマン範囲外の政策調整廃止
内閣府,サイバー通信情報監理委員会,サイバー通信情報監理委員会,国家公務員共済組合負担金,1,該当なし,10%,0,1,廃止,フリードマン範囲外の政策調整廃止
内閣府,金融庁,金融庁共通費,職員基本給,86,⑥競争促進・⑧技術的独占対抗,80%,69,17,維持（縮小）,⑥⑧金融市場競争促進・自然独占規制
内閣府,金融庁,金融庁共通費,職員諸手当,46,⑥競争促進・⑧技術的独占対抗,80%,37,9,維持（縮小）,⑥⑧金融市場競争促進・自然独占規制
内閣府,金融庁,金融庁共通費,超過勤務手当,18,⑥競争促進・⑧技術的独占対抗,80%,14,4,維持（縮小）,⑥⑧金融市場競争促進・自然独占規制
内閣府,金融庁,金融庁共通費,非常勤職員手当,8,⑥競争促進・⑧技術的独占対抗,80%,6,2,維持（縮小）,⑥⑧金融市場競争促進・自然独占規制
内閣府,金融庁,金融庁共通費,短時間勤務職員給与,1,⑥競争促進・⑧技術的独占対抗,80%,1,0,維持（縮小）,⑥⑧金融市場競争促進・自然独占規制
内閣府,金融庁,金融庁共通費,退職手当,9,⑥競争促進・⑧技術的独占対抗,80%,7,2,維持（縮小）,⑥⑧金融市場競争促進・自然独占規制
内閣府,金融庁,金融庁共通費,児童手当,1,⑥競争促進・⑧技術的独占対抗,80%,1,0,維持（縮小）,⑥⑧金融市場競争促進・自然独占規制
内閣府,金融庁,金融庁共通費,職員旅費,4,⑥競争促進・⑧技術的独占対抗,80%,3,1,維持（縮小）,⑥⑧金融市場競争促進・自然独占規制
内閣府,金融庁,金融庁共通費,外国留学旅費,1,⑥競争促進・⑧技術的独占対抗,80%,1,0,維持（縮小）,⑥⑧金融市場競争促進・自然独占規制
内閣府,金融庁,金融庁共通費,庁費,8,⑥競争促進・⑧技術的独占対抗,80%,6,2,維持（縮小）,⑥⑧金融市場競争促進・自然独占規制
内閣府,金融庁,金融庁共通費,公共施設等維持管理運営費,9,⑥競争促進・⑧技術的独占対抗,80%,7,2,維持（縮小）,⑥⑧金融市場競争促進・自然独占規制
内閣府,金融庁,金融庁共通費,官民区分所有施設維持管理運営費,6,⑥競争促進・⑧技術的独占対抗,80%,5,1,維持（縮小）,⑥⑧金融市場競争促進・自然独占規制
内閣府,金融庁,金融庁共通費,国家公務員共済組合負担金,23,⑥競争促進・⑧技術的独占対抗,80%,18,5,維持（縮小）,⑥⑧金融市場競争促進・自然独占規制
内閣府,金融庁,金融庁共通費,基礎年金等国家公務員共済組合負担金,6,⑥競争促進・⑧技術的独占対抗,80%,5,1,維持（縮小）,⑥⑧金融市場競争促進・自然独占規制
内閣府,金融庁,金融庁共通費,証券監督者国際機構等分担金,1,⑥競争促進・⑧技術的独占対抗,80%,1,0,維持（縮小）,⑥⑧金融市場競争促進・自然独占規制
内閣府,金融庁,金融庁共通費,監査監督機関国際フォーラム拠出金,1,⑥競争促進・⑧技術的独占対抗,80%,1,0,維持（縮小）,⑥⑧金融市場競争促進・自然独占規制
内閣府,金融庁,金融政策費,非常勤職員手当,1,該当なし,10%,0,1,廃止,フリードマン範囲外の政策調整廃止
内閣府,金融庁,金融政策費,金融政策業務旅費,3,該当なし,10%,0,3,廃止,フリードマン範囲外の政策調整廃止
内閣府,金融庁,金融政策費,金融政策業務庁費,5,該当なし,10%,0,5,廃止,フリードマン範囲外の政策調整廃止
内閣府,金融庁,金融政策費,金融経済教育推進事業費補助金,2,該当なし,10%,0,2,廃止,フリードマン範囲外の政策調整廃止
内閣府,金融庁,金融政策費,政府開発援助経済協力開発機構等拠出金,2,該当なし,10%,0,2,廃止,フリードマン範囲外の政策調整廃止
内閣府,消費者庁,消費者庁共通費,職員基本給,25,該当なし,10%,2,23,廃止,フリードマン範囲外の政策調整廃止
内閣府,消費者庁,消費者庁共通費,職員諸手当,13,該当なし,10%,1,12,廃止,フリードマン範囲外の政策調整廃止
内閣府,消費者庁,消費者庁共通費,超過勤務手当,5,該当なし,10%,0,5,廃止,フリードマン範囲外の政策調整廃止
内閣府,消費者庁,消費者庁共通費,非常勤職員手当,3,該当なし,10%,0,3,廃止,フリードマン範囲外の政策調整廃止
内閣府,消費者庁,消費者庁共通費,退職手当,3,該当なし,10%,0,3,廃止,フリードマン範囲外の政策調整廃止
内閣府,消費者庁,消費者庁共通費,庁費,4,該当なし,10%,0,4,廃止,フリードマン範囲外の政策調整廃止
内閣府,消費者庁,消費者庁共通費,情報処理業務庁費,1,該当なし,10%,0,1,廃止,フリードマン範囲外の政策調整廃止
内閣府,消費者庁,消費者政策費,非常勤職員手当,6,該当なし,10%,1,5,廃止,フリードマン範囲外の政策調整廃止
内閣府,消費者庁,消費者政策費,職員旅費,1,該当なし,10%,0,1,廃止,フリードマン範囲外の政策調整廃止
内閣府,消費者庁,消費者政策費,情報処理業務庁費,1,該当なし,10%,0,1,廃止,フリードマン範囲外の政策調整廃止
内閣府,消費者庁,消費者政策費,消費者政策調査費,12,該当なし,10%,1,11,廃止,フリードマン範囲外の政策調整廃止
内閣府,消費者庁,消費者政策費,消費者政策委託費,2,該当なし,10%,0,2,廃止,フリードマン範囲外の政策調整廃止
内閣府,消費者庁,消費者政策費,地方消費者行政強化交付金,15,該当なし,10%,2,13,廃止,フリードマン範囲外の政策調整廃止
内閣府,消費者庁,食品衛生基準政策費,食品等試験検査費,6,該当なし,10%,1,5,廃止,フリードマン範囲外の政策調整廃止
内閣府,消費者庁,食品衛生基準政策費,食品衛生基準調査研究費,9,該当なし,10%,1,8,廃止,フリードマン範囲外の政策調整廃止
内閣府,消費者庁,食品衛生基準政策費,食品衛生基準科学研究費補助金,2,該当なし,10%,0,2,廃止,フリードマン範囲外の政策調整廃止
内閣府,消費者庁,食品衛生基準政策費,食品衛生基準行政推進調査事業費補助金,1,該当なし,10%,0,1,廃止,フリードマン範囲外の政策調整廃止
内閣府,消費者庁,独立行政法人国民生活センター運営費,独立行政法人国民生活センター運営費交付金,32,該当なし,10%,3,29,廃止,フリードマン範囲外の政策調整廃止
内閣府,こども家庭庁,こども家庭庁共通費,職員基本給,22,該当なし,10%,2,20,廃止,フリードマン範囲外の政策調整廃止
内閣府,こども家庭庁,こども家庭庁共通費,職員諸手当,12,該当なし,10%,1,11,廃止,フリードマン範囲外の政策調整廃止
内閣府,こども家庭庁,こども家庭庁共通費,超過勤務手当,7,該当なし,10%,1,6,廃止,フリードマン範囲外の政策調整廃止
内閣府,こども家庭庁,こども家庭庁共通費,非常勤職員手当,1,該当なし,10%,0,1,廃止,フリードマン範囲外の政策調整廃止
内閣府,こども家庭庁,こども家庭庁共通費,退職手当,1,該当なし,10%,0,1,廃止,フリードマン範囲外の政策調整廃止
内閣府,こども家庭庁,こども家庭庁共通費,職員旅費,1,該当なし,10%,0,1,廃止,フリードマン範囲外の政策調整廃止
内閣府,こども家庭庁,こども家庭庁共通費,委員等旅費,1,該当なし,10%,0,1,廃止,フリードマン範囲外の政策調整廃止
内閣府,こども家庭庁,こども家庭庁共通費,庁費,15,該当なし,10%,2,13,廃止,フリードマン範囲外の政策調整廃止
内閣府,こども家庭庁,こども家庭庁共通費,情報処理業務庁費,2,該当なし,10%,0,2,廃止,フリードマン範囲外の政策調整廃止
内閣府,こども家庭庁,こども家庭庁共通費,土地建物借料,10,該当なし,10%,1,9,廃止,フリードマン範囲外の政策調整廃止
内閣府,こども家庭庁,こども家庭庁共通費,国家公務員共済組合負担金,7,該当なし,10%,1,6,廃止,フリードマン範囲外の政策調整廃止
内閣府,こども家庭庁,こども家庭庁共通費,基礎年金等国家公務員共済組合負担金,2,該当なし,10%,0,2,廃止,フリードマン範囲外の政策調整廃止
内閣府,こども家庭庁,こども家庭庁共通費,賠償償還及払戻金,4,該当なし,10%,0,4,廃止,フリードマン範囲外の政策調整廃止
内閣府,こども家庭庁,母子保健衛生対策費,旧優生保護補償金等支給等業務庁費,2,該当なし,10%,0,2,廃止,フリードマン範囲外の政策調整廃止
内閣府,こども家庭庁,母子保健衛生対策費,母子保健衛生対策推進事業委託費,3,該当なし,10%,0,3,廃止,フリードマン範囲外の政策調整廃止
内閣府,こども家庭庁,母子保健衛生対策費,母子保健衛生費補助金,56,該当なし,10%,6,50,廃止,フリードマン範囲外の政策調整廃止
内閣府,こども家庭庁,母子保健衛生対策費,母子保健衛生医療費負担金,34,該当なし,10%,3,31,廃止,フリードマン範囲外の政策調整廃止
内閣府,こども家庭庁,母子保健衛生対策費,旧優生保護補償金等支給等業務都道府県事務取扱交付金,4,該当なし,10%,0,4,廃止,フリードマン範囲外の政策調整廃止
内閣府,こども家庭庁,保育対策費,保育対策事業費補助金,463,該当なし,0%,0,463,廃止（市場へ）,保育は民間市場
内閣府,こども家庭庁,保育対策費,社会福祉施設職員等退職手当共済事業給付費補助金,206,該当なし,0%,0,206,廃止（市場へ）,保育は民間市場
内閣府,こども家庭庁,児童手当等子ども・子育て支援特別会計へ繰入,児童手当子ども・子育て支援特別会計へ繰入,10108,該当なし,0%,0,10108,廃止,育児はNITで代替
内閣府,こども家庭庁,児童手当等子ども・子育て支援特別会計へ繰入,妊婦のための支援給付事業子ども・子育て支援特別会計へ繰入,16,該当なし,0%,0,16,廃止,育児はNITで代替
内閣府,こども家庭庁,児童手当等子ども・子育て支援特別会計へ繰入,子どものための教育・保育給付等子ども・子育て支援特別会計へ繰入,15275,該当なし,0%,0,15275,廃止,育児はNITで代替
内閣府,こども家庭庁,児童手当等子ども・子育て支援特別会計へ繰入,乳児等のための支援給付子ども・子育て支援特別会計へ繰入,116,該当なし,0%,0,116,廃止,育児はNITで代替
内閣府,こども家庭庁,児童手当等子ども・子育て支援特別会計へ繰入,地域子ども・子育て支援事業子ども・子育て支援特別会計へ繰入,535,該当なし,0%,0,535,廃止,育児はNITで代替
内閣府,こども家庭庁,児童手当等子ども・子育て支援特別会計へ繰入,子ども・子育て支援特別会計へ繰入,29,該当なし,0%,0,29,廃止,育児はNITで代替
内閣府,こども家庭庁,こども安全対策費,児童対象性暴力等防止等業務委託費,22,該当なし,10%,2,20,廃止,フリードマン範囲外の政策調整廃止
内閣府,こども家庭庁,こども安全対策費,災害共済給付補助金,17,該当なし,10%,2,15,廃止,フリードマン範囲外の政策調整廃止
内閣府,こども家庭庁,児童虐待防止等対策費,児童相談支援事業委託費,1,①法秩序維持・⑩責任能力なき者保護,80%,1,0,維持（縮小）,①②子供の身体・財産権保護
内閣府,こども家庭庁,児童虐待防止等対策費,児童虐待防止対策推進事業委託費,2,①法秩序維持・⑩責任能力なき者保護,80%,2,0,維持（縮小）,①②子供の身体・財産権保護
内閣府,こども家庭庁,児童虐待防止等対策費,児童福祉事業対策費等補助金,208,①法秩序維持・⑩責任能力なき者保護,80%,166,42,維持（縮小）,①②子供の身体・財産権保護
内閣府,こども家庭庁,児童虐待防止等対策費,児童保護費負担金,1621,①法秩序維持・⑩責任能力なき者保護,80%,1297,324,維持（縮小）,①②子供の身体・財産権保護
内閣府,こども家庭庁,児童虐待防止等対策費,児童保護医療費負担金,51,①法秩序維持・⑩責任能力なき者保護,80%,41,10,維持（縮小）,①②子供の身体・財産権保護
内閣府,こども家庭庁,国立児童自立支援施設,職員基本給,4,該当なし,10%,0,4,廃止,フリードマン範囲外の政策調整廃止
内閣府,こども家庭庁,国立児童自立支援施設,職員諸手当,2,該当なし,10%,0,2,廃止,フリードマン範囲外の政策調整廃止
内閣府,こども家庭庁,国立児童自立支援施設,超過勤務手当,1,該当なし,10%,0,1,廃止,フリードマン範囲外の政策調整廃止
内閣府,こども家庭庁,国立児童自立支援施設,庁費,1,該当なし,10%,0,1,廃止,フリードマン範囲外の政策調整廃止
内閣府,こども家庭庁,国立児童自立支援施設,児童自立支援庁費,1,該当なし,10%,0,1,廃止,フリードマン範囲外の政策調整廃止
内閣府,こども家庭庁,母子家庭等対策費,養育費確保支援事業委託費,1,⑩責任能力なき者保護,50%,0,1,縮小,⑩最低限支援。NIT統合後縮小
内閣府,こども家庭庁,母子家庭等対策費,母子家庭等対策費補助金,204,⑩責任能力なき者保護,50%,102,102,縮小,⑩最低限支援。NIT統合後縮小
内閣府,こども家庭庁,母子家庭等対策費,児童扶養手当給付費負担金,1532,⑩責任能力なき者保護,50%,766,766,縮小,⑩最低限支援。NIT統合後縮小
内閣府,こども家庭庁,母子家庭等対策費,母子父子寡婦福祉貸付金,11,⑩責任能力なき者保護,50%,6,5,縮小,⑩最低限支援。NIT統合後縮小
内閣府,こども家庭庁,障害児支援等対策費,障害児入所給付費等負担金,5148,⑩責任能力なき者保護,70%,3604,1544,縮小,⑩重度障害児のみ
内閣府,こども家庭庁,障害児支援等対策費,障害児入所医療費等負担金,54,⑩責任能力なき者保護,70%,38,16,縮小,⑩重度障害児のみ
内閣府,こども家庭庁,こども政策推進費,こども政策推進業務庁費,2,該当なし,10%,0,2,廃止,フリードマン範囲外の政策調整廃止
内閣府,こども家庭庁,こども政策推進費,こども家庭統計調査費,1,該当なし,10%,0,1,廃止,フリードマン範囲外の政策調整廃止
内閣府,こども家庭庁,こども政策推進費,こども政策推進事業委託費,25,該当なし,10%,2,23,廃止,フリードマン範囲外の政策調整廃止
内閣府,こども家庭庁,こども政策推進費,こども政策推進事業費補助金,61,該当なし,10%,6,55,廃止,フリードマン範囲外の政策調整廃止
内閣府,こども家庭庁,こども政策推進費,こども家庭行政推進調査事業費補助金,8,該当なし,10%,1,7,廃止,フリードマン範囲外の政策調整廃止
内閣府,こども家庭庁,こども政策推進費,こども家庭科学研究費補助金,3,該当なし,10%,0,3,廃止,フリードマン範囲外の政策調整廃止
内閣府,こども家庭庁,こども政策推進費,地域少子化対策重点推進交付金,10,該当なし,10%,1,9,廃止,フリードマン範囲外の政策調整廃止
内閣府,こども家庭庁,児童福祉施設等整備費,児童育成事業費補助金,5,該当なし,10%,0,5,廃止,フリードマン範囲外の政策調整廃止
内閣府,こども家庭庁,児童福祉施設等整備費,就学前教育・保育施設整備交付金,229,該当なし,10%,23,206,廃止,フリードマン範囲外の政策調整廃止
内閣府,こども家庭庁,児童福祉施設等整備費,次世代育成支援対策施設整備交付金,67,該当なし,10%,7,60,廃止,フリードマン範囲外の政策調整廃止
内閣府,こども家庭庁,大学等修学支援費,学資支給金補助金,1955,該当なし,0%,0,1955,廃止,高等教育補助廃止。貸付に移行
内閣府,こども家庭庁,大学等修学支援費,授業料等減免費負担金,334,該当なし,0%,0,334,廃止,高等教育補助廃止。貸付に移行
内閣府,こども家庭庁,大学等修学支援費,授業料等減免費交付金,4278,該当なし,0%,0,4278,廃止,高等教育補助廃止。貸付に移行
デジタル庁,デジタル庁,デジタル庁共通費,職員基本給,31,該当なし,10%,3,28,廃止（民間移行）,政府IT機能は民間調達
デジタル庁,デジタル庁,デジタル庁共通費,職員諸手当,17,該当なし,10%,2,15,廃止（民間移行）,政府IT機能は民間調達
デジタル庁,デジタル庁,デジタル庁共通費,超過勤務手当,8,該当なし,10%,1,7,廃止（民間移行）,政府IT機能は民間調達
デジタル庁,デジタル庁,デジタル庁共通費,非常勤職員手当,76,該当なし,10%,8,68,廃止（民間移行）,政府IT機能は民間調達
デジタル庁,デジタル庁,デジタル庁共通費,退職手当,3,該当なし,10%,0,3,廃止（民間移行）,政府IT機能は民間調達
デジタル庁,デジタル庁,デジタル庁共通費,児童手当,1,該当なし,10%,0,1,廃止（民間移行）,政府IT機能は民間調達
デジタル庁,デジタル庁,デジタル庁共通費,職員旅費,1,該当なし,10%,0,1,廃止（民間移行）,政府IT機能は民間調達
デジタル庁,デジタル庁,デジタル庁共通費,委員等旅費,1,該当なし,10%,0,1,廃止（民間移行）,政府IT機能は民間調達
デジタル庁,デジタル庁,デジタル庁共通費,庁費,18,該当なし,10%,2,16,廃止（民間移行）,政府IT機能は民間調達
デジタル庁,デジタル庁,デジタル庁共通費,情報処理業務庁費,3,該当なし,10%,0,3,廃止（民間移行）,政府IT機能は民間調達
デジタル庁,デジタル庁,デジタル庁共通費,土地建物借料,13,該当なし,10%,1,12,廃止（民間移行）,政府IT機能は民間調達
デジタル庁,デジタル庁,デジタル庁共通費,国家公務員共済組合負担金,18,該当なし,10%,2,16,廃止（民間移行）,政府IT機能は民間調達
デジタル庁,デジタル庁,デジタル庁共通費,基礎年金等国家公務員共済組合負担金,2,該当なし,10%,0,2,廃止（民間移行）,政府IT機能は民間調達
デジタル庁,デジタル庁,デジタル社会形成推進費,情報処理業務庁費,12,該当なし,10%,1,11,廃止（民間移行）,政府IT機能は民間調達
デジタル庁,デジタル庁,デジタル社会形成推進費,経済協力開発機構拠出金,2,該当なし,10%,0,2,廃止（民間移行）,政府IT機能は民間調達
デジタル庁,デジタル庁,情報通信技術調達等適正・効率化推進費,情報処理業務庁費,4724,該当なし,0%,0,4724,廃止,IT調達廃止。最小行政DBのみ
デジタル庁,デジタル庁,情報通信技術調達等適正・効率化推進費,情報通信技術調達等適正・効率化推進委託費,33,該当なし,0%,0,33,廃止,IT調達廃止。最小行政DBのみ
デジタル庁,デジタル庁,情報通信技術調達等適正・効率化推進費,マイナンバーカード関係システム事業費補助金,233,該当なし,0%,0,233,廃止,IT調達廃止。最小行政DBのみ
防災庁,防災庁,防災庁,職員基本給,9,⑨外部効果克服,60%,5,4,縮小,⑨広域災害対応。補助は廃止
防災庁,防災庁,防災庁,職員諸手当,6,⑨外部効果克服,60%,4,2,縮小,⑨広域災害対応。補助は廃止
防災庁,防災庁,防災庁,超過勤務手当,3,⑨外部効果克服,60%,2,1,縮小,⑨広域災害対応。補助は廃止
防災庁,防災庁,防災庁,退職手当,1,⑨外部効果克服,60%,1,0,縮小,⑨広域災害対応。補助は廃止
防災庁,防災庁,防災庁,庁費,2,⑨外部効果克服,60%,1,1,縮小,⑨広域災害対応。補助は廃止
防災庁,防災庁,防災庁,国家公務員共済組合負担金,2,⑨外部効果克服,60%,1,1,縮小,⑨広域災害対応。補助は廃止
総務省,総務本省,総務本省共通費,職員基本給,141,①法秩序維持,30%,42,99,縮小,①行政管理の最小限のみ
総務省,総務本省,総務本省共通費,職員諸手当,81,①法秩序維持,30%,24,57,縮小,①行政管理の最小限のみ
総務省,総務本省,総務本省共通費,超過勤務手当,27,①法秩序維持,30%,8,19,縮小,①行政管理の最小限のみ
総務省,総務本省,総務本省共通費,委員手当,1,①法秩序維持,30%,0,1,縮小,①行政管理の最小限のみ
総務省,総務本省,総務本省共通費,非常勤職員手当,7,①法秩序維持,30%,2,5,縮小,①行政管理の最小限のみ
総務省,総務本省,総務本省共通費,休職者給与,2,①法秩序維持,30%,1,1,縮小,①行政管理の最小限のみ
総務省,総務本省,総務本省共通費,国際機関等派遣職員給与,1,①法秩序維持,30%,0,1,縮小,①行政管理の最小限のみ
総務省,総務本省,総務本省共通費,短時間勤務職員給与,4,①法秩序維持,30%,1,3,縮小,①行政管理の最小限のみ
総務省,総務本省,総務本省共通費,公務災害補償費,3,①法秩序維持,30%,1,2,縮小,①行政管理の最小限のみ
総務省,総務本省,総務本省共通費,退職手当,44,①法秩序維持,30%,13,31,縮小,①行政管理の最小限のみ
総務省,総務本省,総務本省共通費,児童手当,2,①法秩序維持,30%,1,1,縮小,①行政管理の最小限のみ
総務省,総務本省,総務本省共通費,諸謝金,1,①法秩序維持,30%,0,1,縮小,①行政管理の最小限のみ
総務省,総務本省,総務本省共通費,職員旅費,3,①法秩序維持,30%,1,2,縮小,①行政管理の最小限のみ
総務省,総務本省,総務本省共通費,外国留学旅費,1,①法秩序維持,30%,0,1,縮小,①行政管理の最小限のみ
総務省,総務本省,総務本省共通費,赴任旅費,1,①法秩序維持,30%,0,1,縮小,①行政管理の最小限のみ
総務省,総務本省,総務本省共通費,庁費,33,①法秩序維持,30%,10,23,縮小,①行政管理の最小限のみ
総務省,総務本省,総務本省共通費,校費,5,①法秩序維持,30%,2,3,縮小,①行政管理の最小限のみ
総務省,総務本省,総務本省共通費,情報処理業務庁費,4,①法秩序維持,30%,1,3,縮小,①行政管理の最小限のみ
総務省,総務本省,総務本省共通費,無線機器型式検定試験費,1,①法秩序維持,30%,0,1,縮小,①行政管理の最小限のみ
総務省,総務本省,総務本省共通費,各所修繕,1,①法秩序維持,30%,0,1,縮小,①行政管理の最小限のみ
総務省,総務本省,総務本省共通費,国家公務員共済組合負担金,65,①法秩序維持,30%,20,45,縮小,①行政管理の最小限のみ
総務省,総務本省,総務本省共通費,基礎年金等国家公務員共済組合負担金,20,①法秩序維持,30%,6,14,縮小,①行政管理の最小限のみ
総務省,総務本省,総務本省施設費,施設整備費,11,①法秩序維持,30%,3,8,縮小,①行政管理の最小限のみ
総務省,総務本省,行政管理実施費,情報処理業務庁費,1,①法秩序維持,30%,0,1,縮小,①行政管理の最小限のみ
総務省,総務本省,行政評価等実施費,行政評価等業務庁費,2,①法秩序維持,30%,1,1,縮小,①行政管理の最小限のみ
総務省,総務本省,地方行政制度整備費,庁費,1,①法秩序維持,30%,0,1,縮小,①行政管理の最小限のみ
総務省,総務本省,地方行政制度整備費,地方行政体制整備業務庁費,3,①法秩序維持,30%,1,2,縮小,①行政管理の最小限のみ
総務省,総務本省,地域振興費,庁費,1,①法秩序維持,30%,0,1,縮小,①行政管理の最小限のみ
総務省,総務本省,地域振興費,地方振興対策調査費,5,①法秩序維持,30%,2,3,縮小,①行政管理の最小限のみ
総務省,総務本省,地域振興費,土地建物借料,1,①法秩序維持,30%,0,1,縮小,①行政管理の最小限のみ
総務省,総務本省,地域振興費,地域経済循環創造事業交付金,7,①法秩序維持,30%,2,5,縮小,①行政管理の最小限のみ
総務省,総務本省,地域振興費,過疎地域持続的発展支援交付金,8,①法秩序維持,30%,2,6,縮小,①行政管理の最小限のみ
総務省,総務本省,地方交付税交付金,交付税及び譲与税配付金特別会計へ繰入,200622,該当なし,30%,60187,140435,大幅削減,地方改革後の相当分のみ
総務省,総務本省,地方特例交付金,交付税及び譲与税配付金特別会計へ繰入,8156,該当なし,30%,2447,5709,大幅削減,地方税減収補填。地方改革後は不要
総務省,総務本省,選挙制度等整備費,庁費,1,①法秩序維持,30%,0,1,縮小,①行政管理の最小限のみ
総務省,総務本省,電子政府・電子自治体推進費,情報処理業務庁費,6,①法秩序維持,30%,2,4,縮小,①行政管理の最小限のみ
総務省,総務本省,電子政府・電子自治体推進費,社会保障・税番号制度システム開発等委託費,75,①法秩序維持,30%,22,53,縮小,①行政管理の最小限のみ
総務省,総務本省,電子政府・電子自治体推進費,マイナンバーカード交付事業費補助金,125,①法秩序維持,30%,38,87,縮小,①行政管理の最小限のみ
総務省,総務本省,電子政府・電子自治体推進費,マイナンバーカード交付事務費補助金,98,①法秩序維持,30%,29,69,縮小,①行政管理の最小限のみ
総務省,総務本省,情報通信技術研究開発推進費,情報通信技術研究開発推進業務庁費,19,①法秩序維持,30%,6,13,縮小,①行政管理の最小限のみ
総務省,総務本省,情報通信技術研究開発推進費,情報通信技術研究開発調査費,1,①法秩序維持,30%,0,1,縮小,①行政管理の最小限のみ
総務省,総務本省,情報通信技術研究開発推進費,情報通信技術研究開発推進委託費,36,①法秩序維持,30%,11,25,縮小,①行政管理の最小限のみ
総務省,総務本省,情報通信技術研究開発推進費,医療研究開発推進事業費補助金,2,①法秩序維持,30%,1,1,縮小,①行政管理の最小限のみ
総務省,総務本省,情報通信技術研究開発推進費,情報通信技術研究開発推進事業費補助金,39,①法秩序維持,30%,12,27,縮小,①行政管理の最小限のみ
総務省,総務本省,国立研究開発法人情報通信研究機構運営費,国立研究開発法人情報通信研究機構運営費交付金,301,①法秩序維持,30%,90,211,縮小,①行政管理の最小限のみ
総務省,総務本省,国立研究開発法人情報通信研究機構施設整備費,国立研究開発法人情報通信研究機構施設整備費補助金,3,①法秩序維持,30%,1,2,縮小,①行政管理の最小限のみ
総務省,総務本省,情報通信技術高度利活用推進費,情報通信技術研究開発調査費,7,①法秩序維持,30%,2,5,縮小,①行政管理の最小限のみ
総務省,総務本省,情報通信技術高度利活用推進費,情報通信利用促進支援事業費補助金,6,①法秩序維持,30%,2,4,縮小,①行政管理の最小限のみ
総務省,総務本省,情報通信技術利用環境整備費,情報通信技術研究開発調査費,10,①法秩序維持,30%,3,7,縮小,①行政管理の最小限のみ
総務省,総務本省,情報通信技術利用環境整備費,電気通信利用環境整備推進委託費,1,①法秩序維持,30%,0,1,縮小,①行政管理の最小限のみ
総務省,総務本省,情報通信技術利用環境整備費,放送ネットワーク整備支援事業費補助金,9,①法秩序維持,30%,3,6,縮小,①行政管理の最小限のみ
総務省,総務本省,情報通信技術利用環境整備費,日本放送協会交付金,36,①法秩序維持,30%,11,25,縮小,①行政管理の最小限のみ
総務省,総務本省,電波利用料財源電波監視等実施費,職員基本給,1,⑧技術的独占対抗,80%,1,0,維持（縮小）,⑧電波割り当て・監視
総務省,総務本省,電波利用料財源電波監視等実施費,職員諸手当,1,⑧技術的独占対抗,80%,1,0,維持（縮小）,⑧電波割り当て・監視
総務省,総務本省,電波利用料財源電波監視等実施費,退職手当,3,⑧技術的独占対抗,80%,2,1,維持（縮小）,⑧電波割り当て・監視
総務省,総務本省,電波利用料財源電波監視等実施費,電波監視等業務旅費,1,⑧技術的独占対抗,80%,1,0,維持（縮小）,⑧電波割り当て・監視
総務省,総務本省,電波利用料財源電波監視等実施費,電波監視等業務庁費,165,⑧技術的独占対抗,80%,132,33,維持（縮小）,⑧電波割り当て・監視
総務省,総務本省,電波利用料財源電波監視等実施費,電波利用技術研究開発等業務庁費,89,⑧技術的独占対抗,80%,71,18,維持（縮小）,⑧電波割り当て・監視
総務省,総務本省,電波利用料財源電波監視等実施費,通信専用料,11,⑧技術的独占対抗,80%,9,2,維持（縮小）,⑧電波割り当て・監視
総務省,総務本省,電波利用料財源電波監視等実施費,電子計算機等借料,37,⑧技術的独占対抗,80%,30,7,維持（縮小）,⑧電波割り当て・監視
総務省,総務本省,電波利用料財源電波監視等実施費,土地建物借料,2,⑧技術的独占対抗,80%,2,0,維持（縮小）,⑧電波割り当て・監視
総務省,総務本省,電波利用料財源電波監視等実施費,電波利用技術研究開発等委託費,144,⑧技術的独占対抗,80%,115,29,維持（縮小）,⑧電波割り当て・監視
総務省,総務本省,電波利用料財源電波監視等実施費,施設整備費,50,⑧技術的独占対抗,80%,40,10,維持（縮小）,⑧電波割り当て・監視
総務省,総務本省,電波利用料財源電波監視等実施費,情報通信技術研究開発推進基金補助金,115,⑧技術的独占対抗,80%,92,23,維持（縮小）,⑧電波割り当て・監視
総務省,総務本省,電波利用料財源電波監視等実施費,無線システム普及支援事業費等補助金,65,⑧技術的独占対抗,80%,52,13,維持（縮小）,⑧電波割り当て・監視
総務省,総務本省,電波利用料財源電波監視等実施費,電波利用技術調査費補助金,3,⑧技術的独占対抗,80%,2,1,維持（縮小）,⑧電波割り当て・監視
総務省,総務本省,電波利用料財源電波監視等実施費,国家公務員共済組合負担金,4,⑧技術的独占対抗,80%,3,1,維持（縮小）,⑧電波割り当て・監視
総務省,総務本省,電波利用料財源電波監視等実施費,特定周波数対策交付金,4,⑧技術的独占対抗,80%,3,1,維持（縮小）,⑧電波割り当て・監視
総務省,総務本省,電波利用料財源電波監視等実施費,国際電気通信連合分担金,12,⑧技術的独占対抗,80%,10,2,維持（縮小）,⑧電波割り当て・監視
総務省,総務本省,電波利用料財源電波監視等実施費,政府開発援助アジア・太平洋電気通信共同体等拠出金,1,⑧技術的独占対抗,80%,1,0,維持（縮小）,⑧電波割り当て・監視
総務省,総務本省,電波利用料財源電波監視等実施費,国際電気通信連合等拠出金,1,⑧技術的独占対抗,80%,1,0,維持（縮小）,⑧電波割り当て・監視
総務省,総務本省,特定高周波数無線局開設価額競争落札金財源特定高周波数対策費,特定高周波数対策補助金,4,①法秩序維持,30%,1,3,縮小,①行政管理の最小限のみ
総務省,総務本省,情報通信国際戦略推進費,職員旅費,1,①法秩序維持,30%,0,1,縮小,①行政管理の最小限のみ
総務省,総務本省,情報通信国際戦略推進費,情報通信国際戦略推進業務庁費,2,①法秩序維持,30%,1,1,縮小,①行政管理の最小限のみ
総務省,総務本省,情報通信国際戦略推進費,情報通信技術研究開発調査費,1,①法秩序維持,30%,0,1,縮小,①行政管理の最小限のみ
総務省,総務本省,情報通信国際戦略推進費,政府開発援助国際電気通信連合等分担金,3,①法秩序維持,30%,1,2,縮小,①行政管理の最小限のみ
総務省,総務本省,情報通信国際戦略推進費,国際電気通信連合分担金,2,①法秩序維持,30%,1,1,縮小,①行政管理の最小限のみ
総務省,総務本省,情報通信国際戦略推進費,政府開発援助アジア・太平洋電気通信共同体等拠出金,2,①法秩序維持,30%,1,1,縮小,①行政管理の最小限のみ
総務省,総務本省,情報通信国際戦略推進費,国際電気通信連合等拠出金,4,①法秩序維持,30%,1,3,縮小,①行政管理の最小限のみ
総務省,総務本省,情報通信国際戦略推進費,経済協力開発機構拠出金,1,①法秩序維持,30%,0,1,縮小,①行政管理の最小限のみ
総務省,総務本省,郵政行政推進費,庁費,1,①法秩序維持,30%,0,1,縮小,①行政管理の最小限のみ
総務省,総務本省,郵政行政推進費,郵政行政推進調査費,2,①法秩序維持,30%,1,1,縮小,①行政管理の最小限のみ
総務省,総務本省,郵政行政推進費,政府開発援助万国郵便連合分担金,1,①法秩序維持,30%,0,1,縮小,①行政管理の最小限のみ
総務省,総務本省,郵政行政推進費,万国郵便連合等分担金,4,①法秩序維持,30%,1,3,縮小,①行政管理の最小限のみ
総務省,総務本省,郵政行政推進費,万国郵便連合拠出金,4,①法秩序維持,30%,1,3,縮小,①行政管理の最小限のみ
総務省,総務本省,一般戦災死没者追悼等事業費,平和祈念事業委託費,4,①法秩序維持,30%,1,3,縮小,①行政管理の最小限のみ
総務省,総務本省,一般戦災死没者追悼等事業費,旧日本赤十字社救護看護婦処遇費等補助金,1,①法秩序維持,30%,0,1,縮小,①行政管理の最小限のみ
総務省,総務本省,恩給費,職員基本給,2,⑤契約履行強制,100%,2,0,維持（時限的）,⑤政府との契約（旧軍人等）
総務省,総務本省,恩給費,職員諸手当,1,⑤契約履行強制,100%,1,0,維持（時限的）,⑤政府との契約（旧軍人等）
総務省,総務本省,恩給費,短時間勤務職員給与,1,⑤契約履行強制,100%,1,0,維持（時限的）,⑤政府との契約（旧軍人等）
総務省,総務本省,恩給費,国会議員互助年金,14,⑤契約履行強制,100%,14,0,維持（時限的）,⑤政府との契約（旧軍人等）
総務省,総務本省,恩給費,文官等恩給費,12,⑤契約履行強制,100%,12,0,維持（時限的）,⑤政府との契約（旧軍人等）
総務省,総務本省,恩給費,旧軍人遺族等恩給費,400,⑤契約履行強制,100%,400,0,維持（時限的）,⑤政府との契約（旧軍人等）
総務省,総務本省,統計調査費,統計調査費,118,①法秩序維持・⑨外部効果克服,60%,71,47,縮小,政府統計は公共財
総務省,総務本省,統計調査費,政府開発援助建物借料,1,①法秩序維持・⑨外部効果克服,60%,1,0,縮小,政府統計は公共財
総務省,総務本省,統計調査費,統計調査地方公共団体委託費,123,①法秩序維持・⑨外部効果克服,60%,74,49,縮小,政府統計は公共財
総務省,総務本省,統計調査費,統計調査業務地方公共団体委託費,1,①法秩序維持・⑨外部効果克服,60%,1,0,縮小,政府統計は公共財
総務省,総務本省,統計調査費,統計調査事務地方公共団体委託費,101,①法秩序維持・⑨外部効果克服,60%,61,40,縮小,政府統計は公共財
総務省,総務本省,統計調査費,政府開発援助国連アジア統計研修援助計画分担金,3,①法秩序維持・⑨外部効果克服,60%,2,1,縮小,政府統計は公共財
総務省,総務本省,独立行政法人統計センター運営費,独立行政法人統計センター運営費交付金,107,①法秩序維持・⑨外部効果克服,60%,64,43,縮小,政府統計は公共財
総務省,総務本省,政党助成費,政党交付金,315,該当なし,0%,0,315,廃止,政党への公費助成廃止
総務省,総務本省,国有提供施設等所在市町村助成交付金,国有提供施設等所在市町村助成交付金,307,①法秩序維持,30%,92,215,縮小,①行政管理の最小限のみ
総務省,総務本省,施設等所在市町村調整交付金,施設等所在市町村調整交付金,78,①法秩序維持,30%,23,55,縮小,①行政管理の最小限のみ
総務省,管区行政評価局,管区行政評価局共通費,職員基本給,33,①法秩序維持,30%,10,23,縮小,①行政管理の最小限のみ
総務省,管区行政評価局,管区行政評価局共通費,職員諸手当,19,①法秩序維持,30%,6,13,縮小,①行政管理の最小限のみ
総務省,管区行政評価局,管区行政評価局共通費,超過勤務手当,1,①法秩序維持,30%,0,1,縮小,①行政管理の最小限のみ
総務省,管区行政評価局,管区行政評価局共通費,非常勤職員手当,3,①法秩序維持,30%,1,2,縮小,①行政管理の最小限のみ
総務省,管区行政評価局,管区行政評価局共通費,短時間勤務職員給与,5,①法秩序維持,30%,2,3,縮小,①行政管理の最小限のみ
総務省,管区行政評価局,管区行政評価局共通費,庁費,6,①法秩序維持,30%,2,4,縮小,①行政管理の最小限のみ
総務省,管区行政評価局,行政評価等実施費,非常勤職員手当,1,①法秩序維持,30%,0,1,縮小,①行政管理の最小限のみ
総務省,管区行政評価局,行政評価等実施費,職員旅費,1,①法秩序維持,30%,0,1,縮小,①行政管理の最小限のみ
総務省,管区行政評価局,行政評価等実施費,情報処理業務庁費,1,①法秩序維持,30%,0,1,縮小,①行政管理の最小限のみ
総務省,管区行政評価局,行政評価等実施費,行政評価等業務庁費,2,①法秩序維持,30%,1,1,縮小,①行政管理の最小限のみ
総務省,管区行政評価局,行政評価等実施費,行政相談委員実費弁償金,3,①法秩序維持,30%,1,2,縮小,①行政管理の最小限のみ
総務省,総合通信局,総合通信局共通費,職員基本給,41,①法秩序維持,30%,12,29,縮小,①行政管理の最小限のみ
総務省,総合通信局,総合通信局共通費,職員諸手当,21,①法秩序維持,30%,6,15,縮小,①行政管理の最小限のみ
総務省,総合通信局,総合通信局共通費,超過勤務手当,3,①法秩序維持,30%,1,2,縮小,①行政管理の最小限のみ
総務省,総合通信局,総合通信局共通費,短時間勤務職員給与,6,①法秩序維持,30%,2,4,縮小,①行政管理の最小限のみ
総務省,総合通信局,総合通信局共通費,職員旅費,1,①法秩序維持,30%,0,1,縮小,①行政管理の最小限のみ
総務省,総合通信局,総合通信局共通費,庁費,9,①法秩序維持,30%,3,6,縮小,①行政管理の最小限のみ
総務省,総合通信局,総合通信局共通費,各所修繕,1,①法秩序維持,30%,0,1,縮小,①行政管理の最小限のみ
総務省,総合通信局,電波利用料財源電波監視等実施費,職員基本給,12,⑧技術的独占対抗,80%,10,2,維持（縮小）,⑧電波割り当て・監視
総務省,総合通信局,電波利用料財源電波監視等実施費,職員諸手当,6,⑧技術的独占対抗,80%,5,1,維持（縮小）,⑧電波割り当て・監視
総務省,総合通信局,電波利用料財源電波監視等実施費,超過勤務手当,1,⑧技術的独占対抗,80%,1,0,維持（縮小）,⑧電波割り当て・監視
総務省,総合通信局,電波利用料財源電波監視等実施費,短時間勤務職員給与,1,⑧技術的独占対抗,80%,1,0,維持（縮小）,⑧電波割り当て・監視
総務省,総合通信局,電波利用料財源電波監視等実施費,電波監視等業務旅費,1,⑧技術的独占対抗,80%,1,0,維持（縮小）,⑧電波割り当て・監視
総務省,総合通信局,電波利用料財源電波監視等実施費,電波監視等業務庁費,12,⑧技術的独占対抗,80%,10,2,維持（縮小）,⑧電波割り当て・監視
総務省,総合通信局,電波利用料財源電波監視等実施費,土地建物借料,2,⑧技術的独占対抗,80%,2,0,維持（縮小）,⑧電波割り当て・監視
総務省,総合通信局,電波利用料財源電波監視等実施費,各所修繕,1,⑧技術的独占対抗,80%,1,0,維持（縮小）,⑧電波割り当て・監視
総務省,公害等調整委員会,公害等調整委員会,職員基本給,3,①法秩序維持,30%,1,2,縮小,①行政管理の最小限のみ
総務省,公害等調整委員会,公害等調整委員会,職員諸手当,2,①法秩序維持,30%,1,1,縮小,①行政管理の最小限のみ
総務省,公害等調整委員会,公害等調整委員会,庁費,1,①法秩序維持,30%,0,1,縮小,①行政管理の最小限のみ
総務省,消防庁,消防庁共通費,職員基本給,10,①法秩序維持,30%,3,7,縮小,①行政管理の最小限のみ
総務省,消防庁,消防庁共通費,職員諸手当,6,①法秩序維持,30%,2,4,縮小,①行政管理の最小限のみ
総務省,消防庁,消防庁共通費,超過勤務手当,2,①法秩序維持,30%,1,1,縮小,①行政管理の最小限のみ
総務省,消防庁,消防庁共通費,報償費,1,①法秩序維持,30%,0,1,縮小,①行政管理の最小限のみ
総務省,消防庁,消防庁共通費,退職消防団員褒賞品費,1,①法秩序維持,30%,0,1,縮小,①行政管理の最小限のみ
総務省,消防庁,消防庁共通費,庁費,2,①法秩序維持,30%,1,1,縮小,①行政管理の最小限のみ
総務省,消防庁,消防庁共通費,校費,3,①法秩序維持,30%,1,2,縮小,①行政管理の最小限のみ
総務省,消防庁,消防防災体制等整備費,校費,1,①法秩序維持,30%,0,1,縮小,①行政管理の最小限のみ
総務省,消防庁,消防防災体制等整備費,消防防災等業務庁費,15,①法秩序維持,30%,4,11,縮小,①行政管理の最小限のみ
総務省,消防庁,消防防災体制等整備費,消防防災技術研究開発業務庁費,4,①法秩序維持,30%,1,3,縮小,①行政管理の最小限のみ
総務省,消防庁,消防防災体制等整備費,情報処理業務庁費,1,①法秩序維持,30%,0,1,縮小,①行政管理の最小限のみ
総務省,消防庁,消防防災体制等整備費,消防防災通信維持費,2,①法秩序維持,30%,1,1,縮小,①行政管理の最小限のみ
総務省,消防庁,消防防災体制等整備費,消防防災技術研究開発委託費,1,①法秩序維持,30%,0,1,縮小,①行政管理の最小限のみ
総務省,消防庁,消防防災体制等整備費,緊急消防援助隊設備整備費補助金,55,①法秩序維持,30%,16,39,縮小,①行政管理の最小限のみ
総務省,消防庁,消防防災体制等整備費,消防防災施設整備費補助金,14,①法秩序維持,30%,4,10,縮小,①行政管理の最小限のみ
総務省,消防庁,消防防災体制等整備費,国民保護訓練費負担金,1,①法秩序維持,30%,0,1,縮小,①行政管理の最小限のみ
法務省,法務本省,法務本省共通費,職員基本給,56,①法秩序維持・②財産権規定・④裁定・⑤契約履行強制,100%,56,0,維持,①②④⑤法務・検察・矯正・登記
法務省,法務本省,法務本省共通費,職員諸手当,30,①法秩序維持・②財産権規定・④裁定・⑤契約履行強制,100%,30,0,維持,①②④⑤法務・検察・矯正・登記
法務省,法務本省,法務本省共通費,超過勤務手当,8,①法秩序維持・②財産権規定・④裁定・⑤契約履行強制,100%,8,0,維持,①②④⑤法務・検察・矯正・登記
法務省,法務本省,法務本省共通費,休職者給与,11,①法秩序維持・②財産権規定・④裁定・⑤契約履行強制,100%,11,0,維持,①②④⑤法務・検察・矯正・登記
法務省,法務本省,法務本省共通費,国際機関等派遣職員給与,2,①法秩序維持・②財産権規定・④裁定・⑤契約履行強制,100%,2,0,維持,①②④⑤法務・検察・矯正・登記
法務省,法務本省,法務本省共通費,公務災害補償費,5,①法秩序維持・②財産権規定・④裁定・⑤契約履行強制,100%,5,0,維持,①②④⑤法務・検察・矯正・登記
法務省,法務本省,法務本省共通費,退職手当,313,①法秩序維持・②財産権規定・④裁定・⑤契約履行強制,100%,313,0,維持,①②④⑤法務・検察・矯正・登記
法務省,法務本省,法務本省共通費,児童手当,1,①法秩序維持・②財産権規定・④裁定・⑤契約履行強制,100%,1,0,維持,①②④⑤法務・検察・矯正・登記
法務省,法務本省,法務本省共通費,職員旅費,3,①法秩序維持・②財産権規定・④裁定・⑤契約履行強制,100%,3,0,維持,①②④⑤法務・検察・矯正・登記
法務省,法務本省,法務本省共通費,外国留学旅費,1,①法秩序維持・②財産権規定・④裁定・⑤契約履行強制,100%,1,0,維持,①②④⑤法務・検察・矯正・登記
法務省,法務本省,法務本省共通費,庁費,15,①法秩序維持・②財産権規定・④裁定・⑤契約履行強制,100%,15,0,維持,①②④⑤法務・検察・矯正・登記
法務省,法務本省,法務本省共通費,情報処理業務庁費,3,①法秩序維持・②財産権規定・④裁定・⑤契約履行強制,100%,3,0,維持,①②④⑤法務・検察・矯正・登記
法務省,法務本省,法務本省共通費,司法国際化業務庁費,3,①法秩序維持・②財産権規定・④裁定・⑤契約履行強制,100%,3,0,維持,①②④⑤法務・検察・矯正・登記
法務省,法務本省,法務本省共通費,各所修繕,14,①法秩序維持・②財産権規定・④裁定・⑤契約履行強制,100%,14,0,維持,①②④⑤法務・検察・矯正・登記
法務省,法務本省,法務本省共通費,国家公務員共済組合負担金,699,①法秩序維持・②財産権規定・④裁定・⑤契約履行強制,100%,699,0,維持,①②④⑤法務・検察・矯正・登記
法務省,法務本省,法務本省共通費,基礎年金等国家公務員共済組合負担金,171,①法秩序維持・②財産権規定・④裁定・⑤契約履行強制,100%,171,0,維持,①②④⑤法務・検察・矯正・登記
法務省,法務本省,法務本省共通費,育児休業手当金等国家公務員共済組合負担金,3,①法秩序維持・②財産権規定・④裁定・⑤契約履行強制,100%,3,0,維持,①②④⑤法務・検察・矯正・登記
法務省,法務本省,法務本省共通費,国有資産所在市町村交付金,2,①法秩序維持・②財産権規定・④裁定・⑤契約履行強制,100%,2,0,維持,①②④⑤法務・検察・矯正・登記
法務省,法務本省,法務本省共通費,国際私法会議等分担金,1,①法秩序維持・②財産権規定・④裁定・⑤契約履行強制,100%,1,0,維持,①②④⑤法務・検察・矯正・登記
法務省,法務本省,法務本省共通費,政府開発援助国際連合薬物犯罪事務所拠出金,1,①法秩序維持・②財産権規定・④裁定・⑤契約履行強制,100%,1,0,維持,①②④⑤法務・検察・矯正・登記
法務省,法務本省,法務本省共通費,国際機関拠出金,1,①法秩序維持・②財産権規定・④裁定・⑤契約履行強制,100%,1,0,維持,①②④⑤法務・検察・矯正・登記
法務省,法務本省,法務本省共通費,賠償償還及払戻金,3,①法秩序維持・②財産権規定・④裁定・⑤契約履行強制,100%,3,0,維持,①②④⑤法務・検察・矯正・登記
法務省,法務本省,基本法制整備費,庁費,1,①法秩序維持・②財産権規定・④裁定・⑤契約履行強制,100%,1,0,維持,①②④⑤法務・検察・矯正・登記
法務省,法務本省,司法制度改革推進費,委員手当,1,①法秩序維持・②財産権規定・④裁定・⑤契約履行強制,100%,1,0,維持,①②④⑤法務・検察・矯正・登記
法務省,法務本省,司法制度改革推進費,諸謝金,1,①法秩序維持・②財産権規定・④裁定・⑤契約履行強制,100%,1,0,維持,①②④⑤法務・検察・矯正・登記
法務省,法務本省,司法制度改革推進費,司法試験業務庁費,6,①法秩序維持・②財産権規定・④裁定・⑤契約履行強制,100%,6,0,維持,①②④⑤法務・検察・矯正・登記
法務省,法務本省,司法制度改革推進費,国選弁護人確保業務等委託費,171,①法秩序維持・②財産権規定・④裁定・⑤契約履行強制,100%,171,0,維持,①②④⑤法務・検察・矯正・登記
法務省,法務本省,日本司法支援センター運営費,日本司法支援センター運営費交付金,165,①法秩序維持・②財産権規定・④裁定・⑤契約履行強制,100%,165,0,維持,①②④⑤法務・検察・矯正・登記
法務省,法務本省,矯正企画調整費,委員手当,1,①法秩序維持・②財産権規定・④裁定・⑤契約履行強制,100%,1,0,維持,①②④⑤法務・検察・矯正・登記
法務省,法務本省,人権擁護推進費,人権啓発活動等委託費,11,①法秩序維持・②財産権規定・④裁定・⑤契約履行強制,100%,11,0,維持,①②④⑤法務・検察・矯正・登記
法務省,法務本省,訟務費,諸謝金,3,①法秩序維持・②財産権規定・④裁定・⑤契約履行強制,100%,3,0,維持,①②④⑤法務・検察・矯正・登記
法務省,法務本省,訟務費,訟務旅費,1,①法秩序維持・②財産権規定・④裁定・⑤契約履行強制,100%,1,0,維持,①②④⑤法務・検察・矯正・登記
法務省,法務本省,訟務費,訟務庁費,6,①法秩序維持・②財産権規定・④裁定・⑤契約履行強制,100%,6,0,維持,①②④⑤法務・検察・矯正・登記
法務省,法務本省,訟務費,保証金,7,①法秩序維持・②財産権規定・④裁定・⑤契約履行強制,100%,7,0,維持,①②④⑤法務・検察・矯正・登記
法務省,法務本省,法務省施設費,施設施工庁費,1,①法秩序維持・②財産権規定・④裁定・⑤契約履行強制,100%,1,0,維持,①②④⑤法務・検察・矯正・登記
法務省,法務本省,法務省施設費,施設整備費,195,①法秩序維持・②財産権規定・④裁定・⑤契約履行強制,100%,195,0,維持,①②④⑤法務・検察・矯正・登記
法務省,法務本省,法務省施設費,不動産購入費,2,①法秩序維持・②財産権規定・④裁定・⑤契約履行強制,100%,2,0,維持,①②④⑤法務・検察・矯正・登記
法務省,法務本省,法務行政情報化推進費,情報処理業務庁費,4,①法秩序維持・②財産権規定・④裁定・⑤契約履行強制,100%,4,0,維持,①②④⑤法務・検察・矯正・登記
法務省,法務総合研究所,法務総合研究所共通費,職員基本給,5,①法秩序維持・②財産権規定・④裁定・⑤契約履行強制,100%,5,0,維持,①②④⑤法務・検察・矯正・登記
法務省,法務総合研究所,法務総合研究所共通費,職員諸手当,3,①法秩序維持・②財産権規定・④裁定・⑤契約履行強制,100%,3,0,維持,①②④⑤法務・検察・矯正・登記
法務省,法務総合研究所,法務総合研究所共通費,職員旅費,2,①法秩序維持・②財産権規定・④裁定・⑤契約履行強制,100%,2,0,維持,①②④⑤法務・検察・矯正・登記
法務省,法務総合研究所,法務総合研究所共通費,庁費,6,①法秩序維持・②財産権規定・④裁定・⑤契約履行強制,100%,6,0,維持,①②④⑤法務・検察・矯正・登記
法務省,法務総合研究所,法務総合研究所共通費,研修所庁費,1,①法秩序維持・②財産権規定・④裁定・⑤契約履行強制,100%,1,0,維持,①②④⑤法務・検察・矯正・登記
法務省,法務総合研究所,法務総合研究所共通費,公共施設等維持管理運営費,1,①法秩序維持・②財産権規定・④裁定・⑤契約履行強制,100%,1,0,維持,①②④⑤法務・検察・矯正・登記
法務省,法務総合研究所,国際協力推進費,政府開発援助職員旅費,1,①法秩序維持・②財産権規定・④裁定・⑤契約履行強制,100%,1,0,維持,①②④⑤法務・検察・矯正・登記
法務省,法務総合研究所,国際協力推進費,政府開発援助庁費,1,①法秩序維持・②財産権規定・④裁定・⑤契約履行強制,100%,1,0,維持,①②④⑤法務・検察・矯正・登記
法務省,検察庁,検察官署共通費,職員基本給,661,①法秩序維持・②財産権規定・④裁定・⑤契約履行強制,100%,661,0,維持,①②④⑤法務・検察・矯正・登記
法務省,検察庁,検察官署共通費,職員諸手当,353,①法秩序維持・②財産権規定・④裁定・⑤契約履行強制,100%,353,0,維持,①②④⑤法務・検察・矯正・登記
法務省,検察庁,検察官署共通費,超過勤務手当,29,①法秩序維持・②財産権規定・④裁定・⑤契約履行強制,100%,29,0,維持,①②④⑤法務・検察・矯正・登記
法務省,検察庁,検察官署共通費,非常勤職員手当,1,①法秩序維持・②財産権規定・④裁定・⑤契約履行強制,100%,1,0,維持,①②④⑤法務・検察・矯正・登記
法務省,検察庁,検察官署共通費,短時間勤務職員給与,34,①法秩序維持・②財産権規定・④裁定・⑤契約履行強制,100%,34,0,維持,①②④⑤法務・検察・矯正・登記
法務省,検察庁,検察官署共通費,児童手当,8,①法秩序維持・②財産権規定・④裁定・⑤契約履行強制,100%,8,0,維持,①②④⑤法務・検察・矯正・登記
法務省,検察庁,検察官署共通費,赴任旅費,4,①法秩序維持・②財産権規定・④裁定・⑤契約履行強制,100%,4,0,維持,①②④⑤法務・検察・矯正・登記
法務省,検察庁,検察官署共通費,庁費,54,①法秩序維持・②財産権規定・④裁定・⑤契約履行強制,100%,54,0,維持,①②④⑤法務・検察・矯正・登記
法務省,検察庁,検察官署共通費,土地建物借料,1,①法秩序維持・②財産権規定・④裁定・⑤契約履行強制,100%,1,0,維持,①②④⑤法務・検察・矯正・登記
法務省,検察庁,検察費,諸謝金,9,①法秩序維持・②財産権規定・④裁定・⑤契約履行強制,100%,9,0,維持,①②④⑤法務・検察・矯正・登記
法務省,検察庁,検察費,検察旅費,5,①法秩序維持・②財産権規定・④裁定・⑤契約履行強制,100%,5,0,維持,①②④⑤法務・検察・矯正・登記
法務省,検察庁,検察費,参考人等旅費,3,①法秩序維持・②財産権規定・④裁定・⑤契約履行強制,100%,3,0,維持,①②④⑤法務・検察・矯正・登記
法務省,検察庁,検察費,検察業務庁費,34,①法秩序維持・②財産権規定・④裁定・⑤契約履行強制,100%,34,0,維持,①②④⑤法務・検察・矯正・登記
法務省,検察庁,検察運営費,職員旅費,1,①法秩序維持・②財産権規定・④裁定・⑤契約履行強制,100%,1,0,維持,①②④⑤法務・検察・矯正・登記
法務省,検察庁,検察運営費,検察業務庁費,17,①法秩序維持・②財産権規定・④裁定・⑤契約履行強制,100%,17,0,維持,①②④⑤法務・検察・矯正・登記
法務省,矯正官署,矯正官署共通費,職員基本給,1055,①法秩序維持・②財産権規定・④裁定・⑤契約履行強制,100%,1055,0,維持,①②④⑤法務・検察・矯正・登記
法務省,矯正官署,矯正官署共通費,職員諸手当,502,①法秩序維持・②財産権規定・④裁定・⑤契約履行強制,100%,502,0,維持,①②④⑤法務・検察・矯正・登記
法務省,矯正官署,矯正官署共通費,超過勤務手当,193,①法秩序維持・②財産権規定・④裁定・⑤契約履行強制,100%,193,0,維持,①②④⑤法務・検察・矯正・登記
法務省,矯正官署,矯正官署共通費,非常勤職員手当,11,①法秩序維持・②財産権規定・④裁定・⑤契約履行強制,100%,11,0,維持,①②④⑤法務・検察・矯正・登記
法務省,矯正官署,矯正官署共通費,短時間勤務職員給与,16,①法秩序維持・②財産権規定・④裁定・⑤契約履行強制,100%,16,0,維持,①②④⑤法務・検察・矯正・登記
法務省,矯正官署,矯正官署共通費,児童手当,27,①法秩序維持・②財産権規定・④裁定・⑤契約履行強制,100%,27,0,維持,①②④⑤法務・検察・矯正・登記
法務省,矯正官署,矯正官署共通費,職員旅費,2,①法秩序維持・②財産権規定・④裁定・⑤契約履行強制,100%,2,0,維持,①②④⑤法務・検察・矯正・登記
法務省,矯正官署,矯正官署共通費,赴任旅費,4,①法秩序維持・②財産権規定・④裁定・⑤契約履行強制,100%,4,0,維持,①②④⑤法務・検察・矯正・登記
法務省,矯正官署,矯正官署共通費,庁費,25,①法秩序維持・②財産権規定・④裁定・⑤契約履行強制,100%,25,0,維持,①②④⑤法務・検察・矯正・登記
法務省,矯正官署,矯正管理業務費,職員旅費,2,①法秩序維持・②財産権規定・④裁定・⑤契約履行強制,100%,2,0,維持,①②④⑤法務・検察・矯正・登記
法務省,矯正官署,矯正管理業務費,赴任旅費,3,①法秩序維持・②財産権規定・④裁定・⑤契約履行強制,100%,3,0,維持,①②④⑤法務・検察・矯正・登記
法務省,矯正官署,矯正管理業務費,矯正管理業務庁費,50,①法秩序維持・②財産権規定・④裁定・⑤契約履行強制,100%,50,0,維持,①②④⑤法務・検察・矯正・登記
法務省,矯正官署,矯正管理業務費,看守等被服費,8,①法秩序維持・②財産権規定・④裁定・⑤契約履行強制,100%,8,0,維持,①②④⑤法務・検察・矯正・登記
法務省,矯正官署,矯正収容費,諸謝金,9,①法秩序維持・②財産権規定・④裁定・⑤契約履行強制,100%,9,0,維持,①②④⑤法務・検察・矯正・登記
法務省,矯正官署,矯正収容費,被収容者作業報奨金,13,①法秩序維持・②財産権規定・④裁定・⑤契約履行強制,100%,13,0,維持,①②④⑤法務・検察・矯正・登記
法務省,矯正官署,矯正収容費,収容業務旅費,4,①法秩序維持・②財産権規定・④裁定・⑤契約履行強制,100%,4,0,維持,①②④⑤法務・検察・矯正・登記
法務省,矯正官署,矯正収容費,作業業務旅費,1,①法秩序維持・②財産権規定・④裁定・⑤契約履行強制,100%,1,0,維持,①②④⑤法務・検察・矯正・登記
法務省,矯正官署,矯正収容費,護送旅費,4,①法秩序維持・②財産権規定・④裁定・⑤契約履行強制,100%,4,0,維持,①②④⑤法務・検察・矯正・登記
法務省,矯正官署,矯正収容費,被収容者旅費,1,①法秩序維持・②財産権規定・④裁定・⑤契約履行強制,100%,1,0,維持,①②④⑤法務・検察・矯正・登記
法務省,矯正官署,矯正収容費,収容諸費,251,①法秩序維持・②財産権規定・④裁定・⑤契約履行強制,100%,251,0,維持,①②④⑤法務・検察・矯正・登記
法務省,矯正官署,矯正収容費,作業諸費,26,①法秩序維持・②財産権規定・④裁定・⑤契約履行強制,100%,26,0,維持,①②④⑤法務・検察・矯正・登記
法務省,矯正官署,矯正収容費,被収容者被服費,4,①法秩序維持・②財産権規定・④裁定・⑤契約履行強制,100%,4,0,維持,①②④⑤法務・検察・矯正・登記
法務省,矯正官署,矯正収容費,被収容者食糧費,116,①法秩序維持・②財産権規定・④裁定・⑤契約履行強制,100%,116,0,維持,①②④⑤法務・検察・矯正・登記
法務省,矯正官署,矯正収容費,原材料費,2,①法秩序維持・②財産権規定・④裁定・⑤契約履行強制,100%,2,0,維持,①②④⑤法務・検察・矯正・登記
法務省,矯正官署,矯正収容費,都道府県警察実費弁償金,54,①法秩序維持・②財産権規定・④裁定・⑤契約履行強制,100%,54,0,維持,①②④⑤法務・検察・矯正・登記
法務省,矯正官署,矯正施設民間開放推進費,矯正管理業務庁費,22,①法秩序維持・②財産権規定・④裁定・⑤契約履行強制,100%,22,0,維持,①②④⑤法務・検察・矯正・登記
法務省,矯正官署,矯正施設民間開放推進費,公共施設等維持管理運営費,124,①法秩序維持・②財産権規定・④裁定・⑤契約履行強制,100%,124,0,維持,①②④⑤法務・検察・矯正・登記
法務省,更生保護官署,更生保護官署共通費,職員基本給,89,①法秩序維持・②財産権規定・④裁定・⑤契約履行強制,100%,89,0,維持,①②④⑤法務・検察・矯正・登記
法務省,更生保護官署,更生保護官署共通費,職員諸手当,49,①法秩序維持・②財産権規定・④裁定・⑤契約履行強制,100%,49,0,維持,①②④⑤法務・検察・矯正・登記
法務省,更生保護官署,更生保護官署共通費,超過勤務手当,4,①法秩序維持・②財産権規定・④裁定・⑤契約履行強制,100%,4,0,維持,①②④⑤法務・検察・矯正・登記
法務省,更生保護官署,更生保護官署共通費,短時間勤務職員給与,4,①法秩序維持・②財産権規定・④裁定・⑤契約履行強制,100%,4,0,維持,①②④⑤法務・検察・矯正・登記
法務省,更生保護官署,更生保護官署共通費,児童手当,1,①法秩序維持・②財産権規定・④裁定・⑤契約履行強制,100%,1,0,維持,①②④⑤法務・検察・矯正・登記
法務省,更生保護官署,更生保護官署共通費,赴任旅費,1,①法秩序維持・②財産権規定・④裁定・⑤契約履行強制,100%,1,0,維持,①②④⑤法務・検察・矯正・登記
法務省,更生保護官署,更生保護官署共通費,庁費,9,①法秩序維持・②財産権規定・④裁定・⑤契約履行強制,100%,9,0,維持,①②④⑤法務・検察・矯正・登記
法務省,更生保護官署,更生保護活動費,諸謝金,1,①法秩序維持・②財産権規定・④裁定・⑤契約履行強制,100%,1,0,維持,①②④⑤法務・検察・矯正・登記
法務省,更生保護官署,更生保護活動費,保護観察対象者等職業補導給付金,4,①法秩序維持・②財産権規定・④裁定・⑤契約履行強制,100%,4,0,維持,①②④⑤法務・検察・矯正・登記
法務省,更生保護官署,更生保護活動費,更生保護業務旅費,1,①法秩序維持・②財産権規定・④裁定・⑤契約履行強制,100%,1,0,維持,①②④⑤法務・検察・矯正・登記
法務省,更生保護官署,更生保護活動費,更生保護業務庁費,23,①法秩序維持・②財産権規定・④裁定・⑤契約履行強制,100%,23,0,維持,①②④⑤法務・検察・矯正・登記
法務省,更生保護官署,更生保護活動費,更生保護委託費,56,①法秩序維持・②財産権規定・④裁定・⑤契約履行強制,100%,56,0,維持,①②④⑤法務・検察・矯正・登記
法務省,更生保護官署,更生保護活動費,保護司実費弁償金,44,①法秩序維持・②財産権規定・④裁定・⑤契約履行強制,100%,44,0,維持,①②④⑤法務・検察・矯正・登記
法務省,法務局,法務局共通費,職員基本給,390,①法秩序維持・②財産権規定・④裁定・⑤契約履行強制,100%,390,0,維持,①②④⑤法務・検察・矯正・登記
法務省,法務局,法務局共通費,職員諸手当,211,①法秩序維持・②財産権規定・④裁定・⑤契約履行強制,100%,211,0,維持,①②④⑤法務・検察・矯正・登記
法務省,法務局,法務局共通費,超過勤務手当,34,①法秩序維持・②財産権規定・④裁定・⑤契約履行強制,100%,34,0,維持,①②④⑤法務・検察・矯正・登記
法務省,法務局,法務局共通費,非常勤職員手当,2,①法秩序維持・②財産権規定・④裁定・⑤契約履行強制,100%,2,0,維持,①②④⑤法務・検察・矯正・登記
法務省,法務局,法務局共通費,短時間勤務職員給与,24,①法秩序維持・②財産権規定・④裁定・⑤契約履行強制,100%,24,0,維持,①②④⑤法務・検察・矯正・登記
法務省,法務局,法務局共通費,児童手当,4,①法秩序維持・②財産権規定・④裁定・⑤契約履行強制,100%,4,0,維持,①②④⑤法務・検察・矯正・登記
法務省,法務局,法務局共通費,職員旅費,2,①法秩序維持・②財産権規定・④裁定・⑤契約履行強制,100%,2,0,維持,①②④⑤法務・検察・矯正・登記
法務省,法務局,法務局共通費,赴任旅費,3,①法秩序維持・②財産権規定・④裁定・⑤契約履行強制,100%,3,0,維持,①②④⑤法務・検察・矯正・登記
法務省,法務局,法務局共通費,庁費,51,①法秩序維持・②財産権規定・④裁定・⑤契約履行強制,100%,51,0,維持,①②④⑤法務・検察・矯正・登記
法務省,法務局,法務局共通費,情報処理業務庁費,6,①法秩序維持・②財産権規定・④裁定・⑤契約履行強制,100%,6,0,維持,①②④⑤法務・検察・矯正・登記
法務省,法務局,法務局共通費,土地建物借料,2,①法秩序維持・②財産権規定・④裁定・⑤契約履行強制,100%,2,0,維持,①②④⑤法務・検察・矯正・登記
法務省,法務局,法務局共通費,公共施設等維持管理運営費,1,①法秩序維持・②財産権規定・④裁定・⑤契約履行強制,100%,1,0,維持,①②④⑤法務・検察・矯正・登記
法務省,法務局,登記事務処理費,委員手当,4,①法秩序維持・②財産権規定・④裁定・⑤契約履行強制,100%,4,0,維持,①②④⑤法務・検察・矯正・登記
法務省,法務局,登記事務処理費,登記業務旅費,1,①法秩序維持・②財産権規定・④裁定・⑤契約履行強制,100%,1,0,維持,①②④⑤法務・検察・矯正・登記
法務省,法務局,登記事務処理費,登記業務庁費,157,①法秩序維持・②財産権規定・④裁定・⑤契約履行強制,100%,157,0,維持,①②④⑤法務・検察・矯正・登記
法務省,法務局,登記事務処理費,土地建物借料,1,①法秩序維持・②財産権規定・④裁定・⑤契約履行強制,100%,1,0,維持,①②④⑤法務・検察・矯正・登記
法務省,法務局,登記事務処理費,登記事項証明書交付事務等委託費,83,①法秩序維持・②財産権規定・④裁定・⑤契約履行強制,100%,83,0,維持,①②④⑤法務・検察・矯正・登記
法務省,法務局,国籍等事務処理費,民事業務庁費,8,①法秩序維持・②財産権規定・④裁定・⑤契約履行強制,100%,8,0,維持,①②④⑤法務・検察・矯正・登記
法務省,法務局,人権擁護活動費,人権擁護業務庁費,10,①法秩序維持・②財産権規定・④裁定・⑤契約履行強制,100%,10,0,維持,①②④⑤法務・検察・矯正・登記
法務省,法務局,人権擁護活動費,人権擁護委員実費弁償金,13,①法秩序維持・②財産権規定・④裁定・⑤契約履行強制,100%,13,0,維持,①②④⑤法務・検察・矯正・登記
法務省,出入国在留管理庁,出入国在留管理庁共通費,職員基本給,282,①法秩序維持,100%,282,0,維持,①国境管理
法務省,出入国在留管理庁,出入国在留管理庁共通費,職員諸手当,141,①法秩序維持,100%,141,0,維持,①国境管理
法務省,出入国在留管理庁,出入国在留管理庁共通費,超過勤務手当,50,①法秩序維持,100%,50,0,維持,①国境管理
法務省,出入国在留管理庁,出入国在留管理庁共通費,短時間勤務職員給与,1,①法秩序維持,100%,1,0,維持,①国境管理
法務省,出入国在留管理庁,出入国在留管理庁共通費,児童手当,3,①法秩序維持,100%,3,0,維持,①国境管理
法務省,出入国在留管理庁,出入国在留管理庁共通費,職員旅費,1,①法秩序維持,100%,1,0,維持,①国境管理
法務省,出入国在留管理庁,出入国在留管理庁共通費,赴任旅費,2,①法秩序維持,100%,2,0,維持,①国境管理
法務省,出入国在留管理庁,出入国在留管理庁共通費,庁費,11,①法秩序維持,100%,11,0,維持,①国境管理
法務省,出入国在留管理庁,出入国在留管理庁共通費,情報処理業務庁費,21,①法秩序維持,100%,21,0,維持,①国境管理
法務省,出入国在留管理庁,出入国管理企画調整推進費,委員手当,1,①法秩序維持・②財産権規定・④裁定・⑤契約履行強制,100%,1,0,維持,①②④⑤法務・検察・矯正・登記
法務省,出入国在留管理庁,出入国管理企画調整推進費,諸謝金,1,①法秩序維持・②財産権規定・④裁定・⑤契約履行強制,100%,1,0,維持,①②④⑤法務・検察・矯正・登記
法務省,出入国在留管理庁,出入国管理企画調整推進費,出入国管理業務庁費,8,①法秩序維持・②財産権規定・④裁定・⑤契約履行強制,100%,8,0,維持,①②④⑤法務・検察・矯正・登記
法務省,出入国在留管理庁,出入国管理企画調整推進費,中長期在留者住居地届出等事務委託費,25,①法秩序維持・②財産権規定・④裁定・⑤契約履行強制,100%,25,0,維持,①②④⑤法務・検察・矯正・登記
法務省,出入国在留管理庁,出入国管理企画調整推進費,政府開発援助難民等救援業務委託費,11,①法秩序維持・②財産権規定・④裁定・⑤契約履行強制,100%,11,0,維持,①②④⑤法務・検察・矯正・登記
法務省,出入国在留管理庁,出入国管理企画調整推進費,難民救援業務委託費,2,①法秩序維持・②財産権規定・④裁定・⑤契約履行強制,100%,2,0,維持,①②④⑤法務・検察・矯正・登記
法務省,出入国在留管理庁,出入国管理企画調整推進費,外国人受入環境整備交付金,10,①法秩序維持・②財産権規定・④裁定・⑤契約履行強制,100%,10,0,維持,①②④⑤法務・検察・矯正・登記
法務省,出入国在留管理庁,出入国管理業務費,諸謝金,5,①法秩序維持・②財産権規定・④裁定・⑤契約履行強制,100%,5,0,維持,①②④⑤法務・検察・矯正・登記
法務省,出入国在留管理庁,出入国管理業務費,出入国管理業務旅費,2,①法秩序維持・②財産権規定・④裁定・⑤契約履行強制,100%,2,0,維持,①②④⑤法務・検察・矯正・登記
法務省,出入国在留管理庁,出入国管理業務費,護送旅費,4,①法秩序維持・②財産権規定・④裁定・⑤契約履行強制,100%,4,0,維持,①②④⑤法務・検察・矯正・登記
法務省,出入国在留管理庁,出入国管理業務費,被収容者旅費,1,①法秩序維持・②財産権規定・④裁定・⑤契約履行強制,100%,1,0,維持,①②④⑤法務・検察・矯正・登記
法務省,出入国在留管理庁,出入国管理業務費,出入国管理業務庁費,94,①法秩序維持・②財産権規定・④裁定・⑤契約履行強制,100%,94,0,維持,①②④⑤法務・検察・矯正・登記
法務省,出入国在留管理庁,出入国管理業務費,収容諸費,13,①法秩序維持・②財産権規定・④裁定・⑤契約履行強制,100%,13,0,維持,①②④⑤法務・検察・矯正・登記
法務省,出入国在留管理庁,出入国管理業務費,審査官等被服費,1,①法秩序維持・②財産権規定・④裁定・⑤契約履行強制,100%,1,0,維持,①②④⑤法務・検察・矯正・登記
法務省,出入国在留管理庁,出入国管理業務費,土地建物借料,11,①法秩序維持・②財産権規定・④裁定・⑤契約履行強制,100%,11,0,維持,①②④⑤法務・検察・矯正・登記
法務省,出入国在留管理庁,出入国管理業務費,被護送収容者食糧費,4,①法秩序維持・②財産権規定・④裁定・⑤契約履行強制,100%,4,0,維持,①②④⑤法務・検察・矯正・登記
法務省,公安調査庁,公安調査庁共通費,職員基本給,92,①法秩序維持,100%,92,0,維持,①安全保障情報収集
法務省,公安調査庁,公安調査庁共通費,職員諸手当,47,①法秩序維持,100%,47,0,維持,①安全保障情報収集
法務省,公安調査庁,公安調査庁共通費,超過勤務手当,7,①法秩序維持,100%,7,0,維持,①安全保障情報収集
法務省,公安調査庁,公安調査庁共通費,短時間勤務職員給与,1,①法秩序維持,100%,1,0,維持,①安全保障情報収集
法務省,公安調査庁,公安調査庁共通費,児童手当,1,①法秩序維持,100%,1,0,維持,①安全保障情報収集
法務省,公安調査庁,公安調査庁共通費,庁費,5,①法秩序維持,100%,5,0,維持,①安全保障情報収集
法務省,公安調査庁,公安調査庁共通費,公共施設等維持管理運営費,1,①法秩序維持,100%,1,0,維持,①安全保障情報収集
法務省,公安調査庁,破壊的団体等調査費,団体等調査旅費,1,①法秩序維持・②財産権規定・④裁定・⑤契約履行強制,100%,1,0,維持,①②④⑤法務・検察・矯正・登記
法務省,公安調査庁,破壊的団体等調査費,団体等調査業務庁費,7,①法秩序維持・②財産権規定・④裁定・⑤契約履行強制,100%,7,0,維持,①②④⑤法務・検察・矯正・登記
法務省,公安調査庁,破壊的団体等調査費,公安調査官調査活動費,18,①法秩序維持・②財産権規定・④裁定・⑤契約履行強制,100%,18,0,維持,①②④⑤法務・検察・矯正・登記
外務省,外務本省,外務本省共通費,職員基本給,152,①法秩序維持,50%,76,76,縮小,①外交・安保機能は維持
外務省,外務本省,外務本省共通費,職員諸手当,86,①法秩序維持,50%,43,43,縮小,①外交・安保機能は維持
外務省,外務本省,外務本省共通費,超過勤務手当,39,①法秩序維持,50%,20,19,縮小,①外交・安保機能は維持
外務省,外務本省,外務本省共通費,待命職員給与,2,①法秩序維持,50%,1,1,縮小,①外交・安保機能は維持
外務省,外務本省,外務本省共通費,非常勤職員手当,1,①法秩序維持,50%,0,1,縮小,①外交・安保機能は維持
外務省,外務本省,外務本省共通費,休職者給与,2,①法秩序維持,50%,1,1,縮小,①外交・安保機能は維持
外務省,外務本省,外務本省共通費,国際機関等派遣職員給与,1,①法秩序維持,50%,0,1,縮小,①外交・安保機能は維持
外務省,外務本省,外務本省共通費,短時間勤務職員給与,6,①法秩序維持,50%,3,3,縮小,①外交・安保機能は維持
外務省,外務本省,外務本省共通費,公務災害補償費,2,①法秩序維持,50%,1,1,縮小,①外交・安保機能は維持
外務省,外務本省,外務本省共通費,退職手当,52,①法秩序維持,50%,26,26,縮小,①外交・安保機能は維持
外務省,外務本省,外務本省共通費,児童手当,1,①法秩序維持,50%,0,1,縮小,①外交・安保機能は維持
外務省,外務本省,外務本省共通費,諸謝金,12,①法秩序維持,50%,6,6,縮小,①外交・安保機能は維持
外務省,外務本省,外務本省共通費,報償費,11,①法秩序維持,50%,6,5,縮小,①外交・安保機能は維持
外務省,外務本省,外務本省共通費,職員旅費,27,①法秩序維持,50%,14,13,縮小,①外交・安保機能は維持
外務省,外務本省,外務本省共通費,政府開発援助職員旅費,4,①法秩序維持,50%,2,2,縮小,①外交・安保機能は維持
外務省,外務本省,外務本省共通費,文化人等派遣旅費,3,①法秩序維持,50%,2,1,縮小,①外交・安保機能は維持
外務省,外務本省,外務本省共通費,庁費,46,①法秩序維持,50%,23,23,縮小,①外交・安保機能は維持
外務省,外務本省,外務本省共通費,政府開発援助庁費,2,①法秩序維持,50%,1,1,縮小,①外交・安保機能は維持
外務省,外務本省,外務本省共通費,情報処理業務庁費,176,①法秩序維持,50%,88,88,縮小,①外交・安保機能は維持
外務省,外務本省,外務本省共通費,在外公館連絡庁費,7,①法秩序維持,50%,4,3,縮小,①外交・安保機能は維持
外務省,外務本省,外務本省共通費,外交等業務庁費,3,①法秩序維持,50%,2,1,縮小,①外交・安保機能は維持
外務省,外務本省,外務本省共通費,庁舎管理改善設備整備費,3,①法秩序維持,50%,2,1,縮小,①外交・安保機能は維持
外務省,外務本省,外務本省共通費,航空機借料,9,①法秩序維持,50%,4,5,縮小,①外交・安保機能は維持
外務省,外務本省,外務本省共通費,招へい外国人滞在費,5,①法秩序維持,50%,2,3,縮小,①外交・安保機能は維持
外務省,外務本省,外務本省共通費,文化人等招へい費,1,①法秩序維持,50%,0,1,縮小,①外交・安保機能は維持
外務省,外務本省,外務本省共通費,各所修繕,2,①法秩序維持,50%,1,1,縮小,①外交・安保機能は維持
外務省,外務本省,外務本省共通費,国家公務員共済組合負担金,102,①法秩序維持,50%,51,51,縮小,①外交・安保機能は維持
外務省,外務本省,外務本省共通費,基礎年金等国家公務員共済組合負担金,26,①法秩序維持,50%,13,13,縮小,①外交・安保機能は維持
外務省,外務本省,外務本省施設費,施設整備費,10,①法秩序維持,50%,5,5,縮小,①外交・安保機能は維持
外務省,外務本省,地域別外交費,諸謝金,8,①法秩序維持,50%,4,4,縮小,①外交・安保機能は維持
外務省,外務本省,地域別外交費,政府開発援助諸謝金,1,①法秩序維持,50%,0,1,縮小,①外交・安保機能は維持
外務省,外務本省,地域別外交費,職員旅費,2,①法秩序維持,50%,1,1,縮小,①外交・安保機能は維持
外務省,外務本省,地域別外交費,政府開発援助職員旅費,1,①法秩序維持,50%,0,1,縮小,①外交・安保機能は維持
外務省,外務本省,地域別外交費,庁費,1,①法秩序維持,50%,0,1,縮小,①外交・安保機能は維持
外務省,外務本省,地域別外交費,政府開発援助文化人等招へい費,1,①法秩序維持,50%,0,1,縮小,①外交・安保機能は維持
外務省,外務本省,地域別外交費,国際交流事業委託費,3,①法秩序維持,50%,2,1,縮小,①外交・安保機能は維持
外務省,外務本省,地域別外交費,遺棄化学兵器調査事業等委託費,4,①法秩序維持,50%,2,2,縮小,①外交・安保機能は維持
外務省,外務本省,地域別外交費,国際友好団体補助金,26,①法秩序維持,50%,13,13,縮小,①外交・安保機能は維持
外務省,外務本省,地域別外交費,サハリン州経済改革促進等特別援助費,2,①法秩序維持,50%,1,1,縮小,①外交・安保機能は維持
外務省,外務本省,地域別外交費,経済協力国際機関分担金,1,①法秩序維持,50%,0,1,縮小,①外交・安保機能は維持
外務省,外務本省,地域別外交費,政府開発援助経済協力国際機関等拠出金,4,①法秩序維持,50%,2,2,縮小,①外交・安保機能は維持
外務省,外務本省,地域別外交費,経済協力国際機関等拠出金,3,①法秩序維持,50%,2,1,縮小,①外交・安保機能は維持
外務省,外務本省,地域別外交費,国際機関等拠出金,3,①法秩序維持,50%,2,1,縮小,①外交・安保機能は維持
外務省,外務本省,分野別外交費,諸謝金,6,①法秩序維持,70%,4,2,縮小,①安全保障外交・条約交渉は維持
外務省,外務本省,分野別外交費,職員旅費,4,①法秩序維持,70%,3,1,縮小,①安全保障外交・条約交渉は維持
外務省,外務本省,分野別外交費,文化人等派遣旅費,1,①法秩序維持,70%,1,0,縮小,①安全保障外交・条約交渉は維持
外務省,外務本省,分野別外交費,庁費,1,①法秩序維持,70%,1,0,縮小,①安全保障外交・条約交渉は維持
外務省,外務本省,分野別外交費,情報処理業務庁費,14,①法秩序維持,70%,10,4,縮小,①安全保障外交・条約交渉は維持
外務省,外務本省,分野別外交費,外国要人招へい等業務庁費,1,①法秩序維持,70%,1,0,縮小,①安全保障外交・条約交渉は維持
外務省,外務本省,分野別外交費,啓発宣伝費,1,①法秩序維持,70%,1,0,縮小,①安全保障外交・条約交渉は維持
外務省,外務本省,分野別外交費,文化人等招へい費,1,①法秩序維持,70%,1,0,縮小,①安全保障外交・条約交渉は維持
外務省,外務本省,分野別外交費,国際テロ情報収集等活動費,1,①法秩序維持,70%,1,0,縮小,①安全保障外交・条約交渉は維持
外務省,外務本省,分野別外交費,政府開発援助平和構築人材育成事業等委託費,1,①法秩序維持,70%,1,0,縮小,①安全保障外交・条約交渉は維持
外務省,外務本省,分野別外交費,包括的核実験禁止条約国内運用体制整備事業等委託費,1,①法秩序維持,70%,1,0,縮小,①安全保障外交・条約交渉は維持
外務省,外務本省,分野別外交費,外交・安全保障調査研究事業費補助金,5,①法秩序維持,70%,4,1,縮小,①安全保障外交・条約交渉は維持
外務省,外務本省,分野別外交費,国際共同研究支援事業費補助金,5,①法秩序維持,70%,4,1,縮小,①安全保障外交・条約交渉は維持
外務省,外務本省,分野別外交費,安全保障能力強化等援助費,180,①法秩序維持,70%,126,54,縮小,①安全保障外交・条約交渉は維持
外務省,外務本省,分野別外交費,政府開発援助経済協力国際機関分担金,218,①法秩序維持,70%,153,65,縮小,①安全保障外交・条約交渉は維持
外務省,外務本省,分野別外交費,経済協力国際機関分担金,207,①法秩序維持,70%,145,62,縮小,①安全保障外交・条約交渉は維持
外務省,外務本省,分野別外交費,国際原子力機関分担金,48,①法秩序維持,70%,34,14,縮小,①安全保障外交・条約交渉は維持
外務省,外務本省,分野別外交費,政府開発援助国際機関分担金,47,①法秩序維持,70%,33,14,縮小,①安全保障外交・条約交渉は維持
外務省,外務本省,分野別外交費,国際機関分担金,437,①法秩序維持,70%,306,131,縮小,①安全保障外交・条約交渉は維持
外務省,外務本省,分野別外交費,政府開発援助経済協力国際機関等拠出金,27,①法秩序維持,70%,19,8,縮小,①安全保障外交・条約交渉は維持
外務省,外務本省,分野別外交費,経済協力国際機関等拠出金,1,①法秩序維持,70%,1,0,縮小,①安全保障外交・条約交渉は維持
外務省,外務本省,分野別外交費,政府開発援助国際原子力機関拠出金,11,①法秩序維持,70%,8,3,縮小,①安全保障外交・条約交渉は維持
外務省,外務本省,分野別外交費,政府開発援助国際機関等拠出金,2,①法秩序維持,70%,1,1,縮小,①安全保障外交・条約交渉は維持
外務省,外務本省,分野別外交費,国際機関等拠出金,3,①法秩序維持,70%,2,1,縮小,①安全保障外交・条約交渉は維持
外務省,外務本省,広報文化交流及報道対策費,諸謝金,2,①法秩序維持,50%,1,1,縮小,①外交・安保機能は維持
外務省,外務本省,広報文化交流及報道対策費,戦略的対外発信謝金,11,①法秩序維持,50%,6,5,縮小,①外交・安保機能は維持
外務省,外務本省,広報文化交流及報道対策費,職員旅費,1,①法秩序維持,50%,0,1,縮小,①外交・安保機能は維持
外務省,外務本省,広報文化交流及報道対策費,情報処理業務庁費,1,①法秩序維持,50%,0,1,縮小,①外交・安保機能は維持
外務省,外務本省,広報文化交流及報道対策費,戦略的対外発信庁費,1,①法秩序維持,50%,0,1,縮小,①外交・安保機能は維持
外務省,外務本省,広報文化交流及報道対策費,在外公館連絡庁費,3,①法秩序維持,50%,2,1,縮小,①外交・安保機能は維持
外務省,外務本省,広報文化交流及報道対策費,啓発宣伝費,2,①法秩序維持,50%,1,1,縮小,①外交・安保機能は維持
外務省,外務本省,広報文化交流及報道対策費,文化人等招へい費,3,①法秩序維持,50%,2,1,縮小,①外交・安保機能は維持
外務省,外務本省,広報文化交流及報道対策費,政府開発援助戦略的対外発信事業委託費,13,①法秩序維持,50%,6,7,縮小,①外交・安保機能は維持
外務省,外務本省,広報文化交流及報道対策費,戦略的対外発信事業委託費,30,①法秩序維持,50%,15,15,縮小,①外交・安保機能は維持
外務省,外務本省,広報文化交流及報道対策費,領土保全対策事業委託費,1,①法秩序維持,50%,0,1,縮小,①外交・安保機能は維持
外務省,外務本省,広報文化交流及報道対策費,啓発宣伝事業等委託費,2,①法秩序維持,50%,1,1,縮小,①外交・安保機能は維持
外務省,外務本省,広報文化交流及報道対策費,政府開発援助経済協力国際機関分担金,22,①法秩序維持,50%,11,11,縮小,①外交・安保機能は維持
外務省,外務本省,広報文化交流及報道対策費,経済協力国際機関分担金,14,①法秩序維持,50%,7,7,縮小,①外交・安保機能は維持
外務省,外務本省,広報文化交流及報道対策費,政府開発援助経済協力国際機関等拠出金,5,①法秩序維持,50%,2,3,縮小,①外交・安保機能は維持
外務省,外務本省,広報文化交流及報道対策費,経済協力国際機関等拠出金,3,①法秩序維持,50%,2,1,縮小,①外交・安保機能は維持
外務省,外務本省,広報文化交流及報道対策費,政府開発援助国際機関等拠出金,6,①法秩序維持,50%,3,3,縮小,①外交・安保機能は維持
外務省,外務本省,独立行政法人国際交流基金運営費,政府開発援助独立行政法人国際交流基金運営費交付金,66,該当なし,20%,13,53,廃止（民間化）,文化外交は民間が担う
外務省,外務本省,独立行政法人国際交流基金運営費,独立行政法人国際交流基金運営費交付金,57,該当なし,20%,11,46,廃止（民間化）,文化外交は民間が担う
外務省,外務本省,領事政策費,諸謝金,2,①法秩序維持,50%,1,1,縮小,①外交・安保機能は維持
外務省,外務本省,領事政策費,情報処理業務庁費,3,①法秩序維持,50%,2,1,縮小,①外交・安保機能は維持
外務省,外務本省,領事政策費,領事事務庁費,1,①法秩序維持,50%,0,1,縮小,①外交・安保機能は維持
外務省,外務本省,領事政策費,渡航事務庁費,122,①法秩序維持,50%,61,61,縮小,①外交・安保機能は維持
外務省,外務本省,経済協力費,政府開発援助諸謝金,3,該当なし,0%,0,3,廃止（ODA廃止）,フリードマンはODAに反対
外務省,外務本省,経済協力費,政府開発援助経済協力評価等調査謝金,1,該当なし,0%,0,1,廃止（ODA廃止）,フリードマンはODAに反対
外務省,外務本省,経済協力費,政府開発援助職員旅費,1,該当なし,0%,0,1,廃止（ODA廃止）,フリードマンはODAに反対
外務省,外務本省,経済協力費,政府開発援助庁費,2,該当なし,0%,0,2,廃止（ODA廃止）,フリードマンはODAに反対
外務省,外務本省,経済協力費,政府開発援助啓発宣伝費,1,該当なし,0%,0,1,廃止（ODA廃止）,フリードマンはODAに反対
外務省,外務本省,経済協力費,政府開発援助海外経済協力事業委託費,5,該当なし,0%,0,5,廃止（ODA廃止）,フリードマンはODAに反対
外務省,外務本省,経済協力費,政府開発援助経済開発等援助費,1531,該当なし,0%,0,1531,廃止（ODA廃止）,フリードマンはODAに反対
外務省,外務本省,経済協力費,政府開発援助経済協力国際機関分担金,39,該当なし,0%,0,39,廃止（ODA廃止）,フリードマンはODAに反対
外務省,外務本省,経済協力費,政府開発援助経済協力国際機関等拠出金,195,該当なし,0%,0,195,廃止（ODA廃止）,フリードマンはODAに反対
外務省,外務本省,独立行政法人国際協力機構運営費,政府開発援助独立行政法人国際協力機構運営費交付金,1481,該当なし,0%,0,1481,廃止,JICA廃止
外務省,外務本省,独立行政法人国際協力機構施設整備費,政府開発援助独立行政法人国際協力機構施設整備費補助金,20,該当なし,0%,0,20,廃止,JICA廃止
外務省,在外公館,在外公館共通費,職員基本給,115,①法秩序維持,70%,80,35,縮小,①外交機能・在外邦人保護は維持
外務省,在外公館,在外公館共通費,政府開発援助職員基本給,68,①法秩序維持,70%,48,20,縮小,①外交機能・在外邦人保護は維持
外務省,在外公館,在外公館共通費,職員諸手当,353,①法秩序維持,70%,247,106,縮小,①外交機能・在外邦人保護は維持
外務省,在外公館,在外公館共通費,政府開発援助職員諸手当,210,①法秩序維持,70%,147,63,縮小,①外交機能・在外邦人保護は維持
外務省,在外公館,在外公館共通費,現地補助員給与,294,①法秩序維持,70%,206,88,縮小,①外交機能・在外邦人保護は維持
外務省,在外公館,在外公館共通費,政府開発援助現地補助員給与,174,①法秩序維持,70%,122,52,縮小,①外交機能・在外邦人保護は維持
外務省,在外公館,在外公館共通費,諸謝金,127,①法秩序維持,70%,89,38,縮小,①外交機能・在外邦人保護は維持
外務省,在外公館,在外公館共通費,政府開発援助諸謝金,76,①法秩序維持,70%,53,23,縮小,①外交機能・在外邦人保護は維持
外務省,在外公館,在外公館共通費,報償費,21,①法秩序維持,70%,15,6,縮小,①外交機能・在外邦人保護は維持
外務省,在外公館,在外公館共通費,赴任帰朝旅費,30,①法秩序維持,70%,21,9,縮小,①外交機能・在外邦人保護は維持
外務省,在外公館,在外公館共通費,政府開発援助赴任帰朝旅費,18,①法秩序維持,70%,13,5,縮小,①外交機能・在外邦人保護は維持
外務省,在外公館,在外公館共通費,在外職員等旅費,25,①法秩序維持,70%,18,7,縮小,①外交機能・在外邦人保護は維持
外務省,在外公館,在外公館共通費,政府開発援助在外職員等旅費,15,①法秩序維持,70%,10,5,縮小,①外交機能・在外邦人保護は維持
外務省,在外公館,在外公館共通費,庁費,67,①法秩序維持,70%,47,20,縮小,①外交機能・在外邦人保護は維持
外務省,在外公館,在外公館共通費,政府開発援助庁費,40,①法秩序維持,70%,28,12,縮小,①外交機能・在外邦人保護は維持
外務省,在外公館,在外公館共通費,在外公館連絡庁費,14,①法秩序維持,70%,10,4,縮小,①外交機能・在外邦人保護は維持
外務省,在外公館,在外公館共通費,政府開発援助在外公館連絡庁費,8,①法秩序維持,70%,6,2,縮小,①外交機能・在外邦人保護は維持
外務省,在外公館,在外公館共通費,情報処理業務庁費,1,①法秩序維持,70%,1,0,縮小,①外交機能・在外邦人保護は維持
外務省,在外公館,在外公館共通費,政府開発援助情報処理業務庁費,1,①法秩序維持,70%,1,0,縮小,①外交機能・在外邦人保護は維持
外務省,在外公館,在外公館共通費,在外公館交流諸費,24,①法秩序維持,70%,17,7,縮小,①外交機能・在外邦人保護は維持
外務省,在外公館,在外公館共通費,政府開発援助在外公館交流諸費,14,①法秩序維持,70%,10,4,縮小,①外交機能・在外邦人保護は維持
外務省,在外公館,在外公館共通費,車両購入費,6,①法秩序維持,70%,4,2,縮小,①外交機能・在外邦人保護は維持
外務省,在外公館,在外公館共通費,政府開発援助車両購入費,3,①法秩序維持,70%,2,1,縮小,①外交機能・在外邦人保護は維持
外務省,在外公館,在外公館共通費,在外公館設備整備費,16,①法秩序維持,70%,11,5,縮小,①外交機能・在外邦人保護は維持
外務省,在外公館,在外公館共通費,政府開発援助在外公館設備整備費,9,①法秩序維持,70%,6,3,縮小,①外交機能・在外邦人保護は維持
外務省,在外公館,在外公館共通費,在外公館等借料,90,①法秩序維持,70%,63,27,縮小,①外交機能・在外邦人保護は維持
外務省,在外公館,在外公館共通費,政府開発援助在外公館等借料,53,①法秩序維持,70%,37,16,縮小,①外交機能・在外邦人保護は維持
外務省,在外公館,在外公館共通費,各所修繕,6,①法秩序維持,70%,4,2,縮小,①外交機能・在外邦人保護は維持
外務省,在外公館,在外公館共通費,政府開発援助各所修繕,4,①法秩序維持,70%,3,1,縮小,①外交機能・在外邦人保護は維持
外務省,在外公館,在外公館共通費,交際費,2,①法秩序維持,70%,1,1,縮小,①外交機能・在外邦人保護は維持
外務省,在外公館,在外公館共通費,政府開発援助交際費,1,①法秩序維持,70%,1,0,縮小,①外交機能・在外邦人保護は維持
外務省,在外公館,在外公館施設費,施設施工庁費,4,①法秩序維持,70%,3,1,縮小,①外交機能・在外邦人保護は維持
外務省,在外公館,在外公館施設費,政府開発援助施設施工庁費,2,①法秩序維持,70%,1,1,縮小,①外交機能・在外邦人保護は維持
外務省,在外公館,在外公館施設費,施設整備費,20,①法秩序維持,70%,14,6,縮小,①外交機能・在外邦人保護は維持
外務省,在外公館,在外公館施設費,政府開発援助施設整備費,12,①法秩序維持,70%,8,4,縮小,①外交機能・在外邦人保護は維持
外務省,在外公館,地域別外交費,諸謝金,4,①法秩序維持,50%,2,2,縮小,①外交・安保機能は維持
外務省,在外公館,地域別外交費,経済改革促進支援事業等委託費,3,①法秩序維持,50%,2,1,縮小,①外交・安保機能は維持
外務省,在外公館,分野別外交費,諸謝金,3,①法秩序維持,70%,2,1,縮小,①安全保障外交・条約交渉は維持
外務省,在外公館,分野別外交費,在外職員等旅費,1,①法秩序維持,70%,1,0,縮小,①安全保障外交・条約交渉は維持
外務省,在外公館,分野別外交費,国際テロ情報収集等活動費,1,①法秩序維持,70%,1,0,縮小,①安全保障外交・条約交渉は維持
外務省,在外公館,広報文化交流及報道対策費,諸謝金,4,①法秩序維持,50%,2,2,縮小,①外交・安保機能は維持
外務省,在外公館,広報文化交流及報道対策費,戦略的対外発信謝金,11,①法秩序維持,50%,6,5,縮小,①外交・安保機能は維持
外務省,在外公館,広報文化交流及報道対策費,啓発宣伝費,4,①法秩序維持,50%,2,2,縮小,①外交・安保機能は維持
外務省,在外公館,領事政策費,領事事務謝金,38,①法秩序維持,50%,19,19,縮小,①外交・安保機能は維持
外務省,在外公館,領事政策費,領事事務庁費,1,①法秩序維持,50%,0,1,縮小,①外交・安保機能は維持
外務省,在外公館,領事政策費,在外公館等借料,21,①法秩序維持,50%,10,11,縮小,①外交・安保機能は維持
外務省,在外公館,経済協力費,政府開発援助諸謝金,12,該当なし,0%,0,12,廃止（ODA廃止）,フリードマンはODAに反対
財務省,財務本省,財務本省共通費,職員基本給,104,⑦貨幣制度,80%,83,21,維持（縮小）,⑦貨幣・財政管理・徴税は必須機能
財務省,財務本省,財務本省共通費,職員諸手当,59,⑦貨幣制度,80%,47,12,維持（縮小）,⑦貨幣・財政管理・徴税は必須機能
財務省,財務本省,財務本省共通費,超過勤務手当,29,⑦貨幣制度,80%,23,6,維持（縮小）,⑦貨幣・財政管理・徴税は必須機能
財務省,財務本省,財務本省共通費,非常勤職員手当,3,⑦貨幣制度,80%,2,1,維持（縮小）,⑦貨幣・財政管理・徴税は必須機能
財務省,財務本省,財務本省共通費,休職者給与,1,⑦貨幣制度,80%,1,0,維持（縮小）,⑦貨幣・財政管理・徴税は必須機能
財務省,財務本省,財務本省共通費,国際機関等派遣職員給与,2,⑦貨幣制度,80%,2,0,維持（縮小）,⑦貨幣・財政管理・徴税は必須機能
財務省,財務本省,財務本省共通費,短時間勤務職員給与,2,⑦貨幣制度,80%,2,0,維持（縮小）,⑦貨幣・財政管理・徴税は必須機能
財務省,財務本省,財務本省共通費,公務災害補償費,2,⑦貨幣制度,80%,2,0,維持（縮小）,⑦貨幣・財政管理・徴税は必須機能
財務省,財務本省,財務本省共通費,退職手当,94,⑦貨幣制度,80%,75,19,維持（縮小）,⑦貨幣・財政管理・徴税は必須機能
財務省,財務本省,財務本省共通費,児童手当,2,⑦貨幣制度,80%,2,0,維持（縮小）,⑦貨幣・財政管理・徴税は必須機能
財務省,財務本省,財務本省共通費,諸謝金,1,⑦貨幣制度,80%,1,0,維持（縮小）,⑦貨幣・財政管理・徴税は必須機能
財務省,財務本省,財務本省共通費,職員旅費,6,⑦貨幣制度,80%,5,1,維持（縮小）,⑦貨幣・財政管理・徴税は必須機能
財務省,財務本省,財務本省共通費,外国留学旅費,2,⑦貨幣制度,80%,2,0,維持（縮小）,⑦貨幣・財政管理・徴税は必須機能
財務省,財務本省,財務本省共通費,赴任旅費,3,⑦貨幣制度,80%,2,1,維持（縮小）,⑦貨幣・財政管理・徴税は必須機能
財務省,財務本省,財務本省共通費,庁費,26,⑦貨幣制度,80%,21,5,維持（縮小）,⑦貨幣・財政管理・徴税は必須機能
財務省,財務本省,財務本省共通費,情報処理業務庁費,2,⑦貨幣制度,80%,2,0,維持（縮小）,⑦貨幣・財政管理・徴税は必須機能
財務省,財務本省,財務本省共通費,庁舎管理改善設備整備費,18,⑦貨幣制度,80%,14,4,維持（縮小）,⑦貨幣・財政管理・徴税は必須機能
財務省,財務本省,財務本省共通費,印紙製造費,9,⑦貨幣制度,80%,7,2,維持（縮小）,⑦貨幣・財政管理・徴税は必須機能
財務省,財務本省,財務本省共通費,各所修繕,5,⑦貨幣制度,80%,4,1,維持（縮小）,⑦貨幣・財政管理・徴税は必須機能
財務省,財務本省,財務本省共通費,国家公務員共済組合負担金,217,⑦貨幣制度,80%,174,43,維持（縮小）,⑦貨幣・財政管理・徴税は必須機能
財務省,財務本省,財務本省共通費,基礎年金等国家公務員共済組合負担金,52,⑦貨幣制度,80%,42,10,維持（縮小）,⑦貨幣・財政管理・徴税は必須機能
財務省,財務本省,財務本省共通費,育児休業手当金等国家公務員共済組合負担金,1,⑦貨幣制度,80%,1,0,維持（縮小）,⑦貨幣・財政管理・徴税は必須機能
財務省,財務本省,財務本省共通費,関税協力理事会等分担金,2,⑦貨幣制度,80%,2,0,維持（縮小）,⑦貨幣・財政管理・徴税は必須機能
財務省,財務本省,財務本省共通費,貨幣交換差減補填金,1345,⑦貨幣制度,80%,1076,269,維持（縮小）,⑦貨幣・財政管理・徴税は必須機能
財務省,財務本省,財務本省施設費,施設整備費,1,⑦貨幣制度,80%,1,0,維持（縮小）,⑦貨幣・財政管理・徴税は必須機能
財務省,財務本省,財政健全化推進費,職員旅費,1,⑦貨幣制度,80%,1,0,維持（縮小）,⑦貨幣・財政管理・徴税は必須機能
財務省,財務本省,財政健全化推進費,庁費,4,⑦貨幣制度,80%,3,1,維持（縮小）,⑦貨幣・財政管理・徴税は必須機能
財務省,財務本省,財政健全化推進費,歳入歳出関係事務機械化庁費,4,⑦貨幣制度,80%,3,1,維持（縮小）,⑦貨幣・財政管理・徴税は必須機能
財務省,財務本省,税制企画立案費,庁費,1,⑦貨幣制度,80%,1,0,維持（縮小）,⑦貨幣・財政管理・徴税は必須機能
財務省,財務本省,資産債務管理費,非常勤職員手当,1,⑦貨幣制度,80%,1,0,維持（縮小）,⑦貨幣・財政管理・徴税は必須機能
財務省,財務本省,国債費,庁費,8,⑤契約履行強制,100%,8,0,維持（削減不可）,⑤契約の履行強制。既発債の償還・利払いは法的義務
財務省,財務本省,国債費,出資国債等償還財源国債整理基金特別会計へ繰入,1954,⑤契約履行強制,100%,1954,0,維持（削減不可）,⑤契約の履行強制。既発債の償還・利払いは法的義務
財務省,財務本省,国債費,普通国債等償還財源等国債整理基金特別会計へ繰入,307919,⑤契約履行強制,100%,307919,0,維持（削減不可）,⑤契約の履行強制。既発債の償還・利払いは法的義務
財務省,財務本省,国債費,年金特例公債償還財源等国債整理基金特別会計へ繰入,2876,⑤契約履行強制,100%,2876,0,維持（削減不可）,⑤契約の履行強制。既発債の償還・利払いは法的義務
財務省,財務本省,公務員宿舎施設費,施設施工庁費,5,⑦貨幣制度,80%,4,1,維持（縮小）,⑦貨幣・財政管理・徴税は必須機能
財務省,財務本省,公務員宿舎施設費,合同宿舎施設改修費,64,⑦貨幣制度,80%,51,13,維持（縮小）,⑦貨幣・財政管理・徴税は必須機能
財務省,財務本省,特定国有財産整備費,施設施工庁費,3,⑦貨幣制度,80%,2,1,維持（縮小）,⑦貨幣・財政管理・徴税は必須機能
財務省,財務本省,特定国有財産整備費,特定施設整備費,60,⑦貨幣制度,80%,48,12,維持（縮小）,⑦貨幣・財政管理・徴税は必須機能
財務省,財務本省,特定国有財産整備諸費,庁費,5,⑦貨幣制度,80%,4,1,維持（縮小）,⑦貨幣・財政管理・徴税は必須機能
財務省,財務本省,貨幣製造及信用秩序制度等企画立案費,貨幣製造費,174,⑦貨幣制度,80%,139,35,維持（縮小）,⑦貨幣・財政管理・徴税は必須機能
財務省,財務本省,関税制度等企画立案費,諸謝金,1,⑦貨幣制度,80%,1,0,維持（縮小）,⑦貨幣・財政管理・徴税は必須機能
財務省,財務本省,関税制度等企画立案費,職員旅費,1,⑦貨幣制度,80%,1,0,維持（縮小）,⑦貨幣・財政管理・徴税は必須機能
財務省,財務本省,関税制度等企画立案費,庁費,2,⑦貨幣制度,80%,2,0,維持（縮小）,⑦貨幣・財政管理・徴税は必須機能
財務省,財務本省,関税制度等企画立案費,研修所庁費,3,⑦貨幣制度,80%,2,1,維持（縮小）,⑦貨幣・財政管理・徴税は必須機能
財務省,財務本省,関税制度等企画立案費,輸出入貨物分析機器整備費,2,⑦貨幣制度,80%,2,0,維持（縮小）,⑦貨幣・財政管理・徴税は必須機能
財務省,財務本省,関税制度等企画立案費,国際機関拠出金,2,⑦貨幣制度,80%,2,0,維持（縮小）,⑦貨幣・財政管理・徴税は必須機能
財務省,財務本省,経済協力費,政府開発援助職員旅費,2,該当なし,0%,0,2,廃止,ODA廃止
財務省,財務本省,経済協力費,政府開発援助庁費,1,該当なし,0%,0,1,廃止,ODA廃止
財務省,財務本省,経済協力費,政府開発援助アジア開発銀行等拠出金,362,該当なし,0%,0,362,廃止,ODA廃止
財務省,財務本省,経済協力費,政府開発援助独立行政法人国際協力機構有償資金協力部門出資金,503,該当なし,0%,0,503,廃止,ODA廃止
財務省,財務本省,政策金融費,危機対応円滑化業務補助金,1,該当なし,0%,0,1,廃止,政策金融廃止
財務省,財務本省,政策金融費,株式会社日本政策金融公庫補給金,152,該当なし,0%,0,152,廃止,政策金融廃止
財務省,財務本省,政策金融費,株式会社日本政策金融公庫出資金,447,該当なし,0%,0,447,廃止,政策金融廃止
財務省,財務本省,国家公務員共済組合連合会等助成費,国家公務員共済組合連合会補助金,20,該当なし,0%,0,20,廃止,公務員も民間保険に移行
財務省,財務本省,国家公務員共済組合連合会等助成費,日本郵政共済組合等補助金,1,該当なし,0%,0,1,廃止,公務員も民間保険に移行
財務省,財務本省,国家公務員共済組合連合会等助成費,基礎年金等国家公務員共済組合連合会職員共済組合負担金,37,該当なし,0%,0,37,廃止,公務員も民間保険に移行
財務省,財務本省,国家公務員共済組合連合会等助成費,基礎年金等日本郵政共済組合等負担金,781,該当なし,0%,0,781,廃止,公務員も民間保険に移行
財務省,財務本省,国家公務員共済組合連合会等助成費,旧令共済組合年金等交付金,5,該当なし,0%,0,5,廃止,公務員も民間保険に移行
財務省,財務本省,復興事業費等東日本大震災復興特別会計へ繰入,東日本大震災復興特別会計へ繰入,688,該当なし,0%,0,688,廃止,復興補助廃止
財務省,財務本省,予備費,(予備費),10000,①法秩序維持,30%,3000,7000,大幅削減,政府縮小後も一定額必要
財務省,財務局,財務局共通費,職員基本給,203,⑦貨幣制度,80%,162,41,維持（縮小）,⑦貨幣・財政管理・徴税は必須機能
財務省,財務局,財務局共通費,職員諸手当,106,⑦貨幣制度,80%,85,21,維持（縮小）,⑦貨幣・財政管理・徴税は必須機能
財務省,財務局,財務局共通費,超過勤務手当,8,⑦貨幣制度,80%,6,2,維持（縮小）,⑦貨幣・財政管理・徴税は必須機能
財務省,財務局,財務局共通費,非常勤職員手当,13,⑦貨幣制度,80%,10,3,維持（縮小）,⑦貨幣・財政管理・徴税は必須機能
財務省,財務局,財務局共通費,休職者給与,1,⑦貨幣制度,80%,1,0,維持（縮小）,⑦貨幣・財政管理・徴税は必須機能
財務省,財務局,財務局共通費,短時間勤務職員給与,5,⑦貨幣制度,80%,4,1,維持（縮小）,⑦貨幣・財政管理・徴税は必須機能
財務省,財務局,財務局共通費,児童手当,3,⑦貨幣制度,80%,2,1,維持（縮小）,⑦貨幣・財政管理・徴税は必須機能
財務省,財務局,財務局共通費,職員旅費,1,⑦貨幣制度,80%,1,0,維持（縮小）,⑦貨幣・財政管理・徴税は必須機能
財務省,財務局,財務局共通費,庁費,36,⑦貨幣制度,80%,29,7,維持（縮小）,⑦貨幣・財政管理・徴税は必須機能
財務省,財務局,財務局共通費,各所修繕,1,⑦貨幣制度,80%,1,0,維持（縮小）,⑦貨幣・財政管理・徴税は必須機能
財務省,財務局,財務局共通費,国有資産所在市町村交付金,66,⑦貨幣制度,80%,53,13,維持（縮小）,⑦貨幣・財政管理・徴税は必須機能
財務省,財務局,財務局共通費,賠償償還及払戻金,2,⑦貨幣制度,80%,2,0,維持（縮小）,⑦貨幣・財政管理・徴税は必須機能
財務省,財務局,財務局施設費,施設整備費,1,⑦貨幣制度,80%,1,0,維持（縮小）,⑦貨幣・財政管理・徴税は必須機能
財務省,財務局,財務局業務費,非常勤職員手当,22,⑦貨幣制度,80%,18,4,維持（縮小）,⑦貨幣・財政管理・徴税は必須機能
財務省,財務局,財務局業務費,職員旅費,1,⑦貨幣制度,80%,1,0,維持（縮小）,⑦貨幣・財政管理・徴税は必須機能
財務省,財務局,財務局業務費,立会検査旅費,1,⑦貨幣制度,80%,1,0,維持（縮小）,⑦貨幣・財政管理・徴税は必須機能
財務省,財務局,財務局業務費,金融政策業務旅費,3,⑦貨幣制度,80%,2,1,維持（縮小）,⑦貨幣・財政管理・徴税は必須機能
財務省,財務局,財務局業務費,庁費,6,⑦貨幣制度,80%,5,1,維持（縮小）,⑦貨幣・財政管理・徴税は必須機能
財務省,財務局,財務局業務費,国有財産管理処分庁費,57,⑦貨幣制度,80%,46,11,維持（縮小）,⑦貨幣・財政管理・徴税は必須機能
財務省,財務局,財務局業務費,国有財産評価等手数料,3,⑦貨幣制度,80%,2,1,維持（縮小）,⑦貨幣・財政管理・徴税は必須機能
財務省,財務局,財務局業務費,合同宿舎管理費,25,⑦貨幣制度,80%,20,5,維持（縮小）,⑦貨幣・財政管理・徴税は必須機能
財務省,財務局,財務局業務費,各所修繕,17,⑦貨幣制度,80%,14,3,維持（縮小）,⑦貨幣・財政管理・徴税は必須機能
財務省,財務局,財務局業務費,普通財産維持費,6,⑦貨幣制度,80%,5,1,維持（縮小）,⑦貨幣・財政管理・徴税は必須機能
財務省,税関,税関共通費,職員基本給,470,⑦貨幣制度,80%,376,94,維持（縮小）,⑦貨幣・財政管理・徴税は必須機能
財務省,税関,税関共通費,職員諸手当,245,⑦貨幣制度,80%,196,49,維持（縮小）,⑦貨幣・財政管理・徴税は必須機能
財務省,税関,税関共通費,超過勤務手当,53,⑦貨幣制度,80%,42,11,維持（縮小）,⑦貨幣・財政管理・徴税は必須機能
財務省,税関,税関共通費,非常勤職員手当,11,⑦貨幣制度,80%,9,2,維持（縮小）,⑦貨幣・財政管理・徴税は必須機能
財務省,税関,税関共通費,休職者給与,3,⑦貨幣制度,80%,2,1,維持（縮小）,⑦貨幣・財政管理・徴税は必須機能
財務省,税関,税関共通費,短時間勤務職員給与,6,⑦貨幣制度,80%,5,1,維持（縮小）,⑦貨幣・財政管理・徴税は必須機能
財務省,税関,税関共通費,児童手当,8,⑦貨幣制度,80%,6,2,維持（縮小）,⑦貨幣・財政管理・徴税は必須機能
財務省,税関,税関共通費,職員旅費,1,⑦貨幣制度,80%,1,0,維持（縮小）,⑦貨幣・財政管理・徴税は必須機能
財務省,税関,税関共通費,庁費,27,⑦貨幣制度,80%,22,5,維持（縮小）,⑦貨幣・財政管理・徴税は必須機能
財務省,税関,税関共通費,被服費,1,⑦貨幣制度,80%,1,0,維持（縮小）,⑦貨幣・財政管理・徴税は必須機能
財務省,税関,税関共通費,各所修繕,3,⑦貨幣制度,80%,2,1,維持（縮小）,⑦貨幣・財政管理・徴税は必須機能
財務省,税関,税関共通費,公共施設等維持管理運営費,1,⑦貨幣制度,80%,1,0,維持（縮小）,⑦貨幣・財政管理・徴税は必須機能
財務省,税関,税関施設費,施設整備費,13,⑦貨幣制度,80%,10,3,維持（縮小）,⑦貨幣・財政管理・徴税は必須機能
財務省,税関,税関業務費,輸出入調査旅費,2,⑦貨幣制度,80%,2,0,維持（縮小）,⑦貨幣・財政管理・徴税は必須機能
財務省,税関,税関業務費,監視取締旅費,3,⑦貨幣制度,80%,2,1,維持（縮小）,⑦貨幣・財政管理・徴税は必須機能
財務省,税関,税関業務費,税関業務特別庁費,152,⑦貨幣制度,80%,122,30,維持（縮小）,⑦貨幣・財政管理・徴税は必須機能
財務省,税関,税関業務費,船舶運航費,20,⑦貨幣制度,80%,16,4,維持（縮小）,⑦貨幣・財政管理・徴税は必須機能
財務省,税関,税関業務費,土地建物借料,28,⑦貨幣制度,80%,22,6,維持（縮小）,⑦貨幣・財政管理・徴税は必須機能
財務省,税関,船舶建造費,船舶建造費,3,⑦貨幣制度,80%,2,1,維持（縮小）,⑦貨幣・財政管理・徴税は必須機能
財務省,国税庁,国税庁共通費,職員基本給,2696,⑦貨幣制度,80%,2157,539,維持（縮小）,⑦貨幣・財政管理・徴税は必須機能
財務省,国税庁,国税庁共通費,職員諸手当,1384,⑦貨幣制度,80%,1107,277,維持（縮小）,⑦貨幣・財政管理・徴税は必須機能
財務省,国税庁,国税庁共通費,超過勤務手当,171,⑦貨幣制度,80%,137,34,維持（縮小）,⑦貨幣・財政管理・徴税は必須機能
財務省,国税庁,国税庁共通費,非常勤職員手当,56,⑦貨幣制度,80%,45,11,維持（縮小）,⑦貨幣・財政管理・徴税は必須機能
財務省,国税庁,国税庁共通費,休職者給与,19,⑦貨幣制度,80%,15,4,維持（縮小）,⑦貨幣・財政管理・徴税は必須機能
財務省,国税庁,国税庁共通費,短時間勤務職員給与,55,⑦貨幣制度,80%,44,11,維持（縮小）,⑦貨幣・財政管理・徴税は必須機能
財務省,国税庁,国税庁共通費,公務災害補償費,3,⑦貨幣制度,80%,2,1,維持（縮小）,⑦貨幣・財政管理・徴税は必須機能
財務省,国税庁,国税庁共通費,退職手当,227,⑦貨幣制度,80%,182,45,維持（縮小）,⑦貨幣・財政管理・徴税は必須機能
財務省,国税庁,国税庁共通費,児童手当,38,⑦貨幣制度,80%,30,8,維持（縮小）,⑦貨幣・財政管理・徴税は必須機能
財務省,国税庁,国税庁共通費,諸謝金,2,⑦貨幣制度,80%,2,0,維持（縮小）,⑦貨幣・財政管理・徴税は必須機能
財務省,国税庁,国税庁共通費,職員旅費,3,⑦貨幣制度,80%,2,1,維持（縮小）,⑦貨幣・財政管理・徴税は必須機能
財務省,国税庁,国税庁共通費,赴任旅費,7,⑦貨幣制度,80%,6,1,維持（縮小）,⑦貨幣・財政管理・徴税は必須機能
財務省,国税庁,国税庁共通費,庁費,98,⑦貨幣制度,80%,78,20,維持（縮小）,⑦貨幣・財政管理・徴税は必須機能
財務省,国税庁,国税庁共通費,各所修繕,27,⑦貨幣制度,80%,22,5,維持（縮小）,⑦貨幣・財政管理・徴税は必須機能
財務省,国税庁,国税庁共通費,公共施設等維持管理運営費,1,⑦貨幣制度,80%,1,0,維持（縮小）,⑦貨幣・財政管理・徴税は必須機能
財務省,国税庁,国税庁共通費,国家公務員共済組合負担金,707,⑦貨幣制度,80%,566,141,維持（縮小）,⑦貨幣・財政管理・徴税は必須機能
財務省,国税庁,国税庁共通費,基礎年金等国家公務員共済組合負担金,175,⑦貨幣制度,80%,140,35,維持（縮小）,⑦貨幣・財政管理・徴税は必須機能
財務省,国税庁,国税庁共通費,育児休業手当金等国家公務員共済組合負担金,4,⑦貨幣制度,80%,3,1,維持（縮小）,⑦貨幣・財政管理・徴税は必須機能
財務省,国税庁,国税庁共通費,国有資産所在市町村交付金,1,⑦貨幣制度,80%,1,0,維持（縮小）,⑦貨幣・財政管理・徴税は必須機能
財務省,国税庁,国税庁共通費,賠償償還及払戻金,1,⑦貨幣制度,80%,1,0,維持（縮小）,⑦貨幣・財政管理・徴税は必須機能
財務省,国税庁,国税庁施設費,施設施工庁費,2,⑦貨幣制度,80%,2,0,維持（縮小）,⑦貨幣・財政管理・徴税は必須機能
財務省,国税庁,国税庁施設費,施設整備費,24,⑦貨幣制度,80%,19,5,維持（縮小）,⑦貨幣・財政管理・徴税は必須機能
財務省,国税庁,税務業務費,非常勤職員手当,1,⑦貨幣制度,80%,1,0,維持（縮小）,⑦貨幣・財政管理・徴税は必須機能
財務省,国税庁,税務業務費,諸謝金,1,⑦貨幣制度,80%,1,0,維持（縮小）,⑦貨幣・財政管理・徴税は必須機能
財務省,国税庁,税務業務費,職員旅費,6,⑦貨幣制度,80%,5,1,維持（縮小）,⑦貨幣・財政管理・徴税は必須機能
財務省,国税庁,税務業務費,税務調査旅費,48,⑦貨幣制度,80%,38,10,維持（縮小）,⑦貨幣・財政管理・徴税は必須機能
財務省,国税庁,税務業務費,校費,10,⑦貨幣制度,80%,8,2,維持（縮小）,⑦貨幣・財政管理・徴税は必須機能
財務省,国税庁,税務業務費,税務特別庁費,526,⑦貨幣制度,80%,421,105,維持（縮小）,⑦貨幣・財政管理・徴税は必須機能
財務省,国税庁,税務業務費,土地建物借料,17,⑦貨幣制度,80%,14,3,維持（縮小）,⑦貨幣・財政管理・徴税は必須機能
財務省,国税庁,税務業務費,捜査費,4,⑦貨幣制度,80%,3,1,維持（縮小）,⑦貨幣・財政管理・徴税は必須機能
財務省,国税庁,税務業務費,清酒製造業近代化事業費等補助金,8,⑦貨幣制度,80%,6,2,維持（縮小）,⑦貨幣・財政管理・徴税は必須機能
財務省,国税庁,税務業務費,酒類業振興支援事業費補助金,6,⑦貨幣制度,80%,5,1,維持（縮小）,⑦貨幣・財政管理・徴税は必須機能
財務省,国税庁,国税不服審判所,職員基本給,30,⑦貨幣制度,80%,24,6,維持（縮小）,⑦貨幣・財政管理・徴税は必須機能
財務省,国税庁,国税不服審判所,職員諸手当,17,⑦貨幣制度,80%,14,3,維持（縮小）,⑦貨幣・財政管理・徴税は必須機能
財務省,国税庁,国税不服審判所,超過勤務手当,1,⑦貨幣制度,80%,1,0,維持（縮小）,⑦貨幣・財政管理・徴税は必須機能
財務省,国税庁,国税不服審判所,庁費,1,⑦貨幣制度,80%,1,0,維持（縮小）,⑦貨幣・財政管理・徴税は必須機能
財務省,国税庁,独立行政法人酒類総合研究所運営費,独立行政法人酒類総合研究所運営費交付金,10,⑦貨幣制度,80%,8,2,維持（縮小）,⑦貨幣・財政管理・徴税は必須機能
文部科学省,文部科学本省,文部科学本省共通費,職員基本給,91,該当なし,5%,5,86,廃止・民間移行,フリードマン範囲外の文教行政
文部科学省,文部科学本省,文部科学本省共通費,職員諸手当,53,該当なし,5%,3,50,廃止・民間移行,フリードマン範囲外の文教行政
文部科学省,文部科学本省,文部科学本省共通費,超過勤務手当,19,該当なし,5%,1,18,廃止・民間移行,フリードマン範囲外の文教行政
文部科学省,文部科学本省,文部科学本省共通費,委員手当,2,該当なし,5%,0,2,廃止・民間移行,フリードマン範囲外の文教行政
文部科学省,文部科学本省,文部科学本省共通費,非常勤職員手当,1,該当なし,5%,0,1,廃止・民間移行,フリードマン範囲外の文教行政
文部科学省,文部科学本省,文部科学本省共通費,休職者給与,1,該当なし,5%,0,1,廃止・民間移行,フリードマン範囲外の文教行政
文部科学省,文部科学本省,文部科学本省共通費,短時間勤務職員給与,2,該当なし,5%,0,2,廃止・民間移行,フリードマン範囲外の文教行政
文部科学省,文部科学本省,文部科学本省共通費,公務災害補償費,5,該当なし,5%,0,5,廃止・民間移行,フリードマン範囲外の文教行政
文部科学省,文部科学本省,文部科学本省共通費,退職手当,21,該当なし,5%,1,20,廃止・民間移行,フリードマン範囲外の文教行政
文部科学省,文部科学本省,文部科学本省共通費,児童手当,1,該当なし,5%,0,1,廃止・民間移行,フリードマン範囲外の文教行政
文部科学省,文部科学本省,文部科学本省共通費,諸謝金,1,該当なし,5%,0,1,廃止・民間移行,フリードマン範囲外の文教行政
文部科学省,文部科学本省,文部科学本省共通費,職員旅費,1,該当なし,5%,0,1,廃止・民間移行,フリードマン範囲外の文教行政
文部科学省,文部科学本省,文部科学本省共通費,外国留学旅費,1,該当なし,5%,0,1,廃止・民間移行,フリードマン範囲外の文教行政
文部科学省,文部科学本省,文部科学本省共通費,委員等旅費,1,該当なし,5%,0,1,廃止・民間移行,フリードマン範囲外の文教行政
文部科学省,文部科学本省,文部科学本省共通費,庁費,19,該当なし,5%,1,18,廃止・民間移行,フリードマン範囲外の文教行政
文部科学省,文部科学本省,文部科学本省共通費,情報処理業務庁費,3,該当なし,5%,0,3,廃止・民間移行,フリードマン範囲外の文教行政
文部科学省,文部科学本省,文部科学本省共通費,各所修繕,1,該当なし,5%,0,1,廃止・民間移行,フリードマン範囲外の文教行政
文部科学省,文部科学本省,文部科学本省共通費,公共施設等維持管理運営費,13,該当なし,5%,1,12,廃止・民間移行,フリードマン範囲外の文教行政
文部科学省,文部科学本省,文部科学本省共通費,官民区分所有施設維持管理運営費,6,該当なし,5%,0,6,廃止・民間移行,フリードマン範囲外の文教行政
文部科学省,文部科学本省,文部科学本省共通費,国家公務員共済組合負担金,170,該当なし,5%,8,162,廃止・民間移行,フリードマン範囲外の文教行政
文部科学省,文部科学本省,文部科学本省共通費,基礎年金等国家公務員共済組合負担金,544,該当なし,5%,27,517,廃止・民間移行,フリードマン範囲外の文教行政
文部科学省,文部科学本省,文部科学本省共通費,国有資産所在市町村交付金,3,該当なし,5%,0,3,廃止・民間移行,フリードマン範囲外の文教行政
文部科学省,文部科学本省,教育政策推進費,諸謝金,1,該当なし,5%,0,1,廃止・民間移行,フリードマン範囲外の文教行政
文部科学省,文部科学本省,教育政策推進費,在外教育施設派遣教員等謝金,106,該当なし,5%,5,101,廃止・民間移行,フリードマン範囲外の文教行政
文部科学省,文部科学本省,教育政策推進費,委員等旅費,1,該当なし,5%,0,1,廃止・民間移行,フリードマン範囲外の文教行政
文部科学省,文部科学本省,教育政策推進費,在外教育施設派遣教員等旅費,17,該当なし,5%,1,16,廃止・民間移行,フリードマン範囲外の文教行政
文部科学省,文部科学本省,教育政策推進費,庁費,3,該当なし,5%,0,3,廃止・民間移行,フリードマン範囲外の文教行政
文部科学省,文部科学本省,教育政策推進費,高等学校卒業程度認定試験業務庁費,3,該当なし,5%,0,3,廃止・民間移行,フリードマン範囲外の文教行政
文部科学省,文部科学本省,教育政策推進費,教職員研修費,1,該当なし,5%,0,1,廃止・民間移行,フリードマン範囲外の文教行政
文部科学省,文部科学本省,教育政策推進費,教育政策推進事業委託費,72,該当なし,5%,4,68,廃止・民間移行,フリードマン範囲外の文教行政
文部科学省,文部科学本省,教育政策推進費,在外教育施設派遣教員委託費,66,該当なし,5%,3,63,廃止・民間移行,フリードマン範囲外の文教行政
文部科学省,文部科学本省,教育政策推進費,政府開発援助難民救援業務委託費,2,該当なし,5%,0,2,廃止・民間移行,フリードマン範囲外の文教行政
文部科学省,文部科学本省,教育政策推進費,教育統計調査委託費,1,該当なし,5%,0,1,廃止・民間移行,フリードマン範囲外の文教行政
文部科学省,文部科学本省,教育政策推進費,国際文化交流促進費補助金,1,該当なし,5%,0,1,廃止・民間移行,フリードマン範囲外の文教行政
文部科学省,文部科学本省,教育政策推進費,健康教育振興事業費補助金,1,該当なし,5%,0,1,廃止・民間移行,フリードマン範囲外の文教行政
文部科学省,文部科学本省,教育政策推進費,放送大学学園補助金,71,該当なし,5%,4,67,廃止・民間移行,フリードマン範囲外の文教行政
文部科学省,文部科学本省,教育政策推進費,学校・家庭・地域連携協力推進事業費補助金,74,該当なし,5%,4,70,廃止・民間移行,フリードマン範囲外の文教行政
文部科学省,文部科学本省,教育政策推進費,教育支援体制整備事業費補助金,21,該当なし,5%,1,20,廃止・民間移行,フリードマン範囲外の文教行政
文部科学省,文部科学本省,教育政策推進費,給食費負担軽減交付金,1649,該当なし,5%,82,1567,廃止・民間移行,フリードマン範囲外の文教行政
文部科学省,文部科学本省,独立行政法人国立青少年教育振興機構運営費,独立行政法人国立青少年教育振興機構運営費交付金,77,該当なし,5%,4,73,廃止・民間移行,フリードマン範囲外の文教行政
文部科学省,文部科学本省,初等中等教育振興費,諸謝金,1,⑩責任能力なき者保護,30%,0,1,大幅縮小,バウチャー化移行期の最小管理費
文部科学省,文部科学本省,初等中等教育振興費,学習指導要領改訂等業務謝金,1,⑩責任能力なき者保護,30%,0,1,大幅縮小,バウチャー化移行期の最小管理費
文部科学省,文部科学本省,初等中等教育振興費,委員等旅費,1,⑩責任能力なき者保護,30%,0,1,大幅縮小,バウチャー化移行期の最小管理費
文部科学省,文部科学本省,初等中等教育振興費,学習指導要領改訂等業務委員等旅費,1,⑩責任能力なき者保護,30%,0,1,大幅縮小,バウチャー化移行期の最小管理費
文部科学省,文部科学本省,初等中等教育振興費,庁費,1,⑩責任能力なき者保護,30%,0,1,大幅縮小,バウチャー化移行期の最小管理費
文部科学省,文部科学本省,初等中等教育振興費,学習指導要領改訂等業務庁費,1,⑩責任能力なき者保護,30%,0,1,大幅縮小,バウチャー化移行期の最小管理費
文部科学省,文部科学本省,初等中等教育振興費,教職員研修費,4,⑩責任能力なき者保護,30%,1,3,大幅縮小,バウチャー化移行期の最小管理費
文部科学省,文部科学本省,初等中等教育振興費,教科書購入費,470,⑩責任能力なき者保護,30%,141,329,大幅縮小,バウチャー化移行期の最小管理費
文部科学省,文部科学本省,初等中等教育振興費,デジタル教科書購入費,15,⑩責任能力なき者保護,30%,4,11,大幅縮小,バウチャー化移行期の最小管理費
文部科学省,文部科学本省,初等中等教育振興費,初等中等教育振興事業委託費,18,⑩責任能力なき者保護,30%,5,13,大幅縮小,バウチャー化移行期の最小管理費
文部科学省,文部科学本省,初等中等教育振興費,先端技術活用教育推進事業委託費,3,⑩責任能力なき者保護,30%,1,2,大幅縮小,バウチャー化移行期の最小管理費
文部科学省,文部科学本省,初等中等教育振興費,要保護児童生徒援助費補助金,5,⑩責任能力なき者保護,30%,2,3,大幅縮小,バウチャー化移行期の最小管理費
文部科学省,文部科学本省,初等中等教育振興費,へき地児童生徒援助費等補助金,22,⑩責任能力なき者保護,30%,7,15,大幅縮小,バウチャー化移行期の最小管理費
文部科学省,文部科学本省,初等中等教育振興費,教育支援体制整備事業費補助金,267,⑩責任能力なき者保護,30%,80,187,大幅縮小,バウチャー化移行期の最小管理費
文部科学省,文部科学本省,初等中等教育振興費,高等学校等修学支援事業費補助金,351,⑩責任能力なき者保護,30%,105,246,大幅縮小,バウチャー化移行期の最小管理費
文部科学省,文部科学本省,初等中等教育振興費,特別支援教育就学奨励費補助金,54,⑩責任能力なき者保護,30%,16,38,大幅縮小,バウチャー化移行期の最小管理費
文部科学省,文部科学本省,初等中等教育振興費,公立学校情報機器活用支援体制整備費補助金,3,⑩責任能力なき者保護,30%,1,2,大幅縮小,バウチャー化移行期の最小管理費
文部科学省,文部科学本省,初等中等教育振興費,特別支援教育就学奨励費負担金,54,⑩責任能力なき者保護,30%,16,38,大幅縮小,バウチャー化移行期の最小管理費
文部科学省,文部科学本省,初等中等教育振興費,公立文教施設整備等都道府県事務費交付金,1,⑩責任能力なき者保護,30%,0,1,大幅縮小,バウチャー化移行期の最小管理費
文部科学省,文部科学本省,初等中等教育振興費,被災児童生徒就学支援等事業交付金,1,⑩責任能力なき者保護,30%,0,1,大幅縮小,バウチャー化移行期の最小管理費
文部科学省,文部科学本省,初等中等教育振興費,教育支援体制整備事業費交付金,12,⑩責任能力なき者保護,30%,4,8,大幅縮小,バウチャー化移行期の最小管理費
文部科学省,文部科学本省,初等中等教育振興費,高等学校等就学支援金交付金,5800,⑩責任能力なき者保護,30%,1740,4060,大幅縮小,バウチャー化移行期の最小管理費
文部科学省,文部科学本省,初等中等教育振興費,高等学校等就学支援金事務費交付金,24,⑩責任能力なき者保護,30%,7,17,大幅縮小,バウチャー化移行期の最小管理費
文部科学省,文部科学本省,初等中等教育振興費,特別支援教育就学奨励費交付金,5,⑩責任能力なき者保護,30%,2,3,大幅縮小,バウチャー化移行期の最小管理費
文部科学省,文部科学本省,独立行政法人教職員支援機構運営費,独立行政法人教職員支援機構運営費交付金,12,該当なし,5%,1,11,廃止・民間移行,フリードマン範囲外の文教行政
文部科学省,文部科学本省,独立行政法人国立特別支援教育総合研究所運営費,独立行政法人国立特別支援教育総合研究所運営費交付金,11,該当なし,5%,1,10,廃止・民間移行,フリードマン範囲外の文教行政
文部科学省,文部科学本省,義務教育費国庫負担金,義務教育費国庫負担金,17118,⑩責任能力なき者保護,70%,11983,5135,縮小（バウチャー化）,バウチャー制へ移行
文部科学省,文部科学本省,高等教育振興費,情報処理業務庁費,1,該当なし,5%,0,1,廃止・民間移行,フリードマン範囲外の文教行政
文部科学省,文部科学本省,高等教育振興費,大学改革推進委託費,2,該当なし,5%,0,2,廃止・民間移行,フリードマン範囲外の文教行政
文部科学省,文部科学本省,高等教育振興費,研究拠点形成費等補助金,71,該当なし,5%,4,67,廃止・民間移行,フリードマン範囲外の文教行政
文部科学省,文部科学本省,高等教育振興費,大学改革推進等補助金,5,該当なし,5%,0,5,廃止・民間移行,フリードマン範囲外の文教行政
文部科学省,文部科学本省,高等教育振興費,人材育成連携拠点形成費等補助金,14,該当なし,5%,1,13,廃止・民間移行,フリードマン範囲外の文教行政
文部科学省,文部科学本省,高等教育振興費,国際化拠点整備事業費補助金,29,該当なし,5%,1,28,廃止・民間移行,フリードマン範囲外の文教行政
文部科学省,文部科学本省,高等教育振興費,国立大学法人先端研究推進費補助金,117,該当なし,5%,6,111,廃止・民間移行,フリードマン範囲外の文教行政
文部科学省,文部科学本省,独立行政法人大学改革支援・学位授与機構運営費,独立行政法人大学改革支援・学位授与機構一般勘定運営費交付金,18,該当なし,5%,1,17,廃止・民間移行,フリードマン範囲外の文教行政
文部科学省,文部科学本省,独立行政法人国立高等専門学校機構運営費,独立行政法人国立高等専門学校機構運営費交付金,631,該当なし,5%,32,599,廃止・民間移行,フリードマン範囲外の文教行政
文部科学省,文部科学本省,独立行政法人国立高等専門学校機構施設整備費,独立行政法人国立高等専門学校機構施設整備費補助金,25,該当なし,5%,1,24,廃止・民間移行,フリードマン範囲外の文教行政
文部科学省,文部科学本省,育英事業費,育英資金返還免除等補助金,39,該当なし,5%,2,37,廃止・民間移行,フリードマン範囲外の文教行政
文部科学省,文部科学本省,育英事業費,育英資金利子補給金,90,該当なし,5%,4,86,廃止・民間移行,フリードマン範囲外の文教行政
文部科学省,文部科学本省,育英事業費,育英資金貸付金,919,該当なし,5%,46,873,廃止・民間移行,フリードマン範囲外の文教行政
文部科学省,文部科学本省,私立学校振興費,日本私立学校振興・共済事業団補助金,3,該当なし,0%,0,3,廃止,特定産業への補助
文部科学省,文部科学本省,私立学校振興費,基礎年金等日本私立学校振興・共済事業団補助金,1579,該当なし,0%,0,1579,廃止,特定産業への補助
文部科学省,文部科学本省,私立学校振興費,私立大学等研究設備整備費等補助金,31,該当なし,0%,0,31,廃止,特定産業への補助
文部科学省,文部科学本省,私立学校振興費,私立大学等経常費補助金,2899,該当なし,0%,0,2899,廃止,特定産業への補助
文部科学省,文部科学本省,私立学校振興費,私立高等学校等経常費助成費補助金,960,該当なし,0%,0,960,廃止,特定産業への補助
文部科学省,文部科学本省,私立学校振興費,私立学校施設整備費補助金,43,該当なし,0%,0,43,廃止,特定産業への補助
文部科学省,文部科学本省,私立学校振興費,私立学校施設高度化推進事業費補助金,16,該当なし,0%,0,16,廃止,特定産業への補助
文部科学省,文部科学本省,私立学校振興費,私立大学等研究推進費補助金,121,該当なし,0%,0,121,廃止,特定産業への補助
文部科学省,文部科学本省,科学技術・学術政策推進費,非常勤職員手当,1,該当なし,5%,0,1,廃止・民間移行,フリードマン範囲外の文教行政
文部科学省,文部科学本省,科学技術・学術政策推進費,職員旅費,1,該当なし,5%,0,1,廃止・民間移行,フリードマン範囲外の文教行政
文部科学省,文部科学本省,科学技術・学術政策推進費,委員等旅費,1,該当なし,5%,0,1,廃止・民間移行,フリードマン範囲外の文教行政
文部科学省,文部科学本省,科学技術・学術政策推進費,庁費,1,該当なし,5%,0,1,廃止・民間移行,フリードマン範囲外の文教行政
文部科学省,文部科学本省,科学技術・学術政策推進費,科学技術基礎調査等委託費,1,該当なし,5%,0,1,廃止・民間移行,フリードマン範囲外の文教行政
文部科学省,文部科学本省,科学技術・学術政策推進費,科学技術調査資料作成委託費,1,該当なし,5%,0,1,廃止・民間移行,フリードマン範囲外の文教行政
文部科学省,文部科学本省,科学技術・学術政策推進費,産学官連携支援事業委託費,2,該当なし,5%,0,2,廃止・民間移行,フリードマン範囲外の文教行政
文部科学省,文部科学本省,科学技術・学術政策推進費,地域産学官連携科学技術振興事業費補助金,1,該当なし,5%,0,1,廃止・民間移行,フリードマン範囲外の文教行政
文部科学省,文部科学本省,科学技術・学術政策推進費,国際科学技術センター拠出金,1,該当なし,5%,0,1,廃止・民間移行,フリードマン範囲外の文教行政
文部科学省,文部科学本省,科学技術・学術政策推進費,経済協力開発機構拠出金,1,該当なし,5%,0,1,廃止・民間移行,フリードマン範囲外の文教行政
文部科学省,文部科学本省,研究振興費,非常勤職員手当,1,⑨外部効果克服,30%,0,1,大幅縮小,⑨基礎研究の外部効果のみ
文部科学省,文部科学本省,研究振興費,庁費,1,⑨外部効果克服,30%,0,1,大幅縮小,⑨基礎研究の外部効果のみ
文部科学省,文部科学本省,研究振興費,科学技術人材養成等委託費,5,⑨外部効果克服,30%,2,3,大幅縮小,⑨基礎研究の外部効果のみ
文部科学省,文部科学本省,研究振興費,大学研究基盤強化委託費,1,⑨外部効果克服,30%,0,1,大幅縮小,⑨基礎研究の外部効果のみ
文部科学省,文部科学本省,研究振興費,科学技術試験研究委託費,26,⑨外部効果克服,30%,8,18,大幅縮小,⑨基礎研究の外部効果のみ
文部科学省,文部科学本省,研究振興費,理科教育設備整備費等補助金,19,⑨外部効果克服,30%,6,13,大幅縮小,⑨基礎研究の外部効果のみ
文部科学省,文部科学本省,研究振興費,科学技術人材育成費補助金,21,⑨外部効果克服,30%,6,15,大幅縮小,⑨基礎研究の外部効果のみ
文部科学省,文部科学本省,研究振興費,特定先端大型研究施設運営費等補助金,422,⑨外部効果克服,30%,127,295,大幅縮小,⑨基礎研究の外部効果のみ
文部科学省,文部科学本省,研究振興費,国際研究拠点形成促進事業費補助金,71,⑨外部効果克服,30%,21,50,大幅縮小,⑨基礎研究の外部効果のみ
文部科学省,文部科学本省,研究振興費,共同利用・共同研究拠点形成事業費補助金,8,⑨外部効果克服,30%,2,6,大幅縮小,⑨基礎研究の外部効果のみ
文部科学省,文部科学本省,研究振興費,科学研究費補助金,604,⑨外部効果克服,30%,181,423,大幅縮小,⑨基礎研究の外部効果のみ
文部科学省,文部科学本省,研究振興費,学術研究助成基金補助金,1875,⑨外部効果克服,30%,562,1313,大幅縮小,⑨基礎研究の外部効果のみ
文部科学省,文部科学本省,研究振興費,高性能汎用計算機高度利用事業費補助金,6,⑨外部効果克服,30%,2,4,大幅縮小,⑨基礎研究の外部効果のみ
文部科学省,文部科学本省,研究振興費,次世代人工知能技術等研究開発拠点形成事業費補助金,8,⑨外部効果克服,30%,2,6,大幅縮小,⑨基礎研究の外部効果のみ
文部科学省,文部科学本省,研究振興費,人工知能等社会実装研究拠点事業費補助金,19,⑨外部効果克服,30%,6,13,大幅縮小,⑨基礎研究の外部効果のみ
文部科学省,文部科学本省,研究振興費,特定先端大型研究施設利用促進交付金,39,⑨外部効果克服,30%,12,27,大幅縮小,⑨基礎研究の外部効果のみ
文部科学省,文部科学本省,国立大学法人施設整備費,国立大学法人施設整備費補助金,255,該当なし,0%,0,255,廃止,民営化後は自己調達
文部科学省,文部科学本省,国立大学法人施設整備費,国立大学法人先端研究等施設整備費補助金,98,該当なし,0%,0,98,廃止,民営化後は自己調達
文部科学省,文部科学本省,国立大学法人運営費,国立大学法人運営費交付金,10971,該当なし,0%,0,10971,廃止（民営化）,高等教育補助廃止
文部科学省,文部科学本省,独立行政法人日本学術振興会運営費,独立行政法人日本学術振興会一般勘定運営費交付金,271,該当なし,5%,14,257,廃止・民間移行,フリードマン範囲外の文教行政
文部科学省,文部科学本省,研究開発推進費,非常勤職員手当,1,⑨外部効果克服,30%,0,1,大幅縮小,⑨基礎科学のみ
文部科学省,文部科学本省,研究開発推進費,職員旅費,1,⑨外部効果克服,30%,0,1,大幅縮小,⑨基礎科学のみ
文部科学省,文部科学本省,研究開発推進費,委員等旅費,1,⑨外部効果克服,30%,0,1,大幅縮小,⑨基礎科学のみ
文部科学省,文部科学本省,研究開発推進費,在外研究員旅費,1,⑨外部効果克服,30%,0,1,大幅縮小,⑨基礎科学のみ
文部科学省,文部科学本省,研究開発推進費,庁費,1,⑨外部効果克服,30%,0,1,大幅縮小,⑨基礎科学のみ
文部科学省,文部科学本省,研究開発推進費,科学技術試験研究委託費,111,⑨外部効果克服,30%,33,78,大幅縮小,⑨基礎科学のみ
文部科学省,文部科学本省,研究開発推進費,科学技術基礎調査等委託費,9,⑨外部効果克服,30%,3,6,大幅縮小,⑨基礎科学のみ
文部科学省,文部科学本省,研究開発推進費,地球観測技術等調査研究委託費,9,⑨外部効果克服,30%,3,6,大幅縮小,⑨基礎科学のみ
文部科学省,文部科学本省,研究開発推進費,革新的研究開発推進基金補助金,17,⑨外部効果克服,30%,5,12,大幅縮小,⑨基礎科学のみ
文部科学省,文部科学本省,研究開発推進費,先端加速器共通基盤技術研究開発費補助金,7,⑨外部効果克服,30%,2,5,大幅縮小,⑨基礎科学のみ
文部科学省,文部科学本省,研究開発推進費,研究開発施設共用等促進費補助金,18,⑨外部効果克服,30%,5,13,大幅縮小,⑨基礎科学のみ
文部科学省,文部科学本省,研究開発推進費,医療研究開発推進事業費補助金,514,⑨外部効果克服,30%,154,360,大幅縮小,⑨基礎科学のみ
文部科学省,文部科学本省,研究開発推進費,新産業創出等研究開発推進事業費補助金,3,⑨外部効果克服,30%,1,2,大幅縮小,⑨基礎科学のみ
文部科学省,文部科学本省,研究開発推進費,核セキュリティ強化等推進事業費補助金,6,⑨外部効果克服,30%,2,4,大幅縮小,⑨基礎科学のみ
文部科学省,文部科学本省,研究開発推進費,火山研究人材育成等支援事業費補助金,1,⑨外部効果克服,30%,0,1,大幅縮小,⑨基礎科学のみ
文部科学省,文部科学本省,研究開発推進費,環境技術等研究開発推進事業費補助金,8,⑨外部効果克服,30%,2,6,大幅縮小,⑨基礎科学のみ
文部科学省,文部科学本省,研究開発推進費,国際熱核融合実験炉研究開発費補助金,50,⑨外部効果克服,30%,15,35,大幅縮小,⑨基礎科学のみ
文部科学省,文部科学本省,研究開発推進費,地球観測システム研究開発費補助金,84,⑨外部効果克服,30%,25,59,大幅縮小,⑨基礎科学のみ
文部科学省,文部科学本省,研究開発推進費,先進的核融合研究開発費補助金,53,⑨外部効果克服,30%,16,37,大幅縮小,⑨基礎科学のみ
文部科学省,文部科学本省,研究開発推進費,国際宇宙ステーション開発費補助金,94,⑨外部効果克服,30%,28,66,大幅縮小,⑨基礎科学のみ
文部科学省,文部科学本省,研究開発推進費,基幹ロケット高度化推進費補助金,29,⑨外部効果克服,30%,9,20,大幅縮小,⑨基礎科学のみ
文部科学省,文部科学本省,研究開発推進費,月面探査システム開発費補助金,28,⑨外部効果克服,30%,8,20,大幅縮小,⑨基礎科学のみ
文部科学省,文部科学本省,研究開発推進費,原子力人材育成等推進事業費補助金,2,⑨外部効果克服,30%,1,1,大幅縮小,⑨基礎科学のみ
文部科学省,文部科学本省,研究開発推進費,核変換技術研究開発費補助金,1,⑨外部効果克服,30%,0,1,大幅縮小,⑨基礎科学のみ
文部科学省,文部科学本省,研究開発推進費,廃炉研究等推進事業費補助金,11,⑨外部効果克服,30%,3,8,大幅縮小,⑨基礎科学のみ
文部科学省,文部科学本省,研究開発推進費,試験研究炉整備等促進事業費補助金,8,⑨外部効果克服,30%,2,6,大幅縮小,⑨基礎科学のみ
文部科学省,文部科学本省,研究開発推進費,国際核融合エネルギー機構分担金,97,⑨外部効果克服,30%,29,68,大幅縮小,⑨基礎科学のみ
文部科学省,文部科学本省,研究開発推進費,経済協力開発機構国際機関分担金,1,⑨外部効果克服,30%,0,1,大幅縮小,⑨基礎科学のみ
文部科学省,文部科学本省,研究開発推進費,地球観測政府間会合拠出金,1,⑨外部効果克服,30%,0,1,大幅縮小,⑨基礎科学のみ
文部科学省,文部科学本省,国立研究開発法人物質・材料研究機構運営費,国立研究開発法人物質・材料研究機構運営費交付金,145,⑨外部効果克服,20%,29,116,大幅縮小（民営化）,⑨基礎研究の外部効果のみ
文部科学省,文部科学本省,国立研究開発法人日本医療研究開発機構運営費,国立研究開発法人日本医療研究開発機構一般勘定運営費交付金,67,⑨外部効果克服,20%,13,54,大幅縮小（民営化）,⑨基礎研究の外部効果のみ
文部科学省,文部科学本省,国立研究開発法人科学技術振興機構運営費,国立研究開発法人科学技術振興機構一般勘定運営費交付金,1010,⑨外部効果克服,20%,202,808,大幅縮小（民営化）,⑨基礎研究の外部効果のみ
文部科学省,文部科学本省,国立研究開発法人科学技術振興機構施設整備費,国立研究開発法人科学技術振興機構施設整備費補助金,1,⑨外部効果克服,20%,0,1,大幅縮小（民営化）,⑨基礎研究の外部効果のみ
文部科学省,文部科学本省,国立研究開発法人理化学研究所運営費,国立研究開発法人理化学研究所運営費交付金,588,⑨外部効果克服,20%,118,470,大幅縮小（民営化）,⑨基礎研究の外部効果のみ
文部科学省,文部科学本省,国立研究開発法人量子科学技術研究開発機構運営費,国立研究開発法人量子科学技術研究開発機構運営費交付金,219,⑨外部効果克服,20%,44,175,大幅縮小（民営化）,⑨基礎研究の外部効果のみ
文部科学省,文部科学本省,国立研究開発法人量子科学技術研究開発機構施設整備費,国立研究開発法人量子科学技術研究開発機構施設整備費補助金,6,⑨外部効果克服,20%,1,5,大幅縮小（民営化）,⑨基礎研究の外部効果のみ
文部科学省,文部科学本省,国立研究開発法人防災科学技術研究所運営費,国立研究開発法人防災科学技術研究所運営費交付金,82,⑨外部効果克服,20%,16,66,大幅縮小（民営化）,⑨基礎研究の外部効果のみ
文部科学省,文部科学本省,南極地域観測事業費,職員諸手当,1,該当なし,5%,0,1,廃止・民間移行,フリードマン範囲外の文教行政
文部科学省,文部科学本省,南極地域観測事業費,南極地域観測事業業務庁費,4,該当なし,5%,0,4,廃止・民間移行,フリードマン範囲外の文教行政
文部科学省,文部科学本省,南極地域観測事業費,糧食費,1,該当なし,5%,0,1,廃止・民間移行,フリードマン範囲外の文教行政
文部科学省,文部科学本省,南極地域観測事業費,航空機及船舶運航費,30,該当なし,5%,2,28,廃止・民間移行,フリードマン範囲外の文教行政
文部科学省,文部科学本省,南極地域観測事業費,南極地域観測委託費,1,該当なし,5%,0,1,廃止・民間移行,フリードマン範囲外の文教行政
文部科学省,文部科学本省,南極地域観測事業費,航空機購入費,21,該当なし,5%,1,20,廃止・民間移行,フリードマン範囲外の文教行政
文部科学省,文部科学本省,電源開発促進税財源電源立地対策及電源利用対策費エネルギー対策特別会計へ繰入,電源開発促進税財源のエネルギー対策特別会計へ繰入,1079,⑨外部効果克服,30%,324,755,縮小,⑨原子力安全規制分のみ
文部科学省,文部科学本省,国立研究開発法人海洋研究開発機構運営費,国立研究開発法人海洋研究開発機構運営費交付金,302,⑨外部効果克服,20%,60,242,大幅縮小（民営化）,⑨基礎研究の外部効果のみ
文部科学省,文部科学本省,国立研究開発法人海洋研究開発機構船舶建造費,国立研究開発法人海洋研究開発機構船舶建造費補助金,30,⑨外部効果克服,20%,6,24,大幅縮小（民営化）,⑨基礎研究の外部効果のみ
文部科学省,文部科学本省,国立研究開発法人宇宙航空研究開発機構運営費,国立研究開発法人宇宙航空研究開発機構一般勘定運営費交付金,1270,①法秩序維持・⑨外部効果克服,50%,635,635,縮小,①安保・⑨宇宙外部効果
文部科学省,文部科学本省,国立研究開発法人宇宙航空研究開発機構施設整備費,国立研究開発法人宇宙航空研究開発機構施設整備費補助金,65,①法秩序維持・⑨外部効果克服,50%,32,33,縮小,①安保・⑨宇宙外部効果
文部科学省,文部科学本省,国立研究開発法人日本原子力研究開発機構運営費,国立研究開発法人日本原子力研究開発機構一般勘定運営費交付金,365,⑨外部効果克服,20%,73,292,大幅縮小（民営化）,⑨基礎研究の外部効果のみ
文部科学省,文部科学本省,公立文教施設整備費,公立学校施設整備費負担金,623,該当なし,5%,31,592,廃止・民間移行,フリードマン範囲外の文教行政
文部科学省,文部科学本省,公立文教施設整備費,公立諸学校建物其他災害復旧費負担金,4,該当なし,5%,0,4,廃止・民間移行,フリードマン範囲外の文教行政
文部科学省,文部科学本省,公立文教施設整備費,学校施設環境改善交付金,54,該当なし,5%,3,51,廃止・民間移行,フリードマン範囲外の文教行政
文部科学省,文部科学本省,文化振興費,文化功労者年金,10,該当なし,5%,0,10,廃止・民間移行,フリードマン範囲外の文教行政
文部科学省,文部科学本省,国際交流・協力推進費,政府開発援助留学生業務謝金,1,該当なし,5%,0,1,廃止・民間移行,フリードマン範囲外の文教行政
文部科学省,文部科学本省,国際交流・協力推進費,外国人留学生給与,36,該当なし,5%,2,34,廃止・民間移行,フリードマン範囲外の文教行政
文部科学省,文部科学本省,国際交流・協力推進費,政府開発援助外国人留学生給与,119,該当なし,5%,6,113,廃止・民間移行,フリードマン範囲外の文教行政
文部科学省,文部科学本省,国際交流・協力推進費,外国人留学生招致及帰国旅費,2,該当なし,5%,0,2,廃止・民間移行,フリードマン範囲外の文教行政
文部科学省,文部科学本省,国際交流・協力推進費,政府開発援助外国人留学生招致及帰国旅費,6,該当なし,5%,0,6,廃止・民間移行,フリードマン範囲外の文教行政
文部科学省,文部科学本省,国際交流・協力推進費,教員等派遣旅費,1,該当なし,5%,0,1,廃止・民間移行,フリードマン範囲外の文教行政
文部科学省,文部科学本省,国際交流・協力推進費,教職員研修費,1,該当なし,5%,0,1,廃止・民間移行,フリードマン範囲外の文教行政
文部科学省,文部科学本省,国際交流・協力推進費,外国人留学生教育費,3,該当なし,5%,0,3,廃止・民間移行,フリードマン範囲外の文教行政
文部科学省,文部科学本省,国際交流・協力推進費,政府開発援助外国人留学生教育費,9,該当なし,5%,0,9,廃止・民間移行,フリードマン範囲外の文教行政
文部科学省,文部科学本省,国際交流・協力推進費,国際交流推進事業委託費,2,該当なし,5%,0,2,廃止・民間移行,フリードマン範囲外の文教行政
文部科学省,文部科学本省,国際交流・協力推進費,政府開発援助外国人留学生受入推進事業委託費,6,該当なし,5%,0,6,廃止・民間移行,フリードマン範囲外の文教行政
文部科学省,文部科学本省,国際交流・協力推進費,国際協力推進事業委託費,2,該当なし,5%,0,2,廃止・民間移行,フリードマン範囲外の文教行政
文部科学省,文部科学本省,国際交流・協力推進費,国際文化交流促進費補助金,4,該当なし,5%,0,4,廃止・民間移行,フリードマン範囲外の文教行政
文部科学省,文部科学本省,国際交流・協力推進費,文化交流団体補助金,6,該当なし,5%,0,6,廃止・民間移行,フリードマン範囲外の文教行政
文部科学省,文部科学本省,国際交流・協力推進費,政府開発援助留学生交流支援事業費補助金,4,該当なし,5%,0,4,廃止・民間移行,フリードマン範囲外の文教行政
文部科学省,文部科学本省,国際交流・協力推進費,留学生交流支援事業費補助金,92,該当なし,5%,5,87,廃止・民間移行,フリードマン範囲外の文教行政
文部科学省,文部科学本省,国際交流・協力推進費,日米教育交流計画等分担金,4,該当なし,5%,0,4,廃止・民間移行,フリードマン範囲外の文教行政
文部科学省,文部科学本省,国際交流・協力推進費,政府開発援助ユネスコ事業等拠出金,2,該当なし,5%,0,2,廃止・民間移行,フリードマン範囲外の文教行政
文部科学省,文部科学本省,国際交流・協力推進費,ユネスコ事業等拠出金,5,該当なし,5%,0,5,廃止・民間移行,フリードマン範囲外の文教行政
文部科学省,文部科学本省,独立行政法人日本学生支援機構運営費,政府開発援助独立行政法人日本学生支援機構一般勘定運営費交付金,30,該当なし,5%,2,28,廃止・民間移行,フリードマン範囲外の文教行政
文部科学省,文部科学本省,独立行政法人日本学生支援機構運営費,独立行政法人日本学生支援機構一般勘定運営費交付金,137,該当なし,5%,7,130,廃止・民間移行,フリードマン範囲外の文教行政
文部科学省,文部科学本省所轄機関,国立教育政策研究所,職員基本給,8,該当なし,5%,0,8,廃止・民間移行,フリードマン範囲外の文教行政
文部科学省,文部科学本省所轄機関,国立教育政策研究所,職員諸手当,5,該当なし,5%,0,5,廃止・民間移行,フリードマン範囲外の文教行政
文部科学省,文部科学本省所轄機関,国立教育政策研究所,非常勤職員手当,1,該当なし,5%,0,1,廃止・民間移行,フリードマン範囲外の文教行政
文部科学省,文部科学本省所轄機関,国立教育政策研究所,諸謝金,1,該当なし,5%,0,1,廃止・民間移行,フリードマン範囲外の文教行政
文部科学省,文部科学本省所轄機関,国立教育政策研究所,委員等旅費,2,該当なし,5%,0,2,廃止・民間移行,フリードマン範囲外の文教行政
文部科学省,文部科学本省所轄機関,国立教育政策研究所,庁費,1,該当なし,5%,0,1,廃止・民間移行,フリードマン範囲外の文教行政
文部科学省,文部科学本省所轄機関,国立教育政策研究所,試験研究費,7,該当なし,5%,0,7,廃止・民間移行,フリードマン範囲外の文教行政
文部科学省,文部科学本省所轄機関,国立教育政策研究所,公共施設等維持管理運営費,1,該当なし,5%,0,1,廃止・民間移行,フリードマン範囲外の文教行政
文部科学省,文部科学本省所轄機関,国立教育政策研究所,官民区分所有施設維持管理運営費,1,該当なし,5%,0,1,廃止・民間移行,フリードマン範囲外の文教行政
文部科学省,文部科学本省所轄機関,科学技術・学術政策研究所,職員基本給,3,該当なし,5%,0,3,廃止・民間移行,フリードマン範囲外の文教行政
文部科学省,文部科学本省所轄機関,科学技術・学術政策研究所,職員諸手当,1,該当なし,5%,0,1,廃止・民間移行,フリードマン範囲外の文教行政
文部科学省,文部科学本省所轄機関,科学技術・学術政策研究所,非常勤職員手当,1,該当なし,5%,0,1,廃止・民間移行,フリードマン範囲外の文教行政
文部科学省,文部科学本省所轄機関,科学技術・学術政策研究所,試験研究費,2,該当なし,5%,0,2,廃止・民間移行,フリードマン範囲外の文教行政
文部科学省,文部科学本省所轄機関,科学技術・学術政策研究所,科学技術試験研究委託費,1,該当なし,5%,0,1,廃止・民間移行,フリードマン範囲外の文教行政
文部科学省,文部科学本省所轄機関,日本学士院,職員基本給,1,該当なし,5%,0,1,廃止・民間移行,フリードマン範囲外の文教行政
文部科学省,文部科学本省所轄機関,日本学士院,日本学士院会員年金,4,該当なし,5%,0,4,廃止・民間移行,フリードマン範囲外の文教行政
文部科学省,文部科学本省所轄機関,日本学士院,土地借料,1,該当なし,5%,0,1,廃止・民間移行,フリードマン範囲外の文教行政
文部科学省,スポーツ庁,スポーツ庁共通費,職員基本給,6,該当なし,5%,0,6,廃止・民間移行,フリードマン範囲外の文教行政
文部科学省,スポーツ庁,スポーツ庁共通費,職員諸手当,3,該当なし,5%,0,3,廃止・民間移行,フリードマン範囲外の文教行政
文部科学省,スポーツ庁,スポーツ庁共通費,超過勤務手当,1,該当なし,5%,0,1,廃止・民間移行,フリードマン範囲外の文教行政
文部科学省,スポーツ庁,スポーツ庁共通費,庁費,1,該当なし,5%,0,1,廃止・民間移行,フリードマン範囲外の文教行政
文部科学省,スポーツ庁,スポーツ庁共通費,公共施設等維持管理運営費,1,該当なし,5%,0,1,廃止・民間移行,フリードマン範囲外の文教行政
文部科学省,スポーツ庁,私立学校振興費,私立学校施設整備費補助金,1,該当なし,0%,0,1,廃止,特定産業への補助
文部科学省,スポーツ庁,スポーツ振興費,庁費,1,該当なし,5%,0,1,廃止・民間移行,フリードマン範囲外の文教行政
文部科学省,スポーツ庁,スポーツ振興費,スポーツ振興事業委託費,32,該当なし,5%,2,30,廃止・民間移行,フリードマン範囲外の文教行政
文部科学省,スポーツ庁,スポーツ振興費,スポーツ医・科学研究支援等委託費,19,該当なし,5%,1,18,廃止・民間移行,フリードマン範囲外の文教行政
文部科学省,スポーツ庁,スポーツ振興費,民間スポーツ振興費等補助金,24,該当なし,5%,1,23,廃止・民間移行,フリードマン範囲外の文教行政
文部科学省,スポーツ庁,スポーツ振興費,地方スポーツ振興費補助金,55,該当なし,5%,3,52,廃止・民間移行,フリードマン範囲外の文教行政
文部科学省,スポーツ庁,スポーツ振興費,世界ドーピング防止機構拠出金,2,該当なし,5%,0,2,廃止・民間移行,フリードマン範囲外の文教行政
文部科学省,スポーツ庁,独立行政法人日本スポーツ振興センター運営費,独立行政法人日本スポーツ振興センター一般勘定運営費交付金,191,該当なし,5%,10,181,廃止・民間移行,フリードマン範囲外の文教行政
文部科学省,文化庁,文化庁共通費,職員基本給,17,該当なし,5%,1,16,廃止・民間移行,フリードマン範囲外の文教行政
文部科学省,文化庁,文化庁共通費,職員諸手当,10,該当なし,5%,0,10,廃止・民間移行,フリードマン範囲外の文教行政
文部科学省,文化庁,文化庁共通費,超過勤務手当,3,該当なし,5%,0,3,廃止・民間移行,フリードマン範囲外の文教行政
文部科学省,文化庁,文化庁共通費,庁費,6,該当なし,5%,0,6,廃止・民間移行,フリードマン範囲外の文教行政
文部科学省,文化庁,文化庁共通費,土地建物借料,2,該当なし,5%,0,2,廃止・民間移行,フリードマン範囲外の文教行政
文部科学省,文化庁,文化庁共通費,公共施設等維持管理運営費,2,該当なし,5%,0,2,廃止・民間移行,フリードマン範囲外の文教行政
文部科学省,文化庁,文化庁共通費,官民区分所有施設維持管理運営費,1,該当なし,5%,0,1,廃止・民間移行,フリードマン範囲外の文教行政
文部科学省,文化庁,文化庁施設費,施設施工庁費,2,該当なし,5%,0,2,廃止・民間移行,フリードマン範囲外の文教行政
文部科学省,文化庁,文化振興費,諸謝金,1,該当なし,5%,0,1,廃止・民間移行,フリードマン範囲外の文教行政
文部科学省,文化庁,文化振興費,芸能賞金,1,該当なし,5%,0,1,廃止・民間移行,フリードマン範囲外の文教行政
文部科学省,文化庁,文化振興費,委員等旅費,1,該当なし,5%,0,1,廃止・民間移行,フリードマン範囲外の文教行政
文部科学省,文化庁,文化振興費,庁費,1,該当なし,5%,0,1,廃止・民間移行,フリードマン範囲外の文教行政
文部科学省,文化庁,文化振興費,芸術祭等運営費,4,該当なし,5%,0,4,廃止・民間移行,フリードマン範囲外の文教行政
文部科学省,文化庁,文化振興費,文化芸術振興委託費,65,該当なし,5%,3,62,廃止・民間移行,フリードマン範囲外の文教行政
文部科学省,文化庁,文化振興費,先端技術活用文化芸術振興委託費,1,該当なし,5%,0,1,廃止・民間移行,フリードマン範囲外の文教行政
文部科学省,文化庁,文化振興費,文化芸術振興費補助金,163,該当なし,5%,8,155,廃止・民間移行,フリードマン範囲外の文教行政
文部科学省,文化庁,文化振興費,文化芸術活動基盤強化基金補助金,2,該当なし,5%,0,2,廃止・民間移行,フリードマン範囲外の文教行政
文部科学省,文化庁,文化財保存事業費,職員旅費,1,該当なし,5%,0,1,廃止・民間移行,フリードマン範囲外の文教行政
文部科学省,文化庁,文化財保存事業費,庁費,2,該当なし,5%,0,2,廃止・民間移行,フリードマン範囲外の文教行政
文部科学省,文化庁,文化財保存事業費,情報処理業務庁費,1,該当なし,5%,0,1,廃止・民間移行,フリードマン範囲外の文教行政
文部科学省,文化庁,文化財保存事業費,国有文化財施設等維持管理運営費,5,該当なし,5%,0,5,廃止・民間移行,フリードマン範囲外の文教行政
文部科学省,文化庁,文化財保存事業費,国宝重要文化財等買上費,10,該当なし,5%,0,10,廃止・民間移行,フリードマン範囲外の文教行政
文部科学省,文化庁,文化財保存事業費,文化芸術振興委託費,24,該当なし,5%,1,23,廃止・民間移行,フリードマン範囲外の文教行政
文部科学省,文化庁,文化財保存事業費,国有文化財保存整備費,2,該当なし,5%,0,2,廃止・民間移行,フリードマン範囲外の文教行政
文部科学省,文化庁,文化財保存事業費,国宝重要文化財等保存・活用事業費補助金,236,該当なし,5%,12,224,廃止・民間移行,フリードマン範囲外の文教行政
文部科学省,文化庁,文化財保存事業費,アイヌ文化振興等事業費補助金,2,該当なし,5%,0,2,廃止・民間移行,フリードマン範囲外の文教行政
文部科学省,文化庁,文化財保存事業費,史跡等購入費補助金,100,該当なし,5%,5,95,廃止・民間移行,フリードマン範囲外の文教行政
文部科学省,文化庁,文化財保存事業費,国宝重要文化財等防災施設整備費補助金,23,該当なし,5%,1,22,廃止・民間移行,フリードマン範囲外の文教行政
文部科学省,文化庁,文化財保存事業費,文化芸術振興費補助金,13,該当なし,5%,1,12,廃止・民間移行,フリードマン範囲外の文教行政
文部科学省,文化庁,文化財保存事業費,重要無形文化財保存特別助成金,3,該当なし,5%,0,3,廃止・民間移行,フリードマン範囲外の文教行政
文部科学省,文化庁,文化財保存施設整備費,平城宮跡地等整備費,1,該当なし,5%,0,1,廃止・民間移行,フリードマン範囲外の文教行政
文部科学省,文化庁,文化財保存施設整備費,平城及飛鳥・藤原宮跡地等購入費,4,該当なし,5%,0,4,廃止・民間移行,フリードマン範囲外の文教行政
文部科学省,文化庁,文化振興基盤整備費,庁費,1,該当なし,5%,0,1,廃止・民間移行,フリードマン範囲外の文教行政
文部科学省,文化庁,文化振興基盤整備費,文化政策調査業務庁費,1,該当なし,5%,0,1,廃止・民間移行,フリードマン範囲外の文教行政
文部科学省,文化庁,文化振興基盤整備費,文化芸術振興委託費,5,該当なし,5%,0,5,廃止・民間移行,フリードマン範囲外の文教行政
文部科学省,文化庁,文化振興基盤整備費,文化芸術振興費補助金,11,該当なし,5%,1,10,廃止・民間移行,フリードマン範囲外の文教行政
文部科学省,文化庁,文化振興基盤整備費,政府開発援助世界知的所有権機関拠出金,1,該当なし,5%,0,1,廃止・民間移行,フリードマン範囲外の文教行政
文部科学省,文化庁,日本芸術院,日本芸術院会員手当,3,該当なし,5%,0,3,廃止・民間移行,フリードマン範囲外の文教行政
文部科学省,文化庁,日本芸術院,庁費,1,該当なし,5%,0,1,廃止・民間移行,フリードマン範囲外の文教行政
文部科学省,文化庁,日本芸術院,土地借料,1,該当なし,5%,0,1,廃止・民間移行,フリードマン範囲外の文教行政
文部科学省,文化庁,独立行政法人国立科学博物館運営費,独立行政法人国立科学博物館運営費交付金,29,該当なし,5%,1,28,廃止・民間移行,フリードマン範囲外の文教行政
文部科学省,文化庁,独立行政法人日本芸術文化振興会運営費,独立行政法人日本芸術文化振興会運営費交付金,119,該当なし,5%,6,113,廃止・民間移行,フリードマン範囲外の文教行政
文部科学省,文化庁,独立行政法人国立文化財機構運営費,独立行政法人国立文化財機構運営費交付金,99,該当なし,5%,5,94,廃止・民間移行,フリードマン範囲外の文教行政
文部科学省,文化庁,独立行政法人国立美術館運営費,独立行政法人国立美術館運営費交付金,85,該当なし,5%,4,81,廃止・民間移行,フリードマン範囲外の文教行政
文部科学省,文化庁,独立行政法人国立美術館施設整備費,独立行政法人国立美術館施設整備費補助金,3,該当なし,5%,0,3,廃止・民間移行,フリードマン範囲外の文教行政
厚生労働省,厚生労働本省,厚生労働本省共通費,職員基本給,211,⑩責任能力なき者保護,20%,42,169,大幅縮小,フリードマン範囲外の社会保障は原則廃止
厚生労働省,厚生労働本省,厚生労働本省共通費,職員諸手当,121,⑩責任能力なき者保護,20%,24,97,大幅縮小,フリードマン範囲外の社会保障は原則廃止
厚生労働省,厚生労働本省,厚生労働本省共通費,超過勤務手当,57,⑩責任能力なき者保護,20%,11,46,大幅縮小,フリードマン範囲外の社会保障は原則廃止
厚生労働省,厚生労働本省,厚生労働本省共通費,委員手当,4,⑩責任能力なき者保護,20%,1,3,大幅縮小,フリードマン範囲外の社会保障は原則廃止
厚生労働省,厚生労働本省,厚生労働本省共通費,非常勤職員手当,1,⑩責任能力なき者保護,20%,0,1,大幅縮小,フリードマン範囲外の社会保障は原則廃止
厚生労働省,厚生労働本省,厚生労働本省共通費,休職者給与,8,⑩責任能力なき者保護,20%,2,6,大幅縮小,フリードマン範囲外の社会保障は原則廃止
厚生労働省,厚生労働本省,厚生労働本省共通費,国際機関等派遣職員給与,1,⑩責任能力なき者保護,20%,0,1,大幅縮小,フリードマン範囲外の社会保障は原則廃止
厚生労働省,厚生労働本省,厚生労働本省共通費,短時間勤務職員給与,5,⑩責任能力なき者保護,20%,1,4,大幅縮小,フリードマン範囲外の社会保障は原則廃止
厚生労働省,厚生労働本省,厚生労働本省共通費,公務災害補償費,4,⑩責任能力なき者保護,20%,1,3,大幅縮小,フリードマン範囲外の社会保障は原則廃止
厚生労働省,厚生労働本省,厚生労働本省共通費,退職手当,157,⑩責任能力なき者保護,20%,31,126,大幅縮小,フリードマン範囲外の社会保障は原則廃止
厚生労働省,厚生労働本省,厚生労働本省共通費,政府職員等失業者退職手当,5,⑩責任能力なき者保護,20%,1,4,大幅縮小,フリードマン範囲外の社会保障は原則廃止
厚生労働省,厚生労働本省,厚生労働本省共通費,児童手当,3,⑩責任能力なき者保護,20%,1,2,大幅縮小,フリードマン範囲外の社会保障は原則廃止
厚生労働省,厚生労働本省,厚生労働本省共通費,諸謝金,1,⑩責任能力なき者保護,20%,0,1,大幅縮小,フリードマン範囲外の社会保障は原則廃止
厚生労働省,厚生労働本省,厚生労働本省共通費,職員旅費,3,⑩責任能力なき者保護,20%,1,2,大幅縮小,フリードマン範囲外の社会保障は原則廃止
厚生労働省,厚生労働本省,厚生労働本省共通費,外国留学旅費,1,⑩責任能力なき者保護,20%,0,1,大幅縮小,フリードマン範囲外の社会保障は原則廃止
厚生労働省,厚生労働本省,厚生労働本省共通費,赴任旅費,5,⑩責任能力なき者保護,20%,1,4,大幅縮小,フリードマン範囲外の社会保障は原則廃止
厚生労働省,厚生労働本省,厚生労働本省共通費,委員等旅費,2,⑩責任能力なき者保護,20%,0,2,大幅縮小,フリードマン範囲外の社会保障は原則廃止
厚生労働省,厚生労働本省,厚生労働本省共通費,庁費,35,⑩責任能力なき者保護,20%,7,28,大幅縮小,フリードマン範囲外の社会保障は原則廃止
厚生労働省,厚生労働本省,厚生労働本省共通費,情報処理業務庁費,1,⑩責任能力なき者保護,20%,0,1,大幅縮小,フリードマン範囲外の社会保障は原則廃止
厚生労働省,厚生労働本省,厚生労働本省共通費,医薬品審査等業務庁費,1,⑩責任能力なき者保護,20%,0,1,大幅縮小,フリードマン範囲外の社会保障は原則廃止
厚生労働省,厚生労働本省,厚生労働本省共通費,厚生労働統計調査費,1,⑩責任能力なき者保護,20%,0,1,大幅縮小,フリードマン範囲外の社会保障は原則廃止
厚生労働省,厚生労働本省,厚生労働本省共通費,各所修繕,1,⑩責任能力なき者保護,20%,0,1,大幅縮小,フリードマン範囲外の社会保障は原則廃止
厚生労働省,厚生労働本省,厚生労働本省共通費,保健福祉調査委託費,1,⑩責任能力なき者保護,20%,0,1,大幅縮小,フリードマン範囲外の社会保障は原則廃止
厚生労働省,厚生労働本省,厚生労働本省共通費,国家公務員共済組合負担金,309,⑩責任能力なき者保護,20%,62,247,大幅縮小,フリードマン範囲外の社会保障は原則廃止
厚生労働省,厚生労働本省,厚生労働本省共通費,基礎年金等国家公務員共済組合負担金,102,⑩責任能力なき者保護,20%,20,82,大幅縮小,フリードマン範囲外の社会保障は原則廃止
厚生労働省,厚生労働本省,厚生労働本省共通費,育児休業手当金等国家公務員共済組合負担金,1,⑩責任能力なき者保護,20%,0,1,大幅縮小,フリードマン範囲外の社会保障は原則廃止
厚生労働省,厚生労働本省,厚生労働本省共通費,賠償償還及払戻金,26,⑩責任能力なき者保護,20%,5,21,大幅縮小,フリードマン範囲外の社会保障は原則廃止
厚生労働省,厚生労働本省,厚生労働本省施設費,施設整備費,1,⑩責任能力なき者保護,20%,0,1,大幅縮小,フリードマン範囲外の社会保障は原則廃止
厚生労働省,厚生労働本省,医療提供体制確保対策費,医療提供体制確保対策等委託費,37,⑨外部効果克服,30%,11,26,縮小,⑨医療外部効果（感染症・公衆衛生）のみ
厚生労働省,厚生労働本省,医療提供体制確保対策費,医療施設運営費等補助金,122,⑨外部効果克服,30%,37,85,縮小,⑨医療外部効果（感染症・公衆衛生）のみ
厚生労働省,厚生労働本省,医療提供体制確保対策費,臨床研修費等補助金,122,⑨外部効果克服,30%,37,85,縮小,⑨医療外部効果（感染症・公衆衛生）のみ
厚生労働省,厚生労働本省,医療従事者等確保対策費,委員手当,1,⑩責任能力なき者保護,20%,0,1,大幅縮小,フリードマン範囲外の社会保障は原則廃止
厚生労働省,厚生労働本省,医療従事者等確保対策費,委員等旅費,1,⑩責任能力なき者保護,20%,0,1,大幅縮小,フリードマン範囲外の社会保障は原則廃止
厚生労働省,厚生労働本省,医療従事者等確保対策費,医師等国家試験業務庁費,5,⑩責任能力なき者保護,20%,1,4,大幅縮小,フリードマン範囲外の社会保障は原則廃止
厚生労働省,厚生労働本省,医療情報化等推進費,社会保障関係情報化業務庁費,7,⑩責任能力なき者保護,20%,1,6,大幅縮小,フリードマン範囲外の社会保障は原則廃止
厚生労働省,厚生労働本省,医療情報化等推進費,医療情報化基盤整備等委託費,7,⑩責任能力なき者保護,20%,1,6,大幅縮小,フリードマン範囲外の社会保障は原則廃止
厚生労働省,厚生労働本省,医療情報化等推進費,地域診療情報連携推進費補助金,2,⑩責任能力なき者保護,20%,0,2,大幅縮小,フリードマン範囲外の社会保障は原則廃止
厚生労働省,厚生労働本省,医療安全確保推進費,医療施設運営費等補助金,13,⑩責任能力なき者保護,20%,3,10,大幅縮小,フリードマン範囲外の社会保障は原則廃止
厚生労働省,厚生労働本省,国立研究開発法人国立がん研究センター運営費,国立研究開発法人国立がん研究センター運営費交付金,66,⑩責任能力なき者保護,20%,13,53,大幅縮小,フリードマン範囲外の社会保障は原則廃止
厚生労働省,厚生労働本省,国立研究開発法人国立循環器病研究センター運営費,国立研究開発法人国立循環器病研究センター運営費交付金,42,⑩責任能力なき者保護,20%,8,34,大幅縮小,フリードマン範囲外の社会保障は原則廃止
厚生労働省,厚生労働本省,国立研究開発法人国立精神・神経医療研究センター運営費,国立研究開発法人国立精神・神経医療研究センター運営費交付金,43,⑩責任能力なき者保護,20%,9,34,大幅縮小,フリードマン範囲外の社会保障は原則廃止
厚生労働省,厚生労働本省,国立研究開発法人国立精神・神経医療研究センター施設整備費,国立研究開発法人国立精神・神経医療研究センター施設整備費補助金,1,⑩責任能力なき者保護,20%,0,1,大幅縮小,フリードマン範囲外の社会保障は原則廃止
厚生労働省,厚生労働本省,国立研究開発法人国立成育医療研究センター運営費,国立研究開発法人国立成育医療研究センター運営費交付金,49,⑩責任能力なき者保護,20%,10,39,大幅縮小,フリードマン範囲外の社会保障は原則廃止
厚生労働省,厚生労働本省,国立研究開発法人国立成育医療研究センター施設整備費,国立研究開発法人国立成育医療研究センター施設整備費補助金,17,⑩責任能力なき者保護,20%,3,14,大幅縮小,フリードマン範囲外の社会保障は原則廃止
厚生労働省,厚生労働本省,国立研究開発法人国立長寿医療研究センター運営費,国立研究開発法人国立長寿医療研究センター運営費交付金,31,⑩責任能力なき者保護,20%,6,25,大幅縮小,フリードマン範囲外の社会保障は原則廃止
厚生労働省,厚生労働本省,国立研究開発法人国立長寿医療研究センター施設整備費,国立研究開発法人国立長寿医療研究センター施設整備費補助金,3,⑩責任能力なき者保護,20%,1,2,大幅縮小,フリードマン範囲外の社会保障は原則廃止
厚生労働省,厚生労働本省,感染症対策費,新型インフルエンザ予防接種健康被害給付金,1,⑨外部効果克服,80%,1,0,維持（縮小）,⑨感染症は典型的外部効果
厚生労働省,厚生労働本省,感染症対策費,健康対策関係業務庁費,107,⑨外部効果克服,80%,86,21,維持（縮小）,⑨感染症は典型的外部効果
厚生労働省,厚生労働本省,感染症対策費,医薬品製剤化等業務庁費,4,⑨外部効果克服,80%,3,1,維持（縮小）,⑨感染症は典型的外部効果
厚生労働省,厚生労働本省,感染症対策費,感染症流行予測調査費,2,⑨外部効果克服,80%,2,0,維持（縮小）,⑨感染症は典型的外部効果
厚生労働省,厚生労働本省,感染症対策費,ワクチン等購入費,11,⑨外部効果克服,80%,9,2,維持（縮小）,⑨感染症は典型的外部効果
厚生労働省,厚生労働本省,感染症対策費,医薬品等保管料,2,⑨外部効果克服,80%,2,0,維持（縮小）,⑨感染症は典型的外部効果
厚生労働省,厚生労働本省,感染症対策費,医薬品買上費,19,⑨外部効果克服,80%,15,4,維持（縮小）,⑨感染症は典型的外部効果
厚生労働省,厚生労働本省,感染症対策費,エイズ予防対策事業委託費,3,⑨外部効果克服,80%,2,1,維持（縮小）,⑨感染症は典型的外部効果
厚生労働省,厚生労働本省,感染症対策費,健康対策事業委託費,14,⑨外部効果克服,80%,11,3,維持（縮小）,⑨感染症は典型的外部効果
厚生労働省,厚生労働本省,感染症対策費,疾病予防対策事業費等補助金,143,⑨外部効果克服,80%,114,29,維持（縮小）,⑨感染症は典型的外部効果
厚生労働省,厚生労働本省,感染症対策費,結核研究所補助金,5,⑨外部効果克服,80%,4,1,維持（縮小）,⑨感染症は典型的外部効果
厚生労働省,厚生労働本省,感染症対策費,結核医療費補助金,3,⑨外部効果克服,80%,2,1,維持（縮小）,⑨感染症は典型的外部効果
厚生労働省,厚生労働本省,感染症対策費,医療施設運営費等補助金,10,⑨外部効果克服,80%,8,2,維持（縮小）,⑨感染症は典型的外部効果
厚生労働省,厚生労働本省,感染症対策費,国立健康危機管理研究機構施設周辺安全対策等事業費補助金,2,⑨外部効果克服,80%,2,0,維持（縮小）,⑨感染症は典型的外部効果
厚生労働省,厚生労働本省,感染症対策費,予防接種対策費補助金,2,⑨外部効果克服,80%,2,0,維持（縮小）,⑨感染症は典型的外部効果
厚生労働省,厚生労働本省,感染症対策費,結核医療費負担金,27,⑨外部効果克服,80%,22,5,維持（縮小）,⑨感染症は典型的外部効果
厚生労働省,厚生労働本省,感染症対策費,感染症予防事業費等負担金,25,⑨外部効果克服,80%,20,5,維持（縮小）,⑨感染症は典型的外部効果
厚生労働省,厚生労働本省,感染症対策費,感染症医療費負担金,1,⑨外部効果克服,80%,1,0,維持（縮小）,⑨感染症は典型的外部効果
厚生労働省,厚生労働本省,感染症対策費,予防接種対策費負担金,12,⑨外部効果克服,80%,10,2,維持（縮小）,⑨感染症は典型的外部効果
厚生労働省,厚生労働本省,感染症対策費,新型コロナウイルス予防接種健康被害給付費負担金,4,⑨外部効果克服,80%,3,1,維持（縮小）,⑨感染症は典型的外部効果
厚生労働省,厚生労働本省,感染症対策費,特定Ｂ型肝炎ウイルス感染者給付金等支給業務費交付金,572,⑨外部効果克服,80%,458,114,維持（縮小）,⑨感染症は典型的外部効果
厚生労働省,厚生労働本省,国立健康危機管理研究機構運営費,国立健康危機管理研究機構運営費交付金,177,⑩責任能力なき者保護,20%,35,142,大幅縮小,フリードマン範囲外の社会保障は原則廃止
厚生労働省,厚生労働本省,特定疾患等対策費,国立ハンセン病療養所退所者等給与金及特定配偶者等支援金,19,⑨外部効果克服・⑩責任能力なき者保護,50%,10,9,縮小,⑨⑩難病・指定疾患は一部正当化
厚生労働省,厚生労働本省,特定疾患等対策費,ハンセン病名誉回復事業等庁費,2,⑨外部効果克服・⑩責任能力なき者保護,50%,1,1,縮小,⑨⑩難病・指定疾患は一部正当化
厚生労働省,厚生労働本省,特定疾患等対策費,健康対策関係業務庁費,1,⑨外部効果克服・⑩責任能力なき者保護,50%,0,1,縮小,⑨⑩難病・指定疾患は一部正当化
厚生労働省,厚生労働本省,特定疾患等対策費,ハンセン病対策事業委託費,9,⑨外部効果克服・⑩責任能力なき者保護,50%,4,5,縮小,⑨⑩難病・指定疾患は一部正当化
厚生労働省,厚生労働本省,特定疾患等対策費,ハンセン病療養所費補助金,1,⑨外部効果克服・⑩責任能力なき者保護,50%,0,1,縮小,⑨⑩難病・指定疾患は一部正当化
厚生労働省,厚生労働本省,特定疾患等対策費,厚生労働科学研究費補助金,6,⑨外部効果克服・⑩責任能力なき者保護,50%,3,3,縮小,⑨⑩難病・指定疾患は一部正当化
厚生労働省,厚生労働本省,特定疾患等対策費,難病等情報提供事業費補助金,3,⑨外部効果克服・⑩責任能力なき者保護,50%,2,1,縮小,⑨⑩難病・指定疾患は一部正当化
厚生労働省,厚生労働本省,特定疾患等対策費,疾病予防対策事業費等補助金,25,⑨外部効果克服・⑩責任能力なき者保護,50%,12,13,縮小,⑨⑩難病・指定疾患は一部正当化
厚生労働省,厚生労働本省,特定疾患等対策費,小児慢性特定疾病対策費補助金,9,⑨外部効果克服・⑩責任能力なき者保護,50%,4,5,縮小,⑨⑩難病・指定疾患は一部正当化
厚生労働省,厚生労働本省,特定疾患等対策費,難病医療費等負担金,1376,⑨外部効果克服・⑩責任能力なき者保護,50%,688,688,縮小,⑨⑩難病・指定疾患は一部正当化
厚生労働省,厚生労働本省,特定疾患等対策費,小児慢性特定疾病医療費負担金,181,⑨外部効果克服・⑩責任能力なき者保護,50%,90,91,縮小,⑨⑩難病・指定疾患は一部正当化
厚生労働省,厚生労働本省,特定疾患等対策費,小児慢性特定疾病児童等自立支援事業費負担金,9,⑨外部効果克服・⑩責任能力なき者保護,50%,4,5,縮小,⑨⑩難病・指定疾患は一部正当化
厚生労働省,厚生労働本省,移植医療推進費,移植対策事業費補助金,37,⑩責任能力なき者保護,20%,7,30,大幅縮小,フリードマン範囲外の社会保障は原則廃止
厚生労働省,厚生労働本省,原爆被爆者等援護対策費,原爆被爆者医療費,237,⑤契約履行強制・⑩責任能力なき者保護,100%,237,0,維持（時限的）,⑤政府行為による被害責任
厚生労働省,厚生労働本省,原爆被爆者等援護対策費,原爆被爆者医療費審査支払事務費,8,⑤契約履行強制・⑩責任能力なき者保護,100%,8,0,維持（時限的）,⑤政府行為による被害責任
厚生労働省,厚生労働本省,原爆被爆者等援護対策費,原爆症調査研究等委託費,33,⑤契約履行強制・⑩責任能力なき者保護,100%,33,0,維持（時限的）,⑤政府行為による被害責任
厚生労働省,厚生労働本省,原爆被爆者等援護対策費,特定疾患調査委託費,4,⑤契約履行強制・⑩責任能力なき者保護,100%,4,0,維持（時限的）,⑤政府行為による被害責任
厚生労働省,厚生労働本省,原爆被爆者等援護対策費,原爆死没者追悼平和祈念館運営委託費,5,⑤契約履行強制・⑩責任能力なき者保護,100%,5,0,維持（時限的）,⑤政府行為による被害責任
厚生労働省,厚生労働本省,原爆被爆者等援護対策費,原爆被爆者保健福祉施設運営費等補助金,68,⑤契約履行強制・⑩責任能力なき者保護,100%,68,0,維持（時限的）,⑤政府行為による被害責任
厚生労働省,厚生労働本省,原爆被爆者等援護対策費,放射線影響研究所補助金,18,⑤契約履行強制・⑩責任能力なき者保護,100%,18,0,維持（時限的）,⑤政府行為による被害責任
厚生労働省,厚生労働本省,原爆被爆者等援護対策費,老人保健事業推進費等補助金,6,⑤契約履行強制・⑩責任能力なき者保護,100%,6,0,維持（時限的）,⑤政府行為による被害責任
厚生労働省,厚生労働本省,原爆被爆者等援護対策費,原爆被爆者介護手当等負担金,12,⑤契約履行強制・⑩責任能力なき者保護,100%,12,0,維持（時限的）,⑤政府行為による被害責任
厚生労働省,厚生労働本省,原爆被爆者等援護対策費,原爆被爆者健康診断費交付金,23,⑤契約履行強制・⑩責任能力なき者保護,100%,23,0,維持（時限的）,⑤政府行為による被害責任
厚生労働省,厚生労働本省,原爆被爆者等援護対策費,原爆被爆者手当交付金,587,⑤契約履行強制・⑩責任能力なき者保護,100%,587,0,維持（時限的）,⑤政府行為による被害責任
厚生労働省,厚生労働本省,原爆被爆者等援護対策費,原爆被爆者葬祭料交付金,24,⑤契約履行強制・⑩責任能力なき者保護,100%,24,0,維持（時限的）,⑤政府行為による被害責任
厚生労働省,厚生労働本省,医薬品承認審査等推進費,医薬品審査等業務庁費,5,⑩責任能力なき者保護,20%,1,4,大幅縮小,フリードマン範囲外の社会保障は原則廃止
厚生労働省,厚生労働本省,医薬品承認審査等推進費,医薬品等審査迅速化事業費補助金,6,⑩責任能力なき者保護,20%,1,5,大幅縮小,フリードマン範囲外の社会保障は原則廃止
厚生労働省,厚生労働本省,医薬品承認審査等推進費,医薬品副作用等被害救済事務費等補助金,1,⑩責任能力なき者保護,20%,0,1,大幅縮小,フリードマン範囲外の社会保障は原則廃止
厚生労働省,厚生労働本省,医薬品安全対策等推進費,医薬品審査等業務庁費,3,⑩責任能力なき者保護,20%,1,2,大幅縮小,フリードマン範囲外の社会保障は原則廃止
厚生労働省,厚生労働本省,医薬品安全対策等推進費,検定検査事務等委託費,1,⑩責任能力なき者保護,20%,0,1,大幅縮小,フリードマン範囲外の社会保障は原則廃止
厚生労働省,厚生労働本省,医薬品安全対策等推進費,医薬品副作用等被害救済事業等補助金,3,⑩責任能力なき者保護,20%,1,2,大幅縮小,フリードマン範囲外の社会保障は原則廃止
厚生労働省,厚生労働本省,医薬品安全対策等推進費,医薬品等健康被害者等生活支援補助金,2,⑩責任能力なき者保護,20%,0,2,大幅縮小,フリードマン範囲外の社会保障は原則廃止
厚生労働省,厚生労働本省,医薬品安全対策等推進費,賠償償還及払戻金,1,⑩責任能力なき者保護,20%,0,1,大幅縮小,フリードマン範囲外の社会保障は原則廃止
厚生労働省,厚生労働本省,医薬品適正使用推進費,医療施設運営費等補助金,1,⑩責任能力なき者保護,20%,0,1,大幅縮小,フリードマン範囲外の社会保障は原則廃止
厚生労働省,厚生労働本省,血液製剤対策費,医薬品審査等業務庁費,1,⑩責任能力なき者保護,20%,0,1,大幅縮小,フリードマン範囲外の社会保障は原則廃止
厚生労働省,厚生労働本省,血液製剤対策費,医薬品等試験調査委託費,1,⑩責任能力なき者保護,20%,0,1,大幅縮小,フリードマン範囲外の社会保障は原則廃止
厚生労働省,厚生労働本省,血液製剤対策費,血液確保事業等補助金,5,⑩責任能力なき者保護,20%,1,4,大幅縮小,フリードマン範囲外の社会保障は原則廃止
厚生労働省,厚生労働本省,医療技術実用化等推進費,医薬品審査等業務庁費,2,⑩責任能力なき者保護,20%,0,2,大幅縮小,フリードマン範囲外の社会保障は原則廃止
厚生労働省,厚生労働本省,医療技術実用化等推進費,薬事経済調査委託費,1,⑩責任能力なき者保護,20%,0,1,大幅縮小,フリードマン範囲外の社会保障は原則廃止
厚生労働省,厚生労働本省,医療技術実用化等推進費,医薬品等開発支援事業委託費,32,⑩責任能力なき者保護,20%,6,26,大幅縮小,フリードマン範囲外の社会保障は原則廃止
厚生労働省,厚生労働本省,医療技術実用化等推進費,医薬品安定供給支援補助金,10,⑩責任能力なき者保護,20%,2,8,大幅縮小,フリードマン範囲外の社会保障は原則廃止
厚生労働省,厚生労働本省,医療技術実用化等推進費,医療施設運営費等補助金,4,⑩責任能力なき者保護,20%,1,3,大幅縮小,フリードマン範囲外の社会保障は原則廃止
厚生労働省,厚生労働本省,医療提供体制基盤整備費,医療提供体制推進事業費補助金,247,⑨外部効果克服,30%,74,173,縮小,⑨医療外部効果（感染症・公衆衛生）のみ
厚生労働省,厚生労働本省,医療提供体制基盤整備費,医療施設等設備整備費補助金,24,⑨外部効果克服,30%,7,17,縮小,⑨医療外部効果（感染症・公衆衛生）のみ
厚生労働省,厚生労働本省,医療提供体制基盤整備費,医療施設等施設整備費補助金,24,⑨外部効果克服,30%,7,17,縮小,⑨医療外部効果（感染症・公衆衛生）のみ
厚生労働省,厚生労働本省,医療提供体制基盤整備費,医療介護提供体制改革推進交付金,647,⑨外部効果克服,30%,194,453,縮小,⑨医療外部効果（感染症・公衆衛生）のみ
厚生労働省,厚生労働本省,医療提供体制基盤整備費,医療提供体制施設整備交付金,38,⑨外部効果克服,30%,11,27,縮小,⑨医療外部効果（感染症・公衆衛生）のみ
厚生労働省,厚生労働本省,独立行政法人医薬品医療機器総合機構運営費,独立行政法人医薬品医療機器総合機構審査等勘定運営費交付金,26,⑩責任能力なき者保護,20%,5,21,大幅縮小,フリードマン範囲外の社会保障は原則廃止
厚生労働省,厚生労働本省,医療保険給付諸費,庁費,1,該当なし,0%,0,1,廃止（民間保険へ）,強制医療保険廃止
厚生労働省,厚生労働本省,医療保険給付諸費,医療給付適正化業務庁費,3,該当なし,0%,0,3,廃止（民間保険へ）,強制医療保険廃止
厚生労働省,厚生労働本省,医療保険給付諸費,医療保険制度関係業務庁費,8,該当なし,0%,0,8,廃止（民間保険へ）,強制医療保険廃止
厚生労働省,厚生労働本省,医療保険給付諸費,土地建物借料,1,該当なし,0%,0,1,廃止（民間保険へ）,強制医療保険廃止
厚生労働省,厚生労働本省,医療保険給付諸費,後期高齢者医療制度事業費補助金,52,該当なし,0%,0,52,廃止（民間保険へ）,強制医療保険廃止
厚生労働省,厚生労働本省,医療保険給付諸費,後期高齢者医療制度関係業務事業費補助金,9,該当なし,0%,0,9,廃止（民間保険へ）,強制医療保険廃止
厚生労働省,厚生労働本省,医療保険給付諸費,高齢者医療運営円滑化等補助金,958,該当なし,0%,0,958,廃止（民間保険へ）,強制医療保険廃止
厚生労働省,厚生労働本省,医療保険給付諸費,高齢者医療制度円滑運営事業費補助金,2,該当なし,0%,0,2,廃止（民間保険へ）,強制医療保険廃止
厚生労働省,厚生労働本省,医療保険給付諸費,全国健康保険協会保険給付費等補助金,11764,該当なし,0%,0,11764,廃止（民間保険へ）,強制医療保険廃止
厚生労働省,厚生労働本省,医療保険給付諸費,全国健康保険協会後期高齢者医療費支援金等補助金,1,該当なし,0%,0,1,廃止（民間保険へ）,強制医療保険廃止
厚生労働省,厚生労働本省,医療保険給付諸費,国民健康保険組合療養給付費補助金,1776,該当なし,0%,0,1776,廃止（民間保険へ）,強制医療保険廃止
厚生労働省,厚生労働本省,医療保険給付諸費,国民健康保険組合後期高齢者医療費支援金等補助金,644,該当なし,0%,0,644,廃止（民間保険へ）,強制医療保険廃止
厚生労働省,厚生労働本省,医療保険給付諸費,国民健康保険組合高額医療費共同事業補助金,60,該当なし,0%,0,60,廃止（民間保険へ）,強制医療保険廃止
厚生労働省,厚生労働本省,医療保険給付諸費,国民健康保険団体連合会等補助金,16,該当なし,0%,0,16,廃止（民間保険へ）,強制医療保険廃止
厚生労働省,厚生労働本省,医療保険給付諸費,国民健康保険制度関係業務事業費補助金,9,該当なし,0%,0,9,廃止（民間保険へ）,強制医療保険廃止
厚生労働省,厚生労働本省,医療保険給付諸費,後期高齢者医療給付費等負担金,47173,該当なし,0%,0,47173,廃止（民間保険へ）,強制医療保険廃止
厚生労働省,厚生労働本省,医療保険給付諸費,健康保険組合連合会交付金交付事業費負担金,300,該当なし,0%,0,300,廃止（民間保険へ）,強制医療保険廃止
厚生労働省,厚生労働本省,医療保険給付諸費,全国健康保険協会事務費負担金,44,該当なし,0%,0,44,廃止（民間保険へ）,強制医療保険廃止
厚生労働省,厚生労働本省,医療保険給付諸費,健康保険組合事務費負担金,38,該当なし,0%,0,38,廃止（民間保険へ）,強制医療保険廃止
厚生労働省,厚生労働本省,医療保険給付諸費,国民健康保険療養給付費等負担金,16026,該当なし,0%,0,16026,廃止（民間保険へ）,強制医療保険廃止
厚生労働省,厚生労働本省,医療保険給付諸費,国民健康保険後期高齢者医療費支援金等負担金,5440,該当なし,0%,0,5440,廃止（民間保険へ）,強制医療保険廃止
厚生労働省,厚生労働本省,医療保険給付諸費,国民健康保険組合事務費負担金,22,該当なし,0%,0,22,廃止（民間保険へ）,強制医療保険廃止
厚生労働省,厚生労働本省,医療保険給付諸費,後期高齢者医療等財政調整交付金,15258,該当なし,0%,0,15258,廃止（民間保険へ）,強制医療保険廃止
厚生労働省,厚生労働本省,医療保険給付諸費,高齢者医療特別負担調整交付金,200,該当なし,0%,0,200,廃止（民間保険へ）,強制医療保険廃止
厚生労働省,厚生労働本省,医療保険給付諸費,国民健康保険財政調整交付金,5623,該当なし,0%,0,5623,廃止（民間保険へ）,強制医療保険廃止
厚生労働省,厚生労働本省,医療保険給付諸費,国民健康保険後期高齢者医療費支援金等財政調整交付金,1530,該当なし,0%,0,1530,廃止（民間保険へ）,強制医療保険廃止
厚生労働省,厚生労働本省,医療保険給付諸費,国民健康保険保険者努力支援交付金,1292,該当なし,0%,0,1292,廃止（民間保険へ）,強制医療保険廃止
厚生労働省,厚生労働本省,健康保険事業借入金諸費年金特別会計へ繰入,健康保険事業借入金諸費年金特別会計へ繰入,359,該当なし,0%,0,359,廃止,医療保険廃止に伴い不要
厚生労働省,厚生労働本省,医療費適正化推進費,医療費適正化対策推進業務庁費,7,⑩責任能力なき者保護,20%,1,6,大幅縮小,フリードマン範囲外の社会保障は原則廃止
厚生労働省,厚生労働本省,医療費適正化推進費,医療費適正化対策推進業務委託費,21,⑩責任能力なき者保護,20%,4,17,大幅縮小,フリードマン範囲外の社会保障は原則廃止
厚生労働省,厚生労働本省,医療費適正化推進費,病床転換助成事業交付金,1,⑩責任能力なき者保護,20%,0,1,大幅縮小,フリードマン範囲外の社会保障は原則廃止
厚生労働省,厚生労働本省,地域保健対策費,保健衛生施設等設備整備費補助金,25,⑩責任能力なき者保護,20%,5,20,大幅縮小,フリードマン範囲外の社会保障は原則廃止
厚生労働省,厚生労働本省,地域保健対策費,地域保健活動推進費補助金,1,⑩責任能力なき者保護,20%,0,1,大幅縮小,フリードマン範囲外の社会保障は原則廃止
厚生労働省,厚生労働本省,地域保健対策費,疾病予防対策事業費等補助金,1,⑩責任能力なき者保護,20%,0,1,大幅縮小,フリードマン範囲外の社会保障は原則廃止
厚生労働省,厚生労働本省,保健衛生施設整備費,保健衛生施設等施設整備費補助金,37,⑩責任能力なき者保護,20%,7,30,大幅縮小,フリードマン範囲外の社会保障は原則廃止
厚生労働省,厚生労働本省,健康増進対策費,社会保障関係情報化業務庁費,1,⑩責任能力なき者保護,20%,0,1,大幅縮小,フリードマン範囲外の社会保障は原則廃止
厚生労働省,厚生労働本省,健康増進対策費,健康対策関係業務庁費,11,⑩責任能力なき者保護,20%,2,9,大幅縮小,フリードマン範囲外の社会保障は原則廃止
厚生労働省,厚生労働本省,健康増進対策費,予防・健康増進関係業務庁費,2,⑩責任能力なき者保護,20%,0,2,大幅縮小,フリードマン範囲外の社会保障は原則廃止
厚生労働省,厚生労働本省,健康増進対策費,国民健康・栄養調査委託費,1,⑩責任能力なき者保護,20%,0,1,大幅縮小,フリードマン範囲外の社会保障は原則廃止
厚生労働省,厚生労働本省,健康増進対策費,衛生関係指導者養成等委託費,8,⑩責任能力なき者保護,20%,2,6,大幅縮小,フリードマン範囲外の社会保障は原則廃止
厚生労働省,厚生労働本省,健康増進対策費,疾病予防対策事業費等補助金,134,⑩責任能力なき者保護,20%,27,107,大幅縮小,フリードマン範囲外の社会保障は原則廃止
厚生労働省,厚生労働本省,健康増進対策費,全国健康保険協会特定健康診査・保健指導補助金,7,⑩責任能力なき者保護,20%,1,6,大幅縮小,フリードマン範囲外の社会保障は原則廃止
厚生労働省,厚生労働本省,健康増進対策費,健康保険組合特定健康診査・保健指導補助金,30,⑩責任能力なき者保護,20%,6,24,大幅縮小,フリードマン範囲外の社会保障は原則廃止
厚生労働省,厚生労働本省,健康増進対策費,国民健康保険組合特定健康診査・保健指導補助金,6,⑩責任能力なき者保護,20%,1,5,大幅縮小,フリードマン範囲外の社会保障は原則廃止
厚生労働省,厚生労働本省,健康増進対策費,国民健康保険特定健康診査・保健指導負担金,132,⑩責任能力なき者保護,20%,26,106,大幅縮小,フリードマン範囲外の社会保障は原則廃止
厚生労働省,厚生労働本省,健康危機管理推進費,社会保障関係情報化業務庁費,1,⑩責任能力なき者保護,20%,0,1,大幅縮小,フリードマン範囲外の社会保障は原則廃止
厚生労働省,厚生労働本省,健康危機管理推進費,医薬品買上費,1,⑩責任能力なき者保護,20%,0,1,大幅縮小,フリードマン範囲外の社会保障は原則廃止
厚生労働省,厚生労働本省,健康危機管理推進費,衛生関係指導者養成等委託費,2,⑩責任能力なき者保護,20%,0,2,大幅縮小,フリードマン範囲外の社会保障は原則廃止
厚生労働省,厚生労働本省,健康危機管理推進費,疾病予防対策事業費等補助金,3,⑩責任能力なき者保護,20%,1,2,大幅縮小,フリードマン範囲外の社会保障は原則廃止
厚生労働省,厚生労働本省,食品等安全確保対策費,食品等試験検査費,3,⑩責任能力なき者保護,20%,1,2,大幅縮小,フリードマン範囲外の社会保障は原則廃止
厚生労働省,厚生労働本省,食品等安全確保対策費,油症患者健康実態調査地方公共団体委託費,4,⑩責任能力なき者保護,20%,1,3,大幅縮小,フリードマン範囲外の社会保障は原則廃止
厚生労働省,厚生労働本省,食品等安全確保対策費,衛生関係指導者養成等委託費,1,⑩責任能力なき者保護,20%,0,1,大幅縮小,フリードマン範囲外の社会保障は原則廃止
厚生労働省,厚生労働本省,麻薬・覚醒剤等対策費,麻薬等乱用防止対策業務庁費,5,⑩責任能力なき者保護,20%,1,4,大幅縮小,フリードマン範囲外の社会保障は原則廃止
厚生労働省,厚生労働本省,麻薬・覚醒剤等対策費,保健福祉調査委託費,1,⑩責任能力なき者保護,20%,0,1,大幅縮小,フリードマン範囲外の社会保障は原則廃止
厚生労働省,厚生労働本省,麻薬・覚醒剤等対策費,国際連合薬物犯罪事務所拠出金,1,⑩責任能力なき者保護,20%,0,1,大幅縮小,フリードマン範囲外の社会保障は原則廃止
厚生労働省,厚生労働本省,化学物質安全対策費,医薬品審査等業務庁費,1,⑩責任能力なき者保護,20%,0,1,大幅縮小,フリードマン範囲外の社会保障は原則廃止
厚生労働省,厚生労働本省,化学物質安全対策費,家庭用品等試験検査費,2,⑩責任能力なき者保護,20%,0,2,大幅縮小,フリードマン範囲外の社会保障は原則廃止
厚生労働省,厚生労働本省,生活衛生対策費,生活衛生関係営業対策事業費補助金,12,⑩責任能力なき者保護,20%,2,10,大幅縮小,フリードマン範囲外の社会保障は原則廃止
厚生労働省,厚生労働本省,生活衛生対策費,株式会社日本政策金融公庫補給金,29,⑩責任能力なき者保護,20%,6,23,大幅縮小,フリードマン範囲外の社会保障は原則廃止
厚生労働省,厚生労働本省,労働条件確保・改善対策費,労働条件研究調査等委託費,2,⑩責任能力なき者保護,20%,0,2,大幅縮小,フリードマン範囲外の社会保障は原則廃止
厚生労働省,厚生労働本省,中小企業最低賃金引上げ支援対策費,諸謝金,1,⑩責任能力なき者保護,20%,0,1,大幅縮小,フリードマン範囲外の社会保障は原則廃止
厚生労働省,厚生労働本省,中小企業最低賃金引上げ支援対策費,労働条件研究調査等委託費,1,⑩責任能力なき者保護,20%,0,1,大幅縮小,フリードマン範囲外の社会保障は原則廃止
厚生労働省,厚生労働本省,中小企業最低賃金引上げ支援対策費,中小企業最低賃金引上げ支援対策費補助金,19,⑩責任能力なき者保護,20%,4,15,大幅縮小,フリードマン範囲外の社会保障は原則廃止
厚生労働省,厚生労働本省,特定石綿被害建設業務労働者等給付金等支給諸費,特定石綿被害建設業務労働者等給付金等支給業務庁費,2,⑩責任能力なき者保護,20%,0,2,大幅縮小,フリードマン範囲外の社会保障は原則廃止
厚生労働省,厚生労働本省,独立行政法人労働政策研究・研修機構運営費,独立行政法人労働政策研究・研修機構一般勘定運営費交付金,3,⑩責任能力なき者保護,20%,1,2,大幅縮小,フリードマン範囲外の社会保障は原則廃止
厚生労働省,厚生労働本省,男女均等雇用対策費,庁費,1,⑩責任能力なき者保護,20%,0,1,大幅縮小,フリードマン範囲外の社会保障は原則廃止
厚生労働省,厚生労働本省,高齢者等雇用安定・促進費,庁費,1,⑩責任能力なき者保護,20%,0,1,大幅縮小,フリードマン範囲外の社会保障は原則廃止
厚生労働省,厚生労働本省,高齢者等雇用安定・促進費,高齢者等雇用安定促進業務庁費,1,⑩責任能力なき者保護,20%,0,1,大幅縮小,フリードマン範囲外の社会保障は原則廃止
厚生労働省,厚生労働本省,高齢者等雇用安定・促進費,障害者等雇用安定促進業務庁費,1,⑩責任能力なき者保護,20%,0,1,縮小,重度障害者保護⑩として一部維持
厚生労働省,厚生労働本省,高齢者等雇用安定・促進費,厚生労働統計調査費,2,⑩責任能力なき者保護,20%,0,2,大幅縮小,フリードマン範囲外の社会保障は原則廃止
厚生労働省,厚生労働本省,高齢者等雇用安定・促進費,衛生関係指導者養成等委託費,1,⑩責任能力なき者保護,20%,0,1,大幅縮小,フリードマン範囲外の社会保障は原則廃止
厚生労働省,厚生労働本省,高齢者等雇用安定・促進費,高齢者等雇用環境整備委託費,2,⑩責任能力なき者保護,20%,0,2,大幅縮小,フリードマン範囲外の社会保障は原則廃止
厚生労働省,厚生労働本省,高齢者等雇用安定・促進費,高齢者等雇用安定促進事業委託費,3,⑩責任能力なき者保護,20%,1,2,大幅縮小,フリードマン範囲外の社会保障は原則廃止
厚生労働省,厚生労働本省,高齢者等雇用安定・促進費,毎月勤労統計調査委託費,10,⑩責任能力なき者保護,20%,2,8,大幅縮小,フリードマン範囲外の社会保障は原則廃止
厚生労働省,厚生労働本省,高齢者等雇用安定・促進費,高年齢者就業機会確保事業費等補助金,66,⑩責任能力なき者保護,20%,13,53,大幅縮小,フリードマン範囲外の社会保障は原則廃止
厚生労働省,厚生労働本省,失業等給付費等労働保険特別会計へ繰入,労働保険特別会計へ繰入,230,該当なし,0%,0,230,廃止,強制雇用保険廃止。NIT代替
厚生労働省,厚生労働本省,育児休業給付費等子ども・子育て支援特別会計へ繰入,育児休業給付費子ども・子育て支援特別会計へ繰入,1112,該当なし,0%,0,1112,廃止,企業・個人の問題
厚生労働省,厚生労働本省,育児休業給付費等子ども・子育て支援特別会計へ繰入,子ども・子育て支援特別会計へ繰入,1,該当なし,0%,0,1,廃止,企業・個人の問題
厚生労働省,厚生労働本省,就職支援法事業費労働保険特別会計へ繰入,労働保険特別会計へ繰入,47,⑩責任能力なき者保護,20%,9,38,大幅縮小,フリードマン範囲外の社会保障は原則廃止
厚生労働省,厚生労働本省,職業能力開発強化費,職業能力開発支援事業委託費,1,⑩責任能力なき者保護,20%,0,1,大幅縮小,フリードマン範囲外の社会保障は原則廃止
厚生労働省,厚生労働本省,職業能力開発強化費,職業転換訓練費交付金,34,⑩責任能力なき者保護,20%,7,27,大幅縮小,フリードマン範囲外の社会保障は原則廃止
厚生労働省,厚生労働本省,職業能力開発強化費,外国人技能実習機構交付金,17,⑩責任能力なき者保護,20%,3,14,大幅縮小,フリードマン範囲外の社会保障は原則廃止
厚生労働省,厚生労働本省,若年者等職業能力開発支援費,職業能力開発支援事業委託費,1,⑩責任能力なき者保護,20%,0,1,大幅縮小,フリードマン範囲外の社会保障は原則廃止
厚生労働省,厚生労働本省,障害者等職業能力開発支援費,障害者職業能力開発校運営委託費,29,⑩責任能力なき者保護,20%,6,23,縮小,重度障害者保護⑩として一部維持
厚生労働省,厚生労働本省,障害者等職業能力開発支援費,職業転換訓練費負担金,9,⑩責任能力なき者保護,20%,2,7,大幅縮小,フリードマン範囲外の社会保障は原則廃止
厚生労働省,厚生労働本省,独立行政法人高齢・障害・求職者雇用支援機構運営費,独立行政法人高齢・障害・求職者雇用支援機構障害者職業能力開発勘定運営費交付金,10,⑩責任能力なき者保護,20%,2,8,縮小,重度障害者保護⑩として一部維持
厚生労働省,厚生労働本省,生活保護等対策費,庁費,1,⑩責任能力なき者保護,70%,1,0,縮小（NIT一本化後）,⑩フリードマン支持の最後のセーフティネット
厚生労働省,厚生労働本省,生活保護等対策費,公的扶助資料調査費,2,⑩責任能力なき者保護,70%,1,1,縮小（NIT一本化後）,⑩フリードマン支持の最後のセーフティネット
厚生労働省,厚生労働本省,生活保護等対策費,公的扶助資料調査委託費,1,⑩責任能力なき者保護,70%,1,0,縮小（NIT一本化後）,⑩フリードマン支持の最後のセーフティネット
厚生労働省,厚生労働本省,生活保護等対策費,生活保護指導監査委託費,18,⑩責任能力なき者保護,70%,13,5,縮小（NIT一本化後）,⑩フリードマン支持の最後のセーフティネット
厚生労働省,厚生労働本省,生活保護等対策費,保健福祉調査委託費,1,⑩責任能力なき者保護,70%,1,0,縮小（NIT一本化後）,⑩フリードマン支持の最後のセーフティネット
厚生労働省,厚生労働本省,生活保護等対策費,自立相談支援事業従事者養成研修等委託費,8,⑩責任能力なき者保護,70%,6,2,縮小（NIT一本化後）,⑩フリードマン支持の最後のセーフティネット
厚生労働省,厚生労働本省,生活保護等対策費,女性自立支援事業費補助金,17,⑩責任能力なき者保護,70%,12,5,縮小（NIT一本化後）,⑩フリードマン支持の最後のセーフティネット
厚生労働省,厚生労働本省,生活保護等対策費,生活困窮者就労準備支援事業費等補助金,384,⑩責任能力なき者保護,70%,269,115,縮小（NIT一本化後）,⑩フリードマン支持の最後のセーフティネット
厚生労働省,厚生労働本省,生活保護等対策費,女性保護事業費負担金,11,⑩責任能力なき者保護,70%,8,3,縮小（NIT一本化後）,⑩フリードマン支持の最後のセーフティネット
厚生労働省,厚生労働本省,生活保護等対策費,生活扶助費等負担金,13160,⑩責任能力なき者保護,70%,9212,3948,縮小（NIT一本化後）,⑩フリードマン支持の最後のセーフティネット
厚生労働省,厚生労働本省,生活保護等対策費,医療扶助費等負担金,14390,⑩責任能力なき者保護,70%,10073,4317,縮小（NIT一本化後）,⑩フリードマン支持の最後のセーフティネット
厚生労働省,厚生労働本省,生活保護等対策費,介護扶助費等負担金,914,⑩責任能力なき者保護,70%,640,274,縮小（NIT一本化後）,⑩フリードマン支持の最後のセーフティネット
厚生労働省,厚生労働本省,生活保護等対策費,生活困窮者自立相談支援事業費等負担金,170,⑩責任能力なき者保護,70%,119,51,縮小（NIT一本化後）,⑩フリードマン支持の最後のセーフティネット
厚生労働省,厚生労働本省,生活保護等対策費,重層的支援体制整備事業交付金,434,⑩責任能力なき者保護,70%,304,130,縮小（NIT一本化後）,⑩フリードマン支持の最後のセーフティネット
厚生労働省,厚生労働本省,生活保護等対策費,地域福祉推進支援臨時特例交付金,1,⑩責任能力なき者保護,70%,1,0,縮小（NIT一本化後）,⑩フリードマン支持の最後のセーフティネット
厚生労働省,厚生労働本省,自殺対策費,庁費,1,⑩責任能力なき者保護,20%,0,1,大幅縮小,フリードマン範囲外の社会保障は原則廃止
厚生労働省,厚生労働本省,自殺対策費,自殺対策事業委託費,1,⑩責任能力なき者保護,20%,0,1,大幅縮小,フリードマン範囲外の社会保障は原則廃止
厚生労働省,厚生労働本省,自殺対策費,自殺対策費補助金,1,⑩責任能力なき者保護,20%,0,1,大幅縮小,フリードマン範囲外の社会保障は原則廃止
厚生労働省,厚生労働本省,自殺対策費,地域自殺対策強化交付金,33,⑩責任能力なき者保護,20%,7,26,大幅縮小,フリードマン範囲外の社会保障は原則廃止
厚生労働省,厚生労働本省,自殺対策費,調査研究等業務交付金,6,⑩責任能力なき者保護,20%,1,5,大幅縮小,フリードマン範囲外の社会保障は原則廃止
厚生労働省,厚生労働本省,社会福祉諸費,衛生関係指導者養成等委託費,1,⑩責任能力なき者保護,20%,0,1,大幅縮小,フリードマン範囲外の社会保障は原則廃止
厚生労働省,厚生労働本省,社会福祉諸費,社会事業学校等経営委託費,4,⑩責任能力なき者保護,20%,1,3,大幅縮小,フリードマン範囲外の社会保障は原則廃止
厚生労働省,厚生労働本省,社会福祉諸費,民間社会福祉事業助成費補助金,3,⑩責任能力なき者保護,20%,1,2,大幅縮小,フリードマン範囲外の社会保障は原則廃止
厚生労働省,厚生労働本省,社会福祉諸費,地方改善事業費補助金,36,⑩責任能力なき者保護,20%,7,29,大幅縮小,フリードマン範囲外の社会保障は原則廃止
厚生労働省,厚生労働本省,社会福祉諸費,社会福祉施設職員等退職手当共済事業給付費補助金,86,⑩責任能力なき者保護,20%,17,69,大幅縮小,フリードマン範囲外の社会保障は原則廃止
厚生労働省,厚生労働本省,社会福祉諸費,社会福祉振興助成費補助金,6,⑩責任能力なき者保護,20%,1,5,大幅縮小,フリードマン範囲外の社会保障は原則廃止
厚生労働省,厚生労働本省,社会福祉諸費,社会福祉事業施設等貸付事業利子補給金,23,⑩責任能力なき者保護,20%,5,18,大幅縮小,フリードマン範囲外の社会保障は原則廃止
厚生労働省,厚生労働本省,遺族及留守家族等援護費,遺族年金等支給業務庁費,1,⑩責任能力なき者保護,20%,0,1,縮小,遺族・孤児は⑩として一部維持
厚生労働省,厚生労働本省,遺族及留守家族等援護費,遺族及留守家族等援護事務委託費,17,⑩責任能力なき者保護,20%,3,14,縮小,遺族・孤児は⑩として一部維持
厚生労働省,厚生労働本省,遺族及留守家族等援護費,遺族等年金,21,⑩責任能力なき者保護,20%,4,17,縮小,遺族・孤児は⑩として一部維持
厚生労働省,厚生労働本省,戦没者慰霊事業費,戦没者追悼式参列旅費,1,⑩責任能力なき者保護,20%,0,1,大幅縮小,フリードマン範囲外の社会保障は原則廃止
厚生労働省,厚生労働本省,戦没者慰霊事業費,戦没者遺骨収集事業等旅費,1,⑩責任能力なき者保護,20%,0,1,大幅縮小,フリードマン範囲外の社会保障は原則廃止
厚生労働省,厚生労働本省,戦没者慰霊事業費,遺骨収集等庁費,2,⑩責任能力なき者保護,20%,0,2,大幅縮小,フリードマン範囲外の社会保障は原則廃止
厚生労働省,厚生労働本省,戦没者慰霊事業費,戦没者遺骨収集事業等庁費,18,⑩責任能力なき者保護,20%,4,14,大幅縮小,フリードマン範囲外の社会保障は原則廃止
厚生労働省,厚生労働本省,戦没者慰霊事業費,戦没者遺骨収集事業等委託費,15,⑩責任能力なき者保護,20%,3,12,大幅縮小,フリードマン範囲外の社会保障は原則廃止
厚生労働省,厚生労働本省,戦没者慰霊事業費,遺骨収集等派遣費補助金,2,⑩責任能力なき者保護,20%,0,2,大幅縮小,フリードマン範囲外の社会保障は原則廃止
厚生労働省,厚生労働本省,中国残留邦人等支援事業費,引揚者給与費,1,⑩責任能力なき者保護,20%,0,1,大幅縮小,フリードマン範囲外の社会保障は原則廃止
厚生労働省,厚生労働本省,中国残留邦人等支援事業費,引揚者援護費,1,⑩責任能力なき者保護,20%,0,1,大幅縮小,フリードマン範囲外の社会保障は原則廃止
厚生労働省,厚生労働本省,中国残留邦人等支援事業費,遺族及留守家族等援護事務委託費,9,⑩責任能力なき者保護,20%,2,7,縮小,遺族・孤児は⑩として一部維持
厚生労働省,厚生労働本省,恩給進達等実施費,旧軍関係調査等業務庁費,1,⑩責任能力なき者保護,20%,0,1,大幅縮小,フリードマン範囲外の社会保障は原則廃止
厚生労働省,厚生労働本省,独立行政法人国立重度知的障害者総合施設のぞみの園運営費,独立行政法人国立重度知的障害者総合施設のぞみの園運営費交付金,13,⑩責任能力なき者保護,20%,3,10,縮小,重度障害者保護⑩として一部維持
厚生労働省,厚生労働本省,特別障害給付金給付費年金特別会計へ繰入,年金特別会計へ繰入,22,⑩責任能力なき者保護,20%,4,18,大幅縮小,フリードマン範囲外の社会保障は原則廃止
厚生労働省,厚生労働本省,社会福祉施設整備費,地方改善施設整備費補助金,4,⑩責任能力なき者保護,20%,1,3,大幅縮小,フリードマン範囲外の社会保障は原則廃止
厚生労働省,厚生労働本省,社会福祉施設整備費,社会福祉施設等施設整備費補助金,40,⑩責任能力なき者保護,20%,8,32,大幅縮小,フリードマン範囲外の社会保障は原則廃止
厚生労働省,厚生労働本省,独立行政法人福祉医療機構運営費,独立行政法人福祉医療機構一般勘定運営費交付金,23,⑩責任能力なき者保護,20%,5,18,大幅縮小,フリードマン範囲外の社会保障は原則廃止
厚生労働省,厚生労働本省,独立行政法人福祉医療機構運営費,独立行政法人福祉医療機構共済勘定運営費交付金,7,⑩責任能力なき者保護,20%,1,6,大幅縮小,フリードマン範囲外の社会保障は原則廃止
厚生労働省,厚生労働本省,独立行政法人福祉医療機構運営費,独立行政法人福祉医療機構保険勘定運営費交付金,1,⑩責任能力なき者保護,20%,0,1,大幅縮小,フリードマン範囲外の社会保障は原則廃止
厚生労働省,厚生労働本省,障害保健福祉費,土地借料,1,⑩責任能力なき者保護,70%,1,0,縮小,⑩重度障害者保護を維持
厚生労働省,厚生労働本省,障害保健福祉費,心神喪失者等医療観察法入院等決定者医療費,186,⑩責任能力なき者保護,70%,130,56,縮小,⑩重度障害者保護を維持
厚生労働省,厚生労働本省,障害保健福祉費,身体障害者福祉促進事業委託費,5,⑩責任能力なき者保護,20%,1,4,縮小,重度障害者保護⑩として一部維持
厚生労働省,厚生労働本省,障害保健福祉費,国連・障害者の十年記念施設運営委託費,2,⑩責任能力なき者保護,20%,0,2,縮小,重度障害者保護⑩として一部維持
厚生労働省,厚生労働本省,障害保健福祉費,障害福祉サービス等調査委託費,1,⑩責任能力なき者保護,20%,0,1,縮小,重度障害者保護⑩として一部維持
厚生労働省,厚生労働本省,障害保健福祉費,障害保健関係人材養成研修等委託費,2,⑩責任能力なき者保護,20%,0,2,縮小,重度障害者保護⑩として一部維持
厚生労働省,厚生労働本省,障害保健福祉費,地域生活支援事業費等補助金,460,⑩責任能力なき者保護,70%,322,138,縮小,⑩重度障害者保護を維持
厚生労働省,厚生労働本省,障害保健福祉費,児童保護費等補助金,46,⑩責任能力なき者保護,70%,32,14,縮小,⑩重度障害者保護を維持
厚生労働省,厚生労働本省,障害保健福祉費,身体障害者福祉費補助金,6,⑩責任能力なき者保護,20%,1,5,縮小,重度障害者保護⑩として一部維持
厚生労働省,厚生労働本省,障害保健福祉費,精神障害者医療保護入院費補助金,2,⑩責任能力なき者保護,20%,0,2,縮小,重度障害者保護⑩として一部維持
厚生労働省,厚生労働本省,障害保健福祉費,障害者総合支援事業費補助金,24,⑩責任能力なき者保護,20%,5,19,縮小,重度障害者保護⑩として一部維持
厚生労働省,厚生労働本省,障害保健福祉費,精神保健対策費補助金,26,⑩責任能力なき者保護,70%,18,8,縮小,⑩重度障害者保護を維持
厚生労働省,厚生労働本省,障害保健福祉費,特別障害者手当等給付費負担金,481,⑩責任能力なき者保護,20%,96,385,縮小,重度障害者保護⑩として一部維持
厚生労働省,厚生労働本省,障害保健福祉費,身体障害者保護費負担金,24,⑩責任能力なき者保護,20%,5,19,縮小,重度障害者保護⑩として一部維持
厚生労働省,厚生労働本省,障害保健福祉費,障害者自立支援給付費負担金,18145,⑩責任能力なき者保護,20%,3629,14516,縮小,重度障害者保護⑩として一部維持
厚生労働省,厚生労働本省,障害保健福祉費,精神障害者措置入院費負担金,63,⑩責任能力なき者保護,20%,13,50,縮小,重度障害者保護⑩として一部維持
厚生労働省,厚生労働本省,障害保健福祉費,精神障害者措置入院移送費負担金,2,⑩責任能力なき者保護,20%,0,2,縮小,重度障害者保護⑩として一部維持
厚生労働省,厚生労働本省,障害保健福祉費,障害者医療費負担金,2809,⑩責任能力なき者保護,20%,562,2247,縮小,重度障害者保護⑩として一部維持
厚生労働省,厚生労働本省,障害保健福祉費,心神喪失者等医療観察法指定入院医療機関運営費負担金,3,⑩責任能力なき者保護,70%,2,1,縮小,⑩重度障害者保護を維持
厚生労働省,厚生労働本省,障害保健福祉費,心神喪失者等医療観察法指定入院医療機関施設整備費負担金,1,⑩責任能力なき者保護,70%,1,0,縮小,⑩重度障害者保護を維持
厚生労働省,厚生労働本省,障害保健福祉費,事務取扱交付金,17,⑩責任能力なき者保護,70%,12,5,縮小,⑩重度障害者保護を維持
厚生労働省,厚生労働本省,障害保健福祉費,重層的支援体制整備事業交付金,44,⑩責任能力なき者保護,70%,31,13,縮小,⑩重度障害者保護を維持
厚生労働省,厚生労働本省,障害保健福祉費,特別児童扶養手当給付費,1716,⑩責任能力なき者保護,70%,1201,515,縮小,⑩重度障害者保護を維持
厚生労働省,厚生労働本省,公的年金制度等運営諸費,社会保障関係情報化業務庁費,2,該当なし,0%,0,2,廃止,年金廃止に伴い不要
厚生労働省,厚生労働本省,公的年金制度等運営諸費,年金生活者支援給付金支給業務庁費,1,該当なし,0%,0,1,廃止,年金廃止に伴い不要
厚生労働省,厚生労働本省,公的年金制度等運営諸費,年金生活者支援給付金支給情報処理業務庁費,4,該当なし,0%,0,4,廃止,年金廃止に伴い不要
厚生労働省,厚生労働本省,公的年金制度等運営諸費,年金生活者支援給付金支給業務市町村事務取扱交付金,9,該当なし,0%,0,9,廃止,年金廃止に伴い不要
厚生労働省,厚生労働本省,公的年金制度等運営諸費,年金生活者支援給付金支給業務日本年金機構事務取扱交付金,52,該当なし,0%,0,52,廃止,年金廃止に伴い不要
厚生労働省,厚生労働本省,公的年金制度等運営諸費,年金生活者支援給付金給付費,4717,該当なし,0%,0,4717,廃止,年金廃止に伴い不要
厚生労働省,厚生労働本省,基礎年金拠出金等年金特別会計へ繰入,年金特別会計へ繰入,2138,該当なし,0%,0,2138,廃止（NIT移行）,強制年金廃止。NIT代替
厚生労働省,厚生労働本省,基礎年金拠出金等年金特別会計へ繰入,福祉年金等年金特別会計へ繰入,2,該当なし,0%,0,2,廃止（NIT移行）,強制年金廃止。NIT代替
厚生労働省,厚生労働本省,基礎年金拠出金等年金特別会計へ繰入,基礎年金年金特別会計へ繰入,131305,該当なし,0%,0,131305,廃止（NIT移行）,強制年金廃止。NIT代替
厚生労働省,厚生労働本省,私的年金制度整備運営費,国民年金基金等給付費負担金,48,⑩責任能力なき者保護,20%,10,38,大幅縮小,フリードマン範囲外の社会保障は原則廃止
厚生労働省,厚生労働本省,高齢者日常生活支援等推進費,老人保健事業推進費等補助金,24,⑩責任能力なき者保護,20%,5,19,大幅縮小,⑩重度のみ
厚生労働省,厚生労働本省,高齢者日常生活支援等推進費,在宅福祉事業費補助金,23,⑩責任能力なき者保護,20%,5,18,大幅縮小,⑩重度のみ
厚生労働省,厚生労働本省,高齢者日常生活支援等推進費,高齢者福祉推進事業費補助金,1,⑩責任能力なき者保護,20%,0,1,大幅縮小,⑩重度のみ
厚生労働省,厚生労働本省,高齢者日常生活支援等推進費,地域支援事業交付金,1442,⑩責任能力なき者保護,20%,288,1154,大幅縮小,⑩重度のみ
厚生労働省,厚生労働本省,高齢者日常生活支援等推進費,重層的支援体制整備事業交付金,365,⑩責任能力なき者保護,20%,73,292,大幅縮小,⑩重度のみ
厚生労働省,厚生労働本省,介護保険制度運営推進費,庁費,1,⑩責任能力なき者保護,20%,0,1,大幅縮小,⑩重度要介護者のみ
厚生労働省,厚生労働本省,介護保険制度運営推進費,要介護認定調査委託費,15,⑩責任能力なき者保護,20%,3,12,大幅縮小,⑩重度要介護者のみ
厚生労働省,厚生労働本省,介護保険制度運営推進費,介護保険事業費補助金,43,⑩責任能力なき者保護,20%,9,34,大幅縮小,⑩重度要介護者のみ
厚生労働省,厚生労働本省,介護保険制度運営推進費,介護保険関係業務費補助金,7,⑩責任能力なき者保護,20%,1,6,大幅縮小,⑩重度要介護者のみ
厚生労働省,厚生労働本省,介護保険制度運営推進費,全国健康保険協会介護納付金補助金,1,⑩責任能力なき者保護,20%,0,1,大幅縮小,⑩重度要介護者のみ
厚生労働省,厚生労働本省,介護保険制度運営推進費,国民健康保険組合介護納付金補助金,213,⑩責任能力なき者保護,20%,43,170,大幅縮小,⑩重度要介護者のみ
厚生労働省,厚生労働本省,介護保険制度運営推進費,介護給付費等負担金,25400,⑩責任能力なき者保護,20%,5080,20320,大幅縮小,⑩重度要介護者のみ
厚生労働省,厚生労働本省,介護保険制度運営推進費,国民健康保険介護納付金負担金,1728,⑩責任能力なき者保護,20%,346,1382,大幅縮小,⑩重度要介護者のみ
厚生労働省,厚生労働本省,介護保険制度運営推進費,介護給付費財政調整交付金,6771,⑩責任能力なき者保護,20%,1354,5417,大幅縮小,⑩重度要介護者のみ
厚生労働省,厚生労働本省,介護保険制度運営推進費,国民健康保険介護納付金財政調整交付金,486,⑩責任能力なき者保護,20%,97,389,大幅縮小,⑩重度要介護者のみ
厚生労働省,厚生労働本省,介護保険制度運営推進費,医療介護提供体制改革推進交付金,287,⑩責任能力なき者保護,20%,57,230,大幅縮小,⑩重度要介護者のみ
厚生労働省,厚生労働本省,介護保険制度運営推進費,地域介護・福祉空間整備等施設整備交付金,12,⑩責任能力なき者保護,20%,2,10,大幅縮小,⑩重度要介護者のみ
厚生労働省,厚生労働本省,介護保険制度運営推進費,保険者機能強化推進交付金,95,⑩責任能力なき者保護,20%,19,76,大幅縮小,⑩重度要介護者のみ
厚生労働省,厚生労働本省,介護保険制度運営推進費,介護保険保険者努力支援交付金,200,⑩責任能力なき者保護,20%,40,160,大幅縮小,⑩重度要介護者のみ
厚生労働省,厚生労働本省,業務取扱費年金特別会計へ繰入,年金特別会計へ繰入,1159,⑩責任能力なき者保護,20%,232,927,大幅縮小,フリードマン範囲外の社会保障は原則廃止
厚生労働省,厚生労働本省,国際機関活動推進費,政府開発援助国際労働機関分担金,7,⑩責任能力なき者保護,20%,1,6,大幅縮小,フリードマン範囲外の社会保障は原則廃止
厚生労働省,厚生労働本省,国際機関活動推進費,国際労働機関分担金,39,⑩責任能力なき者保護,20%,8,31,大幅縮小,フリードマン範囲外の社会保障は原則廃止
厚生労働省,厚生労働本省,国際機関活動推進費,政府開発援助世界保健機関分担金,32,⑩責任能力なき者保護,20%,6,26,大幅縮小,フリードマン範囲外の社会保障は原則廃止
厚生労働省,厚生労働本省,国際機関活動推進費,世界保健機関分担金,10,⑩責任能力なき者保護,20%,2,8,大幅縮小,フリードマン範囲外の社会保障は原則廃止
厚生労働省,厚生労働本省,国際機関活動推進費,国際がん研究機関等分担金,4,⑩責任能力なき者保護,20%,1,3,大幅縮小,フリードマン範囲外の社会保障は原則廃止
厚生労働省,厚生労働本省,国際機関活動推進費,政府開発援助国際労働機関拠出金,1,⑩責任能力なき者保護,20%,0,1,大幅縮小,フリードマン範囲外の社会保障は原則廃止
厚生労働省,厚生労働本省,国際機関活動推進費,国際労働機関拠出金,4,⑩責任能力なき者保護,20%,1,3,大幅縮小,フリードマン範囲外の社会保障は原則廃止
厚生労働省,厚生労働本省,国際機関活動推進費,政府開発援助世界保健機関等拠出金,72,⑩責任能力なき者保護,20%,14,58,大幅縮小,フリードマン範囲外の社会保障は原則廃止
厚生労働省,厚生労働本省,国際機関活動推進費,経済協力開発機構等拠出金,1,⑩責任能力なき者保護,20%,0,1,大幅縮小,フリードマン範囲外の社会保障は原則廃止
厚生労働省,厚生労働本省,国際機関活動推進費,グローバル抗菌薬研究開発パートナーシップ拠出金,1,⑩責任能力なき者保護,20%,0,1,大幅縮小,フリードマン範囲外の社会保障は原則廃止
厚生労働省,厚生労働本省,国際機関活動推進費,感染症流行対策イノベーション連合拠出金,6,⑩責任能力なき者保護,20%,1,5,大幅縮小,フリードマン範囲外の社会保障は原則廃止
厚生労働省,厚生労働本省,国際機関活動推進費,薬剤耐性菌対策バイオ製薬アクセラレーター拠出金,1,⑩責任能力なき者保護,20%,0,1,大幅縮小,フリードマン範囲外の社会保障は原則廃止
厚生労働省,厚生労働本省,国際協力費,政府開発援助難民救援業務委託費,1,⑩責任能力なき者保護,20%,0,1,大幅縮小,フリードマン範囲外の社会保障は原則廃止
厚生労働省,厚生労働本省,国際協力費,政府開発援助外国人留学生受入事業等委託費,1,⑩責任能力なき者保護,20%,0,1,大幅縮小,フリードマン範囲外の社会保障は原則廃止
厚生労働省,厚生労働本省,国際協力費,政府開発援助アジア労働技術協力費等補助金,1,⑩責任能力なき者保護,20%,0,1,大幅縮小,フリードマン範囲外の社会保障は原則廃止
厚生労働省,厚生労働本省,厚生労働調査研究等推進費,厚生労働統計調査費,12,⑩責任能力なき者保護,20%,2,10,大幅縮小,フリードマン範囲外の社会保障は原則廃止
厚生労働省,厚生労働本省,厚生労働調査研究等推進費,国民生活基礎調査等委託費,20,⑩責任能力なき者保護,20%,4,16,大幅縮小,フリードマン範囲外の社会保障は原則廃止
厚生労働省,厚生労働本省,厚生労働調査研究等推進費,厚生労働科学研究費補助金,57,⑩責任能力なき者保護,20%,11,46,大幅縮小,フリードマン範囲外の社会保障は原則廃止
厚生労働省,厚生労働本省,厚生労働調査研究等推進費,医療研究開発推進事業費補助金,358,⑩責任能力なき者保護,20%,72,286,大幅縮小,フリードマン範囲外の社会保障は原則廃止
厚生労働省,厚生労働本省,厚生労働調査研究等推進費,厚生労働行政推進調査事業費補助金,36,⑩責任能力なき者保護,20%,7,29,大幅縮小,フリードマン範囲外の社会保障は原則廃止
厚生労働省,厚生労働本省,厚生労働調査研究等推進費,保健衛生医療調査等推進事業費補助金,119,⑩責任能力なき者保護,20%,24,95,大幅縮小,フリードマン範囲外の社会保障は原則廃止
厚生労働省,厚生労働本省,厚生労働調査研究等推進費,革新的研究開発推進基金補助金,1,⑩責任能力なき者保護,20%,0,1,大幅縮小,フリードマン範囲外の社会保障は原則廃止
厚生労働省,厚生労働本省,国立研究開発法人医薬基盤・健康・栄養研究所運営費,国立研究開発法人医薬基盤・健康・栄養研究所運営費交付金,38,⑩責任能力なき者保護,20%,8,30,大幅縮小,フリードマン範囲外の社会保障は原則廃止
厚生労働省,厚生労働本省,国立研究開発法人医薬基盤・健康・栄養研究所施設整備費,国立研究開発法人医薬基盤・健康・栄養研究所施設整備費補助金,2,⑩責任能力なき者保護,20%,0,2,大幅縮小,フリードマン範囲外の社会保障は原則廃止
厚生労働省,検疫所,検疫所共通費,職員基本給,59,⑨外部効果克服,100%,59,0,維持,⑨外部効果（感染症侵入阻止）
厚生労働省,検疫所,検疫所共通費,職員諸手当,34,⑨外部効果克服,100%,34,0,維持,⑨外部効果（感染症侵入阻止）
厚生労働省,検疫所,検疫所共通費,超過勤務手当,5,⑨外部効果克服,100%,5,0,維持,⑨外部効果（感染症侵入阻止）
厚生労働省,検疫所,検疫所共通費,短時間勤務職員給与,3,⑨外部効果克服,100%,3,0,維持,⑨外部効果（感染症侵入阻止）
厚生労働省,検疫所,検疫所共通費,庁費,4,⑨外部効果克服,100%,4,0,維持,⑨外部効果（感染症侵入阻止）
厚生労働省,検疫所,検疫所共通費,公共施設等維持管理運営費,3,⑨外部効果克服,100%,3,0,維持,⑨外部効果（感染症侵入阻止）
厚生労働省,検疫所,検疫所施設費,不動産購入費,1,⑨外部効果克服,100%,1,0,維持,⑨外部効果（感染症侵入阻止）
厚生労働省,検疫所,検疫業務等実施費,検疫旅費,1,⑨外部効果克服,100%,1,0,維持,⑨外部効果（感染症侵入阻止）
厚生労働省,検疫所,検疫業務等実施費,検疫庁費,16,⑨外部効果克服,100%,16,0,維持,⑨外部効果（感染症侵入阻止）
厚生労働省,検疫所,検疫業務等実施費,土地建物借料,3,⑨外部効果克服,100%,3,0,維持,⑨外部効果（感染症侵入阻止）
厚生労働省,検疫所,輸入食品検査業務実施費,検疫庁費,1,⑩責任能力なき者保護,20%,0,1,大幅縮小,フリードマン範囲外の社会保障は原則廃止
厚生労働省,検疫所,輸入食品検査業務実施費,食品試験検査費,18,⑩責任能力なき者保護,20%,4,14,大幅縮小,フリードマン範囲外の社会保障は原則廃止
厚生労働省,国立ハンセン病療養所,国立ハンセン病療養所共通費,職員基本給,102,⑩責任能力なき者保護,20%,20,82,大幅縮小,フリードマン範囲外の社会保障は原則廃止
厚生労働省,国立ハンセン病療養所,国立ハンセン病療養所共通費,職員諸手当,56,⑩責任能力なき者保護,20%,11,45,大幅縮小,フリードマン範囲外の社会保障は原則廃止
厚生労働省,国立ハンセン病療養所,国立ハンセン病療養所共通費,超過勤務手当,9,⑩責任能力なき者保護,20%,2,7,大幅縮小,フリードマン範囲外の社会保障は原則廃止
厚生労働省,国立ハンセン病療養所,国立ハンセン病療養所共通費,非常勤職員手当,1,⑩責任能力なき者保護,20%,0,1,大幅縮小,フリードマン範囲外の社会保障は原則廃止
厚生労働省,国立ハンセン病療養所,国立ハンセン病療養所共通費,短時間勤務職員給与,13,⑩責任能力なき者保護,20%,3,10,大幅縮小,フリードマン範囲外の社会保障は原則廃止
厚生労働省,国立ハンセン病療養所,国立ハンセン病療養所共通費,児童手当,2,⑩責任能力なき者保護,20%,0,2,大幅縮小,フリードマン範囲外の社会保障は原則廃止
厚生労働省,国立ハンセン病療養所,国立ハンセン病療養所共通費,庁費,2,⑩責任能力なき者保護,20%,0,2,大幅縮小,フリードマン範囲外の社会保障は原則廃止
厚生労働省,国立ハンセン病療養所,国立ハンセン病療養所共通費,各所修繕,1,⑩責任能力なき者保護,20%,0,1,大幅縮小,フリードマン範囲外の社会保障は原則廃止
厚生労働省,国立ハンセン病療養所,国立ハンセン病療養所施設費,施設施工庁費,1,⑩責任能力なき者保護,20%,0,1,大幅縮小,フリードマン範囲外の社会保障は原則廃止
厚生労働省,国立ハンセン病療養所,国立ハンセン病療養所施設費,施設整備費,22,⑩責任能力なき者保護,20%,4,18,大幅縮小,フリードマン範囲外の社会保障は原則廃止
厚生労働省,国立ハンセン病療養所,国立ハンセン病療養所運営費,諸謝金,2,⑩責任能力なき者保護,20%,0,2,大幅縮小,フリードマン範囲外の社会保障は原則廃止
厚生労働省,国立ハンセン病療養所,国立ハンセン病療養所運営費,入所者給与金,1,⑩責任能力なき者保護,20%,0,1,大幅縮小,フリードマン範囲外の社会保障は原則廃止
厚生労働省,国立ハンセン病療養所,国立ハンセン病療養所運営費,入所者療養諸費,80,⑩責任能力なき者保護,20%,16,64,大幅縮小,フリードマン範囲外の社会保障は原則廃止
厚生労働省,国立ハンセン病療養所,国立ハンセン病療養所運営費,医療機器整備費,4,⑩責任能力なき者保護,20%,1,3,大幅縮小,フリードマン範囲外の社会保障は原則廃止
厚生労働省,国立ハンセン病療養所,国立ハンセン病療養所運営費,医薬品等購入費,9,⑩責任能力なき者保護,20%,2,7,大幅縮小,フリードマン範囲外の社会保障は原則廃止
厚生労働省,国立ハンセン病療養所,国立ハンセン病療養所運営費,入所者食糧費,5,⑩責任能力なき者保護,20%,1,4,大幅縮小,フリードマン範囲外の社会保障は原則廃止
厚生労働省,厚生労働本省試験研究機関,厚生労働本省試験研究所共通費,職員基本給,24,⑩責任能力なき者保護,20%,5,19,大幅縮小,フリードマン範囲外の社会保障は原則廃止
厚生労働省,厚生労働本省試験研究機関,厚生労働本省試験研究所共通費,職員諸手当,13,⑩責任能力なき者保護,20%,3,10,大幅縮小,フリードマン範囲外の社会保障は原則廃止
厚生労働省,厚生労働本省試験研究機関,厚生労働本省試験研究所共通費,超過勤務手当,1,⑩責任能力なき者保護,20%,0,1,大幅縮小,フリードマン範囲外の社会保障は原則廃止
厚生労働省,厚生労働本省試験研究機関,厚生労働本省試験研究所共通費,短時間勤務職員給与,1,⑩責任能力なき者保護,20%,0,1,大幅縮小,フリードマン範囲外の社会保障は原則廃止
厚生労働省,厚生労働本省試験研究機関,厚生労働本省試験研究所共通費,庁費,3,⑩責任能力なき者保護,20%,1,2,大幅縮小,フリードマン範囲外の社会保障は原則廃止
厚生労働省,厚生労働本省試験研究機関,厚生労働本省試験研究所共通費,土地建物借料,2,⑩責任能力なき者保護,20%,0,2,大幅縮小,フリードマン範囲外の社会保障は原則廃止
厚生労働省,厚生労働本省試験研究機関,厚生労働本省試験研究所試験研究費,庁費,1,⑩責任能力なき者保護,20%,0,1,大幅縮小,フリードマン範囲外の社会保障は原則廃止
厚生労働省,厚生労働本省試験研究機関,厚生労働本省試験研究所試験研究費,試験研究費,15,⑩責任能力なき者保護,20%,3,12,大幅縮小,フリードマン範囲外の社会保障は原則廃止
厚生労働省,国立障害者リハビリテーションセンター,国立障害者リハビリテーションセンター共通費,職員基本給,28,⑩責任能力なき者保護,20%,6,22,大幅縮小,フリードマン範囲外の社会保障は原則廃止
厚生労働省,国立障害者リハビリテーションセンター,国立障害者リハビリテーションセンター共通費,職員諸手当,14,⑩責任能力なき者保護,20%,3,11,大幅縮小,フリードマン範囲外の社会保障は原則廃止
厚生労働省,国立障害者リハビリテーションセンター,国立障害者リハビリテーションセンター共通費,超過勤務手当,2,⑩責任能力なき者保護,20%,0,2,大幅縮小,フリードマン範囲外の社会保障は原則廃止
厚生労働省,国立障害者リハビリテーションセンター,国立障害者リハビリテーションセンター共通費,短時間勤務職員給与,1,⑩責任能力なき者保護,20%,0,1,大幅縮小,フリードマン範囲外の社会保障は原則廃止
厚生労働省,国立障害者リハビリテーションセンター,国立障害者リハビリテーションセンター共通費,庁費,9,⑩責任能力なき者保護,20%,2,7,大幅縮小,フリードマン範囲外の社会保障は原則廃止
厚生労働省,国立障害者リハビリテーションセンター,国立障害者リハビリテーションセンター施設費,施設整備費,1,⑩責任能力なき者保護,20%,0,1,大幅縮小,フリードマン範囲外の社会保障は原則廃止
厚生労働省,国立障害者リハビリテーションセンター,国立障害者リハビリテーションセンター運営費,非常勤職員手当,1,⑩責任能力なき者保護,20%,0,1,大幅縮小,フリードマン範囲外の社会保障は原則廃止
厚生労働省,国立障害者リハビリテーションセンター,国立障害者リハビリテーションセンター運営費,諸謝金,2,⑩責任能力なき者保護,20%,0,2,大幅縮小,フリードマン範囲外の社会保障は原則廃止
厚生労働省,国立障害者リハビリテーションセンター,国立障害者リハビリテーションセンター運営費,更生援護庁費,11,⑩責任能力なき者保護,20%,2,9,大幅縮小,フリードマン範囲外の社会保障は原則廃止
厚生労働省,国立障害者リハビリテーションセンター,国立障害者リハビリテーションセンター運営費,医療機器整備費,1,⑩責任能力なき者保護,20%,0,1,大幅縮小,フリードマン範囲外の社会保障は原則廃止
厚生労働省,国立障害者リハビリテーションセンター,国立障害者リハビリテーションセンター運営費,入所施設器材整備費,1,⑩責任能力なき者保護,20%,0,1,大幅縮小,フリードマン範囲外の社会保障は原則廃止
厚生労働省,国立障害者リハビリテーションセンター,国立障害者リハビリテーションセンター運営費,医薬品等購入費,1,⑩責任能力なき者保護,20%,0,1,大幅縮小,フリードマン範囲外の社会保障は原則廃止
厚生労働省,国立障害者リハビリテーションセンター,国立障害者リハビリテーションセンター運営費,入所者食糧費,1,⑩責任能力なき者保護,20%,0,1,大幅縮小,フリードマン範囲外の社会保障は原則廃止
厚生労働省,国立障害者リハビリテーションセンター,国立障害者リハビリテーションセンター運営費,義肢製作原材料費,1,⑩責任能力なき者保護,20%,0,1,大幅縮小,フリードマン範囲外の社会保障は原則廃止
厚生労働省,地方厚生局,地方厚生局共通費,職員基本給,83,⑩責任能力なき者保護,20%,17,66,大幅縮小,フリードマン範囲外の社会保障は原則廃止
厚生労働省,地方厚生局,地方厚生局共通費,職員諸手当,45,⑩責任能力なき者保護,20%,9,36,大幅縮小,フリードマン範囲外の社会保障は原則廃止
厚生労働省,地方厚生局,地方厚生局共通費,超過勤務手当,6,⑩責任能力なき者保護,20%,1,5,大幅縮小,フリードマン範囲外の社会保障は原則廃止
厚生労働省,地方厚生局,地方厚生局共通費,短時間勤務職員給与,3,⑩責任能力なき者保護,20%,1,2,大幅縮小,フリードマン範囲外の社会保障は原則廃止
厚生労働省,地方厚生局,地方厚生局共通費,児童手当,1,⑩責任能力なき者保護,20%,0,1,大幅縮小,フリードマン範囲外の社会保障は原則廃止
厚生労働省,地方厚生局,地方厚生局共通費,庁費,5,⑩責任能力なき者保護,20%,1,4,大幅縮小,フリードマン範囲外の社会保障は原則廃止
厚生労働省,地方厚生局,地方厚生局共通費,移転費,2,⑩責任能力なき者保護,20%,0,2,大幅縮小,フリードマン範囲外の社会保障は原則廃止
厚生労働省,地方厚生局,地方厚生局共通費,土地建物借料,4,⑩責任能力なき者保護,20%,1,3,大幅縮小,フリードマン範囲外の社会保障は原則廃止
厚生労働省,地方厚生局,地方厚生局施設費,施設整備費,1,⑩責任能力なき者保護,20%,0,1,大幅縮小,フリードマン範囲外の社会保障は原則廃止
厚生労働省,地方厚生局,保険医療機関等指導監督等実施費,保険医療機関等指導監督等諸謝金,5,⑩責任能力なき者保護,20%,1,4,大幅縮小,フリードマン範囲外の社会保障は原則廃止
厚生労働省,地方厚生局,保険医療機関等指導監督等実施費,保険医療機関等指導監督等業務庁費,8,⑩責任能力なき者保護,20%,2,6,大幅縮小,フリードマン範囲外の社会保障は原則廃止
厚生労働省,地方厚生局,医師等国家試験実施費,医師等国家試験業務庁費,13,⑩責任能力なき者保護,20%,3,10,大幅縮小,フリードマン範囲外の社会保障は原則廃止
厚生労働省,地方厚生局,麻薬・覚醒剤等対策費,麻薬等乱用防止対策旅費,1,⑩責任能力なき者保護,20%,0,1,大幅縮小,フリードマン範囲外の社会保障は原則廃止
厚生労働省,地方厚生局,麻薬・覚醒剤等対策費,麻薬等乱用防止対策業務庁費,5,⑩責任能力なき者保護,20%,1,4,大幅縮小,フリードマン範囲外の社会保障は原則廃止
厚生労働省,地方厚生局,麻薬・覚醒剤等対策費,麻薬等乱用防止対策活動費,1,⑩責任能力なき者保護,20%,0,1,大幅縮小,フリードマン範囲外の社会保障は原則廃止
厚生労働省,地方厚生局,医療観察等実施費,心神喪失者等医療観察法入院決定者移送費,1,⑩責任能力なき者保護,20%,0,1,大幅縮小,フリードマン範囲外の社会保障は原則廃止
厚生労働省,都道府県労働局,都道府県労働局共通費,職員基本給,556,⑩責任能力なき者保護,20%,111,445,大幅縮小,フリードマン範囲外の社会保障は原則廃止
厚生労働省,都道府県労働局,都道府県労働局共通費,職員諸手当,304,⑩責任能力なき者保護,20%,61,243,大幅縮小,フリードマン範囲外の社会保障は原則廃止
厚生労働省,都道府県労働局,都道府県労働局共通費,超過勤務手当,30,⑩責任能力なき者保護,20%,6,24,大幅縮小,フリードマン範囲外の社会保障は原則廃止
厚生労働省,都道府県労働局,都道府県労働局共通費,統計調査員手当,1,⑩責任能力なき者保護,20%,0,1,大幅縮小,フリードマン範囲外の社会保障は原則廃止
厚生労働省,都道府県労働局,都道府県労働局共通費,短時間勤務職員給与,23,⑩責任能力なき者保護,20%,5,18,大幅縮小,フリードマン範囲外の社会保障は原則廃止
厚生労働省,都道府県労働局,都道府県労働局共通費,児童手当,7,⑩責任能力なき者保護,20%,1,6,大幅縮小,フリードマン範囲外の社会保障は原則廃止
厚生労働省,都道府県労働局,都道府県労働局共通費,職員旅費,1,⑩責任能力なき者保護,20%,0,1,大幅縮小,フリードマン範囲外の社会保障は原則廃止
厚生労働省,都道府県労働局,都道府県労働局共通費,庁費,10,⑩責任能力なき者保護,20%,2,8,大幅縮小,フリードマン範囲外の社会保障は原則廃止
厚生労働省,都道府県労働局,都道府県労働局共通費,移転費,3,⑩責任能力なき者保護,20%,1,2,大幅縮小,フリードマン範囲外の社会保障は原則廃止
厚生労働省,都道府県労働局,都道府県労働局施設費,施設整備費,1,⑩責任能力なき者保護,20%,0,1,大幅縮小,フリードマン範囲外の社会保障は原則廃止
厚生労働省,都道府県労働局,労働条件確保・改善対策費,委員手当,2,⑩責任能力なき者保護,20%,0,2,大幅縮小,フリードマン範囲外の社会保障は原則廃止
厚生労働省,都道府県労働局,労働条件確保・改善対策費,諸謝金,4,⑩責任能力なき者保護,20%,1,3,大幅縮小,フリードマン範囲外の社会保障は原則廃止
厚生労働省,都道府県労働局,労働条件確保・改善対策費,庁費,1,⑩責任能力なき者保護,20%,0,1,大幅縮小,フリードマン範囲外の社会保障は原則廃止
厚生労働省,都道府県労働局,男女均等雇用対策費,雇用均等行政特別協助員手当,1,⑩責任能力なき者保護,20%,0,1,大幅縮小,フリードマン範囲外の社会保障は原則廃止
厚生労働省,都道府県労働局,男女均等雇用対策費,諸謝金,1,⑩責任能力なき者保護,20%,0,1,大幅縮小,フリードマン範囲外の社会保障は原則廃止
厚生労働省,都道府県労働局,個別労働紛争対策費,委員手当,1,⑩責任能力なき者保護,20%,0,1,大幅縮小,フリードマン範囲外の社会保障は原則廃止
厚生労働省,都道府県労働局,高齢者等雇用安定・促進費,諸謝金,3,⑩責任能力なき者保護,20%,1,2,大幅縮小,フリードマン範囲外の社会保障は原則廃止
厚生労働省,都道府県労働局,高齢者等雇用安定・促進費,障害者等雇用安定促進業務諸謝金,18,⑩責任能力なき者保護,20%,4,14,縮小,重度障害者保護⑩として一部維持
厚生労働省,都道府県労働局,高齢者等雇用安定・促進費,高齢者等雇用安定促進業務庁費,2,⑩責任能力なき者保護,20%,0,2,大幅縮小,フリードマン範囲外の社会保障は原則廃止
厚生労働省,都道府県労働局,高齢者等雇用安定・促進費,障害者等雇用安定促進業務庁費,3,⑩責任能力なき者保護,20%,1,2,縮小,重度障害者保護⑩として一部維持
厚生労働省,都道府県労働局,高齢者等雇用安定・促進費,土地建物借料,3,⑩責任能力なき者保護,20%,1,2,大幅縮小,フリードマン範囲外の社会保障は原則廃止
厚生労働省,都道府県労働局,若年者等職業能力開発支援費,職業能力開発支援事業委託費,9,⑩責任能力なき者保護,20%,2,7,大幅縮小,フリードマン範囲外の社会保障は原則廃止
厚生労働省,中央労働委員会,中央労働委員会共通費,職員基本給,7,⑩責任能力なき者保護,20%,1,6,大幅縮小,フリードマン範囲外の社会保障は原則廃止
厚生労働省,中央労働委員会,中央労働委員会共通費,職員諸手当,4,⑩責任能力なき者保護,20%,1,3,大幅縮小,フリードマン範囲外の社会保障は原則廃止
厚生労働省,中央労働委員会,中央労働委員会共通費,短時間勤務職員給与,1,⑩責任能力なき者保護,20%,0,1,大幅縮小,フリードマン範囲外の社会保障は原則廃止
厚生労働省,中央労働委員会,中央労働委員会共通費,庁費,1,⑩責任能力なき者保護,20%,0,1,大幅縮小,フリードマン範囲外の社会保障は原則廃止
厚生労働省,中央労働委員会,労使関係等安定形成促進費,委員手当,2,⑩責任能力なき者保護,20%,0,2,大幅縮小,フリードマン範囲外の社会保障は原則廃止
厚生労働省,中央労働委員会,労使関係等安定形成促進費,庁費,1,⑩責任能力なき者保護,20%,0,1,大幅縮小,フリードマン範囲外の社会保障は原則廃止
農林水産省,農林水産本省,農林水産本省共通費,職員基本給,195,該当なし,0%,0,195,廃止（農業補助廃止）,農業補助金廃止。比較優位に反する
農林水産省,農林水産本省,農林水産本省共通費,職員諸手当,111,該当なし,0%,0,111,廃止（農業補助廃止）,農業補助金廃止。比較優位に反する
農林水産省,農林水産本省,農林水産本省共通費,超過勤務手当,36,該当なし,0%,0,36,廃止（農業補助廃止）,農業補助金廃止。比較優位に反する
農林水産省,農林水産本省,農林水産本省共通費,非常勤職員手当,2,該当なし,0%,0,2,廃止（農業補助廃止）,農業補助金廃止。比較優位に反する
農林水産省,農林水産本省,農林水産本省共通費,休職者給与,5,該当なし,0%,0,5,廃止（農業補助廃止）,農業補助金廃止。比較優位に反する
農林水産省,農林水産本省,農林水産本省共通費,国際機関等派遣職員給与,3,該当なし,0%,0,3,廃止（農業補助廃止）,農業補助金廃止。比較優位に反する
農林水産省,農林水産本省,農林水産本省共通費,短時間勤務職員給与,4,該当なし,0%,0,4,廃止（農業補助廃止）,農業補助金廃止。比較優位に反する
農林水産省,農林水産本省,農林水産本省共通費,公務災害補償費,4,該当なし,0%,0,4,廃止（農業補助廃止）,農業補助金廃止。比較優位に反する
農林水産省,農林水産本省,農林水産本省共通費,退職手当,192,該当なし,0%,0,192,廃止（農業補助廃止）,農業補助金廃止。比較優位に反する
農林水産省,農林水産本省,農林水産本省共通費,児童手当,2,該当なし,0%,0,2,廃止（農業補助廃止）,農業補助金廃止。比較優位に反する
農林水産省,農林水産本省,農林水産本省共通費,職員旅費,8,該当なし,0%,0,8,廃止（農業補助廃止）,農業補助金廃止。比較優位に反する
農林水産省,農林水産本省,農林水産本省共通費,農業協同組合等検査旅費,1,該当なし,0%,0,1,廃止（農業補助廃止）,農業補助金廃止。比較優位に反する
農林水産省,農林水産本省,農林水産本省共通費,外国留学旅費,1,該当なし,0%,0,1,廃止（農業補助廃止）,農業補助金廃止。比較優位に反する
農林水産省,農林水産本省,農林水産本省共通費,赴任旅費,6,該当なし,0%,0,6,廃止（農業補助廃止）,農業補助金廃止。比較優位に反する
農林水産省,農林水産本省,農林水産本省共通費,委員等旅費,1,該当なし,0%,0,1,廃止（農業補助廃止）,農業補助金廃止。比較優位に反する
農林水産省,農林水産本省,農林水産本省共通費,庁費,36,該当なし,0%,0,36,廃止（農業補助廃止）,農業補助金廃止。比較優位に反する
農林水産省,農林水産本省,農林水産本省共通費,情報処理業務庁費,5,該当なし,0%,0,5,廃止（農業補助廃止）,農業補助金廃止。比較優位に反する
農林水産省,農林水産本省,農林水産本省共通費,各所修繕,2,該当なし,0%,0,2,廃止（農業補助廃止）,農業補助金廃止。比較優位に反する
農林水産省,農林水産本省,農林水産本省共通費,農林水産政策調査等委託費,2,該当なし,0%,0,2,廃止（農業補助廃止）,農業補助金廃止。比較優位に反する
農林水産省,農林水産本省,農林水産本省共通費,国家公務員共済組合負担金,167,該当なし,0%,0,167,廃止（農業補助廃止）,農業補助金廃止。比較優位に反する
農林水産省,農林水産本省,農林水産本省共通費,基礎年金等国家公務員共済組合負担金,60,該当なし,0%,0,60,廃止（農業補助廃止）,農業補助金廃止。比較優位に反する
農林水産省,農林水産本省,農林水産本省共通費,賠償償還及払戻金,2,該当なし,0%,0,2,廃止（農業補助廃止）,農業補助金廃止。比較優位に反する
農林水産省,農林水産本省,農林水産本省施設費,施設整備費,3,該当なし,0%,0,3,廃止（農業補助廃止）,農業補助金廃止。比較優位に反する
農林水産省,農林水産本省,国内食料供給対策費,職員旅費,2,該当なし,0%,0,2,廃止（農業補助廃止）,農業補助金廃止。比較優位に反する
農林水産省,農林水産本省,国内食料供給対策費,庁費,12,該当なし,0%,0,12,廃止（農業補助廃止）,農業補助金廃止。比較優位に反する
農林水産省,農林水産本省,国内食料供給対策費,国際園芸博覧会出展施設施工庁費,1,該当なし,0%,0,1,廃止（農業補助廃止）,農業補助金廃止。比較優位に反する
農林水産省,農林水産本省,国内食料供給対策費,国内食料供給対策調査等委託費,36,該当なし,0%,0,36,廃止（農業補助廃止）,農業補助金廃止。比較優位に反する
農林水産省,農林水産本省,国内食料供給対策費,国際園芸博覧会出展施設整備費,21,該当なし,0%,0,21,廃止（農業補助廃止）,農業補助金廃止。比較優位に反する
農林水産省,農林水産本省,国内食料供給対策費,国内食料供給対策事業費補助金,175,該当なし,0%,0,175,廃止（農業補助廃止）,農業補助金廃止。比較優位に反する
農林水産省,農林水産本省,国内食料供給対策費,野菜価格安定対策費補助金,20,該当なし,0%,0,20,廃止（農業補助廃止）,農業補助金廃止。比較優位に反する
農林水産省,農林水産本省,国内食料供給対策費,国際博覧会事業費補助金,24,該当なし,0%,0,24,廃止（農業補助廃止）,農業補助金廃止。比較優位に反する
農林水産省,農林水産本省,国内食料供給対策費,鶏卵価格安定対策費補助金,6,該当なし,0%,0,6,廃止（農業補助廃止）,農業補助金廃止。比較優位に反する
農林水産省,農林水産本省,国内食料供給対策費,甘味資源作物・国内産糖調整交付金,97,該当なし,0%,0,97,廃止（農業補助廃止）,農業補助金廃止。比較優位に反する
農林水産省,農林水産本省,国内食料供給対策費,水田活用直接支払交付金,2751,該当なし,0%,0,2751,廃止（農業補助廃止）,農業補助金廃止。比較優位に反する
農林水産省,農林水産本省,国内食料供給対策費,持続的生産支援交付金,52,該当なし,0%,0,52,廃止（農業補助廃止）,農業補助金廃止。比較優位に反する
農林水産省,農林水産本省,国内食料供給対策費,農畜産業振興対策交付金,388,該当なし,0%,0,388,廃止（農業補助廃止）,農業補助金廃止。比較優位に反する
農林水産省,農林水産本省,牛肉等関税財源国内食料供給対策費,牛肉等関税財源国内食料供給対策費補助金,3,該当なし,0%,0,3,廃止（農業補助廃止）,農業補助金廃止。比較優位に反する
農林水産省,農林水産本省,牛肉等関税財源国内食料供給対策費,牛肉等関税財源飼料対策費補助金,17,該当なし,0%,0,17,廃止（農業補助廃止）,農業補助金廃止。比較優位に反する
農林水産省,農林水産本省,牛肉等関税財源国内食料供給対策費,牛肉等関税財源国内食料供給対策整備費補助金,17,該当なし,0%,0,17,廃止（農業補助廃止）,農業補助金廃止。比較優位に反する
農林水産省,農林水産本省,牛肉等関税財源国内食料供給対策費,牛肉等関税財源畜産業振興対策交付金,580,該当なし,0%,0,580,廃止（農業補助廃止）,農業補助金廃止。比較優位に反する
農林水産省,農林水産本省,国内食料供給対策費食料安定供給特別会計へ繰入,食料安定供給特別会計へ繰入,1001,該当なし,0%,0,1001,廃止（農業補助廃止）,農業補助金廃止。比較優位に反する
農林水産省,農林水産本省,独立行政法人農畜産業振興機構運営費,独立行政法人農畜産業振興機構野菜勘定運営費交付金,9,該当なし,0%,0,9,廃止（農業補助廃止）,農業補助金廃止。比較優位に反する
農林水産省,農林水産本省,独立行政法人農畜産業振興機構運営費,独立行政法人農畜産業振興機構砂糖勘定運営費交付金,9,該当なし,0%,0,9,廃止（農業補助廃止）,農業補助金廃止。比較優位に反する
農林水産省,農林水産本省,独立行政法人農畜産業振興機構運営費,独立行政法人農畜産業振興機構でん粉勘定運営費交付金,3,該当なし,0%,0,3,廃止（農業補助廃止）,農業補助金廃止。比較優位に反する
農林水産省,農林水産本省,独立行政法人農畜産業振興機構運営費,独立行政法人農畜産業振興機構畜産勘定運営費交付金,8,該当なし,0%,0,8,廃止（農業補助廃止）,農業補助金廃止。比較優位に反する
農林水産省,農林水産本省,独立行政法人農畜産業振興機構運営費,独立行政法人農畜産業振興機構肉用子牛勘定運営費交付金,1,該当なし,0%,0,1,廃止（農業補助廃止）,農業補助金廃止。比較優位に反する
農林水産省,農林水産本省,独立行政法人家畜改良センター運営費,独立行政法人家畜改良センター運営費交付金,80,該当なし,0%,0,80,廃止（農業補助廃止）,農業補助金廃止。比較優位に反する
農林水産省,農林水産本省,農業経営安定事業費等食料安定供給特別会計へ繰入,食料安定供給特別会計へ繰入,1371,該当なし,0%,0,1371,廃止（農業補助廃止）,農業補助金廃止。比較優位に反する
農林水産省,農林水産本省,農林水産政策研究所,職員基本給,4,該当なし,0%,0,4,廃止（農業補助廃止）,農業補助金廃止。比較優位に反する
農林水産省,農林水産本省,農林水産政策研究所,職員諸手当,3,該当なし,0%,0,3,廃止（農業補助廃止）,農業補助金廃止。比較優位に反する
農林水産省,農林水産本省,農林水産政策研究所,庁費,1,該当なし,0%,0,1,廃止（農業補助廃止）,農業補助金廃止。比較優位に反する
農林水産省,農林水産本省,農林水産政策研究所,試験研究費,1,該当なし,0%,0,1,廃止（農業補助廃止）,農業補助金廃止。比較優位に反する
農林水産省,農林水産本省,農林水産政策研究所,農林水産政策研究調査委託費,1,該当なし,0%,0,1,廃止（農業補助廃止）,農業補助金廃止。比較優位に反する
農林水産省,農林水産本省,食料自給力確保対策費,職員旅費,1,該当なし,0%,0,1,廃止（農業補助廃止）,農業補助金廃止。比較優位に反する
農林水産省,農林水産本省,食料自給力確保対策費,庁費,1,該当なし,0%,0,1,廃止（農業補助廃止）,農業補助金廃止。比較優位に反する
農林水産省,農林水産本省,食料自給力確保対策費,食料自給力確保対策環境調査費,1,該当なし,0%,0,1,廃止（農業補助廃止）,農業補助金廃止。比較優位に反する
農林水産省,農林水産本省,食料自給力確保対策費,食料自給力確保対策調査等委託費,8,該当なし,0%,0,8,廃止（農業補助廃止）,農業補助金廃止。比較優位に反する
農林水産省,農林水産本省,食料自給力確保対策費,国有農地等管理処分委託費,2,該当なし,0%,0,2,廃止（農業補助廃止）,農業補助金廃止。比較優位に反する
農林水産省,農林水産本省,食料自給力確保対策費,食料自給力確保対策事業費補助金,396,該当なし,0%,0,396,廃止（農業補助廃止）,農業補助金廃止。比較優位に反する
農林水産省,農林水産本省,食料自給力確保対策費,新基本計画実装・農業構造転換支援整備費補助金,217,該当なし,0%,0,217,廃止（農業補助廃止）,農業補助金廃止。比較優位に反する
農林水産省,農林水産本省,食料自給力確保対策費,食料自給力確保対策整備費補助金,508,該当なし,0%,0,508,廃止（農業補助廃止）,農業補助金廃止。比較優位に反する
農林水産省,農林水産本省,食料自給力確保対策費,特例付加年金助成補助金,6,該当なし,0%,0,6,廃止（農業補助廃止）,農業補助金廃止。比較優位に反する
農林水産省,農林水産本省,食料自給力確保対策費,株式会社日本政策金融公庫補助金,1,該当なし,0%,0,1,廃止（農業補助廃止）,農業補助金廃止。比較優位に反する
農林水産省,農林水産本省,食料自給力確保対策費,農業経営金融支援対策費補助金,36,該当なし,0%,0,36,廃止（農業補助廃止）,農業補助金廃止。比較優位に反する
農林水産省,農林水産本省,食料自給力確保対策費,特殊自然災害対策整備費補助金,3,該当なし,0%,0,3,廃止（農業補助廃止）,農業補助金廃止。比較優位に反する
農林水産省,農林水産本省,食料自給力確保対策費,農業者年金給付費等負担金,754,該当なし,0%,0,754,廃止（農業補助廃止）,農業補助金廃止。比較優位に反する
農林水産省,農林水産本省,食料自給力確保対策費,都道府県農業委員会ネットワーク機構負担金,5,該当なし,0%,0,5,廃止（農業補助廃止）,農業補助金廃止。比較優位に反する
農林水産省,農林水産本省,食料自給力確保対策費,農業保険事業事務費負担金,367,（目名OV）,0%,0,367,廃止,農業保険廃止
農林水産省,農林水産本省,食料自給力確保対策費,協同農業普及事業交付金,24,該当なし,0%,0,24,廃止（農業補助廃止）,農業補助金廃止。比較優位に反する
農林水産省,農林水産本省,食料自給力確保対策費,国有農地等事務取扱交付金,18,該当なし,0%,0,18,廃止（農業補助廃止）,農業補助金廃止。比較優位に反する
農林水産省,農林水産本省,食料自給力確保対策費,農業委員会交付金,47,該当なし,0%,0,47,廃止（農業補助廃止）,農業補助金廃止。比較優位に反する
農林水産省,農林水産本省,食料自給力確保対策費,農業経営収入保険特約補填金造成費交付金,106,該当なし,0%,0,106,廃止（農業補助廃止）,農業補助金廃止。比較優位に反する
農林水産省,農林水産本省,食料自給力確保対策費,株式会社日本政策金融公庫補給金,185,該当なし,0%,0,185,廃止（農業補助廃止）,農業補助金廃止。比較優位に反する
農林水産省,農林水産本省,食料自給力確保対策費,株式会社日本政策金融公庫出資金,1,該当なし,0%,0,1,廃止（農業補助廃止）,農業補助金廃止。比較優位に反する
農林水産省,農林水産本省,海岸事業費,海岸保全施設整備事業費,29,該当なし,0%,0,29,廃止（農業補助廃止）,農業補助金廃止。比較優位に反する
農林水産省,農林水産本省,海岸事業費,海岸保全施設整備事業費補助,8,該当なし,0%,0,8,廃止（農業補助廃止）,農業補助金廃止。比較優位に反する
農林水産省,農林水産本省,海岸事業費,後進地域特例法適用団体補助率差額,1,該当なし,0%,0,1,廃止（農業補助廃止）,農業補助金廃止。比較優位に反する
農林水産省,農林水産本省,国立研究開発法人農業・食品産業技術総合研究機構運営費,国立研究開発法人農業・食品産業技術総合研究機構農業機械化促進業務勘定運営費交付金,19,該当なし,0%,0,19,廃止（農業補助廃止）,農業補助金廃止。比較優位に反する
農林水産省,農林水産本省,国立研究開発法人農業・食品産業技術総合研究機構施設整備費,国立研究開発法人農業・食品産業技術総合研究機構施設整備費補助金,2,該当なし,0%,0,2,廃止（農業補助廃止）,農業補助金廃止。比較優位に反する
農林水産省,農林水産本省,独立行政法人農業者年金基金運営費,独立行政法人農業者年金基金農業者老齢年金等勘定運営費交付金,18,該当なし,0%,0,18,廃止（農業補助廃止）,農業補助金廃止。比較優位に反する
農林水産省,農林水産本省,独立行政法人農業者年金基金運営費,独立行政法人農業者年金基金特例付加年金勘定運営費交付金,9,該当なし,0%,0,9,廃止（農業補助廃止）,農業補助金廃止。比較優位に反する
農林水産省,農林水産本省,独立行政法人農業者年金基金運営費,独立行政法人農業者年金基金旧年金勘定運営費交付金,20,該当なし,0%,0,20,廃止（農業補助廃止）,農業補助金廃止。比較優位に反する
農林水産省,農林水産本省,共済掛金国庫負担金等食料安定供給特別会計へ繰入,食料安定供給特別会計へ繰入,556,該当なし,0%,0,556,廃止（農業補助廃止）,農業補助金廃止。比較優位に反する
農林水産省,農林水産本省,農業農村整備事業費食料安定供給特別会計へ繰入,食料安定供給特別会計へ繰入,22,該当なし,0%,0,22,廃止（農業補助廃止）,農業補助金廃止。比較優位に反する
農林水産省,農林水産本省,知的財産保護・活用推進費,知的財産保護・活用推進調査等委託費,1,該当なし,0%,0,1,廃止（農業補助廃止）,農業補助金廃止。比較優位に反する
農林水産省,農林水産本省,知的財産保護・活用推進費,知的財産保護・活用推進事業費補助金,3,該当なし,0%,0,3,廃止（農業補助廃止）,農業補助金廃止。比較優位に反する
農林水産省,農林水産本省,動植物防疫対策費,職員旅費,1,該当なし,0%,0,1,廃止（農業補助廃止）,農業補助金廃止。比較優位に反する
農林水産省,農林水産本省,動植物防疫対策費,庁費,1,該当なし,0%,0,1,廃止（農業補助廃止）,農業補助金廃止。比較優位に反する
農林水産省,農林水産本省,動植物防疫対策費,動植物防疫対策調査等委託費,2,該当なし,0%,0,2,廃止（農業補助廃止）,農業補助金廃止。比較優位に反する
農林水産省,農林水産本省,動植物防疫対策費,動植物防疫対策技術開発事業委託費,2,該当なし,0%,0,2,廃止（農業補助廃止）,農業補助金廃止。比較優位に反する
農林水産省,農林水産本省,動植物防疫対策費,動植物防疫対策事業費補助金,10,該当なし,0%,0,10,廃止（農業補助廃止）,農業補助金廃止。比較優位に反する
農林水産省,農林水産本省,動植物防疫対策費,家畜伝染病予防費負担金,32,該当なし,0%,0,32,廃止（農業補助廃止）,農業補助金廃止。比較優位に反する
農林水産省,農林水産本省,動植物防疫対策費,植物防疫事業交付金,4,該当なし,0%,0,4,廃止（農業補助廃止）,農業補助金廃止。比較優位に反する
農林水産省,農林水産本省,動植物防疫対策費,患畜処理手当等交付金,16,該当なし,0%,0,16,廃止（農業補助廃止）,農業補助金廃止。比較優位に反する
農林水産省,農林水産本省,食料供給確保対策費,食料供給確保対策調査費,1,該当なし,0%,0,1,廃止（農業補助廃止）,農業補助金廃止。比較優位に反する
農林水産省,農林水産本省,国際戦略対策費,国際戦略対策調査等委託費,1,該当なし,0%,0,1,廃止（農業補助廃止）,農業補助金廃止。比較優位に反する
農林水産省,農林水産本省,国際戦略対策費,政府開発援助国際戦略対策調査等委託費,1,該当なし,0%,0,1,廃止（農業補助廃止）,農業補助金廃止。比較優位に反する
農林水産省,農林水産本省,国際戦略対策費,政府開発援助国際戦略対策事業費補助金,1,該当なし,0%,0,1,廃止（農業補助廃止）,農業補助金廃止。比較優位に反する
農林水産省,農林水産本省,国際戦略対策費,緊急食糧支援事業費補助金,84,該当なし,0%,0,84,廃止（農業補助廃止）,農業補助金廃止。比較優位に反する
農林水産省,農林水産本省,国際戦略対策費,国際機関分担金,10,該当なし,0%,0,10,廃止（農業補助廃止）,農業補助金廃止。比較優位に反する
農林水産省,農林水産本省,国際戦略対策費,政府開発援助国際機関等拠出金,16,該当なし,0%,0,16,廃止（農業補助廃止）,農業補助金廃止。比較優位に反する
農林水産省,農林水産本省,国際戦略対策費,国際機関等拠出金,1,該当なし,0%,0,1,廃止（農業補助廃止）,農業補助金廃止。比較優位に反する
農林水産省,農林水産本省,農林水産物・食品輸出促進対策費,職員旅費,1,該当なし,0%,0,1,廃止（農業補助廃止）,農業補助金廃止。比較優位に反する
農林水産省,農林水産本省,農林水産物・食品輸出促進対策費,庁費,3,該当なし,0%,0,3,廃止（農業補助廃止）,農業補助金廃止。比較優位に反する
農林水産省,農林水産本省,農林水産物・食品輸出促進対策費,農林水産物・食品輸出促進対策調査等委託費,14,該当なし,0%,0,14,廃止（農業補助廃止）,農業補助金廃止。比較優位に反する
農林水産省,農林水産本省,農林水産物・食品輸出促進対策費,農林水産物・食品輸出促進対策事業費補助金,43,該当なし,0%,0,43,廃止（農業補助廃止）,農業補助金廃止。比較優位に反する
農林水産省,農林水産本省,農林水産物・食品輸出促進対策費,農林水産物・食品輸出促進対策整備費補助金,1,該当なし,0%,0,1,廃止（農業補助廃止）,農業補助金廃止。比較優位に反する
農林水産省,農林水産本省,食品産業海外展開等促進対策費,食品産業海外展開等促進対策調査等委託費,1,該当なし,0%,0,1,廃止（農業補助廃止）,農業補助金廃止。比較優位に反する
農林水産省,農林水産本省,食品産業発展対策費,食品産業発展対策調査等委託費,1,該当なし,0%,0,1,廃止（農業補助廃止）,農業補助金廃止。比較優位に反する
農林水産省,農林水産本省,食品産業発展対策費,食品産業発展対策事業費補助金,6,該当なし,0%,0,6,廃止（農業補助廃止）,農業補助金廃止。比較優位に反する
農林水産省,農林水産本省,農業・食品産業強化対策費,農業・食品産業強化対策整備交付金,118,該当なし,0%,0,118,廃止（農業補助廃止）,農業補助金廃止。比較優位に反する
農林水産省,農林水産本省,農業・食品産業強化対策費,農業・食品産業強化対策推進交付金,2,該当なし,0%,0,2,廃止（農業補助廃止）,農業補助金廃止。比較優位に反する
農林水産省,農林水産本省,食品等取引適正化対策費,非常勤職員手当,1,該当なし,0%,0,1,廃止（農業補助廃止）,農業補助金廃止。比較優位に反する
農林水産省,農林水産本省,食品等取引適正化対策費,食品等取引適正化対策調査等委託費,1,該当なし,0%,0,1,廃止（農業補助廃止）,農業補助金廃止。比較優位に反する
農林水産省,農林水産本省,食品安全・消費者信頼確保対策費,職員旅費,1,該当なし,0%,0,1,廃止（農業補助廃止）,農業補助金廃止。比較優位に反する
農林水産省,農林水産本省,食品安全・消費者信頼確保対策費,庁費,3,該当なし,0%,0,3,廃止（農業補助廃止）,農業補助金廃止。比較優位に反する
農林水産省,農林水産本省,食品安全・消費者信頼確保対策費,食品安全・消費者信頼確保対策調査等委託費,1,該当なし,0%,0,1,廃止（農業補助廃止）,農業補助金廃止。比較優位に反する
農林水産省,農林水産本省,食品安全・消費者信頼確保対策費,分析技術活用食品安全・消費者信頼確保対策事業委託費,7,該当なし,0%,0,7,廃止（農業補助廃止）,農業補助金廃止。比較優位に反する
農林水産省,農林水産本省,食品安全・消費者信頼確保対策費,食品安全・消費者信頼確保対策事業費補助金,1,該当なし,0%,0,1,廃止（農業補助廃止）,農業補助金廃止。比較優位に反する
農林水産省,農林水産本省,食品安全・消費者信頼確保対策費,食品安全・消費者信頼確保対策推進交付金,17,該当なし,0%,0,17,廃止（農業補助廃止）,農業補助金廃止。比較優位に反する
農林水産省,農林水産本省,食品安全・消費者信頼確保対策費,食品安全・消費者信頼確保対策整備交付金,2,該当なし,0%,0,2,廃止（農業補助廃止）,農業補助金廃止。比較優位に反する
農林水産省,農林水産本省,独立行政法人農林水産消費安全技術センター運営費,独立行政法人農林水産消費安全技術センター運営費交付金,71,該当なし,0%,0,71,廃止（農業補助廃止）,農業補助金廃止。比較優位に反する
農林水産省,農林水産本省,農林水産業環境負荷低減推進費,農林水産業環境負荷低減推進調査等委託費,2,該当なし,0%,0,2,廃止（農業補助廃止）,農業補助金廃止。比較優位に反する
農林水産省,農林水産本省,農林水産業環境負荷低減推進費,農林水産業環境負荷低減推進事業費補助金,1,該当なし,0%,0,1,廃止（農業補助廃止）,農業補助金廃止。比較優位に反する
農林水産省,農林水産本省,農林水産業環境負荷低減推進費,農林水産業環境負荷低減推進交付金,1,該当なし,0%,0,1,廃止（農業補助廃止）,農業補助金廃止。比較優位に反する
農林水産省,農林水産本省,農林水産業環境負荷低減推進費,農林水産業環境負荷低減技術開発推進交付金,1,該当なし,0%,0,1,廃止（農業補助廃止）,農業補助金廃止。比較優位に反する
農林水産省,農林水産本省,農林水産業環境負荷低減推進費,農林水産業環境負荷低減推進整備交付金,2,該当なし,0%,0,2,廃止（農業補助廃止）,農業補助金廃止。比較優位に反する
農林水産省,農林水産本省,多面的機能発揮促進対策費,庁費,1,該当なし,0%,0,1,廃止（農業補助廃止）,農業補助金廃止。比較優位に反する
農林水産省,農林水産本省,多面的機能発揮促進対策費,日本型直接支払交付金,813,該当なし,0%,0,813,廃止（農業補助廃止）,農業補助金廃止。比較優位に反する
農林水産省,農林水産本省,食育推進費,食育推進調査等委託費,1,該当なし,0%,0,1,廃止（農業補助廃止）,農業補助金廃止。比較優位に反する
農林水産省,農林水産本省,農業農村整備事業費,かんがい排水事業費,515,該当なし,0%,0,515,廃止（農業補助廃止）,農業補助金廃止。比較優位に反する
農林水産省,農林水産本省,農業農村整備事業費,国営造成施設管理費,81,該当なし,0%,0,81,廃止（農業補助廃止）,農業補助金廃止。比較優位に反する
農林水産省,農林水産本省,農業農村整備事業費,農用地再編整備事業費,102,該当なし,0%,0,102,廃止（農業補助廃止）,農業補助金廃止。比較優位に反する
農林水産省,農林水産本省,農業農村整備事業費,地すべり対策事業費,4,該当なし,0%,0,4,廃止（農業補助廃止）,農業補助金廃止。比較優位に反する
農林水産省,農林水産本省,農業農村整備事業費,総合農地防災事業費,231,該当なし,0%,0,231,廃止（農業補助廃止）,農業補助金廃止。比較優位に反する
農林水産省,農林水産本省,農業農村整備事業費,営繕宿舎費,9,該当なし,0%,0,9,廃止（農業補助廃止）,農業補助金廃止。比較優位に反する
農林水産省,農林水産本省,農業農村整備事業費,農業農村整備事業調査費,5,該当なし,0%,0,5,廃止（農業補助廃止）,農業補助金廃止。比較優位に反する
農林水産省,農林水産本省,農業農村整備事業費,諸土地改良事業費補助,10,該当なし,0%,0,10,廃止（農業補助廃止）,農業補助金廃止。比較優位に反する
農林水産省,農林水産本省,農業農村整備事業費,土地改良施設管理費補助,138,該当なし,0%,0,138,廃止（農業補助廃止）,農業補助金廃止。比較優位に反する
農林水産省,農林水産本省,農業農村整備事業費,農業競争力強化基盤整備事業費補助,390,該当なし,0%,0,390,廃止（農業補助廃止）,農業補助金廃止。比較優位に反する
農林水産省,農林水産本省,農業農村整備事業費,中山間総合整備事業費補助,40,該当なし,0%,0,40,廃止（農業補助廃止）,農業補助金廃止。比較優位に反する
農林水産省,農林水産本省,農業農村整備事業費,農村整備事業費補助,49,該当なし,0%,0,49,廃止（農業補助廃止）,農業補助金廃止。比較優位に反する
農林水産省,農林水産本省,農業農村整備事業費,農村地域防災減災事業費補助,325,該当なし,0%,0,325,廃止（農業補助廃止）,農業補助金廃止。比較優位に反する
農林水産省,農林水産本省,農業農村整備事業費,後進地域特例法適用団体等補助率差額,124,該当なし,0%,0,124,廃止（農業補助廃止）,農業補助金廃止。比較優位に反する
農林水産省,農林水産本省,農山漁村地域整備事業費,農山漁村地域整備交付金,626,該当なし,0%,0,626,廃止（農業補助廃止）,農業補助金廃止。比較優位に反する
農林水産省,農林水産本省,農山漁村活性化対策費,農山漁村活性化対策整備交付金,68,該当なし,0%,0,68,廃止（農業補助廃止）,農業補助金廃止。比較優位に反する
農林水産省,農林水産本省,農山漁村活性化対策費,農山漁村活性化対策推進交付金,102,該当なし,0%,0,102,廃止（農業補助廃止）,農業補助金廃止。比較優位に反する
農林水産省,農林水産本省,農林水産統計調査費,統計調査員手当,19,該当なし,0%,0,19,廃止（農業補助廃止）,農業補助金廃止。比較優位に反する
農林水産省,農林水産本省,農林水産統計調査費,諸謝金,1,該当なし,0%,0,1,廃止（農業補助廃止）,農業補助金廃止。比較優位に反する
農林水産省,農林水産本省,農林水産統計調査費,庁費,1,該当なし,0%,0,1,廃止（農業補助廃止）,農業補助金廃止。比較優位に反する
農林水産省,農林水産本省,農林水産統計調査費,農林水産統計調査費,19,該当なし,0%,0,19,廃止（農業補助廃止）,農業補助金廃止。比較優位に反する
農林水産省,農林水産本省,農林水産統計調査費,農林水産統計調査等委託費,2,該当なし,0%,0,2,廃止（農業補助廃止）,農業補助金廃止。比較優位に反する
農林水産省,農林水産本省,受託工事等実施費,受託工事費,72,該当なし,0%,0,72,廃止（農業補助廃止）,農業補助金廃止。比較優位に反する
農林水産省,農林水産本省,受託工事等実施費,換地清算金,3,該当なし,0%,0,3,廃止（農業補助廃止）,農業補助金廃止。比較優位に反する
農林水産省,農林水産本省,農業農村整備事業調査諸費,職員旅費,4,該当なし,0%,0,4,廃止（農業補助廃止）,農業補助金廃止。比較優位に反する
農林水産省,農林水産本省,農業農村整備事業調査諸費,庁費,6,該当なし,0%,0,6,廃止（農業補助廃止）,農業補助金廃止。比較優位に反する
農林水産省,農林水産本省,農業施設災害復旧事業費,農業用施設等災害復旧費,4,該当なし,0%,0,4,廃止（農業補助廃止）,農業補助金廃止。比較優位に反する
農林水産省,農林水産本省,農業施設災害復旧事業費,農業用施設等災害復旧事業費補助,70,該当なし,0%,0,70,廃止（農業補助廃止）,農業補助金廃止。比較優位に反する
農林水産省,農林水産本省,農業施設災害関連事業費,農業用施設等災害関連事業費補助,2,該当なし,0%,0,2,廃止（農業補助廃止）,農業補助金廃止。比較優位に反する
農林水産省,農林水産本省検査指導機関,農林水産本省検査指導所,職員基本給,79,⑨外部効果克服,70%,55,24,縮小,⑨食品安全の外部効果
農林水産省,農林水産本省検査指導機関,農林水産本省検査指導所,職員諸手当,42,⑨外部効果克服,70%,29,13,縮小,⑨食品安全の外部効果
農林水産省,農林水産本省検査指導機関,農林水産本省検査指導所,超過勤務手当,6,⑨外部効果克服,70%,4,2,縮小,⑨食品安全の外部効果
農林水産省,農林水産本省検査指導機関,農林水産本省検査指導所,非常勤職員手当,1,⑨外部効果克服,70%,1,0,縮小,⑨食品安全の外部効果
農林水産省,農林水産本省検査指導機関,農林水産本省検査指導所,短時間勤務職員給与,2,⑨外部効果克服,70%,1,1,縮小,⑨食品安全の外部効果
農林水産省,農林水産本省検査指導機関,農林水産本省検査指導所,児童手当,1,⑨外部効果克服,70%,1,0,縮小,⑨食品安全の外部効果
農林水産省,農林水産本省検査指導機関,農林水産本省検査指導所,検査検疫旅費,2,⑨外部効果克服,70%,1,1,縮小,⑨食品安全の外部効果
農林水産省,農林水産本省検査指導機関,農林水産本省検査指導所,庁費,11,⑨外部効果克服,70%,8,3,縮小,⑨食品安全の外部効果
農林水産省,農林水産本省検査指導機関,農林水産本省検査指導所,検査検疫庁費,27,⑨外部効果克服,70%,19,8,縮小,⑨食品安全の外部効果
農林水産省,農林水産本省検査指導機関,農林水産本省検査指導所,土地建物借料,4,⑨外部効果克服,70%,3,1,縮小,⑨食品安全の外部効果
農林水産省,農林水産本省検査指導機関,農林水産本省検査指導所,各所修繕,1,⑨外部効果克服,70%,1,0,縮小,⑨食品安全の外部効果
農林水産省,農林水産本省検査指導機関,農林水産本省検査指導所施設費,施設整備費,2,⑨外部効果克服,70%,1,1,縮小,⑨食品安全の外部効果
農林水産省,農林水産技術会議,農林水産技術会議共通費,職員基本給,9,該当なし,0%,0,9,廃止（農業補助廃止）,農業補助金廃止。比較優位に反する
農林水産省,農林水産技術会議,農林水産技術会議共通費,職員諸手当,5,該当なし,0%,0,5,廃止（農業補助廃止）,農業補助金廃止。比較優位に反する
農林水産省,農林水産技術会議,農林水産技術会議共通費,超過勤務手当,1,該当なし,0%,0,1,廃止（農業補助廃止）,農業補助金廃止。比較優位に反する
農林水産省,農林水産技術会議,農林水産技術会議共通費,庁費,4,該当なし,0%,0,4,廃止（農業補助廃止）,農業補助金廃止。比較優位に反する
農林水産省,農林水産技術会議,農林水産技術会議共通費,各所修繕,1,該当なし,0%,0,1,廃止（農業補助廃止）,農業補助金廃止。比較優位に反する
農林水産省,農林水産技術会議,農林水産技術会議施設費,施設整備費,3,該当なし,0%,0,3,廃止（農業補助廃止）,農業補助金廃止。比較優位に反する
農林水産省,農林水産技術会議,農林水産業イノベーション創出・技術開発推進費,試験研究費,3,該当なし,0%,0,3,廃止（農業補助廃止）,農業補助金廃止。比較優位に反する
農林水産省,農林水産技術会議,農林水産業イノベーション創出・技術開発推進費,試験研究調査委託費,20,該当なし,0%,0,20,廃止（農業補助廃止）,農業補助金廃止。比較優位に反する
農林水産省,農林水産技術会議,農林水産業イノベーション創出・技術開発推進費,新産業創出等研究開発推進事業費補助金,3,該当なし,0%,0,3,廃止（農業補助廃止）,農業補助金廃止。比較優位に反する
農林水産省,農林水産技術会議,農林水産業イノベーション創出・技術開発推進費,農林水産試験研究費補助金,1,該当なし,0%,0,1,廃止（農業補助廃止）,農業補助金廃止。比較優位に反する
農林水産省,農林水産技術会議,農林水産業イノベーション創出・技術開発推進費,革新的研究開発推進基金補助金,1,該当なし,0%,0,1,廃止（農業補助廃止）,農業補助金廃止。比較優位に反する
農林水産省,農林水産技術会議,国立研究開発法人農業・食品産業技術総合研究機構運営費,国立研究開発法人農業・食品産業技術総合研究機構農業技術研究業務勘定運営費交付金,514,該当なし,0%,0,514,廃止（農業補助廃止）,農業補助金廃止。比較優位に反する
農林水産省,農林水産技術会議,国立研究開発法人農業・食品産業技術総合研究機構運営費,国立研究開発法人農業・食品産業技術総合研究機構基礎的研究業務勘定運営費交付金,22,該当なし,0%,0,22,廃止（農業補助廃止）,農業補助金廃止。比較優位に反する
農林水産省,農林水産技術会議,国立研究開発法人国際農林水産業研究センター運営費,国立研究開発法人国際農林水産業研究センター運営費交付金,40,該当なし,0%,0,40,廃止（農業補助廃止）,農業補助金廃止。比較優位に反する
農林水産省,地方農政局,地方農政局,職員基本給,229,該当なし,0%,0,229,廃止（農業補助廃止）,農業補助金廃止。比較優位に反する
農林水産省,地方農政局,地方農政局,職員諸手当,126,該当なし,0%,0,126,廃止（農業補助廃止）,農業補助金廃止。比較優位に反する
農林水産省,地方農政局,地方農政局,超過勤務手当,13,該当なし,0%,0,13,廃止（農業補助廃止）,農業補助金廃止。比較優位に反する
農林水産省,地方農政局,地方農政局,短時間勤務職員給与,47,該当なし,0%,0,47,廃止（農業補助廃止）,農業補助金廃止。比較優位に反する
農林水産省,地方農政局,地方農政局,児童手当,3,該当なし,0%,0,3,廃止（農業補助廃止）,農業補助金廃止。比較優位に反する
農林水産省,地方農政局,地方農政局,職員旅費,1,該当なし,0%,0,1,廃止（農業補助廃止）,農業補助金廃止。比較優位に反する
農林水産省,地方農政局,地方農政局,庁費,35,該当なし,0%,0,35,廃止（農業補助廃止）,農業補助金廃止。比較優位に反する
農林水産省,地方農政局,地方農政局,移転費,6,該当なし,0%,0,6,廃止（農業補助廃止）,農業補助金廃止。比較優位に反する
農林水産省,地方農政局,地方農政局,土地建物借料,1,該当なし,0%,0,1,廃止（農業補助廃止）,農業補助金廃止。比較優位に反する
農林水産省,地方農政局,地方農政局,各所修繕,1,該当なし,0%,0,1,廃止（農業補助廃止）,農業補助金廃止。比較優位に反する
農林水産省,地方農政局,地方農政局,公共施設等維持管理運営費,2,該当なし,0%,0,2,廃止（農業補助廃止）,農業補助金廃止。比較優位に反する
農林水産省,地方農政局,地方農政局施設費,施設施工庁費,1,該当なし,0%,0,1,廃止（農業補助廃止）,農業補助金廃止。比較優位に反する
農林水産省,地方農政局,地方農政局施設費,施設整備費,3,該当なし,0%,0,3,廃止（農業補助廃止）,農業補助金廃止。比較優位に反する
農林水産省,地方農政局,海岸事業工事諸費,職員基本給,2,該当なし,0%,0,2,廃止（農業補助廃止）,農業補助金廃止。比較優位に反する
農林水産省,地方農政局,海岸事業工事諸費,職員諸手当,1,該当なし,0%,0,1,廃止（農業補助廃止）,農業補助金廃止。比較優位に反する
農林水産省,地方農政局,海岸事業工事諸費,国家公務員共済組合負担金,1,該当なし,0%,0,1,廃止（農業補助廃止）,農業補助金廃止。比較優位に反する
農林水産省,地方農政局,農業農村整備事業工事諸費,職員基本給,87,該当なし,0%,0,87,廃止（農業補助廃止）,農業補助金廃止。比較優位に反する
農林水産省,地方農政局,農業農村整備事業工事諸費,職員諸手当,50,該当なし,0%,0,50,廃止（農業補助廃止）,農業補助金廃止。比較優位に反する
農林水産省,地方農政局,農業農村整備事業工事諸費,超過勤務手当,8,該当なし,0%,0,8,廃止（農業補助廃止）,農業補助金廃止。比較優位に反する
農林水産省,地方農政局,農業農村整備事業工事諸費,短時間勤務職員給与,5,該当なし,0%,0,5,廃止（農業補助廃止）,農業補助金廃止。比較優位に反する
農林水産省,地方農政局,農業農村整備事業工事諸費,児童手当,2,該当なし,0%,0,2,廃止（農業補助廃止）,農業補助金廃止。比較優位に反する
農林水産省,地方農政局,農業農村整備事業工事諸費,職員旅費,1,該当なし,0%,0,1,廃止（農業補助廃止）,農業補助金廃止。比較優位に反する
農林水産省,地方農政局,農業農村整備事業工事諸費,赴任旅費,1,該当なし,0%,0,1,廃止（農業補助廃止）,農業補助金廃止。比較優位に反する
農林水産省,地方農政局,農業農村整備事業工事諸費,車両費,2,該当なし,0%,0,2,廃止（農業補助廃止）,農業補助金廃止。比較優位に反する
農林水産省,地方農政局,農業農村整備事業工事諸費,工事雑費,24,該当なし,0%,0,24,廃止（農業補助廃止）,農業補助金廃止。比較優位に反する
農林水産省,地方農政局,農業農村整備事業工事諸費,国家公務員共済組合負担金,29,該当なし,0%,0,29,廃止（農業補助廃止）,農業補助金廃止。比較優位に反する
農林水産省,北海道農政事務所,北海道農政事務所,職員基本給,19,該当なし,0%,0,19,廃止（農業補助廃止）,農業補助金廃止。比較優位に反する
農林水産省,北海道農政事務所,北海道農政事務所,職員諸手当,11,該当なし,0%,0,11,廃止（農業補助廃止）,農業補助金廃止。比較優位に反する
農林水産省,北海道農政事務所,北海道農政事務所,超過勤務手当,1,該当なし,0%,0,1,廃止（農業補助廃止）,農業補助金廃止。比較優位に反する
農林水産省,北海道農政事務所,北海道農政事務所,短時間勤務職員給与,2,該当なし,0%,0,2,廃止（農業補助廃止）,農業補助金廃止。比較優位に反する
農林水産省,北海道農政事務所,北海道農政事務所,庁費,3,該当なし,0%,0,3,廃止（農業補助廃止）,農業補助金廃止。比較優位に反する
農林水産省,北海道農政事務所,北海道農政事務所,移転費,2,該当なし,0%,0,2,廃止（農業補助廃止）,農業補助金廃止。比較優位に反する
農林水産省,北海道農政事務所,北海道農政事務所,土地建物借料,1,該当なし,0%,0,1,廃止（農業補助廃止）,農業補助金廃止。比較優位に反する
農林水産省,林野庁,林野庁共通費,職員基本給,132,該当なし,0%,0,132,廃止（農業補助廃止）,農業補助金廃止。比較優位に反する
農林水産省,林野庁,林野庁共通費,職員諸手当,72,該当なし,0%,0,72,廃止（農業補助廃止）,農業補助金廃止。比較優位に反する
農林水産省,林野庁,林野庁共通費,超過勤務手当,9,該当なし,0%,0,9,廃止（農業補助廃止）,農業補助金廃止。比較優位に反する
農林水産省,林野庁,林野庁共通費,非常勤職員手当,1,該当なし,0%,0,1,廃止（農業補助廃止）,農業補助金廃止。比較優位に反する
農林水産省,林野庁,林野庁共通費,短時間勤務職員給与,11,該当なし,0%,0,11,廃止（農業補助廃止）,農業補助金廃止。比較優位に反する
農林水産省,林野庁,林野庁共通費,公務災害補償費,2,該当なし,0%,0,2,廃止（農業補助廃止）,農業補助金廃止。比較優位に反する
農林水産省,林野庁,林野庁共通費,児童手当,2,該当なし,0%,0,2,廃止（農業補助廃止）,農業補助金廃止。比較優位に反する
農林水産省,林野庁,林野庁共通費,職員旅費,1,該当なし,0%,0,1,廃止（農業補助廃止）,農業補助金廃止。比較優位に反する
農林水産省,林野庁,林野庁共通費,庁費,10,該当なし,0%,0,10,廃止（農業補助廃止）,農業補助金廃止。比較優位に反する
農林水産省,林野庁,林野庁共通費,土地建物借料,1,該当なし,0%,0,1,廃止（農業補助廃止）,農業補助金廃止。比較優位に反する
農林水産省,林野庁,林野庁共通費,各所修繕,5,該当なし,0%,0,5,廃止（農業補助廃止）,農業補助金廃止。比較優位に反する
農林水産省,林野庁,林野庁共通費,国家公務員共済組合負担金,37,該当なし,0%,0,37,廃止（農業補助廃止）,農業補助金廃止。比較優位に反する
農林水産省,林野庁,林野庁共通費,基礎年金等国家公務員共済組合負担金,12,該当なし,0%,0,12,廃止（農業補助廃止）,農業補助金廃止。比較優位に反する
農林水産省,林野庁,林野庁共通費,国有資産所在市町村交付金,51,該当なし,0%,0,51,廃止（農業補助廃止）,農業補助金廃止。比較優位に反する
農林水産省,林野庁,林野庁施設費,施設施工庁費,1,該当なし,0%,0,1,廃止（農業補助廃止）,農業補助金廃止。比較優位に反する
農林水産省,林野庁,林野庁施設費,施設整備費,9,該当なし,0%,0,9,廃止（農業補助廃止）,農業補助金廃止。比較優位に反する
農林水産省,林野庁,国立研究開発法人森林研究・整備機構運営費,国立研究開発法人森林研究・整備機構研究・育種勘定運営費交付金,108,該当なし,0%,0,108,廃止（農業補助廃止）,農業補助金廃止。比較優位に反する
農林水産省,林野庁,森林整備・保全費,国有林野森林整備・保全管理費,10,⑨外部効果克服,30%,3,7,大幅縮小,⑨CO2吸収・水源涵養
農林水産省,林野庁,森林整備・保全費,官行造林費,1,⑨外部効果克服,30%,0,1,大幅縮小,⑨CO2吸収・水源涵養
農林水産省,林野庁,森林整備・保全費,森林計画推進委託費,4,⑨外部効果克服,30%,1,3,大幅縮小,⑨CO2吸収・水源涵養
農林水産省,林野庁,森林整備・保全費,森林整備・保全調査等委託費,1,⑨外部効果克服,30%,0,1,大幅縮小,⑨CO2吸収・水源涵養
農林水産省,林野庁,森林整備・保全費,保安林整備事業委託費,4,⑨外部効果克服,30%,1,3,大幅縮小,⑨CO2吸収・水源涵養
農林水産省,林野庁,森林整備・保全費,森林病害虫等防除事業委託費,2,⑨外部効果克服,30%,1,1,大幅縮小,⑨CO2吸収・水源涵養
農林水産省,林野庁,森林整備・保全費,森林資源管理費補助金,1,⑨外部効果克服,30%,0,1,大幅縮小,⑨CO2吸収・水源涵養
農林水産省,林野庁,森林整備・保全費,政府開発援助国際林業協力事業費補助金,1,⑨外部効果克服,30%,0,1,大幅縮小,⑨CO2吸収・水源涵養
農林水産省,林野庁,森林整備・保全費,森林整備・保全費補助金,2,⑨外部効果克服,30%,1,1,大幅縮小,⑨CO2吸収・水源涵養
農林水産省,林野庁,森林整備・保全費,森林病害虫等防除事業費補助金,4,⑨外部効果克服,30%,1,3,大幅縮小,⑨CO2吸収・水源涵養
農林水産省,林野庁,森林整備・保全費,森林・山村多面的機能発揮対策交付金,9,⑨外部効果克服,30%,3,6,大幅縮小,⑨CO2吸収・水源涵養
農林水産省,林野庁,森林整備・保全費,幹線林道事業移行円滑化対策交付金,1,⑨外部効果克服,30%,0,1,大幅縮小,⑨CO2吸収・水源涵養
農林水産省,林野庁,森林整備・保全費,林業普及指導事業交付金,3,⑨外部効果克服,30%,1,2,大幅縮小,⑨CO2吸収・水源涵養
農林水産省,林野庁,森林整備・保全費,保安林及保安施設地区補償金,1,⑨外部効果克服,30%,0,1,大幅縮小,⑨CO2吸収・水源涵養
農林水産省,林野庁,国有林野産物等売払及管理処分業務費,職員基本給,10,該当なし,0%,0,10,廃止（農業補助廃止）,農業補助金廃止。比較優位に反する
農林水産省,林野庁,国有林野産物等売払及管理処分業務費,職員諸手当,5,該当なし,0%,0,5,廃止（農業補助廃止）,農業補助金廃止。比較優位に反する
農林水産省,林野庁,国有林野産物等売払及管理処分業務費,超過勤務手当,1,該当なし,0%,0,1,廃止（農業補助廃止）,農業補助金廃止。比較優位に反する
農林水産省,林野庁,国有林野産物等売払及管理処分業務費,公務災害補償費,4,該当なし,0%,0,4,廃止（農業補助廃止）,農業補助金廃止。比較優位に反する
農林水産省,林野庁,国有林野産物等売払及管理処分業務費,国有林野事業業務旅費,3,該当なし,0%,0,3,廃止（農業補助廃止）,農業補助金廃止。比較優位に反する
農林水産省,林野庁,国有林野産物等売払及管理処分業務費,国有林野事業業務庁費,90,該当なし,0%,0,90,廃止（農業補助廃止）,農業補助金廃止。比較優位に反する
農林水産省,林野庁,国有林野産物等売払及管理処分業務費,各所修繕,2,該当なし,0%,0,2,廃止（農業補助廃止）,農業補助金廃止。比較優位に反する
農林水産省,林野庁,国有林野産物等売払及管理処分業務費,国家公務員共済組合負担金,5,該当なし,0%,0,5,廃止（農業補助廃止）,農業補助金廃止。比較優位に反する
農林水産省,林野庁,国有林野産物等売払及管理処分業務費,国有資産所在市町村交付金,9,該当なし,0%,0,9,廃止（農業補助廃止）,農業補助金廃止。比較優位に反する
農林水産省,林野庁,治山事業費,治山事業費,116,⑨外部効果克服,70%,81,35,縮小,⑨外部効果（下流域への被害）
農林水産省,林野庁,治山事業費,国有林野内治山事業費,138,⑨外部効果克服,70%,97,41,縮小,⑨外部効果（下流域への被害）
農林水産省,林野庁,治山事業費,治山事業調査費,2,⑨外部効果克服,70%,1,1,縮小,⑨外部効果（下流域への被害）
農林水産省,林野庁,治山事業費,治山事業費補助,224,⑨外部効果克服,70%,157,67,縮小,⑨外部効果（下流域への被害）
農林水産省,林野庁,治山事業費,後進地域特例法適用団体補助率差額,25,⑨外部効果克服,70%,18,7,縮小,⑨外部効果（下流域への被害）
農林水産省,林野庁,森林整備事業費,森林環境保全整備事業費,625,⑨外部効果克服,30%,188,437,大幅縮小,⑨CO2吸収・水源涵養
農林水産省,林野庁,森林整備事業費,森林整備事業調査費,4,⑨外部効果克服,30%,1,3,大幅縮小,⑨CO2吸収・水源涵養
農林水産省,林野庁,森林整備事業費,森林環境保全整備事業費補助,239,⑨外部効果克服,30%,72,167,大幅縮小,⑨CO2吸収・水源涵養
農林水産省,林野庁,森林整備事業費,水源林造成事業費補助,175,⑨外部効果克服,30%,52,123,大幅縮小,⑨CO2吸収・水源涵養
農林水産省,林野庁,森林整備事業費,後進地域特例法適用団体補助率差額,3,⑨外部効果克服,30%,1,2,大幅縮小,⑨CO2吸収・水源涵養
農林水産省,林野庁,森林整備事業費,美しい森林づくり基盤整備交付金,10,⑨外部効果克服,30%,3,7,大幅縮小,⑨CO2吸収・水源涵養
農林水産省,林野庁,森林整備事業費,国立研究開発法人森林研究・整備機構出資金,81,⑨外部効果克服,30%,24,57,大幅縮小,⑨CO2吸収・水源涵養
農林水産省,林野庁,借入金利子国有林野事業債務管理特別会計へ繰入,国有林野事業債務管理特別会計へ繰入,77,該当なし,0%,0,77,廃止（農業補助廃止）,農業補助金廃止。比較優位に反する
農林水産省,林野庁,国有林野事業収入財源借入金債務処理費国有林野事業債務管理特別会計へ繰入,国有林野事業収入財源の国有林野事業債務管理特別会計へ繰入,270,該当なし,0%,0,270,廃止（農業補助廃止）,農業補助金廃止。比較優位に反する
農林水産省,林野庁,林業振興対策費,林業振興調査等委託費,1,該当なし,0%,0,1,廃止（農業補助廃止）,農業補助金廃止。比較優位に反する
農林水産省,林野庁,林業振興対策費,林業振興事業費補助金,48,該当なし,0%,0,48,廃止（農業補助廃止）,農業補助金廃止。比較優位に反する
農林水産省,林野庁,林産物供給等振興対策費,林産物供給等振興調査等委託費,1,該当なし,0%,0,1,廃止（農業補助廃止）,農業補助金廃止。比較優位に反する
農林水産省,林野庁,林産物供給等振興対策費,林産物供給等振興事業費補助金,16,該当なし,0%,0,16,廃止（農業補助廃止）,農業補助金廃止。比較優位に反する
農林水産省,林野庁,林産物供給等振興対策費,林業信用保証事業交付金,1,該当なし,0%,0,1,廃止（農業補助廃止）,農業補助金廃止。比較優位に反する
農林水産省,林野庁,森林整備・林業等振興対策費,森林整備・林業等振興整備交付金,60,⑨外部効果克服,30%,18,42,大幅縮小,⑨CO2吸収・水源涵養
農林水産省,林野庁,森林整備・林業等振興対策費,森林整備・林業等振興推進交付金,5,⑨外部効果克服,30%,2,3,大幅縮小,⑨CO2吸収・水源涵養
農林水産省,林野庁,治山事業工事諸費,職員基本給,22,⑨外部効果克服,70%,15,7,縮小,⑨外部効果（下流域への被害）
農林水産省,林野庁,治山事業工事諸費,職員諸手当,11,⑨外部効果克服,70%,8,3,縮小,⑨外部効果（下流域への被害）
農林水産省,林野庁,治山事業工事諸費,超過勤務手当,1,⑨外部効果克服,70%,1,0,縮小,⑨外部効果（下流域への被害）
農林水産省,林野庁,治山事業工事諸費,庁費,1,⑨外部効果克服,70%,1,0,縮小,⑨外部効果（下流域への被害）
農林水産省,林野庁,治山事業工事諸費,車両費,2,⑨外部効果克服,70%,1,1,縮小,⑨外部効果（下流域への被害）
農林水産省,林野庁,治山事業工事諸費,工事雑費,2,⑨外部効果克服,70%,1,1,縮小,⑨外部効果（下流域への被害）
農林水産省,林野庁,治山事業工事諸費,国家公務員共済組合負担金,8,⑨外部効果克服,70%,6,2,縮小,⑨外部効果（下流域への被害）
農林水産省,林野庁,森林整備事業工事諸費,職員基本給,28,⑨外部効果克服,30%,8,20,大幅縮小,⑨CO2吸収・水源涵養
農林水産省,林野庁,森林整備事業工事諸費,職員諸手当,15,⑨外部効果克服,30%,4,11,大幅縮小,⑨CO2吸収・水源涵養
農林水産省,林野庁,森林整備事業工事諸費,超過勤務手当,1,⑨外部効果克服,30%,0,1,大幅縮小,⑨CO2吸収・水源涵養
農林水産省,林野庁,森林整備事業工事諸費,常勤職員給与,2,⑨外部効果克服,30%,1,1,大幅縮小,⑨CO2吸収・水源涵養
農林水産省,林野庁,森林整備事業工事諸費,児童手当,1,⑨外部効果克服,30%,0,1,大幅縮小,⑨CO2吸収・水源涵養
農林水産省,林野庁,森林整備事業工事諸費,庁費,2,⑨外部効果克服,30%,1,1,大幅縮小,⑨CO2吸収・水源涵養
農林水産省,林野庁,森林整備事業工事諸費,情報処理業務庁費,1,⑨外部効果克服,30%,0,1,大幅縮小,⑨CO2吸収・水源涵養
農林水産省,林野庁,森林整備事業工事諸費,車両費,5,⑨外部効果克服,30%,2,3,大幅縮小,⑨CO2吸収・水源涵養
農林水産省,林野庁,森林整備事業工事諸費,工事雑費,3,⑨外部効果克服,30%,1,2,大幅縮小,⑨CO2吸収・水源涵養
農林水産省,林野庁,森林整備事業工事諸費,国家公務員共済組合負担金,13,⑨外部効果克服,30%,4,9,大幅縮小,⑨CO2吸収・水源涵養
農林水産省,林野庁,山林施設災害復旧事業費,林業用施設等災害復旧費,20,該当なし,0%,0,20,廃止（農業補助廃止）,農業補助金廃止。比較優位に反する
農林水産省,林野庁,山林施設災害復旧事業費,林業用施設等災害復旧事業費補助,27,該当なし,0%,0,27,廃止（農業補助廃止）,農業補助金廃止。比較優位に反する
農林水産省,林野庁,山林施設災害関連事業費,林業用施設等災害関連事業費,24,該当なし,0%,0,24,廃止（農業補助廃止）,農業補助金廃止。比較優位に反する
農林水産省,林野庁,山林施設災害関連事業費,林業用施設等災害関連事業費補助,18,該当なし,0%,0,18,廃止（農業補助廃止）,農業補助金廃止。比較優位に反する
農林水産省,林野庁,山林施設災害関連事業費,後進地域特例法適用団体補助率差額,4,該当なし,0%,0,4,廃止（農業補助廃止）,農業補助金廃止。比較優位に反する
農林水産省,水産庁,水産庁共通費,職員基本給,50,該当なし,0%,0,50,廃止（農業補助廃止）,農業補助金廃止。比較優位に反する
農林水産省,水産庁,水産庁共通費,職員諸手当,27,該当なし,0%,0,27,廃止（農業補助廃止）,農業補助金廃止。比較優位に反する
農林水産省,水産庁,水産庁共通費,超過勤務手当,9,該当なし,0%,0,9,廃止（農業補助廃止）,農業補助金廃止。比較優位に反する
農林水産省,水産庁,水産庁共通費,短時間勤務職員給与,2,該当なし,0%,0,2,廃止（農業補助廃止）,農業補助金廃止。比較優位に反する
農林水産省,水産庁,水産庁共通費,児童手当,1,該当なし,0%,0,1,廃止（農業補助廃止）,農業補助金廃止。比較優位に反する
農林水産省,水産庁,水産庁共通費,職員旅費,1,該当なし,0%,0,1,廃止（農業補助廃止）,農業補助金廃止。比較優位に反する
農林水産省,水産庁,水産庁共通費,庁費,2,該当なし,0%,0,2,廃止（農業補助廃止）,農業補助金廃止。比較優位に反する
農林水産省,水産庁,国立研究開発法人水産研究・教育機構運営費,国立研究開発法人水産研究・教育機構研究・教育勘定運営費交付金,160,該当なし,0%,0,160,廃止（農業補助廃止）,農業補助金廃止。比較優位に反する
農林水産省,水産庁,国立研究開発法人水産研究・教育機構運営費,国立研究開発法人水産研究・教育機構海洋水産資源開発勘定運営費交付金,21,該当なし,0%,0,21,廃止（農業補助廃止）,農業補助金廃止。比較優位に反する
農林水産省,水産庁,国立研究開発法人水産研究・教育機構船舶建造費,国立研究開発法人水産研究・教育機構船舶建造費補助金,24,該当なし,0%,0,24,廃止（農業補助廃止）,農業補助金廃止。比較優位に反する
農林水産省,水産庁,国際戦略対策費,政府開発援助国際戦略対策事業費補助金,6,該当なし,0%,0,6,廃止（農業補助廃止）,農業補助金廃止。比較優位に反する
農林水産省,水産庁,水産資源管理対策費,非常勤職員手当,2,⑨外部効果克服,70%,1,1,縮小,⑨漁業資源管理
農林水産省,水産庁,水産資源管理対策費,船員食料手当,1,⑨外部効果克服,70%,1,0,縮小,⑨漁業資源管理
農林水産省,水産庁,水産資源管理対策費,職員旅費,1,⑨外部効果克服,70%,1,0,縮小,⑨漁業資源管理
農林水産省,水産庁,水産資源管理対策費,乗船監督旅費,1,⑨外部効果克服,70%,1,0,縮小,⑨漁業資源管理
農林水産省,水産庁,水産資源管理対策費,庁費,3,⑨外部効果克服,70%,2,1,縮小,⑨漁業資源管理
農林水産省,水産庁,水産資源管理対策費,船舶運航費,45,⑨外部効果克服,70%,31,14,縮小,⑨漁業資源管理
農林水産省,水産庁,水産資源管理対策費,船舶借料,99,⑨外部効果克服,70%,69,30,縮小,⑨漁業資源管理
農林水産省,水産庁,水産資源管理対策費,航空機借料,7,⑨外部効果克服,70%,5,2,縮小,⑨漁業資源管理
農林水産省,水産庁,水産資源管理対策費,水産資源管理対策調査等委託費,3,⑨外部効果克服,70%,2,1,縮小,⑨漁業資源管理
農林水産省,水産庁,水産資源管理対策費,漁業資源調査等委託費,56,⑨外部効果克服,70%,39,17,縮小,⑨漁業資源管理
農林水産省,水産庁,水産資源管理対策費,さけ・ます漁業協力事業費補助金,1,⑨外部効果克服,70%,1,0,縮小,⑨漁業資源管理
農林水産省,水産庁,水産資源管理対策費,水産資源管理対策事業費補助金,7,⑨外部効果克服,70%,5,2,縮小,⑨漁業資源管理
農林水産省,水産庁,水産資源管理対策費,海洋水産資源開発費補助金,33,⑨外部効果克服,70%,23,10,縮小,⑨漁業資源管理
農林水産省,水産庁,水産資源管理対策費,漁業調整委員会等交付金,2,⑨外部効果克服,70%,1,1,縮小,⑨漁業資源管理
農林水産省,水産庁,船舶建造費,船舶建造費,2,該当なし,0%,0,2,廃止（農業補助廃止）,農業補助金廃止。比較優位に反する
農林水産省,水産庁,水産業振興対策費,先端技術活用水産業推進事業委託費,11,該当なし,0%,0,11,廃止（農業補助廃止）,農業補助金廃止。比較優位に反する
農林水産省,水産庁,水産業振興対策費,水産業振興対策事業費補助金,212,該当なし,0%,0,212,廃止（農業補助廃止）,農業補助金廃止。比較優位に反する
農林水産省,水産庁,水産業振興対策費,漁業経営維持安定資金利子補給等補助金,4,該当なし,0%,0,4,廃止（農業補助廃止）,農業補助金廃止。比較優位に反する
農林水産省,水産庁,水産業振興対策費,漁業共済事業実施費補助金,2,該当なし,0%,0,2,廃止（農業補助廃止）,農業補助金廃止。比較優位に反する
農林水産省,水産庁,水産業振興対策費,漁業信用保険事業交付金,2,該当なし,0%,0,2,廃止（農業補助廃止）,農業補助金廃止。比較優位に反する
農林水産省,水産庁,水産業振興対策費,漁業共済再共済金支払資金借入金利子交付金,1,該当なし,0%,0,1,廃止（農業補助廃止）,農業補助金廃止。比較優位に反する
農林水産省,水産庁,水産業振興対策費,水産業改良普及事業交付金,1,該当なし,0%,0,1,廃止（農業補助廃止）,農業補助金廃止。比較優位に反する
農林水産省,水産庁,保険料国庫負担金等食料安定供給特別会計へ繰入,食料安定供給特別会計へ繰入,187,該当なし,0%,0,187,廃止（農業補助廃止）,農業補助金廃止。比較優位に反する
農林水産省,水産庁,漁村活性化対策費,漁村活性化対策調査等委託費,4,該当なし,0%,0,4,廃止（農業補助廃止）,農業補助金廃止。比較優位に反する
農林水産省,水産庁,漁村活性化対策費,漁村活性化対策事業費補助金,14,該当なし,0%,0,14,廃止（農業補助廃止）,農業補助金廃止。比較優位に反する
農林水産省,水産庁,漁村活性化対策費,漁村活性化対策整備費補助金,1,該当なし,0%,0,1,廃止（農業補助廃止）,農業補助金廃止。比較優位に反する
農林水産省,水産庁,漁村活性化対策費,水産多面的機能発揮対策交付金,13,該当なし,0%,0,13,廃止（農業補助廃止）,農業補助金廃止。比較優位に反する
農林水産省,水産庁,漁村活性化対策費,離島漁業再生支援等交付金,11,該当なし,0%,0,11,廃止（農業補助廃止）,農業補助金廃止。比較優位に反する
農林水産省,水産庁,海岸事業費,海岸保全施設整備事業費補助,28,該当なし,0%,0,28,廃止（農業補助廃止）,農業補助金廃止。比較優位に反する
農林水産省,水産庁,海岸事業費,後進地域特例法適用団体補助率差額,2,該当なし,0%,0,2,廃止（農業補助廃止）,農業補助金廃止。比較優位に反する
農林水産省,水産庁,水産業強化対策費,水産業強化対策整備交付金,16,該当なし,0%,0,16,廃止（農業補助廃止）,農業補助金廃止。比較優位に反する
農林水産省,水産庁,水産業強化対策費,水産業強化対策推進交付金,1,該当なし,0%,0,1,廃止（農業補助廃止）,農業補助金廃止。比較優位に反する
農林水産省,水産庁,水産基盤整備費,特定漁港漁場整備費,15,該当なし,0%,0,15,廃止（農業補助廃止）,農業補助金廃止。比較優位に反する
農林水産省,水産庁,水産基盤整備費,水産基盤整備調査費,4,該当なし,0%,0,4,廃止（農業補助廃止）,農業補助金廃止。比較優位に反する
農林水産省,水産庁,水産基盤整備費,水産物供給基盤整備事業費補助,198,該当なし,0%,0,198,廃止（農業補助廃止）,農業補助金廃止。比較優位に反する
農林水産省,水産庁,水産基盤整備費,水産資源環境整備事業費補助,113,該当なし,0%,0,113,廃止（農業補助廃止）,農業補助金廃止。比較優位に反する
農林水産省,水産庁,水産基盤整備費,漁村総合整備事業費補助,6,該当なし,0%,0,6,廃止（農業補助廃止）,農業補助金廃止。比較優位に反する
農林水産省,水産庁,水産基盤整備費,水産基盤整備調査費補助,1,該当なし,0%,0,1,廃止（農業補助廃止）,農業補助金廃止。比較優位に反する
農林水産省,水産庁,水産基盤整備費,後進地域特例法適用団体等補助率差額,20,該当なし,0%,0,20,廃止（農業補助廃止）,農業補助金廃止。比較優位に反する
農林水産省,水産庁,漁港施設災害復旧事業費,漁港災害復旧費,1,該当なし,0%,0,1,廃止（農業補助廃止）,農業補助金廃止。比較優位に反する
農林水産省,水産庁,漁港施設災害復旧事業費,漁港施設災害復旧事業費補助,9,該当なし,0%,0,9,廃止（農業補助廃止）,農業補助金廃止。比較優位に反する
農林水産省,水産庁,漁港施設災害関連事業費,漁港施設災害関連事業費補助,1,該当なし,0%,0,1,廃止（農業補助廃止）,農業補助金廃止。比較優位に反する
経済産業省,経済産業本省,経済産業本省共通費,職員基本給,143,⑥競争促進,10%,14,129,大幅縮小（独禁のみ）,⑥競争促進のみ
経済産業省,経済産業本省,経済産業本省共通費,職員諸手当,80,⑥競争促進,10%,8,72,大幅縮小（独禁のみ）,⑥競争促進のみ
経済産業省,経済産業本省,経済産業本省共通費,超過勤務手当,30,⑥競争促進,10%,3,27,大幅縮小（独禁のみ）,⑥競争促進のみ
経済産業省,経済産業本省,経済産業本省共通費,委員手当,1,⑥競争促進,10%,0,1,大幅縮小（独禁のみ）,⑥競争促進のみ
経済産業省,経済産業本省,経済産業本省共通費,非常勤職員手当,12,⑥競争促進,10%,1,11,大幅縮小（独禁のみ）,⑥競争促進のみ
経済産業省,経済産業本省,経済産業本省共通費,休職者給与,2,⑥競争促進,10%,0,2,大幅縮小（独禁のみ）,⑥競争促進のみ
経済産業省,経済産業本省,経済産業本省共通費,国際機関等派遣職員給与,5,⑥競争促進,10%,0,5,大幅縮小（独禁のみ）,⑥競争促進のみ
経済産業省,経済産業本省,経済産業本省共通費,短時間勤務職員給与,3,⑥競争促進,10%,0,3,大幅縮小（独禁のみ）,⑥競争促進のみ
経済産業省,経済産業本省,経済産業本省共通費,公務災害補償費,1,⑥競争促進,10%,0,1,大幅縮小（独禁のみ）,⑥競争促進のみ
経済産業省,経済産業本省,経済産業本省共通費,退職手当,49,⑥競争促進,10%,5,44,大幅縮小（独禁のみ）,⑥競争促進のみ
経済産業省,経済産業本省,経済産業本省共通費,児童手当,2,⑥競争促進,10%,0,2,大幅縮小（独禁のみ）,⑥競争促進のみ
経済産業省,経済産業本省,経済産業本省共通費,諸謝金,1,⑥競争促進,10%,0,1,大幅縮小（独禁のみ）,⑥競争促進のみ
経済産業省,経済産業本省,経済産業本省共通費,職員旅費,18,⑥競争促進,10%,2,16,大幅縮小（独禁のみ）,⑥競争促進のみ
経済産業省,経済産業本省,経済産業本省共通費,外国留学旅費,2,⑥競争促進,10%,0,2,大幅縮小（独禁のみ）,⑥競争促進のみ
経済産業省,経済産業本省,経済産業本省共通費,赴任旅費,1,⑥競争促進,10%,0,1,大幅縮小（独禁のみ）,⑥競争促進のみ
経済産業省,経済産業本省,経済産業本省共通費,委員等旅費,1,⑥競争促進,10%,0,1,大幅縮小（独禁のみ）,⑥競争促進のみ
経済産業省,経済産業本省,経済産業本省共通費,在外研究員旅費,1,⑥競争促進,10%,0,1,大幅縮小（独禁のみ）,⑥競争促進のみ
経済産業省,経済産業本省,経済産業本省共通費,庁費,44,⑥競争促進,10%,4,40,大幅縮小（独禁のみ）,⑥競争促進のみ
経済産業省,経済産業本省,経済産業本省共通費,情報処理業務庁費,2,⑥競争促進,10%,0,2,大幅縮小（独禁のみ）,⑥競争促進のみ
経済産業省,経済産業本省,経済産業本省共通費,各所修繕,1,⑥競争促進,10%,0,1,大幅縮小（独禁のみ）,⑥競争促進のみ
経済産業省,経済産業本省,経済産業本省共通費,産業経済研究委託費,10,⑥競争促進,10%,1,9,大幅縮小（独禁のみ）,⑥競争促進のみ
経済産業省,経済産業本省,経済産業本省共通費,電力取引監視等業務委託費,1,⑥競争促進,10%,0,1,大幅縮小（独禁のみ）,⑥競争促進のみ
経済産業省,経済産業本省,経済産業本省共通費,国家公務員共済組合負担金,79,⑥競争促進,10%,8,71,大幅縮小（独禁のみ）,⑥競争促進のみ
経済産業省,経済産業本省,経済産業本省共通費,基礎年金等国家公務員共済組合負担金,32,⑥競争促進,10%,3,29,大幅縮小（独禁のみ）,⑥競争促進のみ
経済産業省,経済産業本省,経済産業本省共通費,育児休業手当金等国家公務員共済組合負担金,1,⑥競争促進,10%,0,1,大幅縮小（独禁のみ）,⑥競争促進のみ
経済産業省,経済産業本省,経済産業本省共通費,賠償償還及払戻金,1,⑥競争促進,10%,0,1,大幅縮小（独禁のみ）,⑥競争促進のみ
経済産業省,経済産業本省,経済産業本省施設費,施設施工庁費,1,⑥競争促進,10%,0,1,大幅縮小（独禁のみ）,⑥競争促進のみ
経済産業省,経済産業本省,経済産業本省施設費,施設整備費,22,⑥競争促進,10%,2,20,大幅縮小（独禁のみ）,⑥競争促進のみ
経済産業省,経済産業本省,経済構造改革推進費,中小企業経済構造改革推進業務庁費,9,⑥競争促進,10%,1,8,大幅縮小（独禁のみ）,⑥競争促進のみ
経済産業省,経済産業本省,経済構造改革推進費,経済構造改革推進業務庁費,6,⑥競争促進,10%,1,5,大幅縮小（独禁のみ）,⑥競争促進のみ
経済産業省,経済産業本省,経済構造改革推進費,株式会社日本政策金融公庫補助金,1,⑥競争促進,10%,0,1,大幅縮小（独禁のみ）,⑥競争促進のみ
経済産業省,経済産業本省,地域経済政策推進費,中小企業地域経済政策推進事業委託費,1,⑥競争促進,10%,0,1,大幅縮小（独禁のみ）,⑥競争促進のみ
経済産業省,経済産業本省,地域経済政策推進費,中小企業地域経済政策推進事業費補助金,6,⑥競争促進,10%,1,5,大幅縮小（独禁のみ）,⑥競争促進のみ
経済産業省,経済産業本省,工業用水道事業費,工業用水道事業費補助,20,⑥競争促進,10%,2,18,大幅縮小（独禁のみ）,⑥競争促進のみ
経済産業省,経済産業本省,独立行政法人経済産業研究所運営費,独立行政法人経済産業研究所運営費交付金,25,⑥競争促進,10%,2,23,大幅縮小（独禁のみ）,⑥競争促進のみ
経済産業省,経済産業本省,対外経済政策推進費,非常勤職員手当,3,該当なし,10%,0,3,廃止,貿易促進廃止
経済産業省,経済産業本省,対外経済政策推進費,諸謝金,5,該当なし,10%,0,5,廃止,貿易促進廃止
経済産業省,経済産業本省,対外経済政策推進費,庁費,3,該当なし,10%,0,3,廃止,貿易促進廃止
経済産業省,経済産業本省,対外経済政策推進費,情報処理業務庁費,1,該当なし,10%,0,1,廃止,貿易促進廃止
経済産業省,経済産業本省,対外経済政策推進費,航空機借料,1,該当なし,10%,0,1,廃止,貿易促進廃止
経済産業省,経済産業本省,対外経済政策推進費,中小企業対外経済政策推進事業委託費,20,該当なし,10%,2,18,廃止,貿易促進廃止
経済産業省,経済産業本省,対外経済政策推進費,政府開発援助経済協力対外経済政策推進事業委託費,24,該当なし,10%,2,22,廃止,貿易促進廃止
経済産業省,経済産業本省,対外経済政策推進費,中小企業対外経済政策推進事業費補助金,39,該当なし,10%,4,35,廃止,貿易促進廃止
経済産業省,経済産業本省,対外経済政策推進費,政府開発援助経済協力対外経済政策推進事業費補助金,12,該当なし,10%,1,11,廃止,貿易促進廃止
経済産業省,経済産業本省,対外経済政策推進費,政府開発援助株式会社日本貿易保険交付金,10,該当なし,10%,1,9,廃止,貿易促進廃止
経済産業省,経済産業本省,対外経済政策推進費,モントリオール議定書多数国間基金事務局等分担金,10,該当なし,10%,1,9,廃止,貿易促進廃止
経済産業省,経済産業本省,対外経済政策推進費,国際電気標準会議等分担金,3,該当なし,10%,0,3,廃止,貿易促進廃止
経済産業省,経済産業本省,対外経済政策推進費,経済協力開発機構等拠出金,4,該当なし,10%,0,4,廃止,貿易促進廃止
経済産業省,経済産業本省,対外経済政策推進費,政府開発援助国際連合工業開発機関等拠出金,5,該当なし,10%,0,5,廃止,貿易促進廃止
経済産業省,経済産業本省,対外経済政策推進費,東アジア・アセアン経済研究センター等拠出金,11,該当なし,10%,1,10,廃止,貿易促進廃止
経済産業省,経済産業本省,対外経済政策推進費,国際電気標準会議等拠出金,1,該当なし,10%,0,1,廃止,貿易促進廃止
経済産業省,経済産業本省,独立行政法人日本貿易振興機構運営費,政府開発援助独立行政法人日本貿易振興機構運営費交付金,58,⑥競争促進,10%,6,52,大幅縮小（独禁のみ）,⑥競争促進のみ
経済産業省,経済産業本省,独立行政法人日本貿易振興機構運営費,独立行政法人日本貿易振興機構運営費交付金,208,⑥競争促進,10%,21,187,大幅縮小（独禁のみ）,⑥競争促進のみ
経済産業省,経済産業本省,産業技術・環境・産業標準政策推進費,産業技術・環境・産業標準政策推進研究開発等業務庁費,3,⑥競争促進,10%,0,3,大幅縮小（独禁のみ）,⑥競争促進のみ
経済産業省,経済産業本省,産業技術・環境・産業標準政策推進費,中小企業産業技術・環境・産業標準政策推進業務庁費,2,⑥競争促進,10%,0,2,大幅縮小（独禁のみ）,⑥競争促進のみ
経済産業省,経済産業本省,産業技術・環境・産業標準政策推進費,産業技術・環境・産業標準政策推進研究開発等委託費,30,⑥競争促進,10%,3,27,大幅縮小（独禁のみ）,⑥競争促進のみ
経済産業省,経済産業本省,産業技術・環境・産業標準政策推進費,中小企業産業技術・環境・産業標準政策推進事業委託費,5,⑥競争促進,10%,0,5,大幅縮小（独禁のみ）,⑥競争促進のみ
経済産業省,経済産業本省,産業技術・環境・産業標準政策推進費,新産業創出等研究開発推進事業費補助金,7,⑥競争促進,10%,1,6,大幅縮小（独禁のみ）,⑥競争促進のみ
経済産業省,経済産業本省,産業技術・環境・産業標準政策推進費,産業技術・環境・産業標準政策推進研究開発等事業費補助金,5,⑥競争促進,10%,0,5,大幅縮小（独禁のみ）,⑥競争促進のみ
経済産業省,経済産業本省,国立研究開発法人産業技術総合研究所運営費,国立研究開発法人産業技術総合研究所運営費交付金,674,⑥競争促進,10%,67,607,大幅縮小（独禁のみ）,⑥競争促進のみ
経済産業省,経済産業本省,国立研究開発法人新エネルギー・産業技術総合開発機構運営費,国立研究開発法人新エネルギー・産業技術総合開発機構一般勘定運営費交付金,100,⑥競争促進,10%,10,90,大幅縮小（独禁のみ）,⑥競争促進のみ
経済産業省,経済産業本省,独立行政法人製品評価技術基盤機構運営費,独立行政法人製品評価技術基盤機構運営費交付金,84,⑥競争促進,10%,8,76,大幅縮小（独禁のみ）,⑥競争促進のみ
経済産業省,経済産業本省,情報処理・サービス・製造産業振興費,中小企業情報処理・サービス・製造産業振興非常勤職員手当,1,⑥競争促進,10%,0,1,大幅縮小（独禁のみ）,⑥競争促進のみ
経済産業省,経済産業本省,情報処理・サービス・製造産業振興費,中小企業情報処理・サービス・製造産業振興業務職員旅費,1,⑥競争促進,10%,0,1,大幅縮小（独禁のみ）,⑥競争促進のみ
経済産業省,経済産業本省,情報処理・サービス・製造産業振興費,成果重視事業電子経済産業省構築事業庁費,27,⑥競争促進,10%,3,24,大幅縮小（独禁のみ）,⑥競争促進のみ
経済産業省,経済産業本省,情報処理・サービス・製造産業振興費,中小企業情報処理・サービス・製造産業振興業務庁費,4,⑥競争促進,10%,0,4,大幅縮小（独禁のみ）,⑥競争促進のみ
経済産業省,経済産業本省,情報処理・サービス・製造産業振興費,成果重視事業電子経済産業省構築事業開発委託費,1,⑥競争促進,10%,0,1,大幅縮小（独禁のみ）,⑥競争促進のみ
経済産業省,経済産業本省,情報処理・サービス・製造産業振興費,情報処理・サービス・製造産業振興研究開発等事業委託費,29,⑥競争促進,10%,3,26,大幅縮小（独禁のみ）,⑥競争促進のみ
経済産業省,経済産業本省,情報処理・サービス・製造産業振興費,中小企業情報処理・サービス・製造産業振興事業委託費,41,⑥競争促進,10%,4,37,大幅縮小（独禁のみ）,⑥競争促進のみ
経済産業省,経済産業本省,情報処理・サービス・製造産業振興費,情報処理・サービス・製造産業振興事業委託費,3,⑥競争促進,10%,0,3,大幅縮小（独禁のみ）,⑥競争促進のみ
経済産業省,経済産業本省,情報処理・サービス・製造産業振興費,情報処理・サービス・製造産業振興研究開発等事業費補助金,152,⑥競争促進,10%,15,137,大幅縮小（独禁のみ）,⑥競争促進のみ
経済産業省,経済産業本省,情報処理・サービス・製造産業振興費,情報処理・サービス・製造産業振興事業費補助金,186,⑥競争促進,10%,19,167,大幅縮小（独禁のみ）,⑥競争促進のみ
経済産業省,経済産業本省,情報処理・サービス・製造産業振興費,中小企業情報処理・サービス・製造産業振興事業費補助金,37,⑥競争促進,10%,4,33,大幅縮小（独禁のみ）,⑥競争促進のみ
経済産業省,経済産業本省,情報処理・サービス・製造産業振興費,革新的研究開発推進基金補助金,1,⑥競争促進,10%,0,1,大幅縮小（独禁のみ）,⑥競争促進のみ
経済産業省,経済産業本省,独立行政法人エネルギー・金属鉱物資源機構運営費,独立行政法人エネルギー・金属鉱物資源機構投融資等・金属鉱産物備蓄勘定運営費交付金,1,⑥競争促進,10%,0,1,大幅縮小（独禁のみ）,⑥競争促進のみ
経済産業省,経済産業本省,独立行政法人エネルギー・金属鉱物資源機構運営費,独立行政法人エネルギー・金属鉱物資源機構金属鉱業一般勘定運営費交付金,43,⑥競争促進,10%,4,39,大幅縮小（独禁のみ）,⑥競争促進のみ
経済産業省,経済産業本省,独立行政法人情報処理推進機構運営費,独立行政法人情報処理推進機構一般勘定運営費交付金,129,⑥競争促進,10%,13,116,大幅縮小（独禁のみ）,⑥競争促進のみ
経済産業省,経済産業本省,産業保安確保費,中小企業産業保安確保非常勤職員手当,1,⑥競争促進,10%,0,1,大幅縮小（独禁のみ）,⑥競争促進のみ
経済産業省,経済産業本省,産業保安確保費,庁費,1,⑥競争促進,10%,0,1,大幅縮小（独禁のみ）,⑥競争促進のみ
経済産業省,経済産業本省,産業保安確保費,中小企業産業保安確保事業委託費,11,⑥競争促進,10%,1,10,大幅縮小（独禁のみ）,⑥競争促進のみ
経済産業省,経済産業本省,産業保安確保費,中小企業産業保安確保事業費補助金,1,⑥競争促進,10%,0,1,大幅縮小（独禁のみ）,⑥競争促進のみ
経済産業省,経済産業本省,産業保安確保費,休廃止鉱山鉱害防止等工事費補助金,22,⑥競争促進,10%,2,20,大幅縮小（独禁のみ）,⑥競争促進のみ
経済産業省,経済産業本省,産業保安確保費,賠償償還及払戻金,3,⑥競争促進,10%,0,3,大幅縮小（独禁のみ）,⑥競争促進のみ
経済産業省,経済産業局,経済産業局,職員基本給,77,⑥競争促進,10%,8,69,大幅縮小（独禁のみ）,⑥競争促進のみ
経済産業省,経済産業局,経済産業局,職員諸手当,39,⑥競争促進,10%,4,35,大幅縮小（独禁のみ）,⑥競争促進のみ
経済産業省,経済産業局,経済産業局,超過勤務手当,7,⑥競争促進,10%,1,6,大幅縮小（独禁のみ）,⑥競争促進のみ
経済産業省,経済産業局,経済産業局,非常勤職員手当,6,⑥競争促進,10%,1,5,大幅縮小（独禁のみ）,⑥競争促進のみ
経済産業省,経済産業局,経済産業局,短時間勤務職員給与,4,⑥競争促進,10%,0,4,大幅縮小（独禁のみ）,⑥競争促進のみ
経済産業省,経済産業局,経済産業局,児童手当,1,⑥競争促進,10%,0,1,大幅縮小（独禁のみ）,⑥競争促進のみ
経済産業省,経済産業局,経済産業局,職員旅費,2,⑥競争促進,10%,0,2,大幅縮小（独禁のみ）,⑥競争促進のみ
経済産業省,経済産業局,経済産業局,庁費,17,⑥競争促進,10%,2,15,大幅縮小（独禁のみ）,⑥競争促進のみ
経済産業省,経済産業局,経済産業局,移転費,1,⑥競争促進,10%,0,1,大幅縮小（独禁のみ）,⑥競争促進のみ
経済産業省,経済産業局,経済産業局,公共施設等維持管理運営費,1,⑥競争促進,10%,0,1,大幅縮小（独禁のみ）,⑥競争促進のみ
経済産業省,経済産業局,経済産業局施設費,施設整備費,1,⑥競争促進,10%,0,1,大幅縮小（独禁のみ）,⑥競争促進のみ
経済産業省,産業保安監督官署,産業保安監督官署,職員基本給,15,⑥競争促進,10%,2,13,大幅縮小（独禁のみ）,⑥競争促進のみ
経済産業省,産業保安監督官署,産業保安監督官署,職員諸手当,7,⑥競争促進,10%,1,6,大幅縮小（独禁のみ）,⑥競争促進のみ
経済産業省,産業保安監督官署,産業保安監督官署,超過勤務手当,1,⑥競争促進,10%,0,1,大幅縮小（独禁のみ）,⑥競争促進のみ
経済産業省,産業保安監督官署,産業保安監督官署,短時間勤務職員給与,1,⑥競争促進,10%,0,1,大幅縮小（独禁のみ）,⑥競争促進のみ
経済産業省,産業保安監督官署,産業保安監督官署,庁費,3,⑥競争促進,10%,0,3,大幅縮小（独禁のみ）,⑥競争促進のみ
経済産業省,資源エネルギー庁,資源エネルギー庁共通費,職員基本給,20,⑨外部効果克服,10%,2,18,廃止,エネルギー補助廃止
経済産業省,資源エネルギー庁,資源エネルギー庁共通費,職員諸手当,11,⑨外部効果克服,10%,1,10,廃止,エネルギー補助廃止
経済産業省,資源エネルギー庁,資源エネルギー庁共通費,超過勤務手当,8,⑨外部効果克服,10%,1,7,廃止,エネルギー補助廃止
経済産業省,資源エネルギー庁,資源エネルギー庁共通費,職員旅費,1,⑨外部効果克服,10%,0,1,廃止,エネルギー補助廃止
経済産業省,資源エネルギー庁,資源エネルギー庁共通費,庁費,4,⑨外部効果克服,10%,0,4,廃止,エネルギー補助廃止
経済産業省,資源エネルギー庁,石油石炭税財源燃料安定供給対策及エネルギー需給構造高度化対策費エネルギー対策特別会計へ繰入,石油石炭税財源のエネルギー対策特別会計へ繰入,2708,⑥競争促進,10%,271,2437,大幅縮小（独禁のみ）,⑥競争促進のみ
経済産業省,資源エネルギー庁,電源開発促進税財源電源立地対策及電源利用対策費エネルギー対策特別会計へ繰入,電源開発促進税財源のエネルギー対策特別会計へ繰入,1517,⑥競争促進,10%,152,1365,大幅縮小（独禁のみ）,⑥競争促進のみ
経済産業省,資源エネルギー庁,原子力損害賠償支援対策費エネルギー対策特別会計へ繰入,エネルギー対策特別会計へ繰入,715,⑥競争促進,10%,72,643,大幅縮小（独禁のみ）,⑥競争促進のみ
経済産業省,中小企業庁,中小企業庁共通費,職員基本給,11,該当なし,0%,0,11,廃止,中小企業優遇廃止
経済産業省,中小企業庁,中小企業庁共通費,職員諸手当,6,該当なし,0%,0,6,廃止,中小企業優遇廃止
経済産業省,中小企業庁,中小企業庁共通費,超過勤務手当,3,該当なし,0%,0,3,廃止,中小企業優遇廃止
経済産業省,中小企業庁,中小企業庁共通費,庁費,1,該当なし,0%,0,1,廃止,中小企業優遇廃止
経済産業省,中小企業庁,中小企業政策推進費,非常勤職員手当,18,該当なし,0%,0,18,廃止,中小企業優遇廃止
経済産業省,中小企業庁,中小企業政策推進費,職員旅費,1,該当なし,0%,0,1,廃止,中小企業優遇廃止
経済産業省,中小企業庁,中小企業政策推進費,委員等旅費,1,該当なし,0%,0,1,廃止,中小企業優遇廃止
経済産業省,中小企業庁,中小企業政策推進費,中小企業政策推進業務庁費,6,該当なし,0%,0,6,廃止,中小企業優遇廃止
経済産業省,中小企業庁,中小企業政策推進費,中小企業政策推進事業委託費,223,該当なし,0%,0,223,廃止,中小企業優遇廃止
経済産業省,中小企業庁,中小企業政策推進費,株式会社日本政策金融公庫補助金,1,該当なし,0%,0,1,廃止,中小企業優遇廃止
経済産業省,中小企業庁,中小企業政策推進費,中小企業政策推進事業費補助金,230,該当なし,0%,0,230,廃止,中小企業優遇廃止
経済産業省,中小企業庁,中小企業政策推進費,株式会社日本政策金融公庫補給金,195,該当なし,0%,0,195,廃止,中小企業優遇廃止
経済産業省,中小企業庁,独立行政法人中小企業基盤整備機構運営費,独立行政法人中小企業基盤整備機構一般勘定運営費交付金,175,該当なし,0%,0,175,廃止,中小企業優遇廃止
経済産業省,中小企業庁,独立行政法人中小企業基盤整備機構運営費,独立行政法人中小企業基盤整備機構中小企業倒産防止共済勘定運営費交付金,13,該当なし,0%,0,13,廃止,中小企業優遇廃止
経済産業省,中小企業庁,独立行政法人中小企業基盤整備機構出資,独立行政法人中小企業基盤整備機構出資金,6,該当なし,0%,0,6,廃止,中小企業優遇廃止
国土交通省,国土交通本省,国土交通本省共通費,職員基本給,247,⑧技術的独占対抗・⑨外部効果克服,30%,74,173,大幅縮小,⑧⑨インフラ規制・防災のみ
国土交通省,国土交通本省,国土交通本省共通費,職員諸手当,145,⑧技術的独占対抗・⑨外部効果克服,30%,44,101,大幅縮小,⑧⑨インフラ規制・防災のみ
国土交通省,国土交通本省,国土交通本省共通費,超過勤務手当,51,⑧技術的独占対抗・⑨外部効果克服,30%,15,36,大幅縮小,⑧⑨インフラ規制・防災のみ
国土交通省,国土交通本省,国土交通本省共通費,委員手当,1,⑧技術的独占対抗・⑨外部効果克服,30%,0,1,大幅縮小,⑧⑨インフラ規制・防災のみ
国土交通省,国土交通本省,国土交通本省共通費,非常勤職員手当,2,⑧技術的独占対抗・⑨外部効果克服,30%,1,1,大幅縮小,⑧⑨インフラ規制・防災のみ
国土交通省,国土交通本省,国土交通本省共通費,休職者給与,7,⑧技術的独占対抗・⑨外部効果克服,30%,2,5,大幅縮小,⑧⑨インフラ規制・防災のみ
国土交通省,国土交通本省,国土交通本省共通費,国際機関等派遣職員給与,5,⑧技術的独占対抗・⑨外部効果克服,30%,2,3,大幅縮小,⑧⑨インフラ規制・防災のみ
国土交通省,国土交通本省,国土交通本省共通費,短時間勤務職員給与,1,⑧技術的独占対抗・⑨外部効果克服,30%,0,1,大幅縮小,⑧⑨インフラ規制・防災のみ
国土交通省,国土交通本省,国土交通本省共通費,公務災害補償費,3,⑧技術的独占対抗・⑨外部効果克服,30%,1,2,大幅縮小,⑧⑨インフラ規制・防災のみ
国土交通省,国土交通本省,国土交通本省共通費,退職手当,236,⑧技術的独占対抗・⑨外部効果克服,30%,71,165,大幅縮小,⑧⑨インフラ規制・防災のみ
国土交通省,国土交通本省,国土交通本省共通費,児童手当,4,⑧技術的独占対抗・⑨外部効果克服,30%,1,3,大幅縮小,⑧⑨インフラ規制・防災のみ
国土交通省,国土交通本省,国土交通本省共通費,職員旅費,8,⑧技術的独占対抗・⑨外部効果克服,30%,2,6,大幅縮小,⑧⑨インフラ規制・防災のみ
国土交通省,国土交通本省,国土交通本省共通費,災害検査旅費,1,⑧技術的独占対抗・⑨外部効果克服,30%,0,1,大幅縮小,⑧⑨インフラ規制・防災のみ
国土交通省,国土交通本省,国土交通本省共通費,赴任旅費,6,⑧技術的独占対抗・⑨外部効果克服,30%,2,4,大幅縮小,⑧⑨インフラ規制・防災のみ
国土交通省,国土交通本省,国土交通本省共通費,外国留学旅費,1,⑧技術的独占対抗・⑨外部効果克服,30%,0,1,大幅縮小,⑧⑨インフラ規制・防災のみ
国土交通省,国土交通本省,国土交通本省共通費,庁費,43,⑧技術的独占対抗・⑨外部効果克服,30%,13,30,大幅縮小,⑧⑨インフラ規制・防災のみ
国土交通省,国土交通本省,国土交通本省共通費,各所修繕,1,⑧技術的独占対抗・⑨外部効果克服,30%,0,1,大幅縮小,⑧⑨インフラ規制・防災のみ
国土交通省,国土交通本省,国土交通本省共通費,民間資金等活用事業運営費,2,⑧技術的独占対抗・⑨外部効果克服,30%,1,1,大幅縮小,⑧⑨インフラ規制・防災のみ
国土交通省,国土交通本省,国土交通本省共通費,国家公務員共済組合負担金,446,⑧技術的独占対抗・⑨外部効果克服,30%,134,312,大幅縮小,⑧⑨インフラ規制・防災のみ
国土交通省,国土交通本省,国土交通本省共通費,基礎年金等国家公務員共済組合負担金,113,⑧技術的独占対抗・⑨外部効果克服,30%,34,79,大幅縮小,⑧⑨インフラ規制・防災のみ
国土交通省,国土交通本省,国土交通本省共通費,育児休業手当金等国家公務員共済組合負担金,2,⑧技術的独占対抗・⑨外部効果克服,30%,1,1,大幅縮小,⑧⑨インフラ規制・防災のみ
国土交通省,国土交通本省,国土交通本省共通費,賠償償還及払戻金,1,⑧技術的独占対抗・⑨外部効果克服,30%,0,1,大幅縮小,⑧⑨インフラ規制・防災のみ
国土交通省,国土交通本省,国土交通本省施設費,施設整備費,1,⑧技術的独占対抗・⑨外部効果克服,30%,0,1,大幅縮小,⑧⑨インフラ規制・防災のみ
国土交通省,国土交通本省,住宅対策事業費,公営住宅整備費等補助,5,該当なし,0%,0,5,廃止,住宅補助廃止。低所得者はNITで対応
国土交通省,国土交通本省,住宅対策諸費,住宅建設事業調査費,4,該当なし,0%,0,4,廃止,住宅補助廃止。低所得者はNITで対応
国土交通省,国土交通本省,住宅対策諸費,優良住宅整備促進等事業費補助,260,該当なし,0%,0,260,廃止,住宅補助廃止。低所得者はNITで対応
国土交通省,国土交通本省,住宅対策諸費,公的賃貸住宅家賃対策補助,120,該当なし,0%,0,120,廃止,住宅補助廃止。低所得者はNITで対応
国土交通省,国土交通本省,住宅市場整備推進費,住宅市場整備推進調査費,2,該当なし,0%,0,2,廃止,住宅補助廃止。低所得者はNITで対応
国土交通省,国土交通本省,住宅市場整備推進費,住宅市場整備推進等事業費補助金,35,該当なし,0%,0,35,廃止,住宅補助廃止。低所得者はNITで対応
国土交通省,国土交通本省,住宅市場整備推進費,ユネスコ事業等拠出金,1,該当なし,0%,0,1,廃止,住宅補助廃止。低所得者はNITで対応
国土交通省,国土交通本省,海洋環境対策費,海洋環境対策調査費,4,⑧技術的独占対抗・⑨外部効果克服,30%,1,3,大幅縮小,⑧⑨インフラ規制・防災のみ
国土交通省,国土交通本省,港湾環境整備事業費,港湾環境整備事業費補助,3,⑧技術的独占対抗・⑨外部効果克服,30%,1,2,大幅縮小,⑧⑨インフラ規制・防災のみ
国土交通省,国土交通本省,港湾環境整備事業費,港湾廃棄物処理施設整備事業費補助,7,⑧技術的独占対抗・⑨外部効果克服,30%,2,5,大幅縮小,⑧⑨インフラ規制・防災のみ
国土交通省,国土交通本省,道路環境改善事業費,沿道環境改善事業費,422,⑧技術的独占対抗・⑨外部効果克服,30%,127,295,大幅縮小,⑧⑨インフラ規制・防災のみ
国土交通省,国土交通本省,道路環境改善事業費,無電柱化推進事業費,350,⑧技術的独占対抗・⑨外部効果克服,30%,105,245,大幅縮小,⑧⑨インフラ規制・防災のみ
国土交通省,国土交通本省,道路環境改善事業費,営繕宿舎費,3,⑧技術的独占対抗・⑨外部効果克服,30%,1,2,大幅縮小,⑧⑨インフラ規制・防災のみ
国土交通省,国土交通本省,道路環境改善事業費,無電柱化推進事業費補助,289,⑧技術的独占対抗・⑨外部効果克服,30%,87,202,大幅縮小,⑧⑨インフラ規制・防災のみ
国土交通省,国土交通本省,道路環境改善事業費,後進地域特例法適用団体補助率差額,9,⑧技術的独占対抗・⑨外部効果克服,30%,3,6,大幅縮小,⑧⑨インフラ規制・防災のみ
国土交通省,国土交通本省,水資源対策費,水資源対策調査費,1,⑧技術的独占対抗・⑨外部効果克服,30%,0,1,大幅縮小,⑧⑨インフラ規制・防災のみ
国土交通省,国土交通本省,水資源開発事業費,工業用水道事業費補助,1,⑧技術的独占対抗・⑨外部効果克服,30%,0,1,大幅縮小,⑧⑨インフラ規制・防災のみ
国土交通省,国土交通本省,水資源開発事業費,水道水源開発施設整備費補助,30,⑧技術的独占対抗・⑨外部効果克服,30%,9,21,大幅縮小,⑧⑨インフラ規制・防災のみ
国土交通省,国土交通本省,水資源開発事業費,農業農村整備事業費補助,86,⑧技術的独占対抗・⑨外部効果克服,30%,26,60,大幅縮小,⑧⑨インフラ規制・防災のみ
国土交通省,国土交通本省,緑地環境対策費,明日香村歴史的風土創造的活用事業交付金,2,⑧技術的独占対抗・⑨外部効果克服,30%,1,1,大幅縮小,⑧⑨インフラ規制・防災のみ
国土交通省,国土交通本省,国営公園等事業費,国営公園等整備費,63,⑧技術的独占対抗・⑨外部効果克服,30%,19,44,大幅縮小,⑧⑨インフラ規制・防災のみ
国土交通省,国土交通本省,国営公園等事業費,国営公園等維持管理費,132,⑧技術的独占対抗・⑨外部効果克服,30%,40,92,大幅縮小,⑧⑨インフラ規制・防災のみ
国土交通省,国土交通本省,国営公園等事業費,国営公園等事業調査費,23,⑧技術的独占対抗・⑨外部効果克服,30%,7,16,大幅縮小,⑧⑨インフラ規制・防災のみ
国土交通省,国土交通本省,国営公園等事業費,都市公園事業費補助,14,⑧技術的独占対抗・⑨外部効果克服,30%,4,10,大幅縮小,⑧⑨インフラ規制・防災のみ
国土交通省,国土交通本省,国営公園等事業費,都市開発資金貸付金,2,⑧技術的独占対抗・⑨外部効果克服,30%,1,1,大幅縮小,⑧⑨インフラ規制・防災のみ
国土交通省,国土交通本省,水環境対策費,水環境対策調査費,2,⑧技術的独占対抗・⑨外部効果克服,30%,1,1,大幅縮小,⑧⑨インフラ規制・防災のみ
国土交通省,国土交通本省,都市水環境整備事業費,総合水系環境整備事業費,86,⑧技術的独占対抗・⑨外部効果克服,30%,26,60,大幅縮小,⑧⑨インフラ規制・防災のみ
国土交通省,国土交通本省,都市水環境整備事業費,河川都市基盤整備事業費,130,⑧技術的独占対抗・⑨外部効果克服,30%,39,91,大幅縮小,⑧⑨インフラ規制・防災のみ
国土交通省,国土交通本省,都市水環境整備事業費,営繕宿舎費,2,⑧技術的独占対抗・⑨外部効果克服,30%,1,1,大幅縮小,⑧⑨インフラ規制・防災のみ
国土交通省,国土交通本省,上下水道一体効率化・基盤強化推進事業費,上下水道一体効率化・基盤強化推進事業調査費,27,⑧技術的独占対抗・⑨外部効果克服,30%,8,19,大幅縮小,⑧⑨インフラ規制・防災のみ
国土交通省,国土交通本省,上下水道一体効率化・基盤強化推進事業費,上下水道一体効率化・基盤強化推進事業費補助,38,⑧技術的独占対抗・⑨外部効果克服,30%,11,27,大幅縮小,⑧⑨インフラ規制・防災のみ
国土交通省,国土交通本省,水道施設整備費,水道施設整備事業調査費,1,⑧技術的独占対抗・⑨外部効果克服,30%,0,1,大幅縮小,⑧⑨インフラ規制・防災のみ
国土交通省,国土交通本省,水道施設整備費,水道施設整備費補助,100,⑧技術的独占対抗・⑨外部効果克服,30%,30,70,大幅縮小,⑧⑨インフラ規制・防災のみ
国土交通省,国土交通本省,下水道事業費,下水道事業調査費,9,⑧技術的独占対抗・⑨外部効果克服,30%,3,6,大幅縮小,⑧⑨インフラ規制・防災のみ
国土交通省,国土交通本省,下水道事業費,下水道事業費補助,98,⑧技術的独占対抗・⑨外部効果克服,30%,29,69,大幅縮小,⑧⑨インフラ規制・防災のみ
国土交通省,国土交通本省,地球温暖化防止等対策費,地球温暖化防止等対策調査費,1,⑧技術的独占対抗・⑨外部効果克服,30%,0,1,大幅縮小,⑧⑨インフラ規制・防災のみ
国土交通省,国土交通本省,地球温暖化防止等対策費,技術研究開発調査費,1,⑧技術的独占対抗・⑨外部効果克服,30%,0,1,大幅縮小,⑧⑨インフラ規制・防災のみ
国土交通省,国土交通本省,地球温暖化防止等対策費,住宅・建築物環境対策事業費補助金,36,⑧技術的独占対抗・⑨外部効果克服,30%,11,25,大幅縮小,⑧⑨インフラ規制・防災のみ
国土交通省,国土交通本省,地球温暖化防止等対策費,経済協力開発機構拠出金,1,⑧技術的独占対抗・⑨外部効果克服,30%,0,1,大幅縮小,⑧⑨インフラ規制・防災のみ
国土交通省,国土交通本省,市街地防災事業費,地下街防災推進事業費補助,1,⑧技術的独占対抗・⑨外部効果克服,30%,0,1,大幅縮小,⑧⑨インフラ規制・防災のみ
国土交通省,国土交通本省,住宅防災事業費,住宅市街地総合整備促進事業費補助,1169,該当なし,0%,0,1169,廃止,住宅補助廃止。低所得者はNITで対応
国土交通省,国土交通本省,都市公園防災事業費,都市公園防災事業費補助,4,⑧技術的独占対抗・⑨外部効果克服,30%,1,3,大幅縮小,⑧⑨インフラ規制・防災のみ
国土交通省,国土交通本省,下水道防災事業費,下水道防災事業費補助,1202,⑧技術的独占対抗・⑨外部効果克服,30%,361,841,大幅縮小,⑧⑨インフラ規制・防災のみ
国土交通省,国土交通本省,水害・土砂災害対策費,水害・土砂災害対策調査費,1,⑧技術的独占対抗・⑨外部効果克服,30%,0,1,大幅縮小,⑧⑨インフラ規制・防災のみ
国土交通省,国土交通本省,水害・土砂災害対策費,国際機関等拠出金,1,⑧技術的独占対抗・⑨外部効果克服,30%,0,1,大幅縮小,⑧⑨インフラ規制・防災のみ
国土交通省,国土交通本省,河川管理施設整備費,洪水予報施設費,1,⑧技術的独占対抗・⑨外部効果克服,30%,0,1,大幅縮小,⑧⑨インフラ規制・防災のみ
国土交通省,国土交通本省,河川整備事業費,河川改修費,1550,⑨外部効果克服,80%,1240,310,維持（縮小）,⑨洪水・治水
国土交通省,国土交通本省,河川整備事業費,河川維持修繕費,984,⑨外部効果克服,80%,787,197,維持（縮小）,⑨洪水・治水
国土交通省,国土交通本省,河川整備事業費,堰堤維持費,536,⑨外部効果克服,80%,429,107,維持（縮小）,⑨洪水・治水
国土交通省,国土交通本省,河川整備事業費,河川総合開発事業費,448,⑨外部効果克服,80%,358,90,維持（縮小）,⑨洪水・治水
国土交通省,国土交通本省,河川整備事業費,流況調整河川事業費,191,⑨外部効果克服,80%,153,38,維持（縮小）,⑨洪水・治水
国土交通省,国土交通本省,河川整備事業費,河川工作物関連応急対策事業費,88,⑨外部効果克服,80%,70,18,維持（縮小）,⑨洪水・治水
国土交通省,国土交通本省,河川整備事業費,堰堤改良費,69,⑨外部効果克服,80%,55,14,維持（縮小）,⑨洪水・治水
国土交通省,国土交通本省,河川整備事業費,営繕宿舎費,39,⑨外部効果克服,80%,31,8,維持（縮小）,⑨洪水・治水
国土交通省,国土交通本省,河川整備事業費,河川事業調査費,4,⑨外部効果克服,80%,3,1,維持（縮小）,⑨洪水・治水
国土交通省,国土交通本省,河川整備事業費,河川総合開発事業調査費,2,⑨外部効果克服,80%,2,0,維持（縮小）,⑨洪水・治水
国土交通省,国土交通本省,河川整備事業費,河川総合開発事業費補助,48,⑨外部効果克服,80%,38,10,維持（縮小）,⑨洪水・治水
国土交通省,国土交通本省,河川整備事業費,治水ダム等建設事業費補助,41,⑨外部効果克服,80%,33,8,維持（縮小）,⑨洪水・治水
国土交通省,国土交通本省,河川整備事業費,堰堤改良費補助,29,⑨外部効果克服,80%,23,6,維持（縮小）,⑨洪水・治水
国土交通省,国土交通本省,河川整備事業費,河川激甚災害対策特別緊急事業費補助,14,⑨外部効果克服,80%,11,3,維持（縮小）,⑨洪水・治水
国土交通省,国土交通本省,河川整備事業費,河川災害復旧等関連緊急事業費補助,5,⑨外部効果克服,80%,4,1,維持（縮小）,⑨洪水・治水
国土交通省,国土交通本省,河川整備事業費,特定洪水対策等推進事業費補助,226,⑨外部効果克服,80%,181,45,維持（縮小）,⑨洪水・治水
国土交通省,国土交通本省,河川整備事業費,特定都市河川浸水被害対策推進事業費補助,49,⑨外部効果克服,80%,39,10,維持（縮小）,⑨洪水・治水
国土交通省,国土交通本省,河川整備事業費,水資源開発事業交付金,259,⑨外部効果克服,80%,207,52,維持（縮小）,⑨洪水・治水
国土交通省,国土交通本省,河川整備事業費,後進地域特例法適用団体補助率差額,39,⑨外部効果克服,80%,31,8,維持（縮小）,⑨洪水・治水
国土交通省,国土交通本省,多目的ダム建設事業費,木曾川新丸山ダム建設費,162,⑧技術的独占対抗・⑨外部効果克服,30%,49,113,大幅縮小,⑧⑨インフラ規制・防災のみ
国土交通省,国土交通本省,多目的ダム建設事業費,庄川利賀ダム建設費,121,⑧技術的独占対抗・⑨外部効果克服,30%,36,85,大幅縮小,⑧⑨インフラ規制・防災のみ
国土交通省,国土交通本省,多目的ダム建設事業費,雄物川成瀬ダム建設費,220,⑧技術的独占対抗・⑨外部効果克服,30%,66,154,大幅縮小,⑧⑨インフラ規制・防災のみ
国土交通省,国土交通本省,多目的ダム建設事業費,豊川設楽ダム建設費,155,⑧技術的独占対抗・⑨外部効果克服,30%,46,109,大幅縮小,⑧⑨インフラ規制・防災のみ
国土交通省,国土交通本省,多目的ダム建設事業費,子吉川鳥海ダム建設費,124,⑧技術的独占対抗・⑨外部効果克服,30%,37,87,大幅縮小,⑧⑨インフラ規制・防災のみ
国土交通省,国土交通本省,多目的ダム建設事業費,鳴瀬川鳴瀬川総合開発建設費,37,⑧技術的独占対抗・⑨外部効果克服,30%,11,26,大幅縮小,⑧⑨インフラ規制・防災のみ
国土交通省,国土交通本省,多目的ダム建設事業費,営繕宿舎費,1,⑧技術的独占対抗・⑨外部効果克服,30%,0,1,大幅縮小,⑧⑨インフラ規制・防災のみ
国土交通省,国土交通本省,総合流域防災事業費,総合流域防災対策事業費,66,⑧技術的独占対抗・⑨外部効果克服,30%,20,46,大幅縮小,⑧⑨インフラ規制・防災のみ
国土交通省,国土交通本省,総合流域防災事業費,総合流域防災対策事業調査費,3,⑧技術的独占対抗・⑨外部効果克服,30%,1,2,大幅縮小,⑧⑨インフラ規制・防災のみ
国土交通省,国土交通本省,砂防事業費,砂防事業費,693,⑨外部効果克服,80%,554,139,維持（縮小）,⑨土砂災害防止
国土交通省,国土交通本省,砂防事業費,地すべり対策事業費,67,⑨外部効果克服,80%,54,13,維持（縮小）,⑨土砂災害防止
国土交通省,国土交通本省,砂防事業費,砂防管理費,23,⑨外部効果克服,80%,18,5,維持（縮小）,⑨土砂災害防止
国土交通省,国土交通本省,砂防事業費,特定緊急砂防事業費,85,⑨外部効果克服,80%,68,17,維持（縮小）,⑨土砂災害防止
国土交通省,国土交通本省,砂防事業費,特定緊急地すべり対策事業費,11,⑨外部効果克服,80%,9,2,維持（縮小）,⑨土砂災害防止
国土交通省,国土交通本省,砂防事業費,営繕宿舎費,7,⑨外部効果克服,80%,6,1,維持（縮小）,⑨土砂災害防止
国土交通省,国土交通本省,砂防事業費,砂防激甚災害対策特別緊急事業費補助,4,⑨外部効果克服,80%,3,1,維持（縮小）,⑨土砂災害防止
国土交通省,国土交通本省,砂防事業費,地すべり激甚災害対策特別緊急事業費補助,6,⑨外部効果克服,80%,5,1,維持（縮小）,⑨土砂災害防止
国土交通省,国土交通本省,砂防事業費,特定緊急砂防事業費補助,5,⑨外部効果克服,80%,4,1,維持（縮小）,⑨土砂災害防止
国土交通省,国土交通本省,砂防事業費,特定緊急地すべり対策事業費補助,8,⑨外部効果克服,80%,6,2,維持（縮小）,⑨土砂災害防止
国土交通省,国土交通本省,砂防事業費,特定土砂災害対策推進事業費補助,269,⑨外部効果克服,80%,215,54,維持（縮小）,⑨土砂災害防止
国土交通省,国土交通本省,砂防事業費,後進地域特例法適用団体補助率差額,21,⑨外部効果克服,80%,17,4,維持（縮小）,⑨土砂災害防止
国土交通省,国土交通本省,防災・減災対策等強化事業推進費,(防災・減災対策等強化事業推進費),139,⑧技術的独占対抗・⑨外部効果克服,30%,42,97,大幅縮小,⑧⑨インフラ規制・防災のみ
国土交通省,国土交通本省,海岸事業費,海岸保全施設整備事業費,198,⑧技術的独占対抗・⑨外部効果克服,30%,59,139,大幅縮小,⑧⑨インフラ規制・防災のみ
国土交通省,国土交通本省,海岸事業費,海岸維持管理費,16,⑧技術的独占対抗・⑨外部効果克服,30%,5,11,大幅縮小,⑧⑨インフラ規制・防災のみ
国土交通省,国土交通本省,海岸事業費,営繕宿舎費,1,⑧技術的独占対抗・⑨外部効果克服,30%,0,1,大幅縮小,⑧⑨インフラ規制・防災のみ
国土交通省,国土交通本省,海岸事業費,海岸事業調査費,1,⑧技術的独占対抗・⑨外部効果克服,30%,0,1,大幅縮小,⑧⑨インフラ規制・防災のみ
国土交通省,国土交通本省,海岸事業費,海岸保全施設整備事業費補助,67,⑧技術的独占対抗・⑨外部効果克服,30%,20,47,大幅縮小,⑧⑨インフラ規制・防災のみ
国土交通省,国土交通本省,海岸事業費,後進地域特例法適用団体補助率差額,6,⑧技術的独占対抗・⑨外部効果克服,30%,2,4,大幅縮小,⑧⑨インフラ規制・防災のみ
国土交通省,国土交通本省,公共交通等安全対策費,職員旅費,2,⑧技術的独占対抗・⑨外部効果克服,30%,1,1,大幅縮小,⑧⑨インフラ規制・防災のみ
国土交通省,国土交通本省,公共交通等安全対策費,公共交通等安全対策調査費,4,⑧技術的独占対抗・⑨外部効果克服,30%,1,3,大幅縮小,⑧⑨インフラ規制・防災のみ
国土交通省,国土交通本省,公共交通等安全対策費,技術研究開発調査費,2,⑧技術的独占対抗・⑨外部効果克服,30%,1,1,大幅縮小,⑧⑨インフラ規制・防災のみ
国土交通省,国土交通本省,公共交通等安全対策費,国際民間航空機関等分担金,9,⑧技術的独占対抗・⑨外部効果克服,30%,3,6,大幅縮小,⑧⑨インフラ規制・防災のみ
国土交通省,国土交通本省,公共交通等安全対策費,国際民間航空機関等拠出金,1,⑧技術的独占対抗・⑨外部効果克服,30%,0,1,大幅縮小,⑧⑨インフラ規制・防災のみ
国土交通省,国土交通本省,独立行政法人航空大学校運営費,独立行政法人航空大学校運営費交付金,24,⑧技術的独占対抗・⑨外部効果克服,30%,7,17,大幅縮小,⑧⑨インフラ規制・防災のみ
国土交通省,国土交通本省,鉄道安全対策事業費,鉄道施設総合安全対策事業費補助,45,⑧技術的独占対抗・⑨外部効果克服,30%,14,31,大幅縮小,⑧⑨インフラ規制・防災のみ
国土交通省,国土交通本省,鉄道安全対策事業費,鉄道防災事業費補助,9,⑧技術的独占対抗・⑨外部効果克服,30%,3,6,大幅縮小,⑧⑨インフラ規制・防災のみ
国土交通省,国土交通本省,道路交通安全対策費,道路交通安全対策調査費,2,⑧技術的独占対抗・⑨外部効果克服,40%,1,1,縮小,⑧⑨道路安全基準
国土交通省,国土交通本省,道路交通安全対策事業費,道路更新防災対策事業費,212,⑧技術的独占対抗・⑨外部効果克服,40%,85,127,縮小,⑧⑨道路安全基準
国土交通省,国土交通本省,道路交通安全対策事業費,道路維持管理費,3681,⑧技術的独占対抗・⑨外部効果克服,40%,1472,2209,縮小,⑧⑨道路安全基準
国土交通省,国土交通本省,道路交通安全対策事業費,道路整備営繕宿舎費,13,⑧技術的独占対抗・⑨外部効果克服,40%,5,8,縮小,⑧⑨道路安全基準
国土交通省,国土交通本省,道路交通安全対策事業費,交通連携道路事業費,188,⑧技術的独占対抗・⑨外部効果克服,40%,75,113,縮小,⑧⑨道路安全基準
国土交通省,国土交通本省,道路交通安全対策事業費,道路交通安全施設等整備事業費,546,⑧技術的独占対抗・⑨外部効果克服,40%,218,328,縮小,⑧⑨道路安全基準
国土交通省,国土交通本省,道路交通安全対策事業費,交通事故重点対策道路事業費,1139,⑧技術的独占対抗・⑨外部効果克服,40%,456,683,縮小,⑧⑨道路安全基準
国土交通省,国土交通本省,道路交通安全対策事業費,道路環境営繕宿舎費,5,⑧技術的独占対抗・⑨外部効果克服,40%,2,3,縮小,⑧⑨道路安全基準
国土交通省,国土交通本省,道路交通安全対策事業費,道路更新防災等対策事業費補助,2165,⑧技術的独占対抗・⑨外部効果克服,40%,866,1299,縮小,⑧⑨道路安全基準
国土交通省,国土交通本省,道路交通安全対策事業費,雪寒地域道路事業費補助,97,⑧技術的独占対抗・⑨外部効果克服,40%,39,58,縮小,⑧⑨道路安全基準
国土交通省,国土交通本省,道路交通安全対策事業費,交通連携道路事業費補助,543,⑧技術的独占対抗・⑨外部効果克服,40%,217,326,縮小,⑧⑨道路安全基準
国土交通省,国土交通本省,道路交通安全対策事業費,道路交通安全施設等整備事業費補助,532,⑧技術的独占対抗・⑨外部効果克服,40%,213,319,縮小,⑧⑨道路安全基準
国土交通省,国土交通本省,道路交通安全対策事業費,道路整備事業後進地域特例法適用団体補助率差額,12,⑧技術的独占対抗・⑨外部効果克服,40%,5,7,縮小,⑧⑨道路安全基準
国土交通省,国土交通本省,道路交通安全対策事業費,道路環境整備事業後進地域特例法適用団体補助率差額,34,⑧技術的独占対抗・⑨外部効果克服,40%,14,20,縮小,⑧⑨道路安全基準
国土交通省,国土交通本省,総合的物流体系整備推進費,総合的物流体系整備推進調査費,3,⑧技術的独占対抗・⑨外部効果克服,30%,1,2,大幅縮小,⑧⑨インフラ規制・防災のみ
国土交通省,国土交通本省,港湾事業費,港湾改修費,1635,⑧技術的独占対抗・⑨外部効果克服,30%,490,1145,大幅縮小,⑧⑨インフラ規制・防災のみ
国土交通省,国土交通本省,港湾事業費,貸付国有港湾施設整備事業費,9,⑧技術的独占対抗・⑨外部効果克服,30%,3,6,大幅縮小,⑧⑨インフラ規制・防災のみ
国土交通省,国土交通本省,港湾事業費,港湾作業船整備費,42,⑧技術的独占対抗・⑨外部効果克服,30%,13,29,大幅縮小,⑧⑨インフラ規制・防災のみ
国土交通省,国土交通本省,港湾事業費,特定離島港湾施設整備事業費,54,⑧技術的独占対抗・⑨外部効果克服,30%,16,38,大幅縮小,⑧⑨インフラ規制・防災のみ
国土交通省,国土交通本省,港湾事業費,特定離島港湾維持管理費,7,⑧技術的独占対抗・⑨外部効果克服,30%,2,5,大幅縮小,⑧⑨インフラ規制・防災のみ
国土交通省,国土交通本省,港湾事業費,営繕宿舎費,9,⑧技術的独占対抗・⑨外部効果克服,30%,3,6,大幅縮小,⑧⑨インフラ規制・防災のみ
国土交通省,国土交通本省,港湾事業費,港湾事業調査費,5,⑧技術的独占対抗・⑨外部効果克服,30%,2,3,大幅縮小,⑧⑨インフラ規制・防災のみ
国土交通省,国土交通本省,港湾事業費,港湾改修費補助,95,⑧技術的独占対抗・⑨外部効果克服,30%,28,67,大幅縮小,⑧⑨インフラ規制・防災のみ
国土交通省,国土交通本省,港湾事業費,後進地域特例法適用団体補助率差額,3,⑧技術的独占対抗・⑨外部効果克服,30%,1,2,大幅縮小,⑧⑨インフラ規制・防災のみ
国土交通省,国土交通本省,港湾事業費,埠頭整備等資金貸付金,23,⑧技術的独占対抗・⑨外部効果克服,30%,7,16,大幅縮小,⑧⑨インフラ規制・防災のみ
国土交通省,国土交通本省,港湾事業費,国際戦略港湾港湾運営会社出資金,7,⑧技術的独占対抗・⑨外部効果克服,30%,2,5,大幅縮小,⑧⑨インフラ規制・防災のみ
国土交通省,国土交通本省,景観形成推進費,景観改善推進事業費補助金,1,⑧技術的独占対抗・⑨外部効果克服,30%,0,1,大幅縮小,⑧⑨インフラ規制・防災のみ
国土交通省,国土交通本省,地域連携道路事業費,地域連携道路事業費,4190,該当なし,0%,0,4190,廃止,地方・有料化・民営化
国土交通省,国土交通本省,地域連携道路事業費,営繕宿舎費,19,該当なし,0%,0,19,廃止,地方・有料化・民営化
国土交通省,国土交通本省,地域連携道路事業費,道路調査費,56,該当なし,0%,0,56,廃止,地方・有料化・民営化
国土交通省,国土交通本省,地域連携道路事業費,地域連携道路事業費補助,901,該当なし,0%,0,901,廃止,地方・有料化・民営化
国土交通省,国土交通本省,地域連携道路事業費,高速道路連結部整備事業費補助,44,該当なし,0%,0,44,廃止,地方・有料化・民営化
国土交通省,国土交通本省,地域連携道路事業費,道路調査費補助,7,該当なし,0%,0,7,廃止,地方・有料化・民営化
国土交通省,国土交通本省,地域連携道路事業費,後進地域特例法適用団体補助率差額,65,該当なし,0%,0,65,廃止,地方・有料化・民営化
国土交通省,国土交通本省,整備新幹線建設推進高度化等事業費,整備新幹線建設推進高度化等事業費補助金,16,該当なし,0%,0,16,廃止（民営化）,新幹線建設は民間採算で判断
国土交通省,国土交通本省,整備新幹線整備事業費,整備新幹線整備事業費補助,804,該当なし,0%,0,804,廃止（民営化）,新幹線建設は民間採算で判断
国土交通省,国土交通本省,航空機燃料税財源空港整備事業費自動車安全特別会計へ繰入,航空機燃料税財源の自動車安全特別会計へ繰入,309,⑧技術的独占対抗・⑨外部効果克服,30%,93,216,大幅縮小,⑧⑨インフラ規制・防災のみ
国土交通省,国土交通本省,航空機燃料税財源北海道空港整備事業費自動車安全特別会計へ繰入,航空機燃料税財源の自動車安全特別会計へ繰入,78,⑧技術的独占対抗・⑨外部効果克服,30%,23,55,大幅縮小,⑧⑨インフラ規制・防災のみ
国土交通省,国土交通本省,航空機燃料税財源離島空港整備事業費自動車安全特別会計へ繰入,航空機燃料税財源の自動車安全特別会計へ繰入,2,⑧技術的独占対抗・⑨外部効果克服,30%,1,1,大幅縮小,⑧⑨インフラ規制・防災のみ
国土交通省,国土交通本省,都市・地域づくり推進費,都市・地域づくり推進調査費,3,⑧技術的独占対抗・⑨外部効果克服,30%,1,2,大幅縮小,⑧⑨インフラ規制・防災のみ
国土交通省,国土交通本省,都市・地域づくり推進費,防災集団移転促進事業費補助金,7,⑧技術的独占対抗・⑨外部効果克服,30%,2,5,大幅縮小,⑧⑨インフラ規制・防災のみ
国土交通省,国土交通本省,都市・地域づくり推進費,半島振興広域連携促進事業費補助金,1,⑧技術的独占対抗・⑨外部効果克服,30%,0,1,大幅縮小,⑧⑨インフラ規制・防災のみ
国土交通省,国土交通本省,都市・地域づくり推進費,都市開発海外展開支援事業費補助金,1,⑧技術的独占対抗・⑨外部効果克服,30%,0,1,大幅縮小,⑧⑨インフラ規制・防災のみ
国土交通省,国土交通本省,都市・地域づくり推進費,集約都市形成支援事業費補助金,5,⑧技術的独占対抗・⑨外部効果克服,30%,2,3,大幅縮小,⑧⑨インフラ規制・防災のみ
国土交通省,国土交通本省,都市・地域づくり推進費,官民連携都市再生推進事業費補助金,1,⑧技術的独占対抗・⑨外部効果克服,30%,0,1,大幅縮小,⑧⑨インフラ規制・防災のみ
国土交通省,国土交通本省,都市・地域づくり推進費,豪雪地帯安全確保緊急対策交付金,1,⑧技術的独占対抗・⑨外部効果克服,30%,0,1,大幅縮小,⑧⑨インフラ規制・防災のみ
国土交通省,国土交通本省,都市・地域づくり推進費,経済協力開発機構等拠出金,1,⑧技術的独占対抗・⑨外部効果克服,30%,0,1,大幅縮小,⑧⑨インフラ規制・防災のみ
国土交通省,国土交通本省,都市再生・地域再生整備事業費,都市開発事業調査費,18,⑧技術的独占対抗・⑨外部効果克服,30%,5,13,大幅縮小,⑧⑨インフラ規制・防災のみ
国土交通省,国土交通本省,都市再生・地域再生整備事業費,都市構造再編集中支援事業費補助,707,⑧技術的独占対抗・⑨外部効果克服,30%,212,495,大幅縮小,⑧⑨インフラ規制・防災のみ
国土交通省,国土交通本省,都市再生・地域再生整備事業費,市街地再開発事業費補助,101,⑧技術的独占対抗・⑨外部効果克服,30%,30,71,大幅縮小,⑧⑨インフラ規制・防災のみ
国土交通省,国土交通本省,都市再生・地域再生整備事業費,都市再生推進事業費補助,162,⑧技術的独占対抗・⑨外部効果克服,30%,49,113,大幅縮小,⑧⑨インフラ規制・防災のみ
国土交通省,国土交通本省,都市再生・地域再生整備事業費,都市開発資金貸付金,29,⑧技術的独占対抗・⑨外部効果克服,30%,9,20,大幅縮小,⑧⑨インフラ規制・防災のみ
国土交通省,国土交通本省,鉄道網整備事業費,都市鉄道利便増進事業費補助,1,⑧技術的独占対抗・⑨外部効果克服,30%,0,1,大幅縮小,⑧⑨インフラ規制・防災のみ
国土交通省,国土交通本省,鉄道網整備事業費,都市鉄道整備事業費補助,156,⑧技術的独占対抗・⑨外部効果克服,30%,47,109,大幅縮小,⑧⑨インフラ規制・防災のみ
国土交通省,国土交通本省,鉄道網整備事業費,鉄道駅総合改善事業費補助,19,⑧技術的独占対抗・⑨外部効果克服,30%,6,13,大幅縮小,⑧⑨インフラ規制・防災のみ
国土交通省,国土交通本省,地域公共交通維持・活性化推進費,地域公共交通維持・活性化推進調査費,1,⑧技術的独占対抗・⑨外部効果克服,30%,0,1,大幅縮小,⑧⑨インフラ規制・防災のみ
国土交通省,国土交通本省,地域公共交通維持・活性化推進費,地域公共交通確保維持改善事業費補助金,203,⑧技術的独占対抗・⑨外部効果克服,30%,61,142,大幅縮小,⑧⑨インフラ規制・防災のみ
国土交通省,国土交通本省,地域公共交通維持・活性化推進費,地方空港等受入環境整備事業費補助金,1,⑧技術的独占対抗・⑨外部効果克服,30%,0,1,大幅縮小,⑧⑨インフラ規制・防災のみ
国土交通省,国土交通本省,独立行政法人鉄道建設・運輸施設整備支援機構運営費,独立行政法人鉄道建設・運輸施設整備支援機構地域公共交通等勘定運営費交付金,1,⑧技術的独占対抗・⑨外部効果克服,30%,0,1,大幅縮小,⑧⑨インフラ規制・防災のみ
国土交通省,国土交通本省,独立行政法人鉄道建設・運輸施設整備支援機構運営費,独立行政法人鉄道建設・運輸施設整備支援機構助成勘定運営費交付金,2,⑧技術的独占対抗・⑨外部効果克服,30%,1,1,大幅縮小,⑧⑨インフラ規制・防災のみ
国土交通省,国土交通本省,都市・地域交通整備事業費,都市・地域交通戦略推進事業費補助,10,⑧技術的独占対抗・⑨外部効果克服,30%,3,7,大幅縮小,⑧⑨インフラ規制・防災のみ
国土交通省,国土交通本省,道路交通円滑化推進費,道路交通円滑化推進調査費,1,⑧技術的独占対抗・⑨外部効果克服,30%,0,1,大幅縮小,⑧⑨インフラ規制・防災のみ
国土交通省,国土交通本省,道路交通円滑化事業費,道路交通円滑化事業費,1786,⑧技術的独占対抗・⑨外部効果克服,30%,536,1250,大幅縮小,⑧⑨インフラ規制・防災のみ
国土交通省,国土交通本省,道路交通円滑化事業費,営繕宿舎費,6,⑧技術的独占対抗・⑨外部効果克服,30%,2,4,大幅縮小,⑧⑨インフラ規制・防災のみ
国土交通省,国土交通本省,道路交通円滑化事業費,道路交通円滑化事業費補助,39,⑧技術的独占対抗・⑨外部効果克服,30%,12,27,大幅縮小,⑧⑨インフラ規制・防災のみ
国土交通省,国土交通本省,道路交通円滑化事業費,後進地域特例法適用団体補助率差額,5,⑧技術的独占対抗・⑨外部効果克服,30%,2,3,大幅縮小,⑧⑨インフラ規制・防災のみ
国土交通省,国土交通本省,道路交通円滑化事業費,有料道路整備資金貸付金,75,⑧技術的独占対抗・⑨外部効果克服,30%,22,53,大幅縮小,⑧⑨インフラ規制・防災のみ
国土交通省,国土交通本省,社会資本整備・管理効率化推進費,職員旅費,1,⑧技術的独占対抗・⑨外部効果克服,30%,0,1,大幅縮小,⑧⑨インフラ規制・防災のみ
国土交通省,国土交通本省,社会資本整備・管理効率化推進費,校費,3,⑧技術的独占対抗・⑨外部効果克服,30%,1,2,大幅縮小,⑧⑨インフラ規制・防災のみ
国土交通省,国土交通本省,社会資本整備・管理効率化推進費,社会資本整備・管理効率化推進調査費,3,⑧技術的独占対抗・⑨外部効果克服,30%,1,2,大幅縮小,⑧⑨インフラ規制・防災のみ
国土交通省,国土交通本省,社会資本整備・管理効率化推進費,官民連携社会資本整備等推進費補助金,3,⑧技術的独占対抗・⑨外部効果克服,30%,1,2,大幅縮小,⑧⑨インフラ規制・防災のみ
国土交通省,国土交通本省,不動産市場整備等推進費,不動産市場整備等推進調査費,40,⑧技術的独占対抗・⑨外部効果克服,30%,12,28,大幅縮小,⑧⑨インフラ規制・防災のみ
国土交通省,国土交通本省,不動産市場整備等推進費,所有者不明土地等対策事業費補助金,1,⑧技術的独占対抗・⑨外部効果克服,30%,0,1,大幅縮小,⑧⑨インフラ規制・防災のみ
国土交通省,国土交通本省,建設市場整備推進費,職員旅費,1,⑧技術的独占対抗・⑨外部効果克服,30%,0,1,大幅縮小,⑧⑨インフラ規制・防災のみ
国土交通省,国土交通本省,建設市場整備推進費,建設市場整備推進調査費,6,⑧技術的独占対抗・⑨外部効果克服,30%,2,4,大幅縮小,⑧⑨インフラ規制・防災のみ
国土交通省,国土交通本省,国土交通統計調査費,統計調査費,8,⑧技術的独占対抗・⑨外部効果克服,30%,2,6,大幅縮小,⑧⑨インフラ規制・防災のみ
国土交通省,国土交通本省,国土交通統計調査費,統計情報調査委託費,2,⑧技術的独占対抗・⑨外部効果克服,30%,1,1,大幅縮小,⑧⑨インフラ規制・防災のみ
国土交通省,国土交通本省,国土調査費,測量庁費,2,⑧技術的独占対抗・⑨外部効果克服,30%,1,1,大幅縮小,⑧⑨インフラ規制・防災のみ
国土交通省,国土交通本省,国土調査費,地籍整備推進調査費補助金,1,⑧技術的独占対抗・⑨外部効果克服,30%,0,1,大幅縮小,⑧⑨インフラ規制・防災のみ
国土交通省,国土交通本省,国土調査費,地籍調査費負担金,32,⑧技術的独占対抗・⑨外部効果克服,30%,10,22,大幅縮小,⑧⑨インフラ規制・防災のみ
国土交通省,国土交通本省,社会資本整備円滑化地籍整備事業費,社会資本整備円滑化地籍整備事業費補助,18,⑧技術的独占対抗・⑨外部効果克服,30%,5,13,大幅縮小,⑧⑨インフラ規制・防災のみ
国土交通省,国土交通本省,海事産業市場整備等推進費,海事産業関連技術研究開発費補助金,1,⑧技術的独占対抗・⑨外部効果克服,30%,0,1,大幅縮小,⑧⑨インフラ規制・防災のみ
国土交通省,国土交通本省,海事産業市場整備等推進費,船員雇用促進対策事業費補助金,1,⑧技術的独占対抗・⑨外部効果克服,30%,0,1,大幅縮小,⑧⑨インフラ規制・防災のみ
国土交通省,国土交通本省,独立行政法人海技教育機構運営費,独立行政法人海技教育機構運営費交付金,63,⑧技術的独占対抗・⑨外部効果克服,30%,19,44,大幅縮小,⑧⑨インフラ規制・防災のみ
国土交通省,国土交通本省,国土形成推進費,国土形成推進調査費,2,⑧技術的独占対抗・⑨外部効果克服,30%,1,1,大幅縮小,⑧⑨インフラ規制・防災のみ
国土交通省,国土交通本省,社会資本総合整備事業費,社会資本整備総合交付金,4173,該当なし,0%,0,4173,廃止（受益者負担へ）,民営化・有料化・受益者負担原則
国土交通省,国土交通本省,社会資本総合整備事業費,防災・安全交付金,8018,該当なし,0%,0,8018,廃止（受益者負担へ）,民営化・有料化・受益者負担原則
国土交通省,国土交通本省,官民連携基盤整備推進調査費,官民連携基盤整備調査費補助,3,⑧技術的独占対抗・⑨外部効果克服,30%,1,2,大幅縮小,⑧⑨インフラ規制・防災のみ
国土交通省,国土交通本省,離島振興費,離島振興調査費,1,⑨外部効果克服,30%,0,1,大幅縮小,⑨国防上の必要性・通信インフラのみ
国土交通省,国土交通本省,離島振興費,小笠原諸島振興開発費補助金,1,⑨外部効果克服,30%,0,1,大幅縮小,⑨国防上の必要性・通信インフラのみ
国土交通省,国土交通本省,離島振興費,離島活性化交付金,10,⑨外部効果克服,30%,3,7,大幅縮小,⑨国防上の必要性・通信インフラのみ
国土交通省,国土交通本省,離島振興費,奄美群島振興交付金,24,⑨外部効果克服,30%,7,17,大幅縮小,⑨国防上の必要性・通信インフラのみ
国土交通省,国土交通本省,離島振興費,小笠原諸島振興開発事業費補助,9,⑨外部効果克服,30%,3,6,大幅縮小,⑨国防上の必要性・通信インフラのみ
国土交通省,国土交通本省,離島振興事業費,国有林野内治山事業費,2,⑨外部効果克服,30%,1,1,大幅縮小,⑨国防上の必要性・通信インフラのみ
国土交通省,国土交通本省,離島振興事業費,港湾改修費,19,⑨外部効果克服,30%,6,13,大幅縮小,⑨国防上の必要性・通信インフラのみ
国土交通省,国土交通本省,離島振興事業費,かんがい排水事業費,17,⑨外部効果克服,30%,5,12,大幅縮小,⑨国防上の必要性・通信インフラのみ
国土交通省,国土交通本省,離島振興事業費,海岸保全施設整備事業費補助,8,⑨外部効果克服,30%,2,6,大幅縮小,⑨国防上の必要性・通信インフラのみ
国土交通省,国土交通本省,離島振興事業費,治山事業費補助,5,⑨外部効果克服,30%,2,3,大幅縮小,⑨国防上の必要性・通信インフラのみ
国土交通省,国土交通本省,離島振興事業費,堰堤改良費補助,2,⑨外部効果克服,30%,1,1,大幅縮小,⑨国防上の必要性・通信インフラのみ
国土交通省,国土交通本省,離島振興事業費,特定土砂災害対策推進事業費補助,2,⑨外部効果克服,30%,1,1,大幅縮小,⑨国防上の必要性・通信インフラのみ
国土交通省,国土交通本省,離島振興事業費,道路更新防災等対策事業費補助,23,⑨外部効果克服,30%,7,16,大幅縮小,⑨国防上の必要性・通信インフラのみ
国土交通省,国土交通本省,離島振興事業費,港湾改修費補助,33,⑨外部効果克服,30%,10,23,大幅縮小,⑨国防上の必要性・通信インフラのみ
国土交通省,国土交通本省,離島振興事業費,道路交通安全施設等整備事業費補助,14,⑨外部効果克服,30%,4,10,大幅縮小,⑨国防上の必要性・通信インフラのみ
国土交通省,国土交通本省,離島振興事業費,無電柱化推進事業費補助,1,⑨外部効果克服,30%,0,1,大幅縮小,⑨国防上の必要性・通信インフラのみ
国土交通省,国土交通本省,離島振興事業費,水道施設整備費補助,13,⑨外部効果克服,30%,4,9,大幅縮小,⑨国防上の必要性・通信インフラのみ
国土交通省,国土交通本省,離島振興事業費,農業農村整備事業費補助,53,⑨外部効果克服,30%,16,37,大幅縮小,⑨国防上の必要性・通信インフラのみ
国土交通省,国土交通本省,離島振興事業費,森林環境保全整備事業費補助,6,⑨外部効果克服,30%,2,4,大幅縮小,⑨国防上の必要性・通信インフラのみ
国土交通省,国土交通本省,離島振興事業費,水産基盤整備事業費補助,94,⑨外部効果克服,30%,28,66,大幅縮小,⑨国防上の必要性・通信インフラのみ
国土交通省,国土交通本省,離島振興事業費,循環型社会形成推進交付金,11,⑨外部効果克服,30%,3,8,大幅縮小,⑨国防上の必要性・通信インフラのみ
国土交通省,国土交通本省,離島振興事業費,農山漁村地域整備交付金,48,⑨外部効果克服,30%,14,34,大幅縮小,⑨国防上の必要性・通信インフラのみ
国土交通省,国土交通本省,離島振興事業費,社会資本整備総合交付金,85,⑨外部効果克服,30%,26,59,大幅縮小,⑨国防上の必要性・通信インフラのみ
国土交通省,国土交通本省,離島振興事業費,防災・安全交付金,119,⑨外部効果克服,30%,36,83,大幅縮小,⑨国防上の必要性・通信インフラのみ
国土交通省,国土交通本省,北海道総合開発推進費,北海道総合開発推進調査費,1,⑧技術的独占対抗・⑨外部効果克服,30%,0,1,大幅縮小,⑧⑨インフラ規制・防災のみ
国土交通省,国土交通本省,北海道総合開発推進費,民族共生象徴空間運営委託費,15,⑧技術的独占対抗・⑨外部効果克服,30%,4,11,大幅縮小,⑧⑨インフラ規制・防災のみ
国土交通省,国土交通本省,北海道総合開発推進費,アイヌ伝統等普及啓発等事業費補助金,1,⑧技術的独占対抗・⑨外部効果克服,30%,0,1,大幅縮小,⑧⑨インフラ規制・防災のみ
国土交通省,国土交通本省,北海道総合開発推進費,北方領土隣接地域振興等事業推進費補助金,1,⑧技術的独占対抗・⑨外部効果克服,30%,0,1,大幅縮小,⑧⑨インフラ規制・防災のみ
国土交通省,国土交通本省,北海道開発事業費,海岸保全施設整備事業費,5,該当なし,0%,0,5,廃止,特定地域への開発補助廃止
国土交通省,国土交通本省,北海道開発事業費,国有林野内治山事業費,34,該当なし,0%,0,34,廃止,特定地域への開発補助廃止
国土交通省,国土交通本省,北海道開発事業費,河川改修費,364,該当なし,0%,0,364,廃止,特定地域への開発補助廃止
国土交通省,国土交通本省,北海道開発事業費,河川維持修繕費,155,該当なし,0%,0,155,廃止,特定地域への開発補助廃止
国土交通省,国土交通本省,北海道開発事業費,堰堤維持費,80,該当なし,0%,0,80,廃止,特定地域への開発補助廃止
国土交通省,国土交通本省,北海道開発事業費,河川総合開発事業費,33,該当なし,0%,0,33,廃止,特定地域への開発補助廃止
国土交通省,国土交通本省,北海道開発事業費,河川工作物関連応急対策事業費,19,該当なし,0%,0,19,廃止,特定地域への開発補助廃止
国土交通省,国土交通本省,北海道開発事業費,石狩川幾春別川総合開発建設費,56,該当なし,0%,0,56,廃止,特定地域への開発補助廃止
国土交通省,国土交通本省,北海道開発事業費,堰堤改良費,12,該当なし,0%,0,12,廃止,特定地域への開発補助廃止
国土交通省,国土交通本省,北海道開発事業費,総合流域防災対策事業費,6,該当なし,0%,0,6,廃止,特定地域への開発補助廃止
国土交通省,国土交通本省,北海道開発事業費,砂防事業費,35,該当なし,0%,0,35,廃止,特定地域への開発補助廃止
国土交通省,国土交通本省,北海道開発事業費,地すべり対策事業費,4,該当なし,0%,0,4,廃止,特定地域への開発補助廃止
国土交通省,国土交通本省,北海道開発事業費,治水営繕宿舎費,6,該当なし,0%,0,6,廃止,特定地域への開発補助廃止
国土交通省,国土交通本省,北海道開発事業費,道路更新防災対策事業費,134,該当なし,0%,0,134,廃止,特定地域への開発補助廃止
国土交通省,国土交通本省,北海道開発事業費,地域連携道路事業費,574,該当なし,0%,0,574,廃止,特定地域への開発補助廃止
国土交通省,国土交通本省,北海道開発事業費,道路交通円滑化事業費,17,該当なし,0%,0,17,廃止,特定地域への開発補助廃止
国土交通省,国土交通本省,北海道開発事業費,道路維持管理費,1026,該当なし,0%,0,1026,廃止,特定地域への開発補助廃止
国土交通省,国土交通本省,北海道開発事業費,道路整備営繕宿舎費,6,該当なし,0%,0,6,廃止,特定地域への開発補助廃止
国土交通省,国土交通本省,北海道開発事業費,港湾改修費,150,該当なし,0%,0,150,廃止,特定地域への開発補助廃止
国土交通省,国土交通本省,北海道開発事業費,港湾作業船整備費,1,該当なし,0%,0,1,廃止,特定地域への開発補助廃止
国土交通省,国土交通本省,北海道開発事業費,港湾営繕宿舎費,1,該当なし,0%,0,1,廃止,特定地域への開発補助廃止
国土交通省,国土交通本省,北海道開発事業費,総合水系環境整備事業費,8,該当なし,0%,0,8,廃止,特定地域への開発補助廃止
国土交通省,国土交通本省,北海道開発事業費,交通連携道路事業費,2,該当なし,0%,0,2,廃止,特定地域への開発補助廃止
国土交通省,国土交通本省,北海道開発事業費,道路交通安全施設等整備事業費,123,該当なし,0%,0,123,廃止,特定地域への開発補助廃止
国土交通省,国土交通本省,北海道開発事業費,交通事故重点対策道路事業費,57,該当なし,0%,0,57,廃止,特定地域への開発補助廃止
国土交通省,国土交通本省,北海道開発事業費,無電柱化推進事業費,21,該当なし,0%,0,21,廃止,特定地域への開発補助廃止
国土交通省,国土交通本省,北海道開発事業費,道路環境営繕宿舎費,1,該当なし,0%,0,1,廃止,特定地域への開発補助廃止
国土交通省,国土交通本省,北海道開発事業費,国営公園等維持管理費,13,該当なし,0%,0,13,廃止,特定地域への開発補助廃止
国土交通省,国土交通本省,北海道開発事業費,かんがい排水事業費,239,該当なし,0%,0,239,廃止,特定地域への開発補助廃止
国土交通省,国土交通本省,北海道開発事業費,国営造成施設管理費,21,該当なし,0%,0,21,廃止,特定地域への開発補助廃止
国土交通省,国土交通本省,北海道開発事業費,農用地再編整備事業費,239,該当なし,0%,0,239,廃止,特定地域への開発補助廃止
国土交通省,国土交通本省,北海道開発事業費,総合農地防災事業費,30,該当なし,0%,0,30,廃止,特定地域への開発補助廃止
国土交通省,国土交通本省,北海道開発事業費,農業農村整備営繕宿舎費,2,該当なし,0%,0,2,廃止,特定地域への開発補助廃止
国土交通省,国土交通本省,北海道開発事業費,特定漁港漁場整備費,133,該当なし,0%,0,133,廃止,特定地域への開発補助廃止
国土交通省,国土交通本省,北海道開発事業費,水産基盤整備営繕宿舎費,1,該当なし,0%,0,1,廃止,特定地域への開発補助廃止
国土交通省,国土交通本省,北海道開発事業費,道路調査費,1,該当なし,0%,0,1,廃止,特定地域への開発補助廃止
国土交通省,国土交通本省,北海道開発事業費,海岸保全施設整備事業費補助,7,該当なし,0%,0,7,廃止,特定地域への開発補助廃止
国土交通省,国土交通本省,北海道開発事業費,治山事業費補助,29,該当なし,0%,0,29,廃止,特定地域への開発補助廃止
国土交通省,国土交通本省,北海道開発事業費,治水ダム等建設事業費補助,10,該当なし,0%,0,10,廃止,特定地域への開発補助廃止
国土交通省,国土交通本省,北海道開発事業費,堰堤改良費補助,2,該当なし,0%,0,2,廃止,特定地域への開発補助廃止
国土交通省,国土交通本省,北海道開発事業費,特定洪水対策等推進事業費補助,60,該当なし,0%,0,60,廃止,特定地域への開発補助廃止
国土交通省,国土交通本省,北海道開発事業費,特定土砂災害対策推進事業費補助,21,該当なし,0%,0,21,廃止,特定地域への開発補助廃止
国土交通省,国土交通本省,北海道開発事業費,地域連携道路事業費補助,11,該当なし,0%,0,11,廃止,特定地域への開発補助廃止
国土交通省,国土交通本省,北海道開発事業費,道路更新防災等対策事業費補助,212,該当なし,0%,0,212,廃止,特定地域への開発補助廃止
国土交通省,国土交通本省,北海道開発事業費,雪寒地域道路事業費補助,43,該当なし,0%,0,43,廃止,特定地域への開発補助廃止
国土交通省,国土交通本省,北海道開発事業費,港湾改修費補助,2,該当なし,0%,0,2,廃止,特定地域への開発補助廃止
国土交通省,国土交通本省,北海道開発事業費,交通連携道路事業費補助,5,該当なし,0%,0,5,廃止,特定地域への開発補助廃止
国土交通省,国土交通本省,北海道開発事業費,道路交通安全施設等整備事業費補助,18,該当なし,0%,0,18,廃止,特定地域への開発補助廃止
国土交通省,国土交通本省,北海道開発事業費,無電柱化推進事業費補助,23,該当なし,0%,0,23,廃止,特定地域への開発補助廃止
国土交通省,国土交通本省,北海道開発事業費,住宅市街地総合整備促進事業費補助,3,該当なし,0%,0,3,廃止,特定地域への開発補助廃止
国土交通省,国土交通本省,北海道開発事業費,都市公園事業費補助,5,該当なし,0%,0,5,廃止,特定地域への開発補助廃止
国土交通省,国土交通本省,北海道開発事業費,上下水道一体効率化・基盤強化推進事業費補助,1,該当なし,0%,0,1,廃止,特定地域への開発補助廃止
国土交通省,国土交通本省,北海道開発事業費,水道施設整備費補助,28,該当なし,0%,0,28,廃止,特定地域への開発補助廃止
国土交通省,国土交通本省,北海道開発事業費,下水道防災事業費補助,21,該当なし,0%,0,21,廃止,特定地域への開発補助廃止
国土交通省,国土交通本省,北海道開発事業費,諸土地改良事業費補助,3,該当なし,0%,0,3,廃止,特定地域への開発補助廃止
国土交通省,国土交通本省,北海道開発事業費,土地改良施設管理費補助,13,該当なし,0%,0,13,廃止,特定地域への開発補助廃止
国土交通省,国土交通本省,北海道開発事業費,農業競争力強化基盤整備事業費補助,157,該当なし,0%,0,157,廃止,特定地域への開発補助廃止
国土交通省,国土交通本省,北海道開発事業費,中山間総合整備事業費補助,2,該当なし,0%,0,2,廃止,特定地域への開発補助廃止
国土交通省,国土交通本省,北海道開発事業費,農村整備事業費補助,17,該当なし,0%,0,17,廃止,特定地域への開発補助廃止
国土交通省,国土交通本省,北海道開発事業費,農村地域防災減災事業費補助,8,該当なし,0%,0,8,廃止,特定地域への開発補助廃止
国土交通省,国土交通本省,北海道開発事業費,森林環境保全整備事業費補助,55,該当なし,0%,0,55,廃止,特定地域への開発補助廃止
国土交通省,国土交通本省,北海道開発事業費,水産基盤整備事業費補助,94,該当なし,0%,0,94,廃止,特定地域への開発補助廃止
国土交通省,国土交通本省,北海道開発事業費,社会資本整備円滑化地籍整備事業費補助,1,該当なし,0%,0,1,廃止,特定地域への開発補助廃止
国土交通省,国土交通本省,北海道開発事業費,道路調査費補助,1,該当なし,0%,0,1,廃止,特定地域への開発補助廃止
国土交通省,国土交通本省,北海道開発事業費,特定道路事業交付金,7,該当なし,0%,0,7,廃止,特定地域への開発補助廃止
国土交通省,国土交通本省,北海道開発事業費,循環型社会形成推進交付金,18,該当なし,0%,0,18,廃止,特定地域への開発補助廃止
国土交通省,国土交通本省,北海道開発事業費,農山漁村地域整備交付金,88,該当なし,0%,0,88,廃止,特定地域への開発補助廃止
国土交通省,国土交通本省,北海道開発事業費,社会資本整備総合交付金,237,該当なし,0%,0,237,廃止,特定地域への開発補助廃止
国土交通省,国土交通本省,北海道開発事業費,防災・安全交付金,328,該当なし,0%,0,328,廃止,特定地域への開発補助廃止
国土交通省,国土交通本省,北海道特定特別総合開発事業推進費,(北海道特定特別総合開発事業推進費),43,⑧技術的独占対抗・⑨外部効果克服,30%,13,30,大幅縮小,⑧⑨インフラ規制・防災のみ
国土交通省,国土交通本省,技術研究開発推進費,技術研究開発調査費,15,⑧技術的独占対抗・⑨外部効果克服,30%,4,11,大幅縮小,⑧⑨インフラ規制・防災のみ
国土交通省,国土交通本省,技術研究開発推進費,技術研究開発委託費,13,⑧技術的独占対抗・⑨外部効果克服,30%,4,9,大幅縮小,⑧⑨インフラ規制・防災のみ
国土交通省,国土交通本省,技術研究開発推進費,技術研究開発費補助金,4,⑧技術的独占対抗・⑨外部効果克服,30%,1,3,大幅縮小,⑧⑨インフラ規制・防災のみ
国土交通省,国土交通本省,国立研究開発法人土木研究所運営費,国立研究開発法人土木研究所運営費交付金,92,⑧技術的独占対抗・⑨外部効果克服,30%,28,64,大幅縮小,⑧⑨インフラ規制・防災のみ
国土交通省,国土交通本省,国立研究開発法人土木研究所施設整備費,国立研究開発法人土木研究所施設整備費補助金,3,⑧技術的独占対抗・⑨外部効果克服,30%,1,2,大幅縮小,⑧⑨インフラ規制・防災のみ
国土交通省,国土交通本省,国立研究開発法人建築研究所運営費,国立研究開発法人建築研究所運営費交付金,21,⑧技術的独占対抗・⑨外部効果克服,30%,6,15,大幅縮小,⑧⑨インフラ規制・防災のみ
国土交通省,国土交通本省,国立研究開発法人海上・港湾・航空技術研究所運営費,国立研究開発法人海上・港湾・航空技術研究所運営費交付金,56,⑧技術的独占対抗・⑨外部効果克服,30%,17,39,大幅縮小,⑧⑨インフラ規制・防災のみ
国土交通省,国土交通本省,国立研究開発法人海上・港湾・航空技術研究所施設整備費,国立研究開発法人海上・港湾・航空技術研究所施設整備費補助金,1,⑧技術的独占対抗・⑨外部効果克服,30%,0,1,大幅縮小,⑧⑨インフラ規制・防災のみ
国土交通省,国土交通本省,独立行政法人自動車技術総合機構運営費,独立行政法人自動車技術総合機構一般勘定運営費交付金,8,⑧技術的独占対抗・⑨外部効果克服,30%,2,6,大幅縮小,⑧⑨インフラ規制・防災のみ
国土交通省,国土交通本省,情報化推進費,情報処理業務庁費,6,⑧技術的独占対抗・⑨外部効果克服,30%,2,4,大幅縮小,⑧⑨インフラ規制・防災のみ
国土交通省,国土交通本省,国際協力費,職員旅費,1,⑧技術的独占対抗・⑨外部効果克服,30%,0,1,大幅縮小,⑧⑨インフラ規制・防災のみ
国土交通省,国土交通本省,国際協力費,庁費,1,⑧技術的独占対抗・⑨外部効果克服,30%,0,1,大幅縮小,⑧⑨インフラ規制・防災のみ
国土交通省,国土交通本省,国際協力費,政府開発援助庁費,1,⑧技術的独占対抗・⑨外部効果克服,30%,0,1,大幅縮小,⑧⑨インフラ規制・防災のみ
国土交通省,国土交通本省,国際協力費,政府開発援助経済協力調査委託費,1,⑧技術的独占対抗・⑨外部効果克服,30%,0,1,大幅縮小,⑧⑨インフラ規制・防災のみ
国土交通省,国土交通本省,国際協力費,経済協力調査委託費,6,⑧技術的独占対抗・⑨外部効果克服,30%,2,4,大幅縮小,⑧⑨インフラ規制・防災のみ
国土交通省,国土交通本省,国際協力費,国際交通フォーラム拠出金,1,⑧技術的独占対抗・⑨外部効果克服,30%,0,1,大幅縮小,⑧⑨インフラ規制・防災のみ
国土交通省,国土交通本省,官庁施設保全等推進費,官庁施設保全等推進調査費,1,⑧技術的独占対抗・⑨外部効果克服,30%,0,1,大幅縮小,⑧⑨インフラ規制・防災のみ
国土交通省,国土交通本省,官庁営繕費,施設施工旅費,1,⑧技術的独占対抗・⑨外部効果克服,30%,0,1,大幅縮小,⑧⑨インフラ規制・防災のみ
国土交通省,国土交通本省,官庁営繕費,施設施工庁費,21,⑧技術的独占対抗・⑨外部効果克服,30%,6,15,大幅縮小,⑧⑨インフラ規制・防災のみ
国土交通省,国土交通本省,官庁営繕費,施設整備費,149,⑧技術的独占対抗・⑨外部効果克服,30%,45,104,大幅縮小,⑧⑨インフラ規制・防災のみ
国土交通省,国土交通本省,官庁営繕費,不動産購入費,10,⑧技術的独占対抗・⑨外部効果克服,30%,3,7,大幅縮小,⑧⑨インフラ規制・防災のみ
国土交通省,国土交通本省,附帯・受託工事費,附帯工事費,132,⑧技術的独占対抗・⑨外部効果克服,30%,40,92,大幅縮小,⑧⑨インフラ規制・防災のみ
国土交通省,国土交通本省,附帯・受託工事費,道路附属物等復旧費,25,⑧技術的独占対抗・⑨外部効果克服,30%,8,17,大幅縮小,⑧⑨インフラ規制・防災のみ
国土交通省,国土交通本省,附帯・受託工事費,受託工事費,385,⑧技術的独占対抗・⑨外部効果克服,30%,116,269,大幅縮小,⑧⑨インフラ規制・防災のみ
国土交通省,国土交通本省,附帯・受託工事費,精算還付金,1,⑧技術的独占対抗・⑨外部効果克服,30%,0,1,大幅縮小,⑧⑨インフラ規制・防災のみ
国土交通省,国土交通本省,電気事業者等工事費負担金還付金,電気事業者等工事費負担金還付金,30,⑧技術的独占対抗・⑨外部効果克服,30%,9,21,大幅縮小,⑧⑨インフラ規制・防災のみ
国土交通省,国土交通本省,治水海岸事業調査諸費,職員旅費,1,⑨外部効果克服,80%,1,0,維持（縮小）,⑨治水
国土交通省,国土交通本省,治水海岸事業調査諸費,庁費,1,⑨外部効果克服,80%,1,0,維持（縮小）,⑨治水
国土交通省,国土交通本省,港湾事業調査諸費,庁費,1,⑧技術的独占対抗・⑨外部効果克服,30%,0,1,大幅縮小,⑧⑨インフラ規制・防災のみ
国土交通省,国土交通本省,住宅建設事業調査諸費,庁費,1,該当なし,0%,0,1,廃止,住宅補助廃止。低所得者はNITで対応
国土交通省,国土交通本省,上下水道事業調査諸費,庁費,1,⑧技術的独占対抗・⑨外部効果克服,30%,0,1,大幅縮小,⑧⑨インフラ規制・防災のみ
国土交通省,国土交通本省,河川等災害復旧事業費,河川等災害復旧費,68,⑧技術的独占対抗・⑨外部効果克服,30%,20,48,大幅縮小,⑧⑨インフラ規制・防災のみ
国土交通省,国土交通本省,河川等災害復旧事業費,道路災害復旧費,36,⑧技術的独占対抗・⑨外部効果克服,30%,11,25,大幅縮小,⑧⑨インフラ規制・防災のみ
国土交通省,国土交通本省,河川等災害復旧事業費,港湾災害復旧費,5,⑧技術的独占対抗・⑨外部効果克服,30%,2,3,大幅縮小,⑧⑨インフラ規制・防災のみ
国土交通省,国土交通本省,河川等災害復旧事業費,都市災害復旧事業費補助,2,⑧技術的独占対抗・⑨外部効果克服,30%,1,1,大幅縮小,⑧⑨インフラ規制・防災のみ
国土交通省,国土交通本省,河川等災害復旧事業費,河川等災害復旧事業費補助,117,⑧技術的独占対抗・⑨外部効果克服,30%,35,82,大幅縮小,⑧⑨インフラ規制・防災のみ
国土交通省,国土交通本省,河川等災害復旧事業費,港湾施設災害復旧事業費補助,6,⑧技術的独占対抗・⑨外部効果克服,30%,2,4,大幅縮小,⑧⑨インフラ規制・防災のみ
国土交通省,国土交通本省,住宅施設災害復旧事業費,住宅施設災害復旧事業費補助,1,該当なし,0%,0,1,廃止,住宅補助廃止。低所得者はNITで対応
国土交通省,国土交通本省,鉄道施設災害復旧事業費,鉄道施設災害復旧事業費補助,10,⑧技術的独占対抗・⑨外部効果克服,30%,3,7,大幅縮小,⑧⑨インフラ規制・防災のみ
国土交通省,国土交通本省,河川等災害関連事業費,河川等災害関連事業費,108,⑧技術的独占対抗・⑨外部効果克服,30%,32,76,大幅縮小,⑧⑨インフラ規制・防災のみ
国土交通省,国土交通本省,河川等災害関連事業費,河川等災害関連事業費補助,44,⑧技術的独占対抗・⑨外部効果克服,30%,13,31,大幅縮小,⑧⑨インフラ規制・防災のみ
国土交通省,国土交通本省,河川等災害関連事業費,災害関連緊急砂防等事業費補助,22,⑧技術的独占対抗・⑨外部効果克服,30%,7,15,大幅縮小,⑧⑨インフラ規制・防災のみ
国土交通省,国土交通本省,河川等災害関連事業費,後進地域特例法適用団体補助率差額,5,⑧技術的独占対抗・⑨外部効果克服,30%,2,3,大幅縮小,⑧⑨インフラ規制・防災のみ
国土交通省,国土交通本省,自動車重量税業務取扱費自動車安全特別会計へ繰入,自動車重量税業務取扱費財源自動車安全特別会計へ繰入,3,⑧技術的独占対抗・⑨外部効果克服,30%,1,2,大幅縮小,⑧⑨インフラ規制・防災のみ
国土交通省,国土技術政策総合研究所,国土技術政策総合研究所共通費,職員基本給,16,⑧技術的独占対抗・⑨外部効果克服,30%,5,11,大幅縮小,⑧⑨インフラ規制・防災のみ
国土交通省,国土技術政策総合研究所,国土技術政策総合研究所共通費,職員諸手当,10,⑧技術的独占対抗・⑨外部効果克服,30%,3,7,大幅縮小,⑧⑨インフラ規制・防災のみ
国土交通省,国土技術政策総合研究所,国土技術政策総合研究所共通費,庁費,5,⑧技術的独占対抗・⑨外部効果克服,30%,2,3,大幅縮小,⑧⑨インフラ規制・防災のみ
国土交通省,国土技術政策総合研究所,国土技術政策総合研究所共通費,試験研究費,1,⑧技術的独占対抗・⑨外部効果克服,30%,0,1,大幅縮小,⑧⑨インフラ規制・防災のみ
国土交通省,国土技術政策総合研究所,国土技術政策総合研究所施設費,施設施工庁費,1,⑧技術的独占対抗・⑨外部効果克服,30%,0,1,大幅縮小,⑧⑨インフラ規制・防災のみ
国土交通省,国土技術政策総合研究所,技術研究開発推進費,試験研究費,4,⑧技術的独占対抗・⑨外部効果克服,30%,1,3,大幅縮小,⑧⑨インフラ規制・防災のみ
国土交通省,国土技術政策総合研究所,治水海岸事業工事諸費,職員基本給,2,⑨外部効果克服,80%,2,0,維持（縮小）,⑨治水
国土交通省,国土技術政策総合研究所,治水海岸事業工事諸費,職員諸手当,1,⑨外部効果克服,80%,1,0,維持（縮小）,⑨治水
国土交通省,国土技術政策総合研究所,治水海岸事業工事諸費,庁費,1,⑨外部効果克服,80%,1,0,維持（縮小）,⑨治水
国土交通省,国土技術政策総合研究所,治水海岸事業工事諸費,工事雑費,2,⑨外部効果克服,80%,2,0,維持（縮小）,⑨治水
国土交通省,国土技術政策総合研究所,治水海岸事業工事諸費,国家公務員共済組合負担金,1,⑨外部効果克服,80%,1,0,維持（縮小）,⑨治水
国土交通省,国土技術政策総合研究所,道路整備事業工事諸費,職員基本給,1,⑧技術的独占対抗・⑨外部効果克服,30%,0,1,大幅縮小,⑧⑨インフラ規制・防災のみ
国土交通省,国土技術政策総合研究所,道路整備事業工事諸費,庁費,1,⑧技術的独占対抗・⑨外部効果克服,30%,0,1,大幅縮小,⑧⑨インフラ規制・防災のみ
国土交通省,国土技術政策総合研究所,道路整備事業工事諸費,工事雑費,2,⑧技術的独占対抗・⑨外部効果克服,30%,1,1,大幅縮小,⑧⑨インフラ規制・防災のみ
国土交通省,国土技術政策総合研究所,道路整備事業工事諸費,国家公務員共済組合負担金,1,⑧技術的独占対抗・⑨外部効果克服,30%,0,1,大幅縮小,⑧⑨インフラ規制・防災のみ
国土交通省,国土技術政策総合研究所,港湾空港整備事業工事諸費,工事雑費,1,⑧技術的独占対抗・⑨外部効果克服,30%,0,1,大幅縮小,⑧⑨インフラ規制・防災のみ
国土交通省,国土地理院,国土地理院共通費,職員基本給,31,⑧技術的独占対抗・⑨外部効果克服,30%,9,22,大幅縮小,⑧⑨インフラ規制・防災のみ
国土交通省,国土地理院,国土地理院共通費,職員諸手当,15,⑧技術的独占対抗・⑨外部効果克服,30%,4,11,大幅縮小,⑧⑨インフラ規制・防災のみ
国土交通省,国土地理院,国土地理院共通費,超過勤務手当,2,⑧技術的独占対抗・⑨外部効果克服,30%,1,1,大幅縮小,⑧⑨インフラ規制・防災のみ
国土交通省,国土地理院,国土地理院共通費,短時間勤務職員給与,1,⑧技術的独占対抗・⑨外部効果克服,30%,0,1,大幅縮小,⑧⑨インフラ規制・防災のみ
国土交通省,国土地理院,国土地理院共通費,庁費,3,⑧技術的独占対抗・⑨外部効果克服,30%,1,2,大幅縮小,⑧⑨インフラ規制・防災のみ
国土交通省,国土地理院,国土地理院施設費,施設整備費,1,⑧技術的独占対抗・⑨外部効果克服,30%,0,1,大幅縮小,⑧⑨インフラ規制・防災のみ
国土交通省,国土地理院,災害情報整備推進費,測量庁費,5,⑧技術的独占対抗・⑨外部効果克服,30%,2,3,大幅縮小,⑧⑨インフラ規制・防災のみ
国土交通省,国土地理院,地理空間情報整備・活用等推進費,職員旅費,1,⑧技術的独占対抗・⑨外部効果克服,30%,0,1,大幅縮小,⑧⑨インフラ規制・防災のみ
国土交通省,国土地理院,地理空間情報整備・活用等推進費,測量庁費,14,⑧技術的独占対抗・⑨外部効果克服,30%,4,10,大幅縮小,⑧⑨インフラ規制・防災のみ
国土交通省,国土地理院,地理空間情報整備・活用等推進費,先端技術活用測量庁費,12,⑧技術的独占対抗・⑨外部効果克服,30%,4,8,大幅縮小,⑧⑨インフラ規制・防災のみ
国土交通省,国土地理院,技術研究開発推進費,地理地殻活動研究調査費,1,⑧技術的独占対抗・⑨外部効果克服,30%,0,1,大幅縮小,⑧⑨インフラ規制・防災のみ
国土交通省,海難審判所,海難審判所共通費,職員基本給,4,⑧技術的独占対抗・⑨外部効果克服,30%,1,3,大幅縮小,⑧⑨インフラ規制・防災のみ
国土交通省,海難審判所,海難審判所共通費,職員諸手当,3,⑧技術的独占対抗・⑨外部効果克服,30%,1,2,大幅縮小,⑧⑨インフラ規制・防災のみ
国土交通省,海難審判所,海難審判所共通費,庁費,1,⑧技術的独占対抗・⑨外部効果克服,30%,0,1,大幅縮小,⑧⑨インフラ規制・防災のみ
国土交通省,海難審判所,海難審判所共通費,土地建物借料,1,⑧技術的独占対抗・⑨外部効果克服,30%,0,1,大幅縮小,⑧⑨インフラ規制・防災のみ
国土交通省,地方整備局,地方整備局共通費,職員基本給,194,⑧技術的独占対抗・⑨外部効果克服,30%,58,136,大幅縮小,⑧⑨インフラ規制・防災のみ
国土交通省,地方整備局,地方整備局共通費,職員諸手当,105,⑧技術的独占対抗・⑨外部効果克服,30%,32,73,大幅縮小,⑧⑨インフラ規制・防災のみ
国土交通省,地方整備局,地方整備局共通費,超過勤務手当,15,⑧技術的独占対抗・⑨外部効果克服,30%,4,11,大幅縮小,⑧⑨インフラ規制・防災のみ
国土交通省,地方整備局,地方整備局共通費,短時間勤務職員給与,2,⑧技術的独占対抗・⑨外部効果克服,30%,1,1,大幅縮小,⑧⑨インフラ規制・防災のみ
国土交通省,地方整備局,地方整備局共通費,児童手当,3,⑧技術的独占対抗・⑨外部効果克服,30%,1,2,大幅縮小,⑧⑨インフラ規制・防災のみ
国土交通省,地方整備局,地方整備局共通費,庁費,25,⑧技術的独占対抗・⑨外部効果克服,30%,8,17,大幅縮小,⑧⑨インフラ規制・防災のみ
国土交通省,地方整備局,地方整備局共通費,移転費,1,⑧技術的独占対抗・⑨外部効果克服,30%,0,1,大幅縮小,⑧⑨インフラ規制・防災のみ
国土交通省,地方整備局,地方整備局共通費,土地建物借料,2,⑧技術的独占対抗・⑨外部効果克服,30%,1,1,大幅縮小,⑧⑨インフラ規制・防災のみ
国土交通省,地方整備局,地方整備局共通費,公共施設等維持管理運営費,2,⑧技術的独占対抗・⑨外部効果克服,30%,1,1,大幅縮小,⑧⑨インフラ規制・防災のみ
国土交通省,地方整備局,地方整備推進費,情報処理業務庁費,4,⑧技術的独占対抗・⑨外部効果克服,30%,1,3,大幅縮小,⑧⑨インフラ規制・防災のみ
国土交通省,地方整備局,地方整備推進費,資格検定国家試験費,2,⑧技術的独占対抗・⑨外部効果克服,30%,1,1,大幅縮小,⑧⑨インフラ規制・防災のみ
国土交通省,地方整備局,治水海岸事業工事諸費,職員基本給,297,⑨外部効果克服,80%,238,59,維持（縮小）,⑨治水
国土交通省,地方整備局,治水海岸事業工事諸費,職員諸手当,157,⑨外部効果克服,80%,126,31,維持（縮小）,⑨治水
国土交通省,地方整備局,治水海岸事業工事諸費,超過勤務手当,30,⑨外部効果克服,80%,24,6,維持（縮小）,⑨治水
国土交通省,地方整備局,治水海岸事業工事諸費,休職者給与,3,⑨外部効果克服,80%,2,1,維持（縮小）,⑨治水
国土交通省,地方整備局,治水海岸事業工事諸費,短時間勤務職員給与,11,⑨外部効果克服,80%,9,2,維持（縮小）,⑨治水
国土交通省,地方整備局,治水海岸事業工事諸費,公務災害補償費,1,⑨外部効果克服,80%,1,0,維持（縮小）,⑨治水
国土交通省,地方整備局,治水海岸事業工事諸費,退職手当,33,⑨外部効果克服,80%,26,7,維持（縮小）,⑨治水
国土交通省,地方整備局,治水海岸事業工事諸費,児童手当,5,⑨外部効果克服,80%,4,1,維持（縮小）,⑨治水
国土交通省,地方整備局,治水海岸事業工事諸費,諸謝金,1,⑨外部効果克服,80%,1,0,維持（縮小）,⑨治水
国土交通省,地方整備局,治水海岸事業工事諸費,職員旅費,3,⑨外部効果克服,80%,2,1,維持（縮小）,⑨治水
国土交通省,地方整備局,治水海岸事業工事諸費,工事施行旅費,3,⑨外部効果克服,80%,2,1,維持（縮小）,⑨治水
国土交通省,地方整備局,治水海岸事業工事諸費,赴任旅費,3,⑨外部効果克服,80%,2,1,維持（縮小）,⑨治水
国土交通省,地方整備局,治水海岸事業工事諸費,庁費,13,⑨外部効果克服,80%,10,3,維持（縮小）,⑨治水
国土交通省,地方整備局,治水海岸事業工事諸費,情報処理業務庁費,15,⑨外部効果克服,80%,12,3,維持（縮小）,⑨治水
国土交通省,地方整備局,治水海岸事業工事諸費,車両費,29,⑨外部効果克服,80%,23,6,維持（縮小）,⑨治水
国土交通省,地方整備局,治水海岸事業工事諸費,広報費,23,⑨外部効果克服,80%,18,5,維持（縮小）,⑨治水
国土交通省,地方整備局,治水海岸事業工事諸費,電子計算機借料,5,⑨外部効果克服,80%,4,1,維持（縮小）,⑨治水
国土交通省,地方整備局,治水海岸事業工事諸費,工事雑費,98,⑨外部効果克服,80%,78,20,維持（縮小）,⑨治水
国土交通省,地方整備局,治水海岸事業工事諸費,自動車重量税,1,⑨外部効果克服,80%,1,0,維持（縮小）,⑨治水
国土交通省,地方整備局,治水海岸事業工事諸費,国家公務員共済組合負担金,111,⑨外部効果克服,80%,89,22,維持（縮小）,⑨治水
国土交通省,地方整備局,治水海岸事業工事諸費,国有資産所在市町村交付金,65,⑨外部効果克服,80%,52,13,維持（縮小）,⑨治水
国土交通省,地方整備局,治水海岸事業工事諸費,賠償償還及払戻金,2,⑨外部効果克服,80%,2,0,維持（縮小）,⑨治水
国土交通省,地方整備局,治水海岸事業工事諸費,精算還付金,1,⑨外部効果克服,80%,1,0,維持（縮小）,⑨治水
国土交通省,地方整備局,道路整備事業工事諸費,職員基本給,276,⑧技術的独占対抗・⑨外部効果克服,30%,83,193,大幅縮小,⑧⑨インフラ規制・防災のみ
国土交通省,地方整備局,道路整備事業工事諸費,職員諸手当,144,⑧技術的独占対抗・⑨外部効果克服,30%,43,101,大幅縮小,⑧⑨インフラ規制・防災のみ
国土交通省,地方整備局,道路整備事業工事諸費,超過勤務手当,35,⑧技術的独占対抗・⑨外部効果克服,30%,10,25,大幅縮小,⑧⑨インフラ規制・防災のみ
国土交通省,地方整備局,道路整備事業工事諸費,休職者給与,2,⑧技術的独占対抗・⑨外部効果克服,30%,1,1,大幅縮小,⑧⑨インフラ規制・防災のみ
国土交通省,地方整備局,道路整備事業工事諸費,短時間勤務職員給与,11,⑧技術的独占対抗・⑨外部効果克服,30%,3,8,大幅縮小,⑧⑨インフラ規制・防災のみ
国土交通省,地方整備局,道路整備事業工事諸費,公務災害補償費,1,⑧技術的独占対抗・⑨外部効果克服,30%,0,1,大幅縮小,⑧⑨インフラ規制・防災のみ
国土交通省,地方整備局,道路整備事業工事諸費,退職手当,30,⑧技術的独占対抗・⑨外部効果克服,30%,9,21,大幅縮小,⑧⑨インフラ規制・防災のみ
国土交通省,地方整備局,道路整備事業工事諸費,児童手当,4,⑧技術的独占対抗・⑨外部効果克服,30%,1,3,大幅縮小,⑧⑨インフラ規制・防災のみ
国土交通省,地方整備局,道路整備事業工事諸費,諸謝金,1,⑧技術的独占対抗・⑨外部効果克服,30%,0,1,大幅縮小,⑧⑨インフラ規制・防災のみ
国土交通省,地方整備局,道路整備事業工事諸費,職員旅費,3,⑧技術的独占対抗・⑨外部効果克服,30%,1,2,大幅縮小,⑧⑨インフラ規制・防災のみ
国土交通省,地方整備局,道路整備事業工事諸費,工事施行旅費,2,⑧技術的独占対抗・⑨外部効果克服,30%,1,1,大幅縮小,⑧⑨インフラ規制・防災のみ
国土交通省,地方整備局,道路整備事業工事諸費,赴任旅費,3,⑧技術的独占対抗・⑨外部効果克服,30%,1,2,大幅縮小,⑧⑨インフラ規制・防災のみ
国土交通省,地方整備局,道路整備事業工事諸費,庁費,12,⑧技術的独占対抗・⑨外部効果克服,30%,4,8,大幅縮小,⑧⑨インフラ規制・防災のみ
国土交通省,地方整備局,道路整備事業工事諸費,情報処理業務庁費,15,⑧技術的独占対抗・⑨外部効果克服,30%,4,11,大幅縮小,⑧⑨インフラ規制・防災のみ
国土交通省,地方整備局,道路整備事業工事諸費,車両費,28,⑧技術的独占対抗・⑨外部効果克服,30%,8,20,大幅縮小,⑧⑨インフラ規制・防災のみ
国土交通省,地方整備局,道路整備事業工事諸費,広報費,16,⑧技術的独占対抗・⑨外部効果克服,30%,5,11,大幅縮小,⑧⑨インフラ規制・防災のみ
国土交通省,地方整備局,道路整備事業工事諸費,電子計算機借料,6,⑧技術的独占対抗・⑨外部効果克服,30%,2,4,大幅縮小,⑧⑨インフラ規制・防災のみ
国土交通省,地方整備局,道路整備事業工事諸費,工事雑費,117,⑧技術的独占対抗・⑨外部効果克服,30%,35,82,大幅縮小,⑧⑨インフラ規制・防災のみ
国土交通省,地方整備局,道路整備事業工事諸費,公共施設等維持管理運営費,1,⑧技術的独占対抗・⑨外部効果克服,30%,0,1,大幅縮小,⑧⑨インフラ規制・防災のみ
国土交通省,地方整備局,道路整備事業工事諸費,自動車重量税,1,⑧技術的独占対抗・⑨外部効果克服,30%,0,1,大幅縮小,⑧⑨インフラ規制・防災のみ
国土交通省,地方整備局,道路整備事業工事諸費,用地事務委託費,1,⑧技術的独占対抗・⑨外部効果克服,30%,0,1,大幅縮小,⑧⑨インフラ規制・防災のみ
国土交通省,地方整備局,道路整備事業工事諸費,国家公務員共済組合負担金,102,⑧技術的独占対抗・⑨外部効果克服,30%,31,71,大幅縮小,⑧⑨インフラ規制・防災のみ
国土交通省,地方整備局,道路整備事業工事諸費,国有資産所在市町村交付金,1,⑧技術的独占対抗・⑨外部効果克服,30%,0,1,大幅縮小,⑧⑨インフラ規制・防災のみ
国土交通省,地方整備局,道路整備事業工事諸費,賠償償還及払戻金,5,⑧技術的独占対抗・⑨外部効果克服,30%,2,3,大幅縮小,⑧⑨インフラ規制・防災のみ
国土交通省,地方整備局,港湾空港整備事業工事諸費,職員基本給,68,⑧技術的独占対抗・⑨外部効果克服,30%,20,48,大幅縮小,⑧⑨インフラ規制・防災のみ
国土交通省,地方整備局,港湾空港整備事業工事諸費,職員諸手当,37,⑧技術的独占対抗・⑨外部効果克服,30%,11,26,大幅縮小,⑧⑨インフラ規制・防災のみ
国土交通省,地方整備局,港湾空港整備事業工事諸費,超過勤務手当,7,⑧技術的独占対抗・⑨外部効果克服,30%,2,5,大幅縮小,⑧⑨インフラ規制・防災のみ
国土交通省,地方整備局,港湾空港整備事業工事諸費,休職者給与,1,⑧技術的独占対抗・⑨外部効果克服,30%,0,1,大幅縮小,⑧⑨インフラ規制・防災のみ
国土交通省,地方整備局,港湾空港整備事業工事諸費,短時間勤務職員給与,3,⑧技術的独占対抗・⑨外部効果克服,30%,1,2,大幅縮小,⑧⑨インフラ規制・防災のみ
国土交通省,地方整備局,港湾空港整備事業工事諸費,公務災害補償費,1,⑧技術的独占対抗・⑨外部効果克服,30%,0,1,大幅縮小,⑧⑨インフラ規制・防災のみ
国土交通省,地方整備局,港湾空港整備事業工事諸費,退職手当,9,⑧技術的独占対抗・⑨外部効果克服,30%,3,6,大幅縮小,⑧⑨インフラ規制・防災のみ
国土交通省,地方整備局,港湾空港整備事業工事諸費,児童手当,1,⑧技術的独占対抗・⑨外部効果克服,30%,0,1,大幅縮小,⑧⑨インフラ規制・防災のみ
国土交通省,地方整備局,港湾空港整備事業工事諸費,職員旅費,1,⑧技術的独占対抗・⑨外部効果克服,30%,0,1,大幅縮小,⑧⑨インフラ規制・防災のみ
国土交通省,地方整備局,港湾空港整備事業工事諸費,工事施行旅費,1,⑧技術的独占対抗・⑨外部効果克服,30%,0,1,大幅縮小,⑧⑨インフラ規制・防災のみ
国土交通省,地方整備局,港湾空港整備事業工事諸費,赴任旅費,1,⑧技術的独占対抗・⑨外部効果克服,30%,0,1,大幅縮小,⑧⑨インフラ規制・防災のみ
国土交通省,地方整備局,港湾空港整備事業工事諸費,庁費,8,⑧技術的独占対抗・⑨外部効果克服,30%,2,6,大幅縮小,⑧⑨インフラ規制・防災のみ
国土交通省,地方整備局,港湾空港整備事業工事諸費,情報処理業務庁費,2,⑧技術的独占対抗・⑨外部効果克服,30%,1,1,大幅縮小,⑧⑨インフラ規制・防災のみ
国土交通省,地方整備局,港湾空港整備事業工事諸費,車両費,4,⑧技術的独占対抗・⑨外部効果克服,30%,1,3,大幅縮小,⑧⑨インフラ規制・防災のみ
国土交通省,地方整備局,港湾空港整備事業工事諸費,広報費,1,⑧技術的独占対抗・⑨外部効果克服,30%,0,1,大幅縮小,⑧⑨インフラ規制・防災のみ
国土交通省,地方整備局,港湾空港整備事業工事諸費,工事雑費,23,⑧技術的独占対抗・⑨外部効果克服,30%,7,16,大幅縮小,⑧⑨インフラ規制・防災のみ
国土交通省,地方整備局,港湾空港整備事業工事諸費,国家公務員共済組合負担金,26,⑧技術的独占対抗・⑨外部効果克服,30%,8,18,大幅縮小,⑧⑨インフラ規制・防災のみ
国土交通省,地方整備局,都市環境整備事業工事諸費,職員基本給,21,⑧技術的独占対抗・⑨外部効果克服,30%,6,15,大幅縮小,⑧⑨インフラ規制・防災のみ
国土交通省,地方整備局,都市環境整備事業工事諸費,職員諸手当,10,⑧技術的独占対抗・⑨外部効果克服,30%,3,7,大幅縮小,⑧⑨インフラ規制・防災のみ
国土交通省,地方整備局,都市環境整備事業工事諸費,超過勤務手当,4,⑧技術的独占対抗・⑨外部効果克服,30%,1,3,大幅縮小,⑧⑨インフラ規制・防災のみ
国土交通省,地方整備局,都市環境整備事業工事諸費,休職者給与,1,⑧技術的独占対抗・⑨外部効果克服,30%,0,1,大幅縮小,⑧⑨インフラ規制・防災のみ
国土交通省,地方整備局,都市環境整備事業工事諸費,退職手当,4,⑧技術的独占対抗・⑨外部効果克服,30%,1,3,大幅縮小,⑧⑨インフラ規制・防災のみ
国土交通省,地方整備局,都市環境整備事業工事諸費,庁費,3,⑧技術的独占対抗・⑨外部効果克服,30%,1,2,大幅縮小,⑧⑨インフラ規制・防災のみ
国土交通省,地方整備局,都市環境整備事業工事諸費,情報処理業務庁費,3,⑧技術的独占対抗・⑨外部効果克服,30%,1,2,大幅縮小,⑧⑨インフラ規制・防災のみ
国土交通省,地方整備局,都市環境整備事業工事諸費,車両費,6,⑧技術的独占対抗・⑨外部効果克服,30%,2,4,大幅縮小,⑧⑨インフラ規制・防災のみ
国土交通省,地方整備局,都市環境整備事業工事諸費,広報費,5,⑧技術的独占対抗・⑨外部効果克服,30%,2,3,大幅縮小,⑧⑨インフラ規制・防災のみ
国土交通省,地方整備局,都市環境整備事業工事諸費,電子計算機借料,1,⑧技術的独占対抗・⑨外部効果克服,30%,0,1,大幅縮小,⑧⑨インフラ規制・防災のみ
国土交通省,地方整備局,都市環境整備事業工事諸費,工事雑費,21,⑧技術的独占対抗・⑨外部効果克服,30%,6,15,大幅縮小,⑧⑨インフラ規制・防災のみ
国土交通省,地方整備局,都市環境整備事業工事諸費,国家公務員共済組合負担金,9,⑧技術的独占対抗・⑨外部効果克服,30%,3,6,大幅縮小,⑧⑨インフラ規制・防災のみ
国土交通省,地方整備局,国営公園等事業工事諸費,職員基本給,6,⑧技術的独占対抗・⑨外部効果克服,30%,2,4,大幅縮小,⑧⑨インフラ規制・防災のみ
国土交通省,地方整備局,国営公園等事業工事諸費,職員諸手当,3,⑧技術的独占対抗・⑨外部効果克服,30%,1,2,大幅縮小,⑧⑨インフラ規制・防災のみ
国土交通省,地方整備局,国営公園等事業工事諸費,超過勤務手当,1,⑧技術的独占対抗・⑨外部効果克服,30%,0,1,大幅縮小,⑧⑨インフラ規制・防災のみ
国土交通省,地方整備局,国営公園等事業工事諸費,退職手当,2,⑧技術的独占対抗・⑨外部効果克服,30%,1,1,大幅縮小,⑧⑨インフラ規制・防災のみ
国土交通省,地方整備局,国営公園等事業工事諸費,車両費,1,⑧技術的独占対抗・⑨外部効果克服,30%,0,1,大幅縮小,⑧⑨インフラ規制・防災のみ
国土交通省,地方整備局,国営公園等事業工事諸費,工事雑費,2,⑧技術的独占対抗・⑨外部効果克服,30%,1,1,大幅縮小,⑧⑨インフラ規制・防災のみ
国土交通省,地方整備局,国営公園等事業工事諸費,国家公務員共済組合負担金,2,⑧技術的独占対抗・⑨外部効果克服,30%,1,1,大幅縮小,⑧⑨インフラ規制・防災のみ
国土交通省,地方整備局,河川等災害復旧事業等工事諸費,超過勤務手当,1,⑧技術的独占対抗・⑨外部効果克服,30%,0,1,大幅縮小,⑧⑨インフラ規制・防災のみ
国土交通省,地方整備局,河川等災害復旧事業等工事諸費,工事雑費,7,⑧技術的独占対抗・⑨外部効果克服,30%,2,5,大幅縮小,⑧⑨インフラ規制・防災のみ
国土交通省,地方整備局,河川等災害復旧事業等工事諸費,精算還付金,2,⑧技術的独占対抗・⑨外部効果克服,30%,1,1,大幅縮小,⑧⑨インフラ規制・防災のみ
国土交通省,北海道開発局,北海道開発局共通費,職員基本給,59,該当なし,0%,0,59,廃止,特定地域への開発補助廃止
国土交通省,北海道開発局,北海道開発局共通費,職員諸手当,35,該当なし,0%,0,35,廃止,特定地域への開発補助廃止
国土交通省,北海道開発局,北海道開発局共通費,超過勤務手当,4,該当なし,0%,0,4,廃止,特定地域への開発補助廃止
国土交通省,北海道開発局,北海道開発局共通費,非常勤職員手当,1,該当なし,0%,0,1,廃止,特定地域への開発補助廃止
国土交通省,北海道開発局,北海道開発局共通費,短時間勤務職員給与,2,該当なし,0%,0,2,廃止,特定地域への開発補助廃止
国土交通省,北海道開発局,北海道開発局共通費,児童手当,1,該当なし,0%,0,1,廃止,特定地域への開発補助廃止
国土交通省,北海道開発局,北海道開発局共通費,庁費,3,該当なし,0%,0,3,廃止,特定地域への開発補助廃止
国土交通省,北海道開発局,北海道治水海岸事業工事諸費,職員基本給,31,⑨外部効果克服,80%,25,6,維持（縮小）,⑨治水
国土交通省,北海道開発局,北海道治水海岸事業工事諸費,職員諸手当,18,⑨外部効果克服,80%,14,4,維持（縮小）,⑨治水
国土交通省,北海道開発局,北海道治水海岸事業工事諸費,超過勤務手当,3,⑨外部効果克服,80%,2,1,維持（縮小）,⑨治水
国土交通省,北海道開発局,北海道治水海岸事業工事諸費,短時間勤務職員給与,2,⑨外部効果克服,80%,2,0,維持（縮小）,⑨治水
国土交通省,北海道開発局,北海道治水海岸事業工事諸費,退職手当,3,⑨外部効果克服,80%,2,1,維持（縮小）,⑨治水
国土交通省,北海道開発局,北海道治水海岸事業工事諸費,職員旅費,1,⑨外部効果克服,80%,1,0,維持（縮小）,⑨治水
国土交通省,北海道開発局,北海道治水海岸事業工事諸費,赴任旅費,1,⑨外部効果克服,80%,1,0,維持（縮小）,⑨治水
国土交通省,北海道開発局,北海道治水海岸事業工事諸費,情報処理業務庁費,1,⑨外部効果克服,80%,1,0,維持（縮小）,⑨治水
国土交通省,北海道開発局,北海道治水海岸事業工事諸費,車両費,4,⑨外部効果克服,80%,3,1,維持（縮小）,⑨治水
国土交通省,北海道開発局,北海道治水海岸事業工事諸費,広報費,1,⑨外部効果克服,80%,1,0,維持（縮小）,⑨治水
国土交通省,北海道開発局,北海道治水海岸事業工事諸費,電子計算機借料,1,⑨外部効果克服,80%,1,0,維持（縮小）,⑨治水
国土交通省,北海道開発局,北海道治水海岸事業工事諸費,工事雑費,15,⑨外部効果克服,80%,12,3,維持（縮小）,⑨治水
国土交通省,北海道開発局,北海道治水海岸事業工事諸費,国家公務員共済組合負担金,11,⑨外部効果克服,80%,9,2,維持（縮小）,⑨治水
国土交通省,北海道開発局,北海道治水海岸事業工事諸費,国有資産所在市町村交付金,2,⑨外部効果克服,80%,2,0,維持（縮小）,⑨治水
国土交通省,北海道開発局,北海道道路整備事業工事諸費,職員基本給,56,⑧技術的独占対抗・⑨外部効果克服,30%,17,39,大幅縮小,⑧⑨インフラ規制・防災のみ
国土交通省,北海道開発局,北海道道路整備事業工事諸費,職員諸手当,33,⑧技術的独占対抗・⑨外部効果克服,30%,10,23,大幅縮小,⑧⑨インフラ規制・防災のみ
国土交通省,北海道開発局,北海道道路整備事業工事諸費,超過勤務手当,5,⑧技術的独占対抗・⑨外部効果克服,30%,2,3,大幅縮小,⑧⑨インフラ規制・防災のみ
国土交通省,北海道開発局,北海道道路整備事業工事諸費,短時間勤務職員給与,2,⑧技術的独占対抗・⑨外部効果克服,30%,1,1,大幅縮小,⑧⑨インフラ規制・防災のみ
国土交通省,北海道開発局,北海道道路整備事業工事諸費,退職手当,9,⑧技術的独占対抗・⑨外部効果克服,30%,3,6,大幅縮小,⑧⑨インフラ規制・防災のみ
国土交通省,北海道開発局,北海道道路整備事業工事諸費,児童手当,1,⑧技術的独占対抗・⑨外部効果克服,30%,0,1,大幅縮小,⑧⑨インフラ規制・防災のみ
国土交通省,北海道開発局,北海道道路整備事業工事諸費,職員旅費,1,⑧技術的独占対抗・⑨外部効果克服,30%,0,1,大幅縮小,⑧⑨インフラ規制・防災のみ
国土交通省,北海道開発局,北海道道路整備事業工事諸費,工事施行旅費,1,⑧技術的独占対抗・⑨外部効果克服,30%,0,1,大幅縮小,⑧⑨インフラ規制・防災のみ
国土交通省,北海道開発局,北海道道路整備事業工事諸費,赴任旅費,1,⑧技術的独占対抗・⑨外部効果克服,30%,0,1,大幅縮小,⑧⑨インフラ規制・防災のみ
国土交通省,北海道開発局,北海道道路整備事業工事諸費,庁費,2,⑧技術的独占対抗・⑨外部効果克服,30%,1,1,大幅縮小,⑧⑨インフラ規制・防災のみ
国土交通省,北海道開発局,北海道道路整備事業工事諸費,情報処理業務庁費,2,⑧技術的独占対抗・⑨外部効果克服,30%,1,1,大幅縮小,⑧⑨インフラ規制・防災のみ
国土交通省,北海道開発局,北海道道路整備事業工事諸費,車両費,7,⑧技術的独占対抗・⑨外部効果克服,30%,2,5,大幅縮小,⑧⑨インフラ規制・防災のみ
国土交通省,北海道開発局,北海道道路整備事業工事諸費,広報費,1,⑧技術的独占対抗・⑨外部効果克服,30%,0,1,大幅縮小,⑧⑨インフラ規制・防災のみ
国土交通省,北海道開発局,北海道道路整備事業工事諸費,電子計算機借料,1,⑧技術的独占対抗・⑨外部効果克服,30%,0,1,大幅縮小,⑧⑨インフラ規制・防災のみ
国土交通省,北海道開発局,北海道道路整備事業工事諸費,工事雑費,24,⑧技術的独占対抗・⑨外部効果克服,30%,7,17,大幅縮小,⑧⑨インフラ規制・防災のみ
国土交通省,北海道開発局,北海道道路整備事業工事諸費,自動車重量税,1,⑧技術的独占対抗・⑨外部効果克服,30%,0,1,大幅縮小,⑧⑨インフラ規制・防災のみ
国土交通省,北海道開発局,北海道道路整備事業工事諸費,国家公務員共済組合負担金,21,⑧技術的独占対抗・⑨外部効果克服,30%,6,15,大幅縮小,⑧⑨インフラ規制・防災のみ
国土交通省,北海道開発局,北海道港湾空港整備事業工事諸費,職員基本給,8,⑧技術的独占対抗・⑨外部効果克服,30%,2,6,大幅縮小,⑧⑨インフラ規制・防災のみ
国土交通省,北海道開発局,北海道港湾空港整備事業工事諸費,職員諸手当,5,⑧技術的独占対抗・⑨外部効果克服,30%,2,3,大幅縮小,⑧⑨インフラ規制・防災のみ
国土交通省,北海道開発局,北海道港湾空港整備事業工事諸費,超過勤務手当,1,⑧技術的独占対抗・⑨外部効果克服,30%,0,1,大幅縮小,⑧⑨インフラ規制・防災のみ
国土交通省,北海道開発局,北海道港湾空港整備事業工事諸費,短時間勤務職員給与,1,⑧技術的独占対抗・⑨外部効果克服,30%,0,1,大幅縮小,⑧⑨インフラ規制・防災のみ
国土交通省,北海道開発局,北海道港湾空港整備事業工事諸費,退職手当,2,⑧技術的独占対抗・⑨外部効果克服,30%,1,1,大幅縮小,⑧⑨インフラ規制・防災のみ
国土交通省,北海道開発局,北海道港湾空港整備事業工事諸費,庁費,1,⑧技術的独占対抗・⑨外部効果克服,30%,0,1,大幅縮小,⑧⑨インフラ規制・防災のみ
国土交通省,北海道開発局,北海道港湾空港整備事業工事諸費,車両費,2,⑧技術的独占対抗・⑨外部効果克服,30%,1,1,大幅縮小,⑧⑨インフラ規制・防災のみ
国土交通省,北海道開発局,北海道港湾空港整備事業工事諸費,工事雑費,3,⑧技術的独占対抗・⑨外部効果克服,30%,1,2,大幅縮小,⑧⑨インフラ規制・防災のみ
国土交通省,北海道開発局,北海道港湾空港整備事業工事諸費,国家公務員共済組合負担金,3,⑧技術的独占対抗・⑨外部効果克服,30%,1,2,大幅縮小,⑧⑨インフラ規制・防災のみ
国土交通省,北海道開発局,北海道都市環境整備事業工事諸費,職員基本給,6,⑧技術的独占対抗・⑨外部効果克服,30%,2,4,大幅縮小,⑧⑨インフラ規制・防災のみ
国土交通省,北海道開発局,北海道都市環境整備事業工事諸費,職員諸手当,3,⑧技術的独占対抗・⑨外部効果克服,30%,1,2,大幅縮小,⑧⑨インフラ規制・防災のみ
国土交通省,北海道開発局,北海道都市環境整備事業工事諸費,超過勤務手当,1,⑧技術的独占対抗・⑨外部効果克服,30%,0,1,大幅縮小,⑧⑨インフラ規制・防災のみ
国土交通省,北海道開発局,北海道都市環境整備事業工事諸費,車両費,1,⑧技術的独占対抗・⑨外部効果克服,30%,0,1,大幅縮小,⑧⑨インフラ規制・防災のみ
国土交通省,北海道開発局,北海道都市環境整備事業工事諸費,工事雑費,2,⑧技術的独占対抗・⑨外部効果克服,30%,1,1,大幅縮小,⑧⑨インフラ規制・防災のみ
国土交通省,北海道開発局,北海道都市環境整備事業工事諸費,国家公務員共済組合負担金,2,⑧技術的独占対抗・⑨外部効果克服,30%,1,1,大幅縮小,⑧⑨インフラ規制・防災のみ
国土交通省,北海道開発局,北海道農業農村整備事業等工事諸費,職員基本給,33,⑧技術的独占対抗・⑨外部効果克服,30%,10,23,大幅縮小,⑧⑨インフラ規制・防災のみ
国土交通省,北海道開発局,北海道農業農村整備事業等工事諸費,職員諸手当,19,⑧技術的独占対抗・⑨外部効果克服,30%,6,13,大幅縮小,⑧⑨インフラ規制・防災のみ
国土交通省,北海道開発局,北海道農業農村整備事業等工事諸費,超過勤務手当,3,⑧技術的独占対抗・⑨外部効果克服,30%,1,2,大幅縮小,⑧⑨インフラ規制・防災のみ
国土交通省,北海道開発局,北海道農業農村整備事業等工事諸費,短時間勤務職員給与,2,⑧技術的独占対抗・⑨外部効果克服,30%,1,1,大幅縮小,⑧⑨インフラ規制・防災のみ
国土交通省,北海道開発局,北海道農業農村整備事業等工事諸費,退職手当,2,⑧技術的独占対抗・⑨外部効果克服,30%,1,1,大幅縮小,⑧⑨インフラ規制・防災のみ
国土交通省,北海道開発局,北海道農業農村整備事業等工事諸費,職員旅費,1,⑧技術的独占対抗・⑨外部効果克服,30%,0,1,大幅縮小,⑧⑨インフラ規制・防災のみ
国土交通省,北海道開発局,北海道農業農村整備事業等工事諸費,赴任旅費,1,⑧技術的独占対抗・⑨外部効果克服,30%,0,1,大幅縮小,⑧⑨インフラ規制・防災のみ
国土交通省,北海道開発局,北海道農業農村整備事業等工事諸費,庁費,2,⑧技術的独占対抗・⑨外部効果克服,30%,1,1,大幅縮小,⑧⑨インフラ規制・防災のみ
国土交通省,北海道開発局,北海道農業農村整備事業等工事諸費,情報処理業務庁費,1,⑧技術的独占対抗・⑨外部効果克服,30%,0,1,大幅縮小,⑧⑨インフラ規制・防災のみ
国土交通省,北海道開発局,北海道農業農村整備事業等工事諸費,車両費,5,⑧技術的独占対抗・⑨外部効果克服,30%,2,3,大幅縮小,⑧⑨インフラ規制・防災のみ
国土交通省,北海道開発局,北海道農業農村整備事業等工事諸費,工事雑費,10,⑧技術的独占対抗・⑨外部効果克服,30%,3,7,大幅縮小,⑧⑨インフラ規制・防災のみ
国土交通省,北海道開発局,北海道農業農村整備事業等工事諸費,国家公務員共済組合負担金,12,⑧技術的独占対抗・⑨外部効果克服,30%,4,8,大幅縮小,⑧⑨インフラ規制・防災のみ
国土交通省,北海道開発局,北海道災害復旧事業等工事諸費,工事雑費,1,⑧技術的独占対抗・⑨外部効果克服,30%,0,1,大幅縮小,⑧⑨インフラ規制・防災のみ
国土交通省,地方運輸局,地方運輸局共通費,職員基本給,123,⑧技術的独占対抗・⑨外部効果克服,30%,37,86,大幅縮小,⑧⑨インフラ規制・防災のみ
国土交通省,地方運輸局,地方運輸局共通費,職員諸手当,69,⑧技術的独占対抗・⑨外部効果克服,30%,21,48,大幅縮小,⑧⑨インフラ規制・防災のみ
国土交通省,地方運輸局,地方運輸局共通費,超過勤務手当,7,⑧技術的独占対抗・⑨外部効果克服,30%,2,5,大幅縮小,⑧⑨インフラ規制・防災のみ
国土交通省,地方運輸局,地方運輸局共通費,短時間勤務職員給与,4,⑧技術的独占対抗・⑨外部効果克服,30%,1,3,大幅縮小,⑧⑨インフラ規制・防災のみ
国土交通省,地方運輸局,地方運輸局共通費,児童手当,2,⑧技術的独占対抗・⑨外部効果克服,30%,1,1,大幅縮小,⑧⑨インフラ規制・防災のみ
国土交通省,地方運輸局,地方運輸局共通費,庁費,15,⑧技術的独占対抗・⑨外部効果克服,30%,4,11,大幅縮小,⑧⑨インフラ規制・防災のみ
国土交通省,地方運輸局,地方運輸局共通費,情報処理業務庁費,1,⑧技術的独占対抗・⑨外部効果克服,30%,0,1,大幅縮小,⑧⑨インフラ規制・防災のみ
国土交通省,地方運輸局,地方運輸局共通費,移転費,1,⑧技術的独占対抗・⑨外部効果克服,30%,0,1,大幅縮小,⑧⑨インフラ規制・防災のみ
国土交通省,地方運輸局,地方運輸行政推進費,職員旅費,3,⑧技術的独占対抗・⑨外部効果克服,30%,1,2,大幅縮小,⑧⑨インフラ規制・防災のみ
国土交通省,地方運輸局,地方運輸行政推進費,地域公共交通維持・活性化推進調査費,1,⑧技術的独占対抗・⑨外部効果克服,30%,0,1,大幅縮小,⑧⑨インフラ規制・防災のみ
国土交通省,地方運輸局,地方運輸行政推進費,公共交通等安全対策調査費,1,⑧技術的独占対抗・⑨外部効果克服,30%,0,1,大幅縮小,⑧⑨インフラ規制・防災のみ
国土交通省,地方航空局,地方航空局共通費,職員基本給,14,⑧技術的独占対抗・⑨外部効果克服,30%,4,10,大幅縮小,⑧⑨インフラ規制・防災のみ
国土交通省,地方航空局,地方航空局共通費,職員諸手当,8,⑧技術的独占対抗・⑨外部効果克服,30%,2,6,大幅縮小,⑧⑨インフラ規制・防災のみ
国土交通省,地方航空局,地方航空局共通費,超過勤務手当,1,⑧技術的独占対抗・⑨外部効果克服,30%,0,1,大幅縮小,⑧⑨インフラ規制・防災のみ
国土交通省,観光庁,観光庁共通費,職員基本給,11,該当なし,0%,0,11,廃止,観光振興は産業政策
国土交通省,観光庁,観光庁共通費,職員諸手当,6,該当なし,0%,0,6,廃止,観光振興は産業政策
国土交通省,観光庁,観光庁共通費,超過勤務手当,3,該当なし,0%,0,3,廃止,観光振興は産業政策
国土交通省,観光庁,観光庁共通費,非常勤職員手当,1,該当なし,0%,0,1,廃止,観光振興は産業政策
国土交通省,観光庁,観光庁共通費,庁費,1,該当なし,0%,0,1,廃止,観光振興は産業政策
国土交通省,観光庁,観光振興費,外国人旅行者訪日促進対策庁費,4,該当なし,0%,0,4,廃止,観光振興は産業政策
国土交通省,観光庁,観光振興費,観光振興調査費,13,該当なし,0%,0,13,廃止,観光振興は産業政策
国土交通省,観光庁,観光振興費,訪日外国人旅行者周遊促進事業費補助金,2,該当なし,0%,0,2,廃止,観光振興は産業政策
国土交通省,観光庁,観光振興費,世界観光機関分担金,1,該当なし,0%,0,1,廃止,観光振興は産業政策
国土交通省,観光庁,観光振興費,政府開発援助東南アジア諸国連合貿易投資観光促進センター拠出金,1,該当なし,0%,0,1,廃止,観光振興は産業政策
国土交通省,観光庁,観光振興費,世界観光機関等拠出金,3,該当なし,0%,0,3,廃止,観光振興は産業政策
国土交通省,観光庁,国際観光旅客税財源観光振興費,諸謝金,4,該当なし,0%,0,4,廃止,観光振興は産業政策
国土交通省,観光庁,国際観光旅客税財源観光振興費,職員旅費,2,該当なし,0%,0,2,廃止,観光振興は産業政策
国土交通省,観光庁,国際観光旅客税財源観光振興費,出入国管理業務庁費,128,該当なし,0%,0,128,廃止,観光振興は産業政策
国土交通省,観光庁,国際観光旅客税財源観光振興費,海外邦人安全対策等業務庁費,69,該当なし,0%,0,69,廃止,観光振興は産業政策
国土交通省,観光庁,国際観光旅客税財源観光振興費,政府開発援助海外邦人安全対策等業務庁費,39,該当なし,0%,0,39,廃止,観光振興は産業政策
国土交通省,観光庁,国際観光旅客税財源観光振興費,税関業務特別庁費,71,該当なし,0%,0,71,廃止,観光振興は産業政策
国土交通省,観光庁,国際観光旅客税財源観光振興費,文化資源活用庁費,1,該当なし,0%,0,1,廃止,観光振興は産業政策
国土交通省,観光庁,国際観光旅客税財源観光振興費,施設施工庁費,1,該当なし,0%,0,1,廃止,観光振興は産業政策
国土交通省,観光庁,国際観光旅客税財源観光振興費,国立公園等資源整備庁費,3,該当なし,0%,0,3,廃止,観光振興は産業政策
国土交通省,観光庁,国際観光旅客税財源観光振興費,観光振興調査費,57,該当なし,0%,0,57,廃止,観光振興は産業政策
国土交通省,観光庁,国際観光旅客税財源観光振興費,国立公園等資源整備調査費,100,該当なし,0%,0,100,廃止,観光振興は産業政策
国土交通省,観光庁,国際観光旅客税財源観光振興費,文化資源活用委託費,35,該当なし,0%,0,35,廃止,観光振興は産業政策
国土交通省,観光庁,国際観光旅客税財源観光振興費,施設整備費,42,該当なし,0%,0,42,廃止,観光振興は産業政策
国土交通省,観光庁,国際観光旅客税財源観光振興費,政府開発援助施設整備費,23,該当なし,0%,0,23,廃止,観光振興は産業政策
国土交通省,観光庁,国際観光旅客税財源観光振興費,文化資源活用事業費補助金,158,該当なし,0%,0,158,廃止,観光振興は産業政策
国土交通省,観光庁,国際観光旅客税財源観光振興費,観光振興事業費補助金,329,該当なし,0%,0,329,廃止,観光振興は産業政策
国土交通省,観光庁,国際観光旅客税財源観光振興費,国立公園等資源整備事業費補助金,75,該当なし,0%,0,75,廃止,観光振興は産業政策
国土交通省,観光庁,国際観光旅客税財源観光振興費,空港アクセス鉄道整備費利子補給金,1,該当なし,0%,0,1,廃止,観光振興は産業政策
国土交通省,観光庁,国際観光旅客税財源独立行政法人国立科学博物館施設整備費,独立行政法人国立科学博物館施設整備費補助金,8,該当なし,0%,0,8,廃止,観光振興は産業政策
国土交通省,観光庁,国際観光旅客税財源独立行政法人日本芸術文化振興会施設整備費,独立行政法人日本芸術文化振興会施設整備費補助金,1,該当なし,0%,0,1,廃止,観光振興は産業政策
国土交通省,観光庁,国際観光旅客税財源独立行政法人国立文化財機構施設整備費,独立行政法人国立文化財機構施設整備費補助金,13,該当なし,0%,0,13,廃止,観光振興は産業政策
国土交通省,観光庁,国際観光旅客税財源独立行政法人国立美術館施設整備費,独立行政法人国立美術館施設整備費補助金,3,該当なし,0%,0,3,廃止,観光振興は産業政策
国土交通省,観光庁,独立行政法人国際観光振興機構運営費,独立行政法人国際観光振興機構一般勘定運営費交付金,56,該当なし,0%,0,56,廃止,観光振興は産業政策
国土交通省,観光庁,国際観光旅客税財源独立行政法人国際観光振興機構運営費,独立行政法人国際観光振興機構国際観光旅客税財源勘定運営費交付金,80,該当なし,0%,0,80,廃止,観光振興は産業政策
国土交通省,気象庁,気象官署共通費,職員基本給,206,⑨外部効果克服,80%,165,41,維持（縮小）,⑨気象観測・予報は公共財
国土交通省,気象庁,気象官署共通費,職員諸手当,110,⑨外部効果克服,80%,88,22,維持（縮小）,⑨気象観測・予報は公共財
国土交通省,気象庁,気象官署共通費,超過勤務手当,24,⑨外部効果克服,80%,19,5,維持（縮小）,⑨気象観測・予報は公共財
国土交通省,気象庁,気象官署共通費,休職者給与,2,⑨外部効果克服,80%,2,0,維持（縮小）,⑨気象観測・予報は公共財
国土交通省,気象庁,気象官署共通費,国際機関等派遣職員給与,1,⑨外部効果克服,80%,1,0,維持（縮小）,⑨気象観測・予報は公共財
国土交通省,気象庁,気象官署共通費,短時間勤務職員給与,2,⑨外部効果克服,80%,2,0,維持（縮小）,⑨気象観測・予報は公共財
国土交通省,気象庁,気象官署共通費,児童手当,2,⑨外部効果克服,80%,2,0,維持（縮小）,⑨気象観測・予報は公共財
国土交通省,気象庁,気象官署共通費,職員旅費,1,⑨外部効果克服,80%,1,0,維持（縮小）,⑨気象観測・予報は公共財
国土交通省,気象庁,気象官署共通費,赴任旅費,2,⑨外部効果克服,80%,2,0,維持（縮小）,⑨気象観測・予報は公共財
国土交通省,気象庁,気象官署共通費,庁費,12,⑨外部効果克服,80%,10,2,維持（縮小）,⑨気象観測・予報は公共財
国土交通省,気象庁,気象官署共通費,校費,1,⑨外部効果克服,80%,1,0,維持（縮小）,⑨気象観測・予報は公共財
国土交通省,気象庁,気象官署共通費,移転費,2,⑨外部効果克服,80%,2,0,維持（縮小）,⑨気象観測・予報は公共財
国土交通省,気象庁,気象官署共通費,各所修繕,1,⑨外部効果克服,80%,1,0,維持（縮小）,⑨気象観測・予報は公共財
国土交通省,気象庁,気象官署共通費,公共施設等維持管理運営費,4,⑨外部効果克服,80%,3,1,維持（縮小）,⑨気象観測・予報は公共財
国土交通省,気象庁,気象官署施設費,施設施工庁費,1,⑨外部効果克服,80%,1,0,維持（縮小）,⑨気象観測・予報は公共財
国土交通省,気象庁,観測予報等業務費,職員旅費,2,⑧技術的独占対抗・⑨外部効果克服,30%,1,1,大幅縮小,⑧⑨インフラ規制・防災のみ
国土交通省,気象庁,観測予報等業務費,技術研究開発業務旅費,1,⑧技術的独占対抗・⑨外部効果克服,30%,0,1,大幅縮小,⑧⑨インフラ規制・防災のみ
国土交通省,気象庁,観測予報等業務費,観測予報庁費,42,⑧技術的独占対抗・⑨外部効果克服,30%,13,29,大幅縮小,⑧⑨インフラ規制・防災のみ
国土交通省,気象庁,観測予報等業務費,技術研究開発業務庁費,15,⑧技術的独占対抗・⑨外部効果克服,30%,4,11,大幅縮小,⑧⑨インフラ規制・防災のみ
国土交通省,気象庁,観測予報等業務費,技術研究開発業務船舶運航費,6,⑧技術的独占対抗・⑨外部効果克服,30%,2,4,大幅縮小,⑧⑨インフラ規制・防災のみ
国土交通省,気象庁,観測予報等業務費,通信専用料,3,⑧技術的独占対抗・⑨外部効果克服,30%,1,2,大幅縮小,⑧⑨インフラ規制・防災のみ
国土交通省,気象庁,観測予報等業務費,技術研究開発業務通信専用料,10,⑧技術的独占対抗・⑨外部効果克服,30%,3,7,大幅縮小,⑧⑨インフラ規制・防災のみ
国土交通省,気象庁,観測予報等業務費,静止気象衛星製作費,6,⑧技術的独占対抗・⑨外部効果克服,30%,2,4,大幅縮小,⑧⑨インフラ規制・防災のみ
国土交通省,気象庁,観測予報等業務費,公共施設等維持管理運営費,21,⑧技術的独占対抗・⑨外部効果克服,30%,6,15,大幅縮小,⑧⑨インフラ規制・防災のみ
国土交通省,気象庁,観測予報等業務費,世界気象機関等分担金,8,⑧技術的独占対抗・⑨外部効果克服,30%,2,6,大幅縮小,⑧⑨インフラ規制・防災のみ
国土交通省,気象庁,観測予報等業務費,世界気象機関拠出金,1,⑧技術的独占対抗・⑨外部効果克服,30%,0,1,大幅縮小,⑧⑨インフラ規制・防災のみ
国土交通省,気象庁,気象研究所,職員基本給,10,⑨外部効果克服,80%,8,2,維持（縮小）,⑨気象観測・予報は公共財
国土交通省,気象庁,気象研究所,職員諸手当,6,⑨外部効果克服,80%,5,1,維持（縮小）,⑨気象観測・予報は公共財
国土交通省,気象庁,気象研究所,庁費,2,⑨外部効果克服,80%,2,0,維持（縮小）,⑨気象観測・予報は公共財
国土交通省,気象庁,気象研究所,試験研究費,12,⑨外部効果克服,80%,10,2,維持（縮小）,⑨気象観測・予報は公共財
国土交通省,運輸安全委員会,運輸安全委員会,職員基本給,11,⑧技術的独占対抗・⑨外部効果克服,30%,3,8,大幅縮小,⑧⑨インフラ規制・防災のみ
国土交通省,運輸安全委員会,運輸安全委員会,職員諸手当,7,⑧技術的独占対抗・⑨外部効果克服,30%,2,5,大幅縮小,⑧⑨インフラ規制・防災のみ
国土交通省,運輸安全委員会,運輸安全委員会,超過勤務手当,1,⑧技術的独占対抗・⑨外部効果克服,30%,0,1,大幅縮小,⑧⑨インフラ規制・防災のみ
国土交通省,運輸安全委員会,運輸安全委員会,短時間勤務職員給与,1,⑧技術的独占対抗・⑨外部効果克服,30%,0,1,大幅縮小,⑧⑨インフラ規制・防災のみ
国土交通省,運輸安全委員会,運輸安全委員会,庁費,1,⑧技術的独占対抗・⑨外部効果克服,30%,0,1,大幅縮小,⑧⑨インフラ規制・防災のみ
国土交通省,運輸安全委員会,運輸安全委員会,公共交通等安全対策調査費,1,⑧技術的独占対抗・⑨外部効果克服,30%,0,1,大幅縮小,⑧⑨インフラ規制・防災のみ
国土交通省,海上保安庁,海上保安官署共通費,職員基本給,682,①法秩序維持,100%,682,0,維持,①法と秩序（海上治安）
国土交通省,海上保安庁,海上保安官署共通費,職員諸手当,376,①法秩序維持,100%,376,0,維持,①法と秩序（海上治安）
国土交通省,海上保安庁,海上保安官署共通費,超過勤務手当,130,①法秩序維持,100%,130,0,維持,①法と秩序（海上治安）
国土交通省,海上保安庁,海上保安官署共通費,休職者給与,2,①法秩序維持,100%,2,0,維持,①法と秩序（海上治安）
国土交通省,海上保安庁,海上保安官署共通費,短時間勤務職員給与,5,①法秩序維持,100%,5,0,維持,①法と秩序（海上治安）
国土交通省,海上保安庁,海上保安官署共通費,公務災害補償費,5,①法秩序維持,100%,5,0,維持,①法と秩序（海上治安）
国土交通省,海上保安庁,海上保安官署共通費,児童手当,15,①法秩序維持,100%,15,0,維持,①法と秩序（海上治安）
国土交通省,海上保安庁,海上保安官署共通費,職員旅費,2,①法秩序維持,100%,2,0,維持,①法と秩序（海上治安）
国土交通省,海上保安庁,海上保安官署共通費,赴任旅費,11,①法秩序維持,100%,11,0,維持,①法と秩序（海上治安）
国土交通省,海上保安庁,海上保安官署共通費,庁費,6,①法秩序維持,100%,6,0,維持,①法と秩序（海上治安）
国土交通省,海上保安庁,海上保安官署共通費,校費,12,①法秩序維持,100%,12,0,維持,①法と秩序（海上治安）
国土交通省,海上保安庁,海上保安官署施設費,施設施工庁費,6,①法秩序維持,100%,6,0,維持,①法と秩序（海上治安）
国土交通省,海上保安庁,海上保安官署施設費,施設整備費,41,①法秩序維持,100%,41,0,維持,①法と秩序（海上治安）
国土交通省,海上保安庁,海上保安官署施設費,不動産購入費,6,①法秩序維持,100%,6,0,維持,①法と秩序（海上治安）
国土交通省,海上保安庁,船舶交通安全及海上治安対策費,非常勤職員手当,1,⑧技術的独占対抗・⑨外部効果克服,30%,0,1,大幅縮小,⑧⑨インフラ規制・防災のみ
国土交通省,海上保安庁,船舶交通安全及海上治安対策費,船員食料手当,27,⑧技術的独占対抗・⑨外部効果克服,30%,8,19,大幅縮小,⑧⑨インフラ規制・防災のみ
国土交通省,海上保安庁,船舶交通安全及海上治安対策費,職員旅費,3,⑧技術的独占対抗・⑨外部効果克服,30%,1,2,大幅縮小,⑧⑨インフラ規制・防災のみ
国土交通省,海上保安庁,船舶交通安全及海上治安対策費,活動旅費,2,⑧技術的独占対抗・⑨外部効果克服,30%,1,1,大幅縮小,⑧⑨インフラ規制・防災のみ
国土交通省,海上保安庁,船舶交通安全及海上治安対策費,海上警備対策旅費,1,⑧技術的独占対抗・⑨外部効果克服,30%,0,1,大幅縮小,⑧⑨インフラ規制・防災のみ
国土交通省,海上保安庁,船舶交通安全及海上治安対策費,庁費,19,⑧技術的独占対抗・⑨外部効果克服,30%,6,13,大幅縮小,⑧⑨インフラ規制・防災のみ
国土交通省,海上保安庁,船舶交通安全及海上治安対策費,情報処理業務庁費,19,⑧技術的独占対抗・⑨外部効果克服,30%,6,13,大幅縮小,⑧⑨インフラ規制・防災のみ
国土交通省,海上保安庁,船舶交通安全及海上治安対策費,通信業務庁費,19,⑧技術的独占対抗・⑨外部効果克服,30%,6,13,大幅縮小,⑧⑨インフラ規制・防災のみ
国土交通省,海上保安庁,船舶交通安全及海上治安対策費,水路業務庁費,14,⑧技術的独占対抗・⑨外部効果克服,30%,4,10,大幅縮小,⑧⑨インフラ規制・防災のみ
国土交通省,海上保安庁,船舶交通安全及海上治安対策費,航路標識庁費,1,⑧技術的独占対抗・⑨外部効果克服,30%,0,1,大幅縮小,⑧⑨インフラ規制・防災のみ
国土交通省,海上保安庁,船舶交通安全及海上治安対策費,航空従事者研修費,8,⑧技術的独占対抗・⑨外部効果克服,30%,2,6,大幅縮小,⑧⑨インフラ規制・防災のみ
国土交通省,海上保安庁,船舶交通安全及海上治安対策費,航空機及船舶運航費,690,⑧技術的独占対抗・⑨外部効果克服,30%,207,483,大幅縮小,⑧⑨インフラ規制・防災のみ
国土交通省,海上保安庁,船舶交通安全及海上治安対策費,装備費,13,⑧技術的独占対抗・⑨外部効果克服,30%,4,9,大幅縮小,⑧⑨インフラ規制・防災のみ
国土交通省,海上保安庁,船舶交通安全及海上治安対策費,通信専用料,17,⑧技術的独占対抗・⑨外部効果克服,30%,5,12,大幅縮小,⑧⑨インフラ規制・防災のみ
国土交通省,海上保安庁,船舶交通安全及海上治安対策費,電子計算機借料,36,⑧技術的独占対抗・⑨外部効果克服,30%,11,25,大幅縮小,⑧⑨インフラ規制・防災のみ
国土交通省,海上保安庁,船舶交通安全及海上治安対策費,被服費,4,⑧技術的独占対抗・⑨外部効果克服,30%,1,3,大幅縮小,⑧⑨インフラ規制・防災のみ
国土交通省,海上保安庁,船舶交通安全及海上治安対策費,弾薬費,6,⑧技術的独占対抗・⑨外部効果克服,30%,2,4,大幅縮小,⑧⑨インフラ規制・防災のみ
国土交通省,海上保安庁,船舶交通安全及海上治安対策費,土地建物借料,12,⑧技術的独占対抗・⑨外部効果克服,30%,4,8,大幅縮小,⑧⑨インフラ規制・防災のみ
国土交通省,海上保安庁,船舶交通安全及海上治安対策費,各所修繕,5,⑧技術的独占対抗・⑨外部効果克服,30%,2,3,大幅縮小,⑧⑨インフラ規制・防災のみ
国土交通省,海上保安庁,船舶交通安全及海上治安対策費,捜査費,3,⑧技術的独占対抗・⑨外部効果克服,30%,1,2,大幅縮小,⑧⑨インフラ規制・防災のみ
国土交通省,海上保安庁,船舶交通安全及海上治安対策費,公共施設等維持管理運営費,4,⑧技術的独占対抗・⑨外部効果克服,30%,1,3,大幅縮小,⑧⑨インフラ規制・防災のみ
国土交通省,海上保安庁,船舶交通安全及海上治安対策費,通信設備整備費,1,⑧技術的独占対抗・⑨外部効果克服,30%,0,1,大幅縮小,⑧⑨インフラ規制・防災のみ
国土交通省,海上保安庁,船舶交通安全及海上治安対策費,航空機購入費,171,⑧技術的独占対抗・⑨外部効果克服,30%,51,120,大幅縮小,⑧⑨インフラ規制・防災のみ
国土交通省,海上保安庁,船舶建造費,船舶建造費,316,⑧技術的独占対抗・⑨外部効果克服,30%,95,221,大幅縮小,⑧⑨インフラ規制・防災のみ
国土交通省,海上保安庁,船舶交通安全基盤整備事業費,船舶交通安全基盤整備事業費,53,⑧技術的独占対抗・⑨外部効果克服,30%,16,37,大幅縮小,⑧⑨インフラ規制・防災のみ
国土交通省,海上保安庁,船舶交通安全基盤整備事業費,船舶交通安全基盤維持管理費,197,⑧技術的独占対抗・⑨外部効果克服,30%,59,138,大幅縮小,⑧⑨インフラ規制・防災のみ
国土交通省,海上保安庁,船舶交通安全基盤整備事業工事諸費,職員基本給,1,⑧技術的独占対抗・⑨外部効果克服,30%,0,1,大幅縮小,⑧⑨インフラ規制・防災のみ
国土交通省,海上保安庁,船舶交通安全基盤整備事業工事諸費,工事施行旅費,1,⑧技術的独占対抗・⑨外部効果克服,30%,0,1,大幅縮小,⑧⑨インフラ規制・防災のみ
国土交通省,海上保安庁,船舶交通安全基盤整備事業工事諸費,庁費,1,⑧技術的独占対抗・⑨外部効果克服,30%,0,1,大幅縮小,⑧⑨インフラ規制・防災のみ
国土交通省,海上保安庁,船舶交通安全基盤整備事業工事諸費,工事雑費,5,⑧技術的独占対抗・⑨外部効果克服,30%,2,3,大幅縮小,⑧⑨インフラ規制・防災のみ
環境省,環境本省,環境本省共通費,職員基本給,52,⑨外部効果克服,50%,26,26,縮小,⑨環境規制・基準設定は正当
環境省,環境本省,環境本省共通費,職員諸手当,30,⑨外部効果克服,50%,15,15,縮小,⑨環境規制・基準設定は正当
環境省,環境本省,環境本省共通費,超過勤務手当,14,⑨外部効果克服,50%,7,7,縮小,⑨環境規制・基準設定は正当
環境省,環境本省,環境本省共通費,非常勤職員手当,3,⑨外部効果克服,50%,2,1,縮小,⑨環境規制・基準設定は正当
環境省,環境本省,環境本省共通費,休職者給与,1,⑨外部効果克服,50%,0,1,縮小,⑨環境規制・基準設定は正当
環境省,環境本省,環境本省共通費,国際機関等派遣職員給与,1,⑨外部効果克服,50%,0,1,縮小,⑨環境規制・基準設定は正当
環境省,環境本省,環境本省共通費,退職手当,14,⑨外部効果克服,50%,7,7,縮小,⑨環境規制・基準設定は正当
環境省,環境本省,環境本省共通費,児童手当,1,⑨外部効果克服,50%,0,1,縮小,⑨環境規制・基準設定は正当
環境省,環境本省,環境本省共通費,赴任旅費,1,⑨外部効果克服,50%,0,1,縮小,⑨環境規制・基準設定は正当
環境省,環境本省,環境本省共通費,庁費,7,⑨外部効果克服,50%,4,3,縮小,⑨環境規制・基準設定は正当
環境省,環境本省,環境本省共通費,国家公務員共済組合負担金,36,⑨外部効果克服,50%,18,18,縮小,⑨環境規制・基準設定は正当
環境省,環境本省,環境本省共通費,基礎年金等国家公務員共済組合負担金,9,⑨外部効果克服,50%,4,5,縮小,⑨環境規制・基準設定は正当
環境省,環境本省,環境本省共通費,国有資産所在市町村交付金,3,⑨外部効果克服,50%,2,1,縮小,⑨環境規制・基準設定は正当
環境省,環境本省,環境本省施設費,施設整備費,21,⑨外部効果克服,50%,10,11,縮小,⑨環境規制・基準設定は正当
環境省,環境本省,地球温暖化対策推進費,環境保全調査費,3,⑨外部効果克服,50%,2,1,縮小,⑨環境規制・基準設定は正当
環境省,環境本省,地球温暖化対策推進費,気候変動影響研究調査費,5,⑨外部効果克服,50%,2,3,縮小,⑨環境規制・基準設定は正当
環境省,環境本省,地球温暖化対策推進費,環境保全調査等委託費,2,⑨外部効果克服,50%,1,1,縮小,⑨環境規制・基準設定は正当
環境省,環境本省,地球温暖化対策推進費,気候変動影響研究調査等委託費,1,⑨外部効果克服,50%,0,1,縮小,⑨環境規制・基準設定は正当
環境省,環境本省,地球温暖化対策推進費,地球温暖化対策推進事業費補助金,1,⑨外部効果克服,50%,0,1,縮小,⑨環境規制・基準設定は正当
環境省,環境本省,地球温暖化対策推進費,経済協力開発機構等拠出金,3,⑨外部効果克服,50%,2,1,縮小,⑨環境規制・基準設定は正当
環境省,環境本省,石油石炭税財源エネルギー需給構造高度化対策費エネルギー対策特別会計へ繰入,石油石炭税財源のエネルギー対策特別会計へ繰入,1103,⑨外部効果克服,50%,552,551,縮小,⑨環境外部効果。炭素税が効率的
環境省,環境本省,地球環境保全等試験研究費,試験研究調査委託費,2,⑨外部効果克服,50%,1,1,縮小,⑨環境規制・基準設定は正当
環境省,環境本省,地球環境保全費,職員旅費,3,⑨外部効果克服,50%,2,1,縮小,⑨環境規制・基準設定は正当
環境省,環境本省,地球環境保全費,庁費,1,⑨外部効果克服,50%,0,1,縮小,⑨環境規制・基準設定は正当
環境省,環境本省,地球環境保全費,環境保全調査費,8,⑨外部効果克服,50%,4,4,縮小,⑨環境規制・基準設定は正当
環境省,環境本省,地球環境保全費,経済協力開発機構等拠出金,12,⑨外部効果克服,50%,6,6,縮小,⑨環境規制・基準設定は正当
環境省,環境本省,地球環境保全費,政府開発援助国際自然保護連合等拠出金,7,⑨外部効果克服,50%,4,3,縮小,⑨環境規制・基準設定は正当
環境省,環境本省,大気・水・土壌環境等保全費,庁費,2,⑨外部効果克服,50%,1,1,縮小,⑨環境規制・基準設定は正当
環境省,環境本省,大気・水・土壌環境等保全費,不発弾廃棄処理業務庁費,14,⑨外部効果克服,50%,7,7,縮小,⑨環境規制・基準設定は正当
環境省,環境本省,大気・水・土壌環境等保全費,環境保全調査費,28,⑨外部効果克服,50%,14,14,縮小,⑨環境規制・基準設定は正当
環境省,環境本省,大気・水・土壌環境等保全費,政府開発援助環境保全調査費,1,⑨外部効果克服,50%,0,1,縮小,⑨環境規制・基準設定は正当
環境省,環境本省,大気・水・土壌環境等保全費,環境保全調査等委託費,1,⑨外部効果克服,50%,0,1,縮小,⑨環境規制・基準設定は正当
環境省,環境本省,大気・水・土壌環境等保全費,環境保全調査等地方公共団体委託費,2,⑨外部効果克服,50%,1,1,縮小,⑨環境規制・基準設定は正当
環境省,環境本省,大気・水・土壌環境等保全費,地域環境保全対策費補助金,2,⑨外部効果克服,50%,1,1,縮小,⑨環境規制・基準設定は正当
環境省,環境本省,大気・水・土壌環境等保全費,経済協力開発機構等拠出金,4,⑨外部効果克服,50%,2,2,縮小,⑨環境規制・基準設定は正当
環境省,環境本省,資源循環政策推進費,庁費,1,⑨外部効果克服,50%,0,1,縮小,⑨環境規制・基準設定は正当
環境省,環境本省,資源循環政策推進費,環境保全調査費,27,⑨外部効果克服,50%,14,13,縮小,⑨環境規制・基準設定は正当
環境省,環境本省,資源循環政策推進費,環境保全調査等委託費,2,⑨外部効果克服,50%,1,1,縮小,⑨環境規制・基準設定は正当
環境省,環境本省,資源循環政策推進費,環境保全調査等地方公共団体委託費,1,⑨外部効果克服,50%,0,1,縮小,⑨環境規制・基準設定は正当
環境省,環境本省,資源循環政策推進費,循環型社会形成推進事業費補助金,51,⑨外部効果克服,50%,26,25,縮小,⑨環境規制・基準設定は正当
環境省,環境本省,資源循環政策推進費,産業廃棄物適正処理推進費補助金,1,⑨外部効果克服,50%,0,1,縮小,⑨環境規制・基準設定は正当
環境省,環境本省,資源循環政策推進費,災害等廃棄物処理事業費補助金,2,⑨外部効果克服,50%,1,1,縮小,⑨環境規制・基準設定は正当
環境省,環境本省,資源循環政策推進費,廃棄物処理施設整備交付金,12,⑨外部効果克服,50%,6,6,縮小,⑨環境規制・基準設定は正当
環境省,環境本省,資源循環政策推進費,経済協力開発機構等拠出金,2,⑨外部効果克服,50%,1,1,縮小,⑨環境規制・基準設定は正当
環境省,環境本省,資源循環政策推進費,政府開発援助国際連合地域開発センター拠出金,1,⑨外部効果克服,50%,0,1,縮小,⑨環境規制・基準設定は正当
環境省,環境本省,廃棄物処理施設整備費,廃棄物処理施設整備事業調査費,1,⑨外部効果克服,70%,1,0,縮小,⑨廃棄物の環境外部効果
環境省,環境本省,廃棄物処理施設整備費,廃棄物処理施設整備費補助,4,⑨外部効果克服,70%,3,1,縮小,⑨廃棄物の環境外部効果
環境省,環境本省,廃棄物処理施設整備費,循環型社会形成推進交付金,371,⑨外部効果克服,70%,260,111,縮小,⑨廃棄物の環境外部効果
環境省,環境本省,生物多様性保全費,庁費,1,⑨外部効果克服,50%,0,1,縮小,⑨環境規制・基準設定は正当
環境省,環境本省,生物多様性保全費,環境保全調査費,29,⑨外部効果克服,50%,14,15,縮小,⑨環境規制・基準設定は正当
環境省,環境本省,生物多様性保全費,環境保全調査等委託費,2,⑨外部効果克服,50%,1,1,縮小,⑨環境規制・基準設定は正当
環境省,環境本省,生物多様性保全費,環境保全調査等地方公共団体委託費,1,⑨外部効果克服,50%,0,1,縮小,⑨環境規制・基準設定は正当
環境省,環境本省,生物多様性保全費,生物多様性保全推進交付金,3,⑨外部効果克服,50%,2,1,縮小,⑨環境規制・基準設定は正当
環境省,環境本省,生物多様性保全費,鳥獣捕獲等事業交付金,2,⑨外部効果克服,50%,1,1,縮小,⑨環境規制・基準設定は正当
環境省,環境本省,生物多様性保全費,経済協力開発機構等拠出金,4,⑨外部効果克服,50%,2,2,縮小,⑨環境規制・基準設定は正当
環境省,環境本省,人と自然のふれあい推進費,環境保全調査費,8,⑨外部効果克服,50%,4,4,縮小,⑨環境規制・基準設定は正当
環境省,環境本省,人と自然のふれあい推進費,環境保全施設整備費補助金,2,⑨外部効果克服,50%,1,1,縮小,⑨環境規制・基準設定は正当
環境省,環境本省,環境保全施設整備費,施設整備費,2,⑨外部効果克服,50%,1,1,縮小,⑨環境規制・基準設定は正当
環境省,環境本省,環境保全施設整備費,環境保全施設整備交付金,1,⑨外部効果克服,50%,0,1,縮小,⑨環境規制・基準設定は正当
環境省,環境本省,自然公園等事業費,国立公園等整備費,28,⑨外部効果克服,50%,14,14,縮小,⑨環境規制・基準設定は正当
環境省,環境本省,自然公園等事業費,国立公園等維持管理費,24,⑨外部効果克服,50%,12,12,縮小,⑨環境規制・基準設定は正当
環境省,環境本省,自然公園等事業費,自然公園等事業調査費,1,⑨外部効果克服,50%,0,1,縮小,⑨環境規制・基準設定は正当
環境省,環境本省,自然公園等事業費,自然環境整備交付金,19,⑨外部効果克服,50%,10,9,縮小,⑨環境規制・基準設定は正当
環境省,環境本省,化学物質対策推進費,老朽化化学兵器廃棄処理業務庁費,1,⑨外部効果克服,50%,0,1,縮小,⑨環境規制・基準設定は正当
環境省,環境本省,化学物質対策推進費,環境保全調査費,16,⑨外部効果克服,50%,8,8,縮小,⑨環境規制・基準設定は正当
環境省,環境本省,化学物質対策推進費,経済協力開発機構等拠出金,2,⑨外部効果克服,50%,1,1,縮小,⑨環境規制・基準設定は正当
環境省,環境本省,環境保健対策推進費,環境保全調査費,3,⑨外部効果克服,80%,2,1,維持（縮小）,⑨公害・化学物質の健康外部効果
環境省,環境本省,環境保健対策推進費,土地建物借料,1,⑨外部効果克服,80%,1,0,維持（縮小）,⑨公害・化学物質の健康外部効果
環境省,環境本省,環境保健対策推進費,環境保全調査等委託費,1,⑨外部効果克服,80%,1,0,維持（縮小）,⑨公害・化学物質の健康外部効果
環境省,環境本省,環境保健対策推進費,環境保全調査等地方公共団体委託費,1,⑨外部効果克服,80%,1,0,維持（縮小）,⑨公害・化学物質の健康外部効果
環境省,環境本省,環境保健対策推進費,自立支援型公害健康被害予防事業補助金,2,⑨外部効果克服,80%,2,0,維持（縮小）,⑨公害・化学物質の健康外部効果
環境省,環境本省,環境保健対策推進費,水俣病総合対策費補助金,103,⑨外部効果克服,80%,82,21,維持（縮小）,⑨公害・化学物質の健康外部効果
環境省,環境本省,環境保健対策推進費,水俣病対策地方債償還費補助金,4,⑨外部効果克服,80%,3,1,維持（縮小）,⑨公害・化学物質の健康外部効果
環境省,環境本省,環境保健対策推進費,公害健康被害補償給付支給事務費交付金,11,⑨外部効果克服,80%,9,2,維持（縮小）,⑨公害・化学物質の健康外部効果
環境省,環境本省,環境保健対策推進費,石綿健康被害救済事業交付金,5,⑨外部効果克服,80%,4,1,維持（縮小）,⑨公害・化学物質の健康外部効果
環境省,環境本省,環境保健対策推進費,放射線健康影響調査等交付金,2,⑨外部効果克服,80%,2,0,維持（縮小）,⑨公害・化学物質の健康外部効果
環境省,環境本省,自動車重量税財源公害健康被害補償費,公害健康被害補償納付金交付金,57,⑨外部効果克服,50%,28,29,縮小,⑨環境規制・基準設定は正当
環境省,環境本省,環境・経済・社会の統合的向上費,庁費,1,⑨外部効果克服,50%,0,1,縮小,⑨環境規制・基準設定は正当
環境省,環境本省,環境・経済・社会の統合的向上費,環境保全調査費,4,⑨外部効果克服,50%,2,2,縮小,⑨環境規制・基準設定は正当
環境省,環境本省,環境・経済・社会の統合的向上費,環境保全調査等委託費,1,⑨外部効果克服,50%,0,1,縮小,⑨環境規制・基準設定は正当
環境省,環境本省,環境・経済・社会の統合的向上費,経済協力開発機構等拠出金,1,⑨外部効果克服,50%,0,1,縮小,⑨環境規制・基準設定は正当
環境省,環境本省,環境政策基盤整備費,情報処理業務庁費,2,⑨外部効果克服,50%,1,1,縮小,⑨環境規制・基準設定は正当
環境省,環境本省,環境政策基盤整備費,環境保全調査費,5,⑨外部効果克服,50%,2,3,縮小,⑨環境規制・基準設定は正当
環境省,環境本省,環境政策基盤整備費,公害調査費,24,⑨外部効果克服,50%,12,12,縮小,⑨環境規制・基準設定は正当
環境省,環境本省,環境政策基盤整備費,公害調査等委託費,25,⑨外部効果克服,50%,12,13,縮小,⑨環境規制・基準設定は正当
環境省,環境本省,環境政策基盤整備費,公害調査等地方公共団体委託費,4,⑨外部効果克服,50%,2,2,縮小,⑨環境規制・基準設定は正当
環境省,環境本省,環境政策基盤整備費,環境保全研究費補助金,1,⑨外部効果克服,50%,0,1,縮小,⑨環境規制・基準設定は正当
環境省,環境本省,環境政策基盤整備費,新産業創出等研究開発推進事業費補助金,1,⑨外部効果克服,50%,0,1,縮小,⑨環境規制・基準設定は正当
環境省,環境本省,環境調査研修所,職員基本給,2,⑨外部効果克服,50%,1,1,縮小,⑨環境規制・基準設定は正当
環境省,環境本省,環境調査研修所,職員諸手当,1,⑨外部効果克服,50%,0,1,縮小,⑨環境規制・基準設定は正当
環境省,環境本省,環境調査研修所,庁費,2,⑨外部効果克服,50%,1,1,縮小,⑨環境規制・基準設定は正当
環境省,環境本省,環境調査研修所,研修所庁費,1,⑨外部効果克服,50%,0,1,縮小,⑨環境規制・基準設定は正当
環境省,環境本省,環境調査研修所,試験研究費,6,⑨外部効果克服,50%,3,3,縮小,⑨環境規制・基準設定は正当
環境省,環境本省,独立行政法人環境再生保全機構運営費,独立行政法人環境再生保全機構公害健康被害補償予防業務勘定運営費交付金,4,⑨外部効果克服,50%,2,2,縮小,⑨環境規制・基準設定は正当
環境省,環境本省,独立行政法人環境再生保全機構運営費,独立行政法人環境再生保全機構環境保全研究・技術開発勘定運営費交付金,56,⑨外部効果克服,50%,28,28,縮小,⑨環境規制・基準設定は正当
環境省,環境本省,独立行政法人環境再生保全機構運営費,独立行政法人環境再生保全機構基金勘定運営費交付金,16,⑨外部効果克服,50%,8,8,縮小,⑨環境規制・基準設定は正当
環境省,環境本省,国立研究開発法人国立環境研究所運営費,国立研究開発法人国立環境研究所運営費交付金,171,⑨外部効果克服,50%,86,85,縮小,⑨環境規制・基準設定は正当
環境省,環境本省,国立研究開発法人国立環境研究所施設整備費,国立研究開発法人国立環境研究所施設整備費補助金,26,⑨外部効果克服,50%,13,13,縮小,⑨環境規制・基準設定は正当
環境省,環境本省,地域脱炭素推進費,環境保全調査費,5,⑨外部効果克服,50%,2,3,縮小,⑨環境規制・基準設定は正当
環境省,環境本省,石綿健康被害救済事務費労働保険特別会計へ繰入,労働保険特別会計へ繰入,3,⑨外部効果克服,50%,2,1,縮小,⑨環境規制・基準設定は正当
環境省,環境本省,自然公園等事業工事諸費,職員基本給,2,⑨外部効果克服,50%,1,1,縮小,⑨環境規制・基準設定は正当
環境省,環境本省,自然公園等事業工事諸費,職員諸手当,1,⑨外部効果克服,50%,0,1,縮小,⑨環境規制・基準設定は正当
環境省,環境本省,自然公園等事業工事諸費,退職手当,1,⑨外部効果克服,50%,0,1,縮小,⑨環境規制・基準設定は正当
環境省,環境本省,自然公園等事業工事諸費,工事雑費,1,⑨外部効果克服,50%,0,1,縮小,⑨環境規制・基準設定は正当
環境省,環境本省,自然公園等事業工事諸費,国家公務員共済組合負担金,1,⑨外部効果克服,50%,0,1,縮小,⑨環境規制・基準設定は正当
環境省,地方環境事務所,地方環境事務所共通費,職員基本給,31,⑨外部効果克服,50%,16,15,縮小,⑨環境規制・基準設定は正当
環境省,地方環境事務所,地方環境事務所共通費,職員諸手当,16,⑨外部効果克服,50%,8,8,縮小,⑨環境規制・基準設定は正当
環境省,地方環境事務所,地方環境事務所共通費,超過勤務手当,3,⑨外部効果克服,50%,2,1,縮小,⑨環境規制・基準設定は正当
環境省,地方環境事務所,地方環境事務所共通費,短時間勤務職員給与,1,⑨外部効果克服,50%,0,1,縮小,⑨環境規制・基準設定は正当
環境省,地方環境事務所,地方環境事務所共通費,職員旅費,1,⑨外部効果克服,50%,0,1,縮小,⑨環境規制・基準設定は正当
環境省,地方環境事務所,地方環境事務所共通費,庁費,8,⑨外部効果克服,50%,4,4,縮小,⑨環境規制・基準設定は正当
環境省,地方環境事務所,地方環境対策費,環境保全調査費,25,⑨外部効果克服,50%,12,13,縮小,⑨環境規制・基準設定は正当
環境省,原子力規制委員会,原子力規制委員会共通費,職員基本給,23,⑨外部効果克服,100%,23,0,維持,⑨原子力安全規制
環境省,原子力規制委員会,原子力規制委員会共通費,職員諸手当,13,⑨外部効果克服,100%,13,0,維持,⑨原子力安全規制
環境省,原子力規制委員会,原子力規制委員会共通費,超過勤務手当,3,⑨外部効果克服,100%,3,0,維持,⑨原子力安全規制
環境省,原子力規制委員会,原子力規制委員会共通費,非常勤職員手当,2,⑨外部効果克服,100%,2,0,維持,⑨原子力安全規制
環境省,原子力規制委員会,原子力規制委員会共通費,退職手当,1,⑨外部効果克服,100%,1,0,維持,⑨原子力安全規制
環境省,原子力規制委員会,原子力規制委員会共通費,庁費,2,⑨外部効果克服,100%,2,0,維持,⑨原子力安全規制
環境省,原子力規制委員会,原子力規制委員会共通費,土地建物借料,6,⑨外部効果克服,100%,6,0,維持,⑨原子力安全規制
環境省,原子力規制委員会,原子力規制委員会施設費,施設整備費,22,⑨外部効果克服,100%,22,0,維持,⑨原子力安全規制
環境省,原子力規制委員会,原子力安全確保費,職員旅費,1,⑨外部効果克服,50%,0,1,縮小,⑨環境規制・基準設定は正当
環境省,原子力規制委員会,原子力安全確保費,原子力安全業務庁費,4,⑨外部効果克服,50%,2,2,縮小,⑨環境規制・基準設定は正当
環境省,原子力規制委員会,原子力安全確保費,土地建物借料,1,⑨外部効果克服,50%,0,1,縮小,⑨環境規制・基準設定は正当
環境省,原子力規制委員会,原子力安全確保費,保障措置業務委託費,5,⑨外部効果克服,50%,2,3,縮小,⑨環境規制・基準設定は正当
環境省,原子力規制委員会,原子力安全確保費,放射線対策委託費,1,⑨外部効果克服,50%,0,1,縮小,⑨環境規制・基準設定は正当
環境省,原子力規制委員会,原子力安全確保費,原子力規制人材育成事業費補助金,5,⑨外部効果克服,50%,2,3,縮小,⑨環境規制・基準設定は正当
環境省,原子力規制委員会,原子力安全確保費,保障措置業務交付金,29,⑨外部効果克服,50%,14,15,縮小,⑨環境規制・基準設定は正当
環境省,原子力規制委員会,放射能調査研究費,放射能測定費,7,⑨外部効果克服,50%,4,3,縮小,⑨環境規制・基準設定は正当
環境省,原子力規制委員会,放射能調査研究費,放射能測定調査委託費,5,⑨外部効果克服,50%,2,3,縮小,⑨環境規制・基準設定は正当
環境省,原子力規制委員会,電源開発促進税財源電源利用対策及原子力安全規制対策費エネルギー対策特別会計へ繰入,電源開発促進税財源のエネルギー対策特別会計へ繰入,350,⑨外部効果克服,50%,175,175,縮小,⑨環境外部効果。炭素税が効率的
防衛省,防衛本省,防衛本省共通費,職員基本給,763,①法秩序維持,100%,763,0,維持,①外部安全保障はフリードマン認める核心機能
防衛省,防衛本省,防衛本省共通費,職員諸手当,386,①法秩序維持,100%,386,0,維持,①外部安全保障はフリードマン認める核心機能
防衛省,防衛本省,防衛本省共通費,超過勤務手当,91,①法秩序維持,100%,91,0,維持,①外部安全保障はフリードマン認める核心機能
防衛省,防衛本省,防衛本省共通費,非常勤職員手当,36,①法秩序維持,100%,36,0,維持,①外部安全保障はフリードマン認める核心機能
防衛省,防衛本省,防衛本省共通費,休職者給与,30,①法秩序維持,100%,30,0,維持,①外部安全保障はフリードマン認める核心機能
防衛省,防衛本省,防衛本省共通費,短時間勤務職員給与,40,①法秩序維持,100%,40,0,維持,①外部安全保障はフリードマン認める核心機能
防衛省,防衛本省,防衛本省共通費,公務災害補償費,58,①法秩序維持,100%,58,0,維持,①外部安全保障はフリードマン認める核心機能
防衛省,防衛本省,防衛本省共通費,退職手当,1589,①法秩序維持,100%,1589,0,維持,①外部安全保障はフリードマン認める核心機能
防衛省,防衛本省,防衛本省共通費,児童手当,280,①法秩序維持,100%,280,0,維持,①外部安全保障はフリードマン認める核心機能
防衛省,防衛本省,防衛本省共通費,諸謝金,3,①法秩序維持,100%,3,0,維持,①外部安全保障はフリードマン認める核心機能
防衛省,防衛本省,防衛本省共通費,自衛官候補生手当,19,①法秩序維持,100%,19,0,維持,①外部安全保障はフリードマン認める核心機能
防衛省,防衛本省,防衛本省共通費,学生手当,68,①法秩序維持,100%,68,0,維持,①外部安全保障はフリードマン認める核心機能
防衛省,防衛本省,防衛本省共通費,生徒手当,26,①法秩序維持,100%,26,0,維持,①外部安全保障はフリードマン認める核心機能
防衛省,防衛本省,防衛本省共通費,自衛官任用一時金,14,①法秩序維持,100%,14,0,維持,①外部安全保障はフリードマン認める核心機能
防衛省,防衛本省,防衛本省共通費,指定場所生活調整金,68,①法秩序維持,100%,68,0,維持,①外部安全保障はフリードマン認める核心機能
防衛省,防衛本省,防衛本省共通費,自衛官若年定年退職者給付金,377,①法秩序維持,100%,377,0,維持,①外部安全保障はフリードマン認める核心機能
防衛省,防衛本省,防衛本省共通費,褒賞品費,1,①法秩序維持,100%,1,0,維持,①外部安全保障はフリードマン認める核心機能
防衛省,防衛本省,防衛本省共通費,職員旅費,39,①法秩序維持,100%,39,0,維持,①外部安全保障はフリードマン認める核心機能
防衛省,防衛本省,防衛本省共通費,外国留学旅費,1,①法秩序維持,100%,1,0,維持,①外部安全保障はフリードマン認める核心機能
防衛省,防衛本省,防衛本省共通費,赴任旅費,80,①法秩序維持,100%,80,0,維持,①外部安全保障はフリードマン認める核心機能
防衛省,防衛本省,防衛本省共通費,帰住招集等旅費,3,①法秩序維持,100%,3,0,維持,①外部安全保障はフリードマン認める核心機能
防衛省,防衛本省,防衛本省共通費,庁費,88,①法秩序維持,100%,88,0,維持,①外部安全保障はフリードマン認める核心機能
防衛省,防衛本省,防衛本省共通費,情報処理業務庁費,233,①法秩序維持,100%,233,0,維持,①外部安全保障はフリードマン認める核心機能
防衛省,防衛本省,防衛本省共通費,通信専用料,36,①法秩序維持,100%,36,0,維持,①外部安全保障はフリードマン認める核心機能
防衛省,防衛本省,防衛本省共通費,電子計算機等借料,7,①法秩序維持,100%,7,0,維持,①外部安全保障はフリードマン認める核心機能
防衛省,防衛本省,防衛本省共通費,被服費,196,①法秩序維持,100%,196,0,維持,①外部安全保障はフリードマン認める核心機能
防衛省,防衛本省,防衛本省共通費,各所修繕,240,①法秩序維持,100%,240,0,維持,①外部安全保障はフリードマン認める核心機能
防衛省,防衛本省,防衛本省共通費,情報収集等活動費,1,①法秩序維持,100%,1,0,維持,①外部安全保障はフリードマン認める核心機能
防衛省,防衛本省,防衛本省共通費,糧食費,435,①法秩序維持,100%,435,0,維持,①外部安全保障はフリードマン認める核心機能
防衛省,防衛本省,防衛本省共通費,公共施設等維持管理運営費,1,①法秩序維持,100%,1,0,維持,①外部安全保障はフリードマン認める核心機能
防衛省,防衛本省,防衛本省共通費,自動車重量税,1,①法秩序維持,100%,1,0,維持,①外部安全保障はフリードマン認める核心機能
防衛省,防衛本省,防衛本省共通費,国家公務員共済組合負担金,2566,①法秩序維持,100%,2566,0,維持,①外部安全保障はフリードマン認める核心機能
防衛省,防衛本省,防衛本省共通費,基礎年金等国家公務員共済組合負担金,715,①法秩序維持,100%,715,0,維持,①外部安全保障はフリードマン認める核心機能
防衛省,防衛本省,防衛本省共通費,育児休業手当金等国家公務員共済組合負担金,6,①法秩序維持,100%,6,0,維持,①外部安全保障はフリードマン認める核心機能
防衛省,防衛本省,防衛本省共通費,国有資産所在市町村交付金,12,①法秩序維持,100%,12,0,維持,①外部安全保障はフリードマン認める核心機能
防衛省,防衛本省,防衛本省共通費,賠償償還及払戻金,5,①法秩序維持,100%,5,0,維持,①外部安全保障はフリードマン認める核心機能
防衛省,防衛本省,防衛本省施設費,施設施工庁費,6,①法秩序維持,100%,6,0,維持,①外部安全保障はフリードマン認める核心機能
防衛省,防衛本省,防衛本省施設費,施設整備費,14,①法秩序維持,100%,14,0,維持,①外部安全保障はフリードマン認める核心機能
防衛省,防衛本省,自衛官給与費,職員基本給,10286,①法秩序維持,100%,10286,0,維持,①外部安全保障はフリードマン認める核心機能
防衛省,防衛本省,自衛官給与費,職員諸手当,5607,①法秩序維持,100%,5607,0,維持,①外部安全保障はフリードマン認める核心機能
防衛省,防衛本省,防衛力基盤強化推進費,予備隊員手当,95,①法秩序維持,100%,95,0,維持,①外部安全保障はフリードマン認める核心機能
防衛省,防衛本省,防衛力基盤強化推進費,予備自衛官等勤続報奨金,11,①法秩序維持,100%,11,0,維持,①外部安全保障はフリードマン認める核心機能
防衛省,防衛本省,防衛力基盤強化推進費,予備自衛官等任用推進給付金,12,①法秩序維持,100%,12,0,維持,①外部安全保障はフリードマン認める核心機能
防衛省,防衛本省,防衛力基盤強化推進費,職員旅費,4,①法秩序維持,100%,4,0,維持,①外部安全保障はフリードマン認める核心機能
防衛省,防衛本省,防衛力基盤強化推進費,入校講習旅費,16,①法秩序維持,100%,16,0,維持,①外部安全保障はフリードマン認める核心機能
防衛省,防衛本省,防衛力基盤強化推進費,人的基盤強化推進旅費,6,①法秩序維持,100%,6,0,維持,①外部安全保障はフリードマン認める核心機能
防衛省,防衛本省,防衛力基盤強化推進費,予備隊員招集等旅費,2,①法秩序維持,100%,2,0,維持,①外部安全保障はフリードマン認める核心機能
防衛省,防衛本省,防衛力基盤強化推進費,装備品取得等業務効率化推進庁費,657,①法秩序維持,100%,657,0,維持,①外部安全保障はフリードマン認める核心機能
防衛省,防衛本省,防衛力基盤強化推進費,防衛施設安定運用業務庁費,31,①法秩序維持,100%,31,0,維持,①外部安全保障はフリードマン認める核心機能
防衛省,防衛本省,防衛力基盤強化推進費,広報業務庁費,7,①法秩序維持,100%,7,0,維持,①外部安全保障はフリードマン認める核心機能
防衛省,防衛本省,防衛力基盤強化推進費,人的基盤強化推進庁費,110,①法秩序維持,100%,110,0,維持,①外部安全保障はフリードマン認める核心機能
防衛省,防衛本省,防衛力基盤強化推進費,営舎費,1299,①法秩序維持,100%,1299,0,維持,①外部安全保障はフリードマン認める核心機能
防衛省,防衛本省,防衛力基盤強化推進費,教育訓練費,1079,①法秩序維持,100%,1079,0,維持,①外部安全保障はフリードマン認める核心機能
防衛省,防衛本省,防衛力基盤強化推進費,油購入費,1610,①法秩序維持,100%,1610,0,維持,①外部安全保障はフリードマン認める核心機能
防衛省,防衛本省,防衛力基盤強化推進費,運搬費,262,①法秩序維持,100%,262,0,維持,①外部安全保障はフリードマン認める核心機能
防衛省,防衛本省,防衛力基盤強化推進費,提供施設等借料,1365,①法秩序維持,100%,1365,0,維持,①外部安全保障はフリードマン認める核心機能
防衛省,防衛本省,防衛力基盤強化推進費,医療費,245,①法秩序維持,100%,245,0,維持,①外部安全保障はフリードマン認める核心機能
防衛省,防衛本省,防衛力基盤強化推進費,宿舎特別借上費,56,①法秩序維持,100%,56,0,維持,①外部安全保障はフリードマン認める核心機能
防衛省,防衛本省,防衛力基盤強化推進費,診療委託費,153,①法秩序維持,100%,153,0,維持,①外部安全保障はフリードマン認める核心機能
防衛省,防衛本省,防衛力基盤強化推進費,施設区域等関連事務地方公共団体委託費,1,①法秩序維持,100%,1,0,維持,①外部安全保障はフリードマン認める核心機能
防衛省,防衛本省,防衛力基盤強化推進費,募集事務地方公共団体委託費,1,①法秩序維持,100%,1,0,維持,①外部安全保障はフリードマン認める核心機能
防衛省,防衛本省,防衛力基盤強化推進費,住宅防音工事助成申請等事務委託費,9,①法秩序維持,100%,9,0,維持,①外部安全保障はフリードマン認める核心機能
防衛省,防衛本省,防衛力基盤強化推進費,在日米軍地域交流業務委託費,1,①法秩序維持,100%,1,0,維持,①外部安全保障はフリードマン認める核心機能
防衛省,防衛本省,防衛力基盤強化推進費,防衛施設周辺地域安全対策業務委託費,2,①法秩序維持,100%,2,0,維持,①外部安全保障はフリードマン認める核心機能
防衛省,防衛本省,防衛力基盤強化推進費,提供施設等整備費,108,①法秩序維持,100%,108,0,維持,①外部安全保障はフリードマン認める核心機能
防衛省,防衛本省,防衛力基盤強化推進費,不動産購入費,40,①法秩序維持,100%,40,0,維持,①外部安全保障はフリードマン認める核心機能
防衛省,防衛本省,防衛力基盤強化推進費,障害防止対策事業費補助金,83,①法秩序維持,100%,83,0,維持,①外部安全保障はフリードマン認める核心機能
防衛省,防衛本省,防衛力基盤強化推進費,教育施設等騒音防止対策事業費補助金,810,①法秩序維持,100%,810,0,維持,①外部安全保障はフリードマン認める核心機能
防衛省,防衛本省,防衛力基盤強化推進費,施設周辺整備助成補助金,459,①法秩序維持,100%,459,0,維持,①外部安全保障はフリードマン認める核心機能
防衛省,防衛本省,防衛力基盤強化推進費,道路改修等事業費補助金,90,①法秩序維持,100%,90,0,維持,①外部安全保障はフリードマン認める核心機能
防衛省,防衛本省,防衛力基盤強化推進費,施設周辺整備統合事業費補助金,23,①法秩序維持,100%,23,0,維持,①外部安全保障はフリードマン認める核心機能
防衛省,防衛本省,防衛力基盤強化推進費,退職予定自衛官等就職援護業務費補助金,11,①法秩序維持,100%,11,0,維持,①外部安全保障はフリードマン認める核心機能
防衛省,防衛本省,防衛力基盤強化推進費,相互防衛援助協定交付金,1,①法秩序維持,100%,1,0,維持,①外部安全保障はフリードマン認める核心機能
防衛省,防衛本省,防衛力基盤強化推進費,特定防衛施設周辺整備調整交付金,429,①法秩序維持,100%,429,0,維持,①外部安全保障はフリードマン認める核心機能
防衛省,防衛本省,防衛力基盤強化推進費,施設運営等関連見舞金,13,①法秩序維持,100%,13,0,維持,①外部安全保障はフリードマン認める核心機能
防衛省,防衛本省,防衛力基盤強化推進費,移転等補償金,9,①法秩序維持,100%,9,0,維持,①外部安全保障はフリードマン認める核心機能
防衛省,防衛本省,防衛力基盤強化推進費,施設運営等関連補償費,114,①法秩序維持,100%,114,0,維持,①外部安全保障はフリードマン認める核心機能
防衛省,防衛本省,防衛力基盤強化推進費,自衛隊奨学生貸与金,1,①法秩序維持,100%,1,0,維持,①外部安全保障はフリードマン認める核心機能
防衛省,防衛本省,防衛力基盤強化施設整備費,施設施工旅費,7,①法秩序維持,100%,7,0,維持,①外部安全保障はフリードマン認める核心機能
防衛省,防衛本省,防衛力基盤強化施設整備費,施設施工庁費,328,①法秩序維持,100%,328,0,維持,①外部安全保障はフリードマン認める核心機能
防衛省,防衛本省,防衛力基盤強化施設整備費,施設整備費,2018,①法秩序維持,100%,2018,0,維持,①外部安全保障はフリードマン認める核心機能
防衛省,防衛本省,防衛力基盤強化施設整備費,公務員宿舎施設費,213,①法秩序維持,100%,213,0,維持,①外部安全保障はフリードマン認める核心機能
防衛省,防衛本省,防衛力基盤強化施設整備費,不動産購入費,23,①法秩序維持,100%,23,0,維持,①外部安全保障はフリードマン認める核心機能
防衛省,防衛本省,武器車両等整備費,武器購入費,3580,①法秩序維持,100%,3580,0,維持,①外部安全保障はフリードマン認める核心機能
防衛省,防衛本省,武器車両等整備費,通信機器購入費,3326,①法秩序維持,100%,3326,0,維持,①外部安全保障はフリードマン認める核心機能
防衛省,防衛本省,武器車両等整備費,車両購入費,327,①法秩序維持,100%,327,0,維持,①外部安全保障はフリードマン認める核心機能
防衛省,防衛本省,武器車両等整備費,弾薬購入費,2977,①法秩序維持,100%,2977,0,維持,①外部安全保障はフリードマン認める核心機能
防衛省,防衛本省,武器車両等整備費,諸器材購入費,1586,①法秩序維持,100%,1586,0,維持,①外部安全保障はフリードマン認める核心機能
防衛省,防衛本省,武器車両等整備費,武器修理費,1410,①法秩序維持,100%,1410,0,維持,①外部安全保障はフリードマン認める核心機能
防衛省,防衛本省,武器車両等整備費,通信維持費,6308,①法秩序維持,100%,6308,0,維持,①外部安全保障はフリードマン認める核心機能
防衛省,防衛本省,武器車両等整備費,車両修理費,89,①法秩序維持,100%,89,0,維持,①外部安全保障はフリードマン認める核心機能
防衛省,防衛本省,武器車両等整備費,諸器材等維持費,1580,①法秩序維持,100%,1580,0,維持,①外部安全保障はフリードマン認める核心機能
防衛省,防衛本省,武器車両等整備費,公共施設等維持管理運営費,300,①法秩序維持,100%,300,0,維持,①外部安全保障はフリードマン認める核心機能
防衛省,防衛本省,武器車両等整備費,公共施設等整備費,59,①法秩序維持,100%,59,0,維持,①外部安全保障はフリードマン認める核心機能
防衛省,防衛本省,艦船整備費,艦船修理費,3263,①法秩序維持,100%,3263,0,維持,①外部安全保障はフリードマン認める核心機能
防衛省,防衛本省,艦船整備費,公共施設等維持管理運営費,41,①法秩序維持,100%,41,0,維持,①外部安全保障はフリードマン認める核心機能
防衛省,防衛本省,艦船建造費,艦船建造旅費,5,①法秩序維持,100%,5,0,維持,①外部安全保障はフリードマン認める核心機能
防衛省,防衛本省,艦船建造費,艦船建造庁費,6,①法秩序維持,100%,6,0,維持,①外部安全保障はフリードマン認める核心機能
防衛省,防衛本省,艦船建造費,艦艇建造費,1180,①法秩序維持,100%,1180,0,維持,①外部安全保障はフリードマン認める核心機能
防衛省,防衛本省,艦船建造費,支援船建造費,27,①法秩序維持,100%,27,0,維持,①外部安全保障はフリードマン認める核心機能
防衛省,防衛本省,航空機整備費,航空機修理費,10235,①法秩序維持,100%,10235,0,維持,①外部安全保障はフリードマン認める核心機能
防衛省,防衛本省,航空機整備費,航空機購入費,1972,①法秩序維持,100%,1972,0,維持,①外部安全保障はフリードマン認める核心機能
防衛省,防衛本省,令和4年度甲Ⅴ型警備艦建造費,艦艇建造費,165,①法秩序維持,100%,165,0,維持,①外部安全保障はフリードマン認める核心機能
防衛省,防衛本省,令和4年度潜水艦建造費,艦艇建造費,165,①法秩序維持,100%,165,0,維持,①外部安全保障はフリードマン認める核心機能
防衛省,防衛本省,令和5年度甲Ⅴ型警備艦建造費,艦艇建造費,306,①法秩序維持,100%,306,0,維持,①外部安全保障はフリードマン認める核心機能
防衛省,防衛本省,令和5年度潜水艦建造費,艦艇建造費,96,①法秩序維持,100%,96,0,維持,①外部安全保障はフリードマン認める核心機能
防衛省,防衛本省,令和6年度甲Ⅴ型警備艦建造費,艦艇建造費,371,①法秩序維持,100%,371,0,維持,①外部安全保障はフリードマン認める核心機能
防衛省,防衛本省,令和6年度甲Ⅵ型警備艦建造費,艦艇建造費,288,①法秩序維持,100%,288,0,維持,①外部安全保障はフリードマン認める核心機能
防衛省,防衛本省,令和6年度潜水艦建造費,艦艇建造費,283,①法秩序維持,100%,283,0,維持,①外部安全保障はフリードマン認める核心機能
防衛省,防衛本省,令和7年度甲Ⅴ型警備艦建造費,艦艇建造費,315,①法秩序維持,100%,315,0,維持,①外部安全保障はフリードマン認める核心機能
防衛省,防衛本省,令和7年度潜水艦建造費,艦艇建造費,41,①法秩序維持,100%,41,0,維持,①外部安全保障はフリードマン認める核心機能
防衛省,防衛本省,令和8年度甲Ⅴ型警備艦建造費,艦艇建造費,45,①法秩序維持,100%,45,0,維持,①外部安全保障はフリードマン認める核心機能
防衛省,防衛本省,令和8年度潜水艦建造費,艦艇建造費,20,①法秩序維持,100%,20,0,維持,①外部安全保障はフリードマン認める核心機能
防衛省,防衛本省,在日米軍等駐留関連諸費,駐留軍等労働者特別協定給与,1397,①法秩序維持,100%,1397,0,維持,①外部安全保障はフリードマン認める核心機能
防衛省,防衛本省,在日米軍等駐留関連諸費,駐留軍等労働者地位協定給与,7,①法秩序維持,100%,7,0,維持,①外部安全保障はフリードマン認める核心機能
防衛省,防衛本省,在日米軍等駐留関連諸費,職員旅費,3,①法秩序維持,100%,3,0,維持,①外部安全保障はフリードマン認める核心機能
防衛省,防衛本省,在日米軍等駐留関連諸費,在沖縄米海兵隊グアム移転業務庁費,2,①法秩序維持,100%,2,0,維持,①外部安全保障はフリードマン認める核心機能
防衛省,防衛本省,在日米軍等駐留関連諸費,在日米軍等駐留関連庁費,17,①法秩序維持,100%,17,0,維持,①外部安全保障はフリードマン認める核心機能
防衛省,防衛本省,在日米軍等駐留関連諸費,駐留軍等労働者福利費,263,①法秩序維持,100%,263,0,維持,①外部安全保障はフリードマン認める核心機能
防衛省,防衛本省,在日米軍等駐留関連諸費,在沖縄米海兵隊グアム移転業務委託費,3,①法秩序維持,100%,3,0,維持,①外部安全保障はフリードマン認める核心機能
防衛省,防衛本省,在日米軍等駐留関連諸費,提供施設等整備費,339,①法秩序維持,100%,339,0,維持,①外部安全保障はフリードマン認める核心機能
防衛省,防衛本省,在日米軍等駐留関連諸費,提供施設移設整備費,1717,①法秩序維持,100%,1717,0,維持,①外部安全保障はフリードマン認める核心機能
防衛省,防衛本省,在日米軍等駐留関連諸費,合衆国軍隊特別協定光熱水料等支出金,247,①法秩序維持,100%,247,0,維持,①外部安全保障はフリードマン認める核心機能
防衛省,防衛本省,在日米軍等駐留関連諸費,合衆国軍隊特別協定訓練資機材調達費支出金,33,①法秩序維持,100%,33,0,維持,①外部安全保障はフリードマン認める核心機能
防衛省,防衛本省,独立行政法人駐留軍等労働者労務管理機構運営費,独立行政法人駐留軍等労働者労務管理機構運営費交付金,39,①法秩序維持,100%,39,0,維持,①外部安全保障はフリードマン認める核心機能
防衛省,防衛本省,安全保障協力推進費,教育訓練履修給付金,1,①法秩序維持,100%,1,0,維持,①外部安全保障はフリードマン認める核心機能
防衛省,防衛本省,安全保障協力推進費,能力構築支援業務庁費,4,①法秩序維持,100%,4,0,維持,①外部安全保障はフリードマン認める核心機能
防衛省,防衛本省,安全保障協力推進費,教育訓練費,1,①法秩序維持,100%,1,0,維持,①外部安全保障はフリードマン認める核心機能
防衛省,地方防衛局,地方防衛局,職員基本給,118,①法秩序維持,100%,118,0,維持,①外部安全保障はフリードマン認める核心機能
防衛省,地方防衛局,地方防衛局,職員諸手当,62,①法秩序維持,100%,62,0,維持,①外部安全保障はフリードマン認める核心機能
防衛省,地方防衛局,地方防衛局,超過勤務手当,16,①法秩序維持,100%,16,0,維持,①外部安全保障はフリードマン認める核心機能
防衛省,地方防衛局,地方防衛局,非常勤職員手当,4,①法秩序維持,100%,4,0,維持,①外部安全保障はフリードマン認める核心機能
防衛省,地方防衛局,地方防衛局,短時間勤務職員給与,6,①法秩序維持,100%,6,0,維持,①外部安全保障はフリードマン認める核心機能
防衛省,地方防衛局,地方防衛局,児童手当,2,①法秩序維持,100%,2,0,維持,①外部安全保障はフリードマン認める核心機能
防衛省,地方防衛局,地方防衛局,庁費,13,①法秩序維持,100%,13,0,維持,①外部安全保障はフリードマン認める核心機能
防衛省,地方防衛局,地方防衛局,情報処理業務庁費,8,①法秩序維持,100%,8,0,維持,①外部安全保障はフリードマン認める核心機能
防衛省,地方防衛局,地方防衛局,土地建物借料,3,①法秩序維持,100%,3,0,維持,①外部安全保障はフリードマン認める核心機能
防衛省,地方防衛局,地方防衛局,宿舎特別借上費,1,①法秩序維持,100%,1,0,維持,①外部安全保障はフリードマン認める核心機能
防衛省,地方防衛局,地方防衛局施設費,施設整備費,1,①法秩序維持,100%,1,0,維持,①外部安全保障はフリードマン認める核心機能
防衛省,防衛装備庁,防衛装備庁共通費,職員基本給,122,①法秩序維持,100%,122,0,維持,①外部安全保障はフリードマン認める核心機能
防衛省,防衛装備庁,防衛装備庁共通費,職員諸手当,68,①法秩序維持,100%,68,0,維持,①外部安全保障はフリードマン認める核心機能
防衛省,防衛装備庁,防衛装備庁共通費,超過勤務手当,14,①法秩序維持,100%,14,0,維持,①外部安全保障はフリードマン認める核心機能
防衛省,防衛装備庁,防衛装備庁共通費,非常勤職員手当,7,①法秩序維持,100%,7,0,維持,①外部安全保障はフリードマン認める核心機能
防衛省,防衛装備庁,防衛装備庁共通費,短時間勤務職員給与,4,①法秩序維持,100%,4,0,維持,①外部安全保障はフリードマン認める核心機能
防衛省,防衛装備庁,防衛装備庁共通費,児童手当,2,①法秩序維持,100%,2,0,維持,①外部安全保障はフリードマン認める核心機能
防衛省,防衛装備庁,防衛装備庁共通費,職員旅費,7,①法秩序維持,100%,7,0,維持,①外部安全保障はフリードマン認める核心機能
防衛省,防衛装備庁,防衛装備庁共通費,庁費,8,①法秩序維持,100%,8,0,維持,①外部安全保障はフリードマン認める核心機能
防衛省,防衛装備庁,防衛装備庁共通費,情報処理業務庁費,39,①法秩序維持,100%,39,0,維持,①外部安全保障はフリードマン認める核心機能
防衛省,防衛装備庁,防衛装備庁共通費,通信専用料,2,①法秩序維持,100%,2,0,維持,①外部安全保障はフリードマン認める核心機能
防衛省,防衛装備庁,防衛装備庁共通費,各所修繕,3,①法秩序維持,100%,3,0,維持,①外部安全保障はフリードマン認める核心機能
防衛省,防衛装備庁,防衛力基盤強化推進費,職員旅費,5,①法秩序維持,100%,5,0,維持,①外部安全保障はフリードマン認める核心機能
防衛省,防衛装備庁,防衛力基盤強化推進費,装備品取得等業務効率化推進庁費,340,①法秩序維持,100%,340,0,維持,①外部安全保障はフリードマン認める核心機能
防衛省,防衛装備庁,防衛力基盤強化推進費,国際技術協力業務庁費,2,①法秩序維持,100%,2,0,維持,①外部安全保障はフリードマン認める核心機能
防衛省,防衛装備庁,防衛力基盤強化推進費,人的基盤強化推進庁費,3,①法秩序維持,100%,3,0,維持,①外部安全保障はフリードマン認める核心機能
防衛省,防衛装備庁,防衛力基盤強化推進費,装備品等契約企業調査費,1,①法秩序維持,100%,1,0,維持,①外部安全保障はフリードマン認める核心機能
防衛省,防衛装備庁,防衛力基盤強化推進費,試験研究費,2072,①法秩序維持,100%,2072,0,維持,①外部安全保障はフリードマン認める核心機能
防衛省,防衛装備庁,防衛力基盤強化推進費,研究用機械器具費,136,①法秩序維持,100%,136,0,維持,①外部安全保障はフリードマン認める核心機能
防衛省,防衛装備庁,防衛力基盤強化推進費,試作品費,3979,①法秩序維持,100%,3979,0,維持,①外部安全保障はフリードマン認める核心機能
防衛省,防衛装備庁,防衛力基盤強化推進費,土地建物借料,2,①法秩序維持,100%,2,0,維持,①外部安全保障はフリードマン認める核心機能
防衛省,防衛装備庁,防衛力基盤強化推進費,装備品安定製造等確保事業費,119,①法秩序維持,100%,119,0,維持,①外部安全保障はフリードマン認める核心機能
防衛省,防衛装備庁,防衛力基盤強化推進費,防衛技術研究開発委託費,99,①法秩序維持,100%,99,0,維持,①外部安全保障はフリードマン認める核心機能
防衛省,防衛装備庁,防衛力基盤強化推進費,防衛イノベーション科学技術実証型研究委託費,53,①法秩序維持,100%,53,0,維持,①外部安全保障はフリードマン認める核心機能
防衛省,防衛装備庁,防衛力基盤強化推進費,防衛装備移転円滑化事業費補助金,400,①法秩序維持,100%,400,0,維持,①外部安全保障はフリードマン認める核心機能
防衛省,防衛装備庁,防衛力基盤強化推進費,防衛技術研究開発補助金,30,①法秩序維持,100%,30,0,維持,①外部安全保障はフリードマン認める核心機能
防衛省,防衛装備庁,防衛力基盤強化推進費,国際共同開発機関分担金,1363,①法秩序維持,100%,1363,0,維持,①外部安全保障はフリードマン認める核心機能
防衛省,防衛装備庁,防衛力基盤強化施設整備費,施設施工庁費,11,①法秩序維持,100%,11,0,維持,①外部安全保障はフリードマン認める核心機能
防衛省,防衛装備庁,防衛力基盤強化施設整備費,施設整備費,38,①法秩序維持,100%,38,0,維持,①外部安全保障はフリードマン認める核心機能
【合計】,,,,1222866,,,579965,642901,,
